feature,gbr,rf,BayesianRidge,xgb,mean
1_H1,0.0009537542713219377,0.00020558470238993658,0.5697298611147965,5.5116812291089445e-05,0.14273607922519987
1_H2,0.0,0.00032162494093128754,0.28097919762816814,3.8515830965479836e-05,0.07033483460001623
2_H3,0.0,4.4188668327166454e-05,0.1023329515078578,8.601758963777684e-06,0.025596435483787188
2_SCT,1.1723847210503457e-05,3.914557550214728e-05,0.021242621544306322,0.00028098750044591725,0.005393619616866223
3_H1,2.431671619962134e-07,0.00034484428495504217,0.42566416827576137,1.160724332294194e-05,0.10650521574280034
3_H2,0.0022917756277252253,0.0016646431881347727,0.6735878838168887,0.00035094848135486245,0.16947381277852588
3_H3,0.00010268053389471613,1.0471261142718552e-05,0.4199664631213156,1.3162515642761718e-05,0.10502319435799895
3_SCT,0.0,5.997258242563145e-05,0.3623000581278581,1.560294227154202e-09,0.09059000806764449
4_H1,0.0,0.000990852537745123,0.22435186396772308,3.129447122773854e-06,0.05633646148814774
4_H2,0.00011682506480241663,0.00010598853842996034,0.08063141646986065,1.2705383412026094e-08,0.02021356069461911
4_H3,8.165560865422185e-05,0.00020945873604101802,0.10993275894821777,7.797258149366826e-05,0.02757546146860167
4_SCT,0.0,0.0012267857911196945,0.26026514173889465,1.690200951998122e-05,0.06537720738488358
5_H1,0.0008299662452594777,0.0011453708163280286,0.4578525247628492,0.0005483811255544424,0.11509406073749778
5_H3,0.0,9.672190467574535e-05,0.16161522748172116,2.213274910900509e-06,0.04042854066532695
5_SCT,0.0,0.00016408743668835154,0.11550790711690752,2.266741375933634e-06,0.02891856532374295
6_H2,0.00029519332273360467,0.00020201594556802728,0.23952974689770584,0.00018343687406741083,0.06005259826001872
6_H3,0.0,6.44578506226323e-06,0.29961029477317475,8.049281774447081e-08,0.07490420526276369
6_SCT,0.0,0.00016699876376848692,0.13639765381163868,4.269605142326327e-06,0.034142230545137375
7_H1,0.0012086122122368051,0.001815093806817915,0.2690166105618709,2.0092835256946273e-05,0.06801510235404563
7_H2,0.0,0.0005094701655111267,0.03907543776106518,2.7638558094622567e-05,0.009903136621167732
7_H3,0.0,0.00044601940814647845,0.39135974100193804,0.006516418419778347,0.09958054470746572
7_SCT,0.0,0.0004041950846672019,0.048889938379027345,1.1036520390916849e-06,0.01232380927893341
8_H1,5.193749400508109e-05,0.0002989155866624261,0.20098882271741111,2.1132036636117846e-05,0.050340201958678686
8_H2,0.0,0.0002449405883307455,0.012135168101234545,0.00014977745013311505,0.0031324715349246015
8_SCT,2.6769002829649174e-05,6.248363725986082e-05,0.17944123783659988,1.1294040008769102e-10,0.04488262264740745
9_SCT,0.00010898670386852885,4.131518529796654e-06,0.023432058985889626,3.1328164507016254e-09,0.0058862950852761
10_H1,0.0,5.517771614440209e-05,0.36380251853024237,0.00023117086675483733,0.0910222167782854
10_H3,0.00016877277078231179,0.0002994138055017832,0.19322978328140625,0.0,0.04842449246442258
11_H1,0.0,7.972536521511222e-05,0.10154072341878143,9.679932190920226e-06,0.025407532179046864
11_H2,0.00012269735987091034,0.00012322082312765165,0.145754992735141,2.1625264423619228e-07,0.03650028179269595
11_H3,0.0,4.515236300983061e-05,0.015266582007493009,9.551471592816885e-12,0.003827933595013578
12_H1,0.0,0.003994720517666923,0.03141189847311708,7.258879008986696e-07,0.008851836219671226
12_H2,0.0,0.004847107371523392,0.05669118612938701,1.3297528312250506e-05,0.015387897757305664
12_H3,0.0,7.45985521537273e-05,0.07467193984822243,0.0,0.018686634600094038
12_SCT,0.0,3.6422258998786574e-05,0.09903775348602763,3.4364725820523745e-07,0.024768629848071155
13_H1,0.0,0.0015985039074882042,0.0403942672301549,7.335233476624126e-06,0.010500026592779932
13_H2,0.0,2.6765337656544152e-05,0.20736760744335123,8.937581128520833e-07,0.05184881663478016
13_H3,0.0,9.880256988518653e-06,0.488045807801654,7.956254194141366e-06,0.12201591107820917
13_SCT,0.0,1.8414031276236646e-05,0.04179856183654909,3.189659310010029e-06,0.010455041381783835
14_H1,0.0,2.9937428815453508e-05,0.16294156673249033,0.0003261440433561802,0.04082441205116549
14_H2,0.00014744536273808564,0.00021045537813529588,0.39460312334088654,0.0,0.09874025602043998
14_H3,0.0,0.0,0.07537106388504482,0.0,0.018842765971261204
14_SCT,0.0,0.0,0.2736877549302296,0.0,0.0684219387325574
15_H1,0.0,0.0008282451324502617,0.2533103457132247,7.777178325341083e-06,0.06353659200600008
15_H2,0.0,0.00013113972145666755,0.32044159993050986,3.896596467711788e-08,0.0801431946544828
15_H3,0.0,6.782032622559344e-05,0.0689972353671702,3.2811246910569025e-06,0.017267084204521714
15_SCT,0.0,8.096722875602036e-05,0.16284915063257974,0.0,0.04073252946533394
16_H1,0.0,5.840659899600595e-05,0.0043919653459670825,7.570508751086891e-05,0.0011315192581184894
16_H2,0.0,0.00014504421899695465,0.08070624522722292,0.0,0.02021282236155497
16_H3,0.0,0.0,0.07351142241382091,0.0,0.01837785560345523
16_SCT,0.0,0.0,0.16856583831941338,0.0,0.042141459579853345
17_H1,0.0,0.00017526206312899037,0.06414314824684897,2.931187736976426e-06,0.016080335374428732
18_H1,0.0,0.00021099814249926998,0.12020993453947547,8.502532182319555e-06,0.030107358803539264
18_H2,0.0,0.00022871556343726814,0.1568791402213494,1.5358995142378262e-07,0.039277002343684524
18_H3,0.0,1.9713431730934467e-06,0.01960951971666558,0.0,0.0049028727649596685
19_H1,0.0,0.009480799538540927,0.10626363588207852,3.697888359965873e-06,0.028937033327244854
19_H2,0.0,0.004012635877812613,0.251680663876629,0.0,0.0639233249386104
19_H3,0.0,4.4074380829399366e-05,0.014060904888868063,0.0,0.0035262448174243656
19_SCT,5.758489794209281e-06,7.705863456895098e-05,0.518385848537243,0.0,0.12961716641540155
20_H1,0.0005777459147808486,0.08190323506742994,0.23450723307824864,6.7325058807909954e-06,0.07924873664158505
20_H2,0.0,0.01569098680336912,0.06411340761786335,0.0,0.019951098605308117
20_H3,0.0,0.00027083902461195726,0.21308891393107432,5.1908064051531255e-06,0.053341235940522855
20_SCT,0.0,0.00029283870397481075,0.2606053792915534,0.0,0.06522455449888205
21_H1,0.0,0.0010066362759329965,0.03358690644418491,0.00043838232522830367,0.008757981261336553
21_H2,0.0,3.169095533327869e-05,0.3004856443028326,0.0,0.07512933381454147
21_H3,0.0,0.0012000835910156004,0.1699556014307482,0.0,0.04278892125544095
22_H1,0.0002314539332416118,0.0004249867452769093,0.05370403740059761,0.00034873877302743495,0.01367730421303589
22_H2,0.0,6.153898626880287e-06,0.03281781282399013,0.0,0.008205991680654253
22_SCT,0.0,2.9759899030359954e-06,0.2129049651567016,0.0,0.05322698528665116
23_H3,0.0,0.0002917348322520615,0.2720727771858288,9.214276360580698e-06,0.06809343157361036
24_H1,0.0,0.0005521822583478211,0.11733911752935573,3.6743176679010503e-06,0.029473743526342865
24_H2,0.0,8.568310847028226e-06,0.09295260130986709,0.0,0.02324029240517853
24_H3,0.0,4.984955707479425e-06,0.050056018748563684,0.0,0.01251525092606779
25_H2,0.00023978955469042978,0.010564009356947403,0.0372745765474291,4.235033884469885e-06,0.01202065262323785
25_SCT,0.0,0.0022366754956837445,0.008088930915485489,0.0,0.0025814016027923084
26_H1,0.0,2.9901471078984327e-05,0.03330388330477551,2.4864593228812737e-07,0.008333508355446696
26_H2,0.00013227297834180328,0.0005465910616631138,0.07852106118400613,0.0015056044794619083,0.02017638242586824
26_H3,0.0,1.070490074010371e-05,0.05525575461740464,0.0,0.013816614879536185
27_H2,0.0,0.00015867786736595545,0.23308027623721278,5.516231613000855e-05,0.058323529105177185
27_H3,0.0,1.6862124968380576e-05,0.0329165439810955,0.0056508989073336124,0.009646076253349374
28_H1,3.0542404358446066e-05,0.002910004146210194,0.12580848590214697,2.439994023006875e-05,0.03219335809823642
28_H2,0.00014616419778395285,0.00028751958291135154,0.05018919998427,2.201896265319192e-08,0.01265572644598199
28_H3,7.904220836470275e-06,0.00015819894588583243,0.1029437730460654,9.595157557384937e-09,0.025777471451986316
28_SCT,0.0,8.327827370912737e-06,0.14446508733019126,9.089604069423274e-10,0.03611835401663065
29_H3,0.004006497679565833,0.022518639783076028,0.008473855920289937,0.04983549937605858,0.021208623189747595
31_H2,0.0012912070426543854,0.0025777022562010086,0.020532276363145325,3.539618944614631e-07,0.006100384905973795
31_SCT,0.0,0.0015298622856779278,0.0789388368275507,0.0,0.02011717477830716
32_H1,4.3375667207289164e-05,0.0004588143312928934,0.06518981631363845,0.00011007869034074247,0.016450521250619844
32_H2,0.00016867088764128423,0.0005839121299491168,0.16061264723594115,0.00011664524208754301,0.040370468873904775
32_H3,0.0,4.924767918397899e-05,0.100238543617397,1.6977519408101216e-05,0.025076192203997268
33_H1,0.0003727893316231444,0.0003045860257721253,0.154891858876829,1.1043141967093106e-05,0.038895069344047836
33_H2,0.0,0.0003088002105817732,0.28508272302578747,5.057431362587295e-09,0.07134788207345015
33_H3,0.0,2.43753568592597e-07,0.12914128161950147,0.0,0.032285381343267514
33_SCT,0.0,5.742956074020669e-06,0.30594608270609114,1.682700531091541e-05,0.07649216316686902
34_H1,5.5215845034658695e-05,0.00019055845629086326,0.23045952367241196,3.285802449681796e-05,0.057684538999558575
36_H3,7.799395786976988e-05,0.00018965114123449013,0.33934950100253575,2.193630962210591e-06,0.08490483493315056
37_H1,2.8424905328975508e-05,0.0009935993375576738,0.3367746705821425,0.0011143652955070138,0.08472776503013404
37_H2,1.1427433146884492e-06,0.002814524507817594,0.028407351595261813,4.793678817804903e-05,0.007817738908643037
37_SCT,0.00014678340076917243,0.0005811711538051432,0.2962276707469849,3.8601118745873464e-08,0.07423891597566949
38_H1,0.00030921221042760867,0.003371942998588038,0.3939033507297345,5.181867891224101e-05,0.09940908115441559
38_H3,0.0,1.2230476806814026e-05,0.07119375615204847,0.0,0.01780149665721382
39_H1,0.0,0.00014096731082616963,0.2452920316553646,2.1132882466190495e-06,0.06135877806360934
39_H2,0.0003306931257760453,0.00020753332321211694,0.14864584789692026,0.00011212481331313029,0.037324049789805386
39_H3,0.0,2.2543257444490416e-05,0.13347177943082855,0.0,0.03337358067206826
39_SCT,0.0,8.840588503341066e-07,0.2943774163756441,0.0,0.0735945751086236
40_H1,0.00029394180677877094,0.0002960516382813558,0.27417173754892693,2.1036287023434852e-07,0.06869048533921432
40_H2,0.0003821842505145917,0.0010863522442513644,0.11748439533659723,0.0033604027703404427,0.030578333650425907
40_SCT,1.2002728569200387e-05,0.0003711781884378047,0.21098651227602036,0.00037089860416017473,0.052935147949296886
41_H1,0.0017193752605960432,0.0010276322336647333,0.30975789733311077,2.3532138584414497e-05,0.07813210924148899
41_H2,0.0036934887850384496,0.0009847266641064823,0.19631295464234017,9.393421350978315e-06,0.05025014087820902
41_SCT,0.0,0.00010473201294003415,0.31534985950845973,1.239043558598496e-05,0.07886674548924644
42_H1,4.579759725540318e-05,0.016315465642025222,0.06265802493337254,0.00160528055857867,0.020156142182807958
42_H2,0.0001483490624158605,0.0006933362107932464,0.06142694695242471,1.1385651102480132e-11,0.015567158059254868
42_H3,0.0,0.0021145202698128586,0.07609743591155209,0.0,0.019552989045341237
43_H1,0.0012406294195286412,0.00021015175719476333,0.21825611382622281,0.00014929354074411094,0.05496404713592258
43_H2,0.0,0.000148423099971707,0.05578250885246842,1.818938386577429e-07,0.013982778461569695
43_H3,0.0,2.8980026896351113e-07,0.057841467186202804,0.0,0.014460439246617942
43_SCT,0.0,6.326822987391245e-07,0.20559479652905968,0.0,0.05139885730283961
44_H1,0.0,0.0005232615484844243,0.2182596445948064,8.978414552984759e-05,0.05471817257220517
44_H2,0.0,0.00029945140465604793,0.3870473113703389,0.002520074136555195,0.09746670922788753
44_SCT,0.00011749623915586621,6.806332482924783e-05,0.2675766575213359,0.0,0.06694055427133026
46_SCT,0.0,5.92566370084923e-05,0.24715703511229878,0.0,0.061804072937326815
47_H2,0.0,0.0003538275304216822,0.06157700720423947,0.00010153180483030155,0.015508091634872863
47_H3,0.0048485667034005135,0.00027856542992447415,0.1985384350052834,0.0016175003256648779,0.05132076686606832
47_SCT,0.0036959367444605747,0.00020119665972685152,0.7721520360392828,1.5226766514331302e-09,0.19401229274153672
48_H2,0.0002063259153793991,0.0012057154203357753,0.25171721102350697,7.979693327797577e-05,0.06330226232312502
48_SCT,0.0,0.00033410626819264813,0.23276748245693926,1.6404830603278242e-05,0.058279498388933794
50_H1,0.0,5.09171099171612e-05,0.12926760583389113,0.0,0.032329630735952075
50_H2,2.776189400000805e-05,7.565852864122314e-05,0.056389596341139714,0.0,0.014123254190945237
50_SCT,0.0,0.00022833057229303878,0.15227223942882293,0.0,0.03812514250027899
51_H1,3.7268062920243995e-07,0.00015709922366121694,0.09450650015604656,1.256226187251741e-05,0.023669133580552372
51_H2,0.0,0.0004699154583226121,0.09886704718402202,0.00011693640408338979,0.024863474761607007
51_H3,1.3139784947745248e-05,8.607684765382343e-06,0.01740555564369797,0.0,0.0043568257783527745
51_SCT,0.0,6.575460593841539e-05,0.12073219132255737,0.0,0.030199486482123946
52_H1,0.0,0.0001505712309410605,0.06533409339185901,8.100815307443554e-07,0.016371368676082704
52_H2,0.0,0.00013734406807545678,0.10389661207657937,1.5567537730021286e-06,0.026008878224606957
52_SCT,0.0001299017324276891,0.00019718423846939865,0.0016225982546451442,1.2946670124858173e-10,0.0004874210887522333
53_H1,0.0,0.00019492143855954268,0.08613147039406993,4.645636693112465e-07,0.021581714099074695
53_H2,0.0,0.00326116456597412,0.012095770884482215,6.164277266407225e-08,0.00383924927330725
53_SCT,0.0,8.411864112941095e-05,0.002276691600661994,0.0,0.0005902025604478513
55_SCT,0.0,0.00011026704526532165,0.17261284267562357,1.7615125216252636e-06,0.04318121780835263
56_H1,0.0001893932364992466,0.00032423360999172743,0.03949617502380405,0.0001808452361728996,0.01004766177661698
56_H3,0.0,3.201852186018073e-07,0.06179625122720457,0.0,0.015449142853105793
57_H1,0.0,4.322009957100766e-06,0.048220395916346324,0.0,0.012056179481575856
58_H1,0.0,1.7467402504901646e-05,0.04210571082401811,6.165046943351626e-05,0.010546207173989132
59_H1,0.0,0.0005855868857511777,0.2874415868958597,3.298134106444195e-05,0.07201503878066882
59_H3,0.0,2.0729355224921575e-05,0.173588400788448,0.0,0.043402282535918234
59_SCT,0.0,1.1395165205873662e-05,0.03839688701367028,0.0012897300766780972,0.009924503063888562
60_SCT,0.0,1.9083889367484742e-06,0.22279016459267564,0.0,0.055698018245403096
63_H3,0.0,0.0009576468710429287,0.019954544279222695,2.663321936324792e-07,0.005228114370614814
64_H2,0.0,0.008751235581360865,0.05057844866267358,0.0083170086145401,0.016911673214643638
64_SCT,0.0016302123006349,0.000431263283419741,0.009629596081761956,0.0,0.0029227679164541493
68_H1,0.0,4.620771975775917e-06,0.053541077457126184,1.8974509075064816e-08,0.01338642930090276
68_H3,0.00023688255334943417,3.322163846164325e-05,0.15564162660272055,0.00015810564218554646,0.039017459109179295
69_H1,0.0,1.7362747261064083e-05,0.11259287961740938,7.84916835527838e-07,0.028152756820376493
69_H2,0.00013059926546599355,7.885588605106945e-05,0.06495874893679382,0.0,0.01629205102207772
69_H3,0.0,3.193330890771329e-08,0.16876978172734167,0.0,0.042192453415162645
69_SCT,0.0,2.8679173844541796e-06,0.41857563643205115,0.0,0.1046446260873589
70_H1,0.0,7.3780690466078e-06,0.0526545516770828,1.7378786409949498e-08,0.013165486781228955
70_H2,0.0,4.719725846995806e-05,0.019073931689782424,0.0,0.004780282237063096
70_H3,0.0,7.638621434159665e-05,0.020503063193068227,0.0,0.005144862351852456
73_H1,1.0821629365052107e-06,6.697100848774606e-06,0.17998523488206078,1.4946317794528596e-10,0.04499825357382731
73_H2,0.0,5.166819402411314e-06,0.07522636563071819,0.0,0.01880788311253015
74_H2,0.0005219742474682475,8.583737065281965e-05,0.1251262591292834,3.355234730406664e-05,0.031441905773677135
74_H3,0.0,0.0,0.04363044425024364,0.0004119088698644191,0.011010588280027015
74_SCT,0.0,0.0,0.13146424388868436,0.0,0.03286606097217109
76_H2,0.0,6.592575630013016e-06,0.060379638974570715,7.786081368976738e-06,0.015098504407892427
78_H1,0.0,5.581679073086857e-05,0.0575106305830086,5.986491373732861e-07,0.01439176150571921
78_H2,0.0,0.00014355824144243057,0.014959291621183583,5.914879466217826e-07,0.003775860337643159
79_H1,0.0,6.864585977999899e-06,0.0737253305933197,7.450245220752549e-07,0.018433235050954944
79_H2,0.0,2.71828753712907e-05,0.10369550850792487,9.252622135136335e-07,0.02593090416137742
79_H3,0.0,7.868691504976988e-06,0.06055029892381734,0.0,0.01513954190383058
79_SCT,0.0,0.0002751138289578486,0.09105468663002855,2.1512805403745006e-07,0.02283250389676011
80_H1,0.00027157969786687614,0.0005151735592105241,0.06797299850411861,1.2169408591944375e-06,0.017190242175513803
80_H2,3.758384103445788e-06,0.0001288404236829084,0.18422101414302816,3.135537190246396e-05,0.046096242080679244
80_SCT,0.0,0.0002923491121896012,0.2581961267393564,0.0,0.0646221189628865
81_H2,0.0,0.0002576985673691651,0.015866029560883205,1.4472741893811758e-09,0.00403093239388164
82_H1,4.119988101126695e-05,0.00024414045737182228,0.035276127825062495,4.462303877517115e-06,0.008891482616830775
82_H2,0.0,5.0908315487582315e-05,0.011613457257853885,0.0,0.002916091393335367
82_SCT,0.0005990435647011769,0.00019112641343807144,0.5192032559303649,0.00038496998604387045,0.130094598973637
83_H1,0.0,0.0007669362549344887,0.049803117365691284,0.0002036598016275093,0.01269342835556332
83_H2,0.0004563638042661632,0.0007427804192296901,0.24544549987121628,1.1944358391247079e-08,0.06166116400976763
83_SCT,0.002272720719190497,0.003717773011081267,0.42658535739104175,0.0,0.10814396278032838
84_H1,4.348334923528082e-05,0.0072467565374716245,0.24425806640781686,0.0005730375414714217,0.06303033595899879
84_H2,0.00011084693544302294,0.0006625941477899986,0.20608407301569426,1.6839405361679383e-05,0.05171858837607224
85_H1,0.026845105711093463,0.031318700711916364,0.8279136627153292,0.004738830961287022,0.2227040750249065
85_H2,0.015352225509944044,0.01829345457411564,0.34449808726710013,0.0001549443113617599,0.0945746779156304
85_H3,0.0,0.007380934216690706,0.3284438166800295,0.0,0.08395618772418005
85_SCT,0.0,0.0022051383831173934,0.7968993601103461,3.809580812230706e-05,0.19978564857539646
86_H3,0.0,7.87607735694627e-06,0.0661935157003132,0.0,0.016550347944417537
86_SCT,0.0,0.0006736109065872008,0.002410424865464271,6.552838827111884e-11,0.0007710089593949651
87_H1,0.00011625008086109444,0.00037711778756104546,0.2474256383556794,2.4621891498100013e-05,0.06198590702889991
87_H2,0.0,0.0003035511332347686,0.39790725819286593,1.169779579868191e-06,0.09955299477642014
87_H3,0.0,0.0001791834656778313,0.019358942378799412,0.0,0.004884531461119311
87_SCT,5.943843714204592e-05,0.0001778749524631226,0.35384020943553407,1.3801825843984261e-05,0.0885228311627458
88_H1,0.0,0.0007849656327066392,0.41146945120666006,1.739090635055618e-06,0.10306403898250044
89_H1,0.018798043725068516,0.02695301390115473,0.009763136163202221,0.003836532821878791,0.014837681652826064
89_H2,0.005029421051520223,0.004949638594942363,0.18876466992814098,0.25352945923805237,0.11306829720316398
89_H3,0.0,0.00028253799153998165,0.239717209338851,0.0,0.059999936832597744
90_H1,9.459979571356458e-05,0.00042079200259069184,0.05898693000387206,3.349863618495874e-05,0.014883955109590319
90_H3,0.0,3.9416238415538204e-05,0.006336662192930979,0.0,0.0015940196078366295
90_SCT,0.0,6.8128855125261705e-06,0.035387609844882824,0.0,0.008848605682598838
91_H1,4.248293549280773e-05,5.833588324192898e-05,0.19309157747803635,2.334983584262318e-08,0.048298104911651735
91_H2,0.00038489469427598473,0.001156186070114836,0.2327935088737845,0.0,0.05858364740954383
91_H3,0.0,4.603947713117581e-06,0.17008776505847098,0.0,0.042523092251546026
91_SCT,0.0,0.001312408856692327,0.2916698186577142,0.0,0.07324555687860163
92_H1,0.0018251265354417737,0.0005159059076620073,0.6307225402034328,0.0001795716816559434,0.15831078608204813
92_H2,0.00010533248779213837,6.584068418364598e-05,0.1773394035755612,0.0,0.044377644186884245
92_H3,0.0,0.00027358096271547,0.9208790490003129,0.0,0.2302881574907571
92_SCT,0.0,0.0018895962265156612,0.06745722695670449,0.005661349277943373,0.01875204311529088
93_H1,3.496637043769785e-05,0.005203360181814924,0.20392374827371948,0.01141924038529396,0.055145328802816515
93_H2,0.03302125410271861,0.012914851794779301,0.0628038976510485,0.023750493302941322,0.03312262421287193
93_H3,0.0,0.00020783946387321192,0.26060644421299267,0.0,0.06520357091921647
93_SCT,0.021720102634599215,0.010090424000129735,0.6808422242021676,8.821503456601931e-07,0.17816340824681054
94_H1,0.0006672210776589176,0.003677027889786103,0.02167427625321286,0.000167458041687496,0.006546495815586344
94_H2,0.0006376853334710268,0.0003045191095240375,0.10680627872427746,1.1367370689185918e-07,0.026937149210244853
94_SCT,0.0,2.9450004749928845e-05,0.20862212834414437,0.0,0.05216289458722358
95_H1,0.0001131131615286108,0.0009433964727100204,0.18354066865539923,2.0023141189540183e-07,0.04614934463026244
95_H3,0.0,0.0010546243658124382,0.1443568563469643,0.0,0.036352870178194184
96_H1,0.0,0.0010112931815953634,0.27713898115354657,0.00032907037530094385,0.06961983617761072
96_H2,1.2021875874423037e-06,0.0004999886028023981,0.29095165891594427,0.0,0.07286321242658353
96_H3,0.0,0.0003310107995108647,0.17782962634557392,0.0,0.0445401592862712
96_SCT,0.0,0.00012065414015654815,0.307491078140532,0.0,0.07690293307017214
97_H1,8.108532366455134e-05,0.002125980518473456,0.0571777512771828,0.0001305378827964887,0.014878838750529325
98_H1,0.0,0.0011840155742352245,0.1477990718604146,0.0002362860250286758,0.037304843364919626
98_H2,0.0,0.0008024495551757221,0.18675426478236243,2.6769721443997696e-06,0.04688984782742064
98_H3,0.0,8.983371179985917e-05,0.3928805103505963,0.0,0.09824258601559904
98_SCT,0.0,0.0003553215828016932,0.5170329253608172,3.7871194535910035e-07,0.12934715641389108
99_H1,0.0010512581566082713,0.005204475184124319,0.3293063552713758,4.605282811098732e-05,0.08390203536005485
99_H2,3.969493431215454e-05,0.0001698903541413331,0.47407803250919467,3.8416833376686554e-06,0.11857286487024646
99_H3,0.0,0.0006264304477460142,0.2269278613129997,2.741524440352805e-05,0.05689542675128731
99_SCT,0.001030446410592012,0.0006967570168008139,0.190785390228014,8.446132682138341e-08,0.04812816952918341
100_H1,0.001988330106856145,0.0011015002251289177,0.32441413525060225,0.0005350723513402045,0.08200975948348188
101_H3,0.0,0.0001720010032355523,0.2909681351584592,2.8585038307937793e-05,0.07279218030000068
102_H1,0.0,5.995996797141918e-05,0.11199411720962786,1.5289403076934605e-09,0.028013519676634898
102_H2,0.0,0.0006489770578256169,0.1450450870619118,0.0,0.03642351602993436
102_SCT,0.0,1.5381185654087464e-08,0.2151469453223873,0.0,0.05378674017589324
103_H1,0.005575688922556705,0.008720861482800645,0.44241283142293275,0.00024053947709035128,0.11423748032634512
103_SCT,0.0,0.0006361865983218246,0.5823317104375144,0.0,0.14574197425895907
104_H1,0.0,0.00024004071525974616,0.1101907903571519,2.395872797933407e-06,0.027608306736302397
105_H3,0.0,5.0498639022760415e-06,4.673284306030969e-05,0.0,1.2945676740646434e-05
105_SCT,0.0,0.00013046478757332673,0.5280190325261712,0.0,0.13203737432843612
106_H1,0.0,3.831832273519514e-05,0.26068920519746136,3.7541740312008187e-06,0.06518281942355694
106_H2,0.0,3.465530681006825e-05,0.15886901193087066,1.5259880470352982e-08,0.0397259206243903
106_SCT,0.0,7.092397158016399e-05,0.2746673733827515,3.726167818740578e-08,0.06868458365400246
107_H3,0.0,0.00017515799509269493,0.22347303203916344,1.5108788829820696e-05,0.055915824705771486
107_SCT,0.0,9.193631711668626e-05,0.0015641806735540544,1.24425341141432e-07,0.00041406035400297055
108_H1,0.0015956707034040449,0.0005764748683776625,0.03146424585739802,3.7729682844656054e-07,0.008409192181502044
108_H3,0.0,0.0,0.18621253830621248,0.0,0.04655313457655312
110_H1,0.0,0.0008381185995376453,0.11415724249596361,9.4663402705919e-05,0.028772506124551792
110_H2,0.001054512946801797,0.0014549381683988279,0.10698303306815787,1.1553647709661163e-06,0.027373409887032366
110_H3,0.0,6.370649929003456e-06,0.10745133025912224,0.0,0.02686442522726281
110_SCT,0.00028942502334873473,0.0007471233440732572,0.1327417242644372,0.0,0.033444568157964795
112_H3,0.0,6.413386652607686e-07,0.05935109668235313,0.0,0.014837934505254597
113_H2,0.00017972441645785266,0.00016796246229964604,0.0006417693738992499,9.491391392657533e-05,0.00027109254164583096
113_H3,0.0,8.814639691383839e-05,0.0217603637955177,0.0,0.005462127548107885
113_SCT,0.0,7.900413311434365e-05,0.09299143939376033,0.0,0.023267610881718668
114_H1,0.0008883006165242555,0.0004124461123122931,0.6607796313976424,0.00014505682338494807,0.16555635873746596
114_H2,3.7835705329089145e-07,0.00032005759411280675,0.17792584676689766,7.671367541206564e-08,0.04456158985793479
114_H3,9.997772574320201e-05,0.00013157845488349267,0.4213844645621791,0.0,0.10540400518570145
114_SCT,1.5485709001527e-05,0.00032295717485153003,0.00344018310537054,0.0,0.0009446564973058992
115_H1,0.004526045583741341,0.009375320254699959,0.6371689393643234,0.000601685605943203,0.16291799770217696
115_H3,0.002351096254481506,0.002073024617978733,0.5784292010677646,0.0,0.14571333048505622
116_H1,0.0,0.00014783425766641612,0.03560792073718255,0.0,0.008938938748712242
116_H2,6.035312708308306e-06,8.423967794642681e-06,0.06284949704670308,0.0,0.015715989081801506
116_SCT,0.0,1.6128035670257948e-05,0.19575207671856076,0.0,0.04894205118855775
117_H1,0.002009151984219528,0.0010613067369916354,0.21570118027753135,1.448505099688191e-05,0.05469653101243485
117_H3,0.0,0.0006062051595646828,0.2861650570302696,0.0,0.07169281554745857
117_SCT,1.983105163783811e-05,5.001033142433389e-05,0.3466566969639548,8.0380734289065e-05,0.0867017297703265
118_H1,0.00012230990815624234,0.0019373105403372544,0.28205332868812427,2.102944108628435e-06,0.0710287630201816
118_H3,0.0,4.112825995421795e-05,0.0033920228792970446,0.0,0.0008582877848128157
118_SCT,0.0,6.556226144947614e-05,0.23915317623665852,0.0,0.059804684624526996
119_H1,7.347126683631798e-05,0.0012987367586887206,0.06501857377943356,0.0,0.01659769545123965
119_H2,0.0,0.0015745965342213364,0.09862787925082687,0.0,0.02505061894626205
119_H3,0.0,5.717691074475096e-07,0.1274439486329501,0.0,0.03186113010051439
119_SCT,0.0,0.0012834068774669283,0.5596907283326553,0.0,0.14024353380253057
121_H1,0.0001148067997157921,0.0023199725488926384,0.033070736183974415,1.2048248208884615e-05,0.008879390945197933
121_H2,0.0007157344446022448,0.0006646167744883577,0.24711662030567833,9.847018372965977e-05,0.06214886042712465
121_H3,0.0,1.6051798708585075e-07,0.0689527710736922,0.0,0.01723823289791982
121_SCT,0.00258140057576178,0.0002498163990418899,0.8513834304942306,0.0,0.21355366186725858
122_H1,0.0,0.00012943380983108577,0.16166419594947157,3.2030870897870045e-06,0.04044920821159811
122_H2,0.0,0.00013028969518483443,0.1543402234425646,0.0,0.03861762828443736
122_H3,0.0,1.2709225916337035e-06,0.05581483495428219,0.0,0.013954026469218455
123_H1,0.0,0.0002106377539002389,0.15883846976159954,0.00011061065015383065,0.0397899295414134
123_H2,3.3792628440726356e-05,0.00010126189891481519,0.06763674756846495,2.0846788117978576e-07,0.01694300264092542
123_H3,0.0,8.365512032900641e-05,0.20347828821338965,0.0,0.050890485833429665
124_H1,0.0,0.16196241375065493,0.1805024742908234,0.0,0.08561622201036959
124_H2,0.0,0.04860986316865358,0.15201921707314073,0.0,0.05015727006044858
124_H3,0.0,1.1250372917062277e-05,0.14307267997018483,0.0,0.03577098258577547
124_SCT,0.0,5.334510121611422e-05,0.017337356906739085,9.524337984956333e-10,0.00434767574009725
125_H2,0.0,7.733195633820043e-05,0.045857423247672995,3.899631312309637e-11,0.011483688810751878
125_H3,0.0,0.0009054536957899888,0.09591509150162386,0.0018973550759255886,0.02467947506833486
125_SCT,0.0,1.2106577371740484e-05,0.0746220487458354,0.0,0.018658538830801787
127_H1,0.0,1.138224531111083e-06,0.05912869892060568,0.0,0.014782459286284199
127_H3,0.0,5.1031047564740226e-08,0.04851004208261584,0.0,0.012127523278415852
128_H2,6.6991416918417725e-06,0.00025469289031179455,0.03413964547791466,8.967725989350583e-06,0.008602501308976912
128_H3,0.0,4.388679115249014e-05,0.1206683966541099,0.0,0.030178070861315597
128_SCT,0.0,0.00034772179461070254,0.07842789088834437,0.0,0.01969390317073877
129_H1,0.0,1.4596147424483337e-05,0.02414474592645687,1.1880464626301546e-05,0.0060428056346269144
129_H2,0.0,0.00015911622730973004,0.029920520281045464,0.0,0.007519909127088799
129_SCT,0.0,2.3169537573764862e-05,0.08842824117909619,0.0,0.02211285267916749
130_H1,0.0,0.00014125241414826348,0.0048317297692265756,0.0,0.0012432455458437097
130_H2,0.0,1.4838627150499155e-05,0.013062102364215388,0.0,0.003269235247841472
131_H1,0.0,2.514511374532958e-06,0.028428052344407262,0.0,0.007107641713945448
131_H2,0.0,4.687237384170258e-06,0.006784754593186007,0.0,0.0016973604576425443
131_SCT,0.0,1.7210074390416147e-08,0.05404426425191793,0.0,0.013511070365498081
132_H2,0.0019872570835779554,0.0007561707494283258,0.006391522794477059,0.00020709921955130994,0.0023355124617586626
132_H3,9.11733091158691e-05,6.3055194835766715e-06,0.095948617362441,0.0,0.02401152404776011
132_SCT,1.943434682429481e-06,0.00020040980153545023,0.32354009946579837,0.0,0.08093561317550406
135_H1,0.0,2.581048508168369e-05,0.12446070777776383,0.0,0.03112162956571138
135_H2,0.0,2.2629897561629487e-06,0.21496975219388126,0.0,0.05374300379590936
135_H3,0.0,4.890684300158543e-05,0.009838907796438732,0.0,0.002471953659860079
135_SCT,0.0,0.0,0.22713513299275515,0.0,0.056783783248188786
136_SCT,0.0,0.0002662794687663661,0.20981360408715882,2.2727901978214504e-06,0.05252053908653075
137_H1,0.0,1.2154965068047583e-07,0.016478759298882262,2.260554937683068e-11,0.004119720217784623
137_H2,0.0,0.00010877389431886762,0.04250811852281409,0.0,0.01065422310428324
137_H3,0.0,1.037888858869529e-06,0.041785786544798253,0.0,0.010446706108414281
138_H1,0.0,4.034593429281803e-05,0.07410682385976253,2.2955489384912653e-06,0.01853736633574846
138_H2,0.0,0.00013731562689261602,0.04274739471295151,0.0,0.010721177584961031
139_H1,0.0,3.8742618027769426e-05,0.03639568566370851,0.0,0.00910860707043407
139_H2,0.0,0.0,0.026789625124566816,0.0,0.006697406281141704
139_H3,0.0,4.164279425932599e-07,0.06790965970959031,0.0,0.016977519034383225
140_H2,0.0,5.477220984551323e-06,0.015784114859137995,0.0,0.003947398020030636
140_H3,0.0,4.201743279717256e-06,0.3296503275683279,0.0,0.0824136323279019
140_SCT,0.0,5.102621668908529e-06,0.3693055238525289,0.0,0.09232765661854946
141_H3,0.0,3.677854278513987e-07,0.022573654970709317,0.0,0.005643505689034292
142_H2,0.0,2.3459994083535385e-05,0.023599947743468533,6.587177381334186e-07,0.00590601661382255
142_SCT,0.0,7.7746201113453e-06,0.2309153318793388,0.0,0.057730776624862534
143_H2,0.0,0.00016566595651171774,0.13312107292279562,1.9778302885242738e-05,0.033326629295548145
143_SCT,0.0,0.0010720935620679318,0.712218389175934,0.0,0.1783226206845005
144_H1,0.0004421677040525025,5.192264403941074e-05,0.02231333752463379,6.503719873762748e-08,0.00570187322748111
144_H2,0.0,2.774369571384343e-05,0.09988411820072429,0.0,0.024977965474109534
144_H3,0.0,1.3877650148436787e-06,0.2136439689476464,0.0,0.05341133917816531
144_SCT,0.0,0.000266175567950593,0.35722558920958675,0.0,0.08937294119438434
145_H1,0.0,7.253313824940855e-05,0.09888586069243822,1.0144973202841356e-05,0.02474213470097262
145_H2,0.0,0.003420910005626095,0.04965501549325567,1.9745873942156322e-05,0.01327391784320598
146_H3,0.001294545611247017,6.50462432568305e-06,0.10921858170682686,4.197052021481795e-06,0.02763095724860526
146_SCT,0.0,3.7023216180946513e-07,0.4892237243204032,0.0,0.12230602363814125
148_SCT,0.0,4.204489362018222e-05,0.16655787172809475,4.913395059702452e-06,0.041651207504193655
149_H1,0.0007246956654126188,0.0010207299191073154,0.2676749072219561,4.338441794971004e-05,0.06736592930610644
149_H3,0.0,0.0013176786837837868,0.2523719676877551,5.679600690200459e-06,0.06342383149305728
150_H1,0.0,0.0005619714254005137,0.02053746258314381,4.406779225973878e-06,0.005275960196942575
150_H2,9.527836961541306e-05,0.00038428887544286413,0.380731148816856,7.804808774380945e-06,0.09530463021767216
151_H1,0.0,0.00012755524025140778,0.13731083296807986,0.0,0.034359597052082816
151_H2,0.0,4.2700419364312605e-05,0.2659668069631858,7.315504291227626e-08,0.06650239513439826
151_H3,0.0,9.455109752067408e-08,0.017274582517671673,0.0,0.0043186692671922985
151_SCT,0.0,0.0005250803925237953,0.2445265798111316,0.0,0.06126291505091385
155_H1,0.0,0.0012628948146630532,0.204715041966151,1.5792184058227576e-06,0.05149487899980497
155_H2,0.0,1.2475640286232675e-06,0.2126561761006004,0.0,0.05316435591615725
155_H3,0.0,1.5420485316401427e-05,0.0016930656910720333,0.0,0.00042712154409710866
155_SCT,0.0,3.246845186362543e-05,0.11926777618574841,0.0,0.029825061159403008
156_H1,0.0,0.0005670688757010498,0.1585177776433506,0.00017822497466113418,0.03981576787342819
156_H2,0.0,0.00010766199087444536,0.06294386705979295,3.035666395589942e-06,0.015763641179265746
156_SCT,0.0,2.1098828101396344e-05,0.3120765301333597,0.0,0.07802440724036527
158_H1,0.0004588572454976107,0.0009938124698678145,0.014770010277892365,0.00019833608530461788,0.0041052540196406025
158_H2,0.0004701138438633116,0.0005523443877807053,0.10354960187145548,5.779917773907073e-05,0.02615746482020964
158_SCT,8.273972112839555e-05,0.000331183233391698,0.16553554950389834,1.7010312092224922e-07,0.04148741064038484
159_H2,0.0003931399121959137,3.3639728924265654e-05,0.06602998855808832,0.0005131365032866597,0.01674247617562379
161_H1,1.9673279240141223e-05,0.0014919890667213654,0.4143950824509283,1.4846261365164537e-05,0.10398039776456375
161_H3,0.0,2.9788939844083377e-05,0.314555677040698,0.0,0.07864636649513551
161_SCT,0.0005948467188632115,0.00017576887440428132,0.5019429443615254,2.593595490907319e-05,0.1256848739774255
162_H1,0.0,0.0005527438259369666,0.14121564952846055,3.595616135498858e-06,0.03544299724263326
162_H3,0.0,1.5452529802299807e-05,0.23970128709463398,0.0,0.05992918490610907
163_H1,8.517611212360507e-06,0.0008598308360055687,0.2247193046229059,0.00037630146834999323,0.056490988634618454
163_H3,0.0011299289839017785,0.0006723065500827985,0.3368846866656641,0.0,0.08467173054991217
163_SCT,0.0,0.00017944471184218265,0.17598840117398168,0.0,0.04404196147145596
164_H1,0.0001361100409638495,0.00044788147383534636,0.4059899402161066,4.487731712288223e-05,0.10165470226200718
164_H2,0.00021248753501237305,0.0015752681220660841,0.274478357357089,2.3380564016406424e-05,0.06907237339454596
164_H3,0.0,6.51808270665686e-05,0.392116648979379,0.0,0.09804545745161139
165_H1,0.0006993642672339705,0.004890528324997862,0.17125408926312446,4.049871495226398e-05,0.04422112014257714
165_H2,0.0006272232492217538,0.00045390647668678327,0.4072891282977462,1.4246608088797075e-06,0.1020929206711159
165_SCT,0.0,0.0003074132071872761,0.3959790992879657,8.80286961546517e-07,0.09907184819552864
166_H1,0.0,1.1307059500408459e-06,0.015733293893523653,0.0,0.003933606149868423
166_H2,0.06981765467722885,0.0342370809593123,0.0032007970867674075,0.2596481442451477,0.09172591924211407
166_H3,0.027618016692297836,0.014613375476798115,0.00980791487307954,0.0,0.013009826760543873
166_SCT,0.0,4.380690718920002e-06,0.04274963784462474,0.0,0.010688504633835914
167_H2,0.00012323718406324641,0.00015987728371673812,0.01864250213386208,2.7690850856743054e-06,0.004732096421681935
167_SCT,7.926050673255323e-05,0.0010779875672561623,0.2816048542630839,1.6732581116229994e-06,0.07069094389879606
168_H1,0.0,0.0009557943342816731,0.4788727699669485,3.354970249347389e-05,0.11996552850093091
168_H2,0.0023249919921468597,0.0009287905964721423,0.5645314400916506,5.604703119388432e-07,0.14194644578764537
168_H3,0.0,2.9832045133999092e-05,0.14297278054018533,0.0,0.03575065314632983
169_H2,0.0,0.00010191877050520018,0.007554694937393472,3.983938157148259e-08,0.0019141633868200608
169_H3,0.0,4.7974038478311656e-06,0.022237115697173272,0.0,0.005560478275255276
170_H1,0.0,0.0,0.0013011672808796526,0.0,0.00032529182021991316
171_H1,0.0011685419660528084,5.425825589555268e-05,0.17696622984570617,3.5657853914017323e-07,0.04454734666154842
171_H2,0.0,0.0001439748620554403,0.09196376690851606,2.0538593162200414e-05,0.023032070090933426
171_H3,0.0,1.8102740395287106e-06,0.05797944861737969,0.0,0.014495314722854806
171_SCT,0.0,1.2092898455887346e-05,0.05364739754480166,0.0,0.013414872610814386
172_H3,0.0,3.3967308437808896e-06,0.04643821077210171,0.0,0.011610401875736373
173_H1,0.0,0.0005998055592830378,0.0554032889345671,0.0,0.014000773623462534
173_H2,0.0,0.0,0.19014688860612766,0.0,0.047536722151531915
173_H3,0.0,1.6187953419759188e-05,0.22872424476710343,0.0,0.0571851081801308
173_SCT,0.0,0.007298445206335601,0.43584400671531254,0.0,0.11078561298041203
174_H1,0.0,0.0,0.01700857338675681,0.0,0.004252143346689202
175_H1,0.0,0.002815574462304802,0.17296339467869795,0.0,0.043944742285250686
175_H2,0.0,0.00047455849170905095,0.07488515519204511,0.0,0.01883992842093854
175_H3,0.0,0.0009406736962847034,0.23197408344632514,0.0,0.05822868928565246
177_H1,0.00024183785861067443,0.0007228794355665174,0.45477550139715317,0.001133160782046616,0.11421834486834424
178_H1,0.0026627829422984353,0.0036245484382992506,0.49130818258338066,0.00023269240045920014,0.12445705159110938
178_H2,0.0004756982515952244,0.0008803103174298745,0.330731959957851,0.0,0.08302199213171903
178_H3,0.0,2.997615355313178e-06,0.03315504114152687,0.0,0.008289509689220546
178_SCT,0.0,0.0,0.11973993870337436,0.0,0.02993498467584359
180_H1,0.0002666455142426268,0.0011483291700787183,0.3829204020806745,0.0029238814022392035,0.09681481454180876
180_H2,0.0001327202030377648,0.00012985091850220673,0.6093377723500938,0.0,0.15240008586790843
180_H3,5.6800217090176664e-05,0.0005593879677413423,0.28662387373805204,0.0,0.07181001548072088
182_H1,0.0,0.0006280986405634238,0.21876694731051277,0.00012771808542311192,0.05488069100912483
182_H2,0.0,0.00022193440909019208,0.17666132125918646,0.0007447657408192754,0.04440700535227398
182_H3,0.0,1.2203818380378789e-06,0.07575457550716833,0.0,0.018938948972251592
182_SCT,0.0,9.201645993518841e-05,0.06082600269254699,0.0,0.015229504788120544
183_H1,3.2124868210542413e-07,1.6327971835885657e-07,0.08792519238920439,0.0,0.021981419229401215
183_H2,0.0,0.00021291275861568782,0.10579291884597297,0.0,0.026501457901147166
183_H3,0.0,0.0,0.006442623647450823,0.0,0.0016106559118627057
183_SCT,0.0,2.2227440788828946e-06,0.0869549851595692,0.0,0.02173930197591202
184_H1,0.0,0.00012209687400027637,0.07963206795234049,0.00027143547777086496,0.020006400076027907
184_H2,6.160987881328661e-05,0.00015267149624680355,0.03109865151418104,0.0,0.007828233222310282
184_H3,0.0,6.006670821393096e-05,0.06984149945719326,0.0,0.017475391541351797
184_SCT,0.00013313597994311314,0.00036660582914353914,0.1130282749277414,0.001194935874082148,0.02868073815272755
185_H1,8.483719336369337e-05,0.0003502845817436914,0.05461681893703685,0.0003034989058505744,0.013838859904498702
185_H3,0.0001247774736441245,0.0003390746339272626,0.19020899274844363,0.0,0.047668211214003754
185_SCT,0.0,0.0003465714518946107,0.2368279493402379,0.0,0.05929363019803313
187_H3,0.0,2.8363322294011567e-06,0.07809946908466538,0.0,0.019525576354223695
188_H3,0.0,0.0,0.1447204702548872,0.0,0.0361801175637218
190_H1,0.0,1.5317564194973628e-06,0.0698551915963341,1.2883765521110035e-07,0.017464213047602203
190_H2,2.43624290784172e-05,5.615851474429935e-06,0.1872163444677651,0.0,0.04681158068707949
190_H3,0.0,6.084148983529179e-07,0.04567441891987625,0.0,0.011418756833693651
190_SCT,0.0,0.0,0.3866419913929624,0.0,0.0966604978482406
191_H1,0.0,7.491537122616813e-06,0.0008091879540068916,0.0,0.00020416987278237708
192_H1,0.0,0.0001852877031119912,0.015699996373860645,0.0001987522264244035,0.00402100907584926
192_H2,0.003627295021005499,0.0004340337347247442,0.12298483965908687,0.0,0.03176154210370428
192_SCT,0.0,0.00035404104691534106,0.2884093644964229,0.0,0.07219085138583456
193_H2,0.0,5.7189123177155065e-05,0.24778306275706127,4.3227561263847747e-07,0.061960171038962765
193_SCT,0.0,2.6493104634878065e-05,0.12791458706519773,2.545140523579903e-05,0.0319916328937671
194_H1,0.000488966492193038,0.0019015480481718759,0.28799938011739035,5.219097829467501e-07,0.07259760414188456
194_H3,0.0,2.3513364558222426e-05,0.10274575810204298,9.264961590815801e-06,0.025694634107048003
194_SCT,0.0,4.603458228026286e-05,0.1051986989052539,6.103182840888621e-06,0.026312709167593765
195_H3,0.0,5.3780791853907406e-05,0.06966823008565906,0.0,0.01743050271937824
195_SCT,0.0,2.607584454109314e-05,0.24222623628445575,6.081717884853788e-08,0.06056309323654392
196_H1,0.0,7.86158217277841e-05,0.09786437957201405,4.6324726099555846e-07,0.024485864660250708
196_H2,0.0,3.580274190751751e-05,0.05888551570768148,4.662709670810727e-06,0.014731495289814952
196_H3,0.0,1.5331268146500802e-05,0.07357198571989981,5.623558081424562e-06,0.018398235136531934
196_SCT,0.0,1.5009182951878868e-05,0.176922433809925,0.0,0.04423436074821922
197_H1,0.00032669832865383927,0.0012871330730267233,0.3561959498428978,6.578590273420559e-06,0.08945408995871296
197_H2,0.0,0.0001241033315224347,0.06966966782037423,3.911364387931826e-07,0.017448540572083865
197_H3,0.0,0.00034439343210034554,0.17505640701591532,2.5826419005170465e-05,0.04385665671675521
197_SCT,0.0,4.946150061626715e-05,0.16069643542389905,0.0,0.04018647423112883
198_H1,0.0005620900892242144,0.04607866311487557,0.10687014300393695,0.0001407571107847616,0.038412913329705374
198_H2,0.0,0.0002567830115266463,0.023802886089774426,0.0,0.0060149172753252685
198_H3,0.0,0.1247976456486874,0.08262465595112642,3.3343516836481513e-10,0.051855575483312245
198_SCT,0.0,6.88448537968337e-05,0.1940249079499866,1.8358088382797177e-08,0.048523442790467955
199_H1,0.002983941198754192,0.003816249190555959,0.36865579859619957,0.006984278559684753,0.09561006688629861
199_H3,0.0,3.5121421035274633e-06,0.12035709053627015,0.0,0.03009015066959342
200_H2,0.0003150935661563244,0.00020969037932756391,0.1592305553840656,4.122037111642385e-08,0.03993884513748015
200_SCT,0.0,9.899065458629736e-05,0.3934722660571352,0.0,0.09839281417793037
201_H1,0.024724517428454707,0.007102673890161382,0.10003410748193181,0.01702423393726349,0.037221383184452846
201_H2,0.0002911594448509759,4.1315594808313504e-05,0.08857683608713855,3.9744858071344424e-08,0.022227337717913978
201_H3,0.0,0.006564064073598976,0.08832660314519873,0.0,0.02372266680469943
201_SCT,0.0,2.6888369217894184e-08,0.19663968534456788,0.0,0.04915992805823428
203_H1,0.0,7.739078858562844e-05,0.06610230549774815,4.562617661463264e-08,0.016544935478127597
203_H2,0.0,8.798933653018968e-06,0.00297497950879723,0.0,0.0007459446106125623
203_H3,0.0,4.6770502059527907e-07,0.05910759200651747,0.0,0.014777014927884516
203_SCT,0.0,1.6339709993542883e-06,0.08193227557037777,0.0,0.02048347738534428
204_H1,0.01160504837035408,0.0019171275128992648,0.17290554271395334,0.0004991954192519188,0.04673172850411465
204_H2,0.007723070601544759,0.0020003852260459115,0.13848805200685763,0.00021253543673083186,0.037106010817794785
204_H3,0.0,2.4942138208631515e-06,0.014072880999114065,0.0,0.003518843803233732
204_SCT,0.0,1.9075604914816696e-05,0.04334244197184224,0.0,0.010840379394189265
205_H1,6.226085273677148e-05,0.00011565228178751416,0.04893750681786489,3.8067957675025355e-09,0.012278855939796236
205_H2,0.0,0.00023930659865833048,0.13834000653264641,0.0,0.03464482828282619
205_H3,0.0,7.84737027697587e-06,0.09050567597476948,0.0,0.022628380836261616
205_SCT,0.0,0.0038905722571542577,0.27853091003421654,0.0,0.0706053705728427
206_H1,0.010255256402583348,0.010659118667747044,0.09213791548738196,1.346626322629163e-05,0.02826643920523466
206_H2,0.0,0.0015393053511683675,0.010903755815191407,2.60591295955237e-05,0.0031172800739888247
206_H3,0.0,0.0,0.045622236979228806,0.0,0.011405559244807201
206_SCT,0.0,1.8430702323463526e-06,0.5727047330018202,0.0,0.14317664401801314
207_H1,0.04973830940116668,0.05337069257495878,0.20959318904775304,0.15453189611434937,0.11680852178455697
207_H2,0.04433804811197093,0.01944591375745548,0.15508490861101568,0.0,0.05471721762011052
207_H3,0.0,0.0,0.04271554968660079,0.0,0.010678887421650197
207_SCT,0.0,0.007044394463547869,0.06812677469234933,0.0,0.0187927922889743
208_H1,0.004107656739688614,0.003295016579280078,0.15107456411613895,0.0002997533301822841,0.03969424769132248
209_H1,0.00017643617124046536,2.8052079723982114e-05,0.2960648496627162,2.802515382427373e-06,0.07406803510726577
209_H2,0.0,2.0732535438655525e-05,0.14536103988605958,3.8707257772330195e-06,0.03634641078681887
209_H3,0.0,2.771805215572162e-07,0.18831227028992714,0.0,0.047078136867612176
209_SCT,0.0,0.0004655220550479641,0.5786064032785334,3.8704692997271195e-06,0.1447689489507203
210_H1,0.0,0.00032735529542305704,0.15846875410437788,0.0025719688273966312,0.04034201955679939
210_H3,0.0,0.004057980717555997,0.01606947529757686,0.0,0.005031864003783214
210_SCT,0.03655981996360798,0.008079404946494092,0.2012152268123869,0.02002687379717827,0.06647033137991681
211_H1,0.0,6.204347102773796e-07,0.17748499826564143,0.0,0.044371404675087926
211_H2,0.0,9.527441123413331e-07,0.03185801287778253,0.0,0.007964741405473718
211_SCT,0.0,0.00011228965242942029,0.035934637305376105,0.0,0.00901173173945138
212_H2,0.013599382714657389,0.007896326374443105,0.650932730465524,0.00042664670036174357,0.16821377156374656
212_H3,0.0,0.00014699423421662443,0.12217082583312686,1.7930044123204425e-05,0.030583937527866673
213_H1,0.0004125079573058298,0.00094994127410051,0.2742980518625129,0.00018054649990517646,0.0689602618984561
213_H2,0.00040911896836881833,0.0005184061932436768,0.25218820073962284,0.0002899579412769526,0.06335142096062807
215_H1,0.0,0.0007864218741774817,0.1411468505706989,1.609276296221651e-05,0.03548734130195965
216_H1,0.0023822042902763197,0.0030009060442184837,0.2686887455464534,0.0002798765490297228,0.06858793310749448
216_H2,0.0014944378069184153,0.002793732261626964,0.2843645461341451,5.0511007430031896e-05,0.07217580680253012
216_H3,0.0017734276178613866,0.0036080999313009357,0.35277629643556035,0.0,0.08953945599618067
216_SCT,0.0013665941163293546,0.0009849228044503302,0.21923636168599514,0.00012331876496318728,0.0554277993429345
217_H1,0.0,0.00025687331699284063,0.14175280975166685,3.0413602871703915e-06,0.035503181107236714
219_H1,0.0,0.00024754867935874954,0.17633229472105744,1.705030740595248e-06,0.044145387107789195
219_H2,2.2438207027464475e-05,0.0002856223438505612,0.20123847793333116,1.928156507347012e-06,0.050387116660179136
219_SCT,0.0,1.591664553687363e-05,0.08282259984419525,8.111196621030103e-06,0.02071165692158829
220_H2,0.0,2.4947921704743548e-05,0.11764205957221442,3.4997744702280897e-09,0.029416752748423407
220_SCT,0.0,1.3942458524438209e-05,0.2591979163505068,0.0,0.06480296470225781
221_H1,0.0,3.9565495461644936e-05,0.040942820599138896,0.0,0.010245596523650135
221_H2,0.0,8.562657564369142e-05,0.03207513346083563,0.0,0.00804019000911983
221_H3,0.0,4.209893770404437e-06,0.04389539543389619,0.0,0.010974901331916647
221_SCT,0.0,0.00021227475100065108,0.3322042166812482,0.0,0.08310412285806222
223_H1,0.004396164991887218,0.015342320077297264,0.20488860905027717,9.185778360176755e-09,0.056156775826310006
223_H2,0.009406836654523661,0.03178406233513747,0.3264919263330425,0.0017972795758396387,0.09237002622463582
223_H3,0.00010348217231701208,0.00023589455636733523,0.3809958457413272,0.0,0.09533380561750289
223_SCT,0.0,1.4645265934396001e-05,0.6508332193412366,0.0,0.16271196615179276
224_H3,0.0,3.317597730951757e-06,0.12659527477117077,1.950436701037006e-09,0.031649648579834606
225_H2,0.0,9.108088832842299e-07,0.0028604409723722935,0.0,0.0007153379453138945
226_H1,0.0,4.552604839731609e-06,0.04885485427221382,2.2509635044798415e-08,0.012214857346672148
226_H2,0.0,4.868847597409829e-06,0.10971477944173123,5.269170651445165e-05,0.027443084998960775
226_H3,0.0,0.0,0.004924091224581823,0.0,0.0012310228061454557
226_SCT,0.0,4.3686205645120905e-07,0.19692069810663967,0.0,0.04923028374217403
227_H1,0.0,0.0004781965066084896,0.2325708995305377,2.334930468350649e-05,0.05826811133545742
227_H2,0.0006244533233198611,0.004116153467809836,0.23966585618932215,2.426568812552432e-07,0.061101676409333276
227_H3,0.0,1.1789032523172217e-05,0.2380664078169232,0.0,0.05951954921236159
227_SCT,0.0,0.0023482229481764203,0.7339472091410575,1.869589622005563e-10,0.18407385806904822
228_SCT,0.0,1.0365365641543044e-05,0.40632276031193676,0.0,0.10158328141939457
229_H1,0.0,2.623189568087031e-07,0.02337777844106162,0.0,0.005844510190004607
229_H2,0.0,1.120280228307395e-07,0.0208276888992661,0.0,0.0052069502318222325
230_H1,0.0012291854826981944,0.0009129325300404613,0.7110026661766843,0.00016377805150114,0.17832714056023102
230_H3,0.0,6.351217068250567e-05,0.11231016895373216,4.654951055726997e-07,0.028093536654880062
231_H1,0.0,0.00021796758681379985,0.27149031730949835,1.6880861949175596e-05,0.06793129143956533
231_H2,0.0,0.0001251110460436744,0.02670146384668351,1.6134668046063894e-09,0.006706644126548497
231_H3,0.0,7.390466381444824e-05,0.19653431880534253,0.0,0.04915205586728925
231_SCT,0.0,4.550397987629632e-05,0.2766697233821581,0.0,0.0691788068405086
232_H1,0.0,0.0027660386989356678,0.03745429524612426,0.0,0.01005508348626498
232_H2,0.0,1.2651620497913457e-05,0.007258079991606716,0.0,0.0018176829030261573
237_H1,0.00019075951337624766,0.00420223889340407,0.06879684186520837,0.0,0.018297460067997172
237_H2,1.2210506146789389e-06,3.801416323937907e-05,0.17509311963452054,0.0,0.043783088712093646
237_SCT,8.384154757654788e-05,1.1352648053371529e-05,0.18271741282265702,0.0,0.045703151754571736
240_H3,0.0,1.2574905344107383e-05,0.061748658791848814,1.3279688459988392e-07,0.01544034162351938
244_H3,0.0,6.997092419902326e-07,0.1657638443946005,5.677649017599151e-09,0.04144113744537288
247_H3,8.533985934308584e-07,0.00025363094812820986,0.006690060718867402,1.668607637839159e-06,0.0017365534183067205
247_SCT,0.0,5.43104310914623e-05,0.43127277057613517,9.995006985263899e-05,0.10785675776926981
248_H1,0.0,3.156352136724903e-07,0.03398556699923442,0.0,0.008496470658612023
248_H3,0.0,0.0,0.06842108406045988,0.0,0.01710527101511497
249_H1,0.0,7.497620756551307e-05,0.010131287145500108,0.0,0.002551565838266405
250_H2,0.0,5.1719982899155435e-05,0.08233603271074598,0.0,0.020596938173411284
251_H1,0.0,1.9018799241455506e-07,0.11750517495595361,4.5941240387037396e-05,0.029387826596083265
251_H2,0.0,0.00034421868466741074,0.35420803639384413,0.0,0.08863806376962788
252_H1,0.0,0.0005881984994785339,0.12908122786231893,0.0,0.032417356590449364
252_H2,0.0005064733188624319,0.00046218542101830523,0.11849728130658216,0.0,0.029866485011615724
254_SCT,0.0,0.0008337686171318776,0.15858296333022806,7.873887319931328e-09,0.03985418495531182
255_H1,0.00010595528217562841,0.0006791632970485133,0.1999305019338658,6.61355727515911e-07,0.050179070467204365
255_H2,0.0,0.0013842308295578824,0.026782751987020948,2.092261638608761e-05,0.007046976358241229
255_H3,0.0,0.0,0.07546256279484677,0.0,0.018865640698711692
255_SCT,0.0,0.00028372332774158116,0.2889653212320672,0.0,0.07231226113995219
256_H1,0.0,0.00013902706537152217,0.18556643923656463,0.0,0.04642636657548404
256_H2,0.0001726043887309961,5.6464743053536925e-06,0.18237896282735716,0.0,0.04563930342259838
256_SCT,0.0,1.356292724726259e-07,0.19202616793306,0.0,0.04800657589058312
257_H1,0.0026895175637758726,0.001256141712408525,0.2080367714254184,0.0003762674459721893,0.05308967453689375
257_H2,0.0,0.0003121742605476426,0.1827914312399698,0.0,0.04577590137512936
257_SCT,0.003739453652454441,0.0004546378873593067,0.7574912984527824,0.0015615704469382763,0.1908117401098836
258_H1,0.0,0.0012879649919533877,0.16334585717485658,2.9664484827662818e-05,0.04116587166290941
258_H2,0.0,0.0005003024987958857,0.1675635688390763,6.659764767391607e-05,0.042032617246386524
258_H3,0.0,0.0,0.0864964502354269,0.0,0.021624112558856726
258_SCT,0.0,0.00025475768714010815,0.16163704661177453,0.0,0.04047295107472866
259_H1,1.811402868462959e-05,3.104829854307839e-05,0.03223689043779086,5.711693802368245e-07,0.008071655983599702
259_H2,0.0,0.0002642885722938763,0.11470575557974219,2.2539602184679097e-08,0.028742516672909564
259_H3,3.7160269146444007e-06,7.985534623503038e-06,0.05455613665246058,0.0,0.01364195955349968
259_SCT,0.0,5.634012193310919e-05,0.3264102806159581,2.0335972905627386e-08,0.08161666026846603
260_H1,0.0003723499211735369,0.0009202307880723622,0.5366504274344785,0.0005195377743802965,0.13461563647952618
260_H2,0.0009384652101359167,0.0003844432951848894,0.03737723720233808,0.0,0.00967503642691472
260_H3,0.00041368354671129107,0.00022616739930578653,0.3005047238581941,0.004208303987979889,0.07633821969804777
261_H2,0.0,0.0001776205803621275,0.11447212334073649,0.0005232838448137045,0.02879325694147808
262_H1,0.00014720286360795455,0.0020899763354746475,0.015241251480638254,8.840205737215001e-06,0.004371817721364518
262_H2,2.566242636031768e-06,0.00047831017119784504,0.18509485223735345,1.0762350939330645e-05,0.04639662275053166
262_H3,0.0,4.3975943014420797e-08,0.009917319698857075,0.0,0.0024793409187000223
262_SCT,0.0,4.167028867731137e-05,0.017165868883233158,0.0,0.004301884792977617
263_H1,0.0001278390873851633,0.0003093780426839808,0.3812977978033103,1.453278287044668e-06,0.09543411705291663
263_H3,0.0016564371407727949,0.0009396768308091478,0.46065432849014937,0.0,0.11581261061543283
264_H1,0.0,0.00033136573340221366,0.08225764580423167,2.4366442197276683e-10,0.020647252945324577
264_H2,0.0,3.147722510517016e-05,0.13048994497740435,0.0,0.03263035555062738
265_H1,0.0,0.00037363657449102024,0.0876633042549831,0.00013871333794668317,0.0220439135418552
265_H2,0.0,0.00040078524366059546,0.15514976000680616,4.6014304189156974e-07,0.038887751348377166
265_SCT,0.0,0.00010767439174010051,0.03550372284652619,0.0,0.008902849309566573
268_H1,0.0006423687839616312,0.0003493404698632841,0.3690484290445934,0.000238580527366139,0.09256967970644611
268_H2,0.0,0.00045998527874675007,0.00675364863918709,0.0,0.00180340847948346
268_H3,0.0002985636762504384,0.0003611643151685468,0.5749575287872103,0.0,0.14390431419465732
268_SCT,0.0,0.0002439484326867844,0.40454327489400826,0.0,0.10119680583167376
269_H2,0.0006496097215161865,0.00035997638670543864,0.061812225231524125,0.00014539291441906244,0.015741801063541203
269_H3,6.155629948202473e-05,3.9403003778475026e-05,0.0024112046612294576,4.5599744424862365e-08,0.0006280523910585956
270_H1,0.07727807466565519,0.062453786100265654,0.48859194970887526,0.08781611919403076,0.17903498241720672
270_H2,0.0,0.0001357038915522774,0.2533383791441054,0.00023610849166288972,0.06342754788183014
270_H3,0.00013527611534719302,9.679377727220525e-05,0.21876658519698214,0.0,0.054749663772400384
270_SCT,0.0,9.771117924583859e-05,1.0,0.0,0.25002442779481143
271_H1,0.0,0.0029283443770865753,0.14702163016228903,0.0,0.0374874936348439
271_H2,0.0,6.745278783292e-05,0.12401728171052766,0.0,0.031021183624590144
271_H3,0.0,1.9420415619257926e-05,0.14021432089521024,0.0,0.035058435327707374
272_H1,0.001814649461802133,0.0016468473062321745,0.08038040121301189,1.2417101515893592e-06,0.020960784922799448
272_H2,0.0,0.00036156063801089593,0.14746052993436456,0.0003164131485391408,0.03703462593022865
272_H3,0.0,1.72010739853698e-06,0.04416297243043402,0.0,0.011041173134458139
272_SCT,1.777836338765857e-05,0.0004439991860341707,0.008697944294895925,8.293739028886193e-09,0.0022899325345141957
273_H1,0.0,0.00014446479957710482,0.0957338206544713,3.121239933534525e-05,0.023977374463345937
273_H2,0.0,5.450947737166214e-05,0.015824507357276994,0.0,0.003969754208662164
273_H3,0.0,1.7828205471423993e-05,0.21061870333410362,2.5286208682473443e-08,0.05265913920644593
274_H1,0.01663659475220088,0.006670936591939358,0.2973833065063483,0.01943795569241047,0.08503219838572476
274_H2,0.0,0.00018209661473944313,0.02894351845209592,0.0,0.007281403766708841
275_H2,0.0012515239162902547,0.00041873184476810636,0.06377104839922491,1.8534539947268058e-07,0.016360372376420688
275_SCT,0.001885678625563874,0.00029257748791648567,0.6137771652600664,0.0,0.1539888553433867
276_H1,0.0,6.867832400929414e-05,0.1270212320390542,6.749341537215514e-06,0.03177416492615017
276_H2,5.970115303739105e-05,0.00014510811044353859,0.05486827071618355,0.0,0.01376826999491612
276_H3,0.0,7.002487302087025e-06,0.0424822272036242,0.0,0.010622307422731571
276_SCT,0.0,9.9767364967154e-05,0.1350362571190494,5.996479103487218e-06,0.03378550524078001
277_H1,0.0011225310023914006,0.000763802315901106,0.021221160530530962,0.0002536539686843753,0.005840286954376961
277_H3,0.0,5.897538510142114e-05,0.07294023685311493,0.0,0.01824980305955409
277_SCT,0.0,0.00014650438513497593,0.13933747558007195,6.386146367276524e-08,0.03487101095666765
278_H1,0.010928597808955817,0.05603710867655613,0.15780178316329538,0.026704272255301476,0.0628679404760272
278_H2,0.0,0.00018926282053892805,0.022534894815193857,0.00018394694779999554,0.005727026145883195
278_H3,0.003823813658797826,3.2327249382149416e-05,0.01862516589592358,2.9430662351614956e-09,0.005620327436792448
278_SCT,4.139237608284939e-05,5.942138288233847e-05,0.1933198648830183,0.0,0.04835516966049588
279_H1,0.0421678418799853,0.21157779377309427,0.004151634406154243,3.3212312700925395e-05,0.06448262059298368
279_H2,0.0,2.5996783699220285e-05,0.18412663537571222,0.0,0.04603815803985286
279_H3,0.0,1.1609257999293725e-05,0.030526513472805678,0.0,0.007634530682701243
279_SCT,0.0,3.112634983452051e-05,0.05374040302604145,1.294441664967394e-09,0.01344288266757941
280_H1,8.50037701130783e-05,0.0019770226684219694,0.10463677039358009,0.00018036393157672137,0.026719790190922965
280_H2,0.0006113691178528097,0.00022538716357477635,0.3020200609649757,1.5913361494312994e-05,0.0757181826519744
280_H3,0.0,6.0364887233333846e-05,0.050799046443870254,0.0,0.012714852832775897
280_SCT,0.0,6.881533943178131e-06,0.13029480926340298,0.0,0.03257542269933654
281_H1,7.382633181707782e-05,0.00025966038443141356,0.14032363188669789,2.0999581465730444e-05,0.03516952954610303
281_H2,0.00017808346239461475,0.00027164244848946974,0.16277893989827594,4.7275005954361404e-07,0.04080728463980489
281_SCT,4.5623395814655974e-05,0.0006945256648352759,0.32539711344420646,0.0,0.0815343156262141
282_H1,0.0008601408222574136,0.0003267340812197411,0.07105039947552684,4.601520686264848e-06,0.018060468974922566
282_H2,0.0,3.2694843848712012e-06,0.14948734027066352,0.0,0.037372652438762095
282_SCT,0.0,0.00015664245339243877,0.30237373508527987,0.0,0.07563259438466807
283_H1,2.3889041989760436e-06,5.1668272437502775e-05,0.017581948018157566,4.9104182835435495e-05,0.00442127734440737
283_H2,0.00043595380522131106,0.00016872802949728123,0.0943200811753385,6.961925578252703e-07,0.02373136480065373
283_H3,0.0,5.250986832965593e-06,0.0599118758893715,0.0,0.014979281719051118
283_SCT,0.0006897230876083692,8.045640776175074e-06,0.6234497885533867,0.0,0.15603688932044282
284_H1,0.0,1.7118420154892802e-05,0.15070650019626577,0.0,0.03768090465410517
284_H2,0.0,0.016528926288229367,0.20925876777403254,0.0,0.056446923515565475
284_H3,0.0,8.980189593710229e-08,0.00509853963048375,0.0,0.0012746573580949218
284_SCT,0.0,5.1440861054974145e-06,0.22907129238312574,0.0,0.05726910911730781
285_H1,2.4756620545932685e-05,0.015678980352802827,0.21171821735295543,4.359019294497557e-05,0.05686638612981229
285_H2,0.00013216259934149688,0.00028674971436120543,0.2879750145711079,4.140483360970393e-05,0.07210883292960509
285_H3,0.0,7.794221682415572e-05,0.035143641147314456,0.0,0.008805395841034652
285_SCT,1.0,1.0,0.2029959529932345,1.0,0.8007489882483086
286_H1,0.0,0.0005452563459558554,0.03801743284911178,0.00012259965296834707,0.009671322212008995
286_H2,0.0011134441273385443,0.0014675956398609601,0.00175154853065853,5.5703761048242484e-11,0.001083147088390449
286_H3,0.0,2.5558675679526e-05,0.044031222116731605,0.0,0.011014195198102783
286_SCT,4.506243915863016e-05,0.001015936839741618,0.22278630897259757,2.2129972421680577e-05,0.055967359555979874
287_H1,0.0,7.847739512168872e-05,0.1929537787574471,0.0,0.048258064038142194
287_H2,0.003819653997736024,0.00018672902294711373,0.21595530454462009,0.0,0.0549904218913258
288_H1,5.2473495433453286e-05,0.0007824108091063094,0.33012815875895934,0.0004666471213568002,0.08285742254621398
288_H3,0.0,0.00013186275693572155,0.4221703403464634,0.0,0.10557555077584978
288_SCT,0.0009412424624089166,0.00030386625397279074,0.2441285362150878,0.0,0.06134341123286737
289_H1,0.0,0.0004503372828598131,0.34169589059522165,5.850392335560173e-05,0.08555118295035927
289_H2,0.0,0.00020595260291594815,0.058688248197949475,8.244871423812583e-05,0.014744162378775887
289_H3,0.0,6.374697195342902e-07,0.04659780716974172,0.0,0.011649611159865313
289_SCT,0.0,1.4644582056464022e-06,0.1423037587122057,0.0,0.03557630579260284
290_H1,0.0,6.804960923608308e-07,0.0062811228949794665,0.0,0.0015704508477679569
290_H3,0.0,0.0,0.04240818382358377,0.0,0.010602045955895943
292_H1,0.0,0.00021485422545768754,0.04008648471940304,1.0457706594024785e-06,0.010075596178880033
292_H2,0.0,0.0023752468785967935,0.020931829351904834,0.0,0.005826769057625407
292_H3,0.0,2.661735298937993e-05,0.06883834344170556,0.0,0.017216240198673734
292_SCT,0.0,0.0002950385651202971,0.4405623227046243,0.0,0.11021434031743615
293_H1,0.0,4.30411498451387e-05,0.15398260827242102,0.0,0.03850641235556654
293_H2,0.0026491392067262694,5.0145606133583675e-05,0.1994014304262156,0.0,0.05052517880976887
293_H3,0.0,1.9193372180449145e-06,0.09982063803151486,0.0,0.024955639342183228
293_SCT,0.0,1.047524515178542e-05,0.45943266605364547,0.0,0.11486078532469932
294_H1,0.006202148524361971,0.0018374765348529234,0.15469804385938782,0.018770772963762283,0.04537711047059125
294_H2,0.0,2.0526629664531642e-05,0.006751533910572606,0.0,0.0016930151350592843
294_H3,0.0,5.526527127548266e-06,0.2630335379660521,0.0,0.06575976612329491
294_SCT,0.0,0.0,0.24726351608566416,0.0,0.06181587902141604
296_H2,1.1636376804119795e-08,0.0019847238208875167,0.1376362105838496,1.3495745179170626e-06,0.03490557390390796
297_H2,0.00011386220965042028,0.0024228377209113486,0.19781871430216225,0.00040699259261600673,0.050190601706335006
297_H3,7.674083819269612e-05,0.00024083580781356564,0.021781624438219765,1.730091128138156e-07,0.00552484352333471
297_SCT,0.0,4.53378782729948e-05,0.09910331188622355,0.0,0.024787162441124135
298_H2,2.9612269806711932e-05,0.0005163703084542844,0.03426117553789298,1.1905541214218829e-05,0.008704765914342048
298_H3,0.0,6.720275446575842e-05,0.09099847068808281,0.0,0.022766418360637142
298_SCT,0.0002802053644877861,0.0001491560629903457,0.16871934964702914,0.0,0.04228717776862682
299_H1,2.419362799386031e-05,0.0002676900750268541,0.06115886183503994,9.547801482767682e-07,0.015362925079552234
299_H2,0.0,0.00018069549850781668,0.042302163287214756,1.7227708667633124e-05,0.010625021623597552
299_SCT,0.0,3.075032097037355e-05,0.4877508477705568,0.0,0.12194539952288179
300_H1,0.003498783294906894,0.000639329328358591,0.01480431027232515,5.318297553458251e-05,0.004748901467781305
300_H2,3.789517256698538e-05,0.0003727815008040857,0.09612469722214757,2.5923974078523315e-08,0.02413384995487318
300_H3,0.0,8.229703950995842e-06,0.011050513446691421,0.0,0.0027646857876606045
300_SCT,0.0,4.534779724501902e-06,0.31987963756364474,0.0,0.07997104308584231
301_H1,0.0,4.305016647271538e-06,0.008103897683592003,0.0,0.0020270506750598187
301_H2,0.0,0.0,0.04539866055772054,0.0,0.011349665139430134
301_SCT,0.0,3.8014532877247764e-06,0.35688625402910173,0.0,0.08922251387059736
303_H1,8.527030826173375e-05,0.00021574912663853166,0.11263593830977142,2.242530717921909e-05,0.028239845762962727
303_H2,0.00010906911548942795,0.00027277345109509387,0.060813681016156675,4.560892534755112e-07,0.015298994917998668
303_H3,0.0,1.2014194647893482e-06,0.043380733199674795,0.0,0.010845483654784896
303_SCT,0.0,4.74158067724866e-05,0.5277242615348825,1.641468952584546e-05,0.1319470230077952
306_H1,0.0,1.2469189164951354e-05,0.007648965857878993,2.8443936095357003e-09,0.0019153594728593885
306_H2,0.0,2.4521459996551224e-05,0.026147115955262628,0.0,0.006542909353814795
306_H3,0.0,9.101614650481315e-07,0.06907491567769457,0.0,0.017268956459789903
306_SCT,0.0,1.1141158432922239e-05,0.5558006408988545,0.0,0.13895294551432186
307_H2,0.0,0.00016295626164974486,0.197479083300106,2.4251588115475897e-07,0.049410570519409225
310_H1,0.0,2.762258782694972e-06,0.1499908969582952,0.0,0.03749841480426948
310_H3,0.0,6.225966112508513e-05,0.10501750805317489,0.00045305484673008323,0.026383205640257514
311_H1,0.0,0.0,0.21927749147346168,0.0,0.05481937286836542
311_H3,0.0,0.00011037203333584866,0.19467252737898694,0.0,0.0486957248530807
313_H1,0.0,2.7632435288976432e-05,0.07433084736826841,0.0,0.018589619950889345
313_H2,0.0,1.2853628883679897e-06,0.12448586427592145,0.0,0.031121787409702454
313_H3,0.0,0.00014822802018088973,0.04166276025797894,0.0,0.010452747069539957
313_SCT,0.00013101881025629034,6.180245045630803e-07,0.19139983853747244,0.0,0.04788286884305833
314_H1,6.950285205486874e-06,8.548717115363059e-05,0.013436998544738765,3.06343999056935e-08,0.003382366658874447
314_H2,0.0,6.11676933986218e-05,0.2476952600240058,7.480928161385236e-06,0.06194097716139145
314_H3,1.1694600774130403e-06,0.00011606561879906621,0.05189075600286589,0.0,0.013001997770435593
314_SCT,0.0,3.102057237970145e-05,0.11233051276043174,0.0004071137518621981,0.02819216177116841
315_H1,0.0,0.0010639568121920558,0.11836607847596536,0.0,0.029857508822039355
315_H2,0.0,2.866462698391225e-07,0.17076406306725064,0.0,0.04269108742838012
315_H3,0.0,7.231892373457241e-08,0.045457627654347736,0.0,0.011364424993317867
315_SCT,0.0,4.006089832884357e-05,0.21958278847294382,0.0,0.054905712342818165
316_H1,0.0,0.00013838471057356645,0.1313513677702055,0.0,0.03287243812019477
316_H2,0.0,0.004599002471584099,0.08660187033600668,0.002509890589863062,0.02342769084936346
317_H1,0.00020343152592556567,0.0014482909506787545,0.19920888903961875,1.1793658671876983e-07,0.05021518236320245
317_H2,0.0,7.093785526468843e-05,0.13508721400703694,0.0,0.033789537965575406
317_H3,0.0,2.743795600936089e-05,0.01985697168613984,0.0,0.0049711024105373
317_SCT,0.0,3.6515072002017973e-05,0.5604817234145765,0.0,0.1401295596216446
318_H1,0.0,0.0001638755059619055,0.2824452411806318,6.744005531800212e-07,0.07065244777178672
318_H2,2.1526643136540524e-05,3.84167426821574e-05,0.011374607167417174,8.883047485142015e-06,0.0028608584001802535
318_SCT,0.0,0.00014707487882029856,0.4606750302131274,0.0005965175805613399,0.11535465566812726
319_H2,0.0,5.7894477015436786e-05,0.31933973545522065,5.507472167209926e-08,0.07984942125173944
320_H2,0.0,0.0010180593123627095,0.1038402235291702,0.0018188204849138856,0.0266692758316117
320_SCT,5.138168339017247e-05,1.7825204239874426e-06,0.3055589454509504,1.0559582506175502e-06,0.0764032914032538
321_H3,0.0,1.2861501427311481e-05,0.03883471751716329,0.0,0.00971189475464765
322_H1,0.0,4.343526399841893e-05,0.2246760674583267,0.0,0.056179875680581276
322_H2,3.648172872104305e-05,7.009308024526313e-05,0.276293735283642,0.0,0.06910007752315207
322_H3,0.0,8.430313809637094e-07,0.011854057492057682,0.0,0.0029637251308596616
322_SCT,0.0,8.064795805691387e-05,0.02105253410895244,0.0,0.005283295516752338
323_H1,0.0,0.0005388573213943873,0.5682257245161298,3.140459057249245e-07,0.14219122397085748
323_H2,8.685212896334411e-05,0.0003231927190690652,0.11681436474981324,1.5044551560094988e-07,0.029306140010840313
323_H3,0.0,4.951911975321077e-06,0.27805376106197005,0.0,0.06951467824348634
323_SCT,0.0,0.00174050435118066,0.2882727615069752,0.0,0.07250331646453896
324_H2,0.0,5.471057377501607e-05,0.05764247777336403,0.0,0.01442429708678476
324_H3,0.0,0.00029648522179945676,0.16718188881220877,1.1452105354692321e-05,0.04187245653484073
324_SCT,0.0,1.9207581242843513e-05,0.11422072066729773,1.0049802767753135e-06,0.028560233307204336
325_H1,0.0008969471261490937,0.0002399980148172482,0.309961323354383,5.639756636810489e-05,0.07778866651542936
325_H2,0.0,6.971143682324397e-05,0.3767896553772846,2.552583211468118e-08,0.09421484808498498
326_H1,0.0,7.30351627585279e-05,0.3376996122300415,3.1802731115249117e-08,0.08444316979888279
326_H2,1.0693768580411289e-05,7.433794496033123e-05,0.3128057899652867,9.342213225238538e-09,0.07822270775526016
327_H1,0.0,0.0005776310420244848,0.0010106837539637552,0.00016168822185136378,0.000437500754459901
327_H2,0.0,0.00047021987640505505,0.28458093923729705,1.3702125443160185e-06,0.0712631323315616
327_SCT,0.0,0.0006626209424537012,0.2022451065928265,1.3496571682480862e-06,0.05072726929811211
329_H1,4.4316639821555045e-05,0.0007944270640793447,0.19750001977496495,1.4093104709900217e-06,0.049585043197334214
329_H2,0.0,4.5925372750685364e-05,0.14853542111370233,9.264322642366096e-08,0.03714535978241986
329_H3,0.0,0.0004516880643631579,0.3147287086273647,1.526442247268278e-05,0.07879891527855012
331_H1,0.0,0.0003391256398768446,0.04079805448225672,7.345483027165756e-06,0.010286131401290182
331_H2,0.0,9.88256433023235e-05,0.05059683255331065,2.4061219683346735e-09,0.012673915150683735
331_H3,4.645468143558036e-05,0.00015864122425330676,0.06583336366499654,3.349349981363048e-06,0.016510452230166697
331_SCT,5.4463011782413665e-05,0.00022849462803423048,0.03685072732851027,3.034864732853748e-07,0.00928349711370005
332_H1,0.0005675788377735875,0.003113677339856746,0.13874785584059762,6.562813359778374e-05,0.03562368503795643
333_H1,7.870516611635694e-05,0.0001492072342925595,0.13683726772904883,2.863914232875686e-06,0.03426701101092266
333_H2,0.0027309615408114963,0.00010301882039077263,0.35210148443979533,3.838060365524143e-05,0.0887434613511632
333_H3,0.0,0.00016215220095286425,0.020346432653505154,7.186091011135431e-07,0.005127325865889783
333_SCT,1.1707077139715798e-08,9.152422220851632e-05,0.10193953537994578,1.015247471514158e-05,0.025510305945986644
334_H1,0.0,8.422652245684194e-05,0.11395398892982822,0.0006468537612818182,0.028671267303391722
334_H2,0.0,0.00020576986084997034,0.02413002474976651,9.39710207603639e-06,0.006086297928173129
334_H3,0.0,0.0003595895146467082,0.20405149444602028,4.7240813728421926e-05,0.05111458119359885
334_SCT,0.0,7.911655458788502e-05,0.34645598363653296,1.7653086104019167e-07,0.08663381918049547
335_H1,9.758297328975853e-06,3.0815858169261905e-05,0.1872910076631073,7.279350029421039e-07,0.04683307743840212
335_H2,0.0,9.676664719143825e-05,0.001419922432124764,1.6627542208880186e-05,0.00038332915538127064
336_H2,0.0001099351038516742,0.0028244070854365334,0.3169647980534975,1.833481110224966e-05,0.07997936876347199
336_H3,0.0,0.000255571149852672,0.27545518432649496,7.113776945288919e-08,0.06892770665352928
336_SCT,0.0,0.0007334750208558272,0.37457290037000984,0.0,0.09382659384771641
337_H1,0.0,4.628166593958029e-05,0.07057946658177834,8.96176879905397e-06,0.017658677504129243
337_H2,0.0005099180278147054,0.0008000197162905118,0.31053231027743516,0.000947184453252703,0.07819735811869827
337_H3,0.0,3.672193060352491e-06,0.1745220277297992,8.081296073214617e-06,0.04363344530473319
337_SCT,0.0,1.0892715649799324e-05,0.1446704523883791,2.7435714855528204e-07,0.03617040486529437
338_H3,2.6042908132315572e-05,8.254243491565355e-05,0.35797149990226385,2.415978815406561e-05,0.08952606125836647
339_H3,0.0,7.255889726917834e-06,0.29723741131086795,0.0,0.07431116680014872
339_SCT,0.001725774951829955,0.0003371229270348014,0.03157116287071065,0.0,0.008408515187393852
340_H2,0.0,1.3143016666225453e-05,0.17401122712908923,0.0,0.04350609253643886
340_H3,0.0,4.144299712586487e-06,0.15124980227329834,0.0,0.037813486643252736
340_SCT,0.0,0.00010581963456365318,0.09915760415117156,0.0,0.024815855946433804
341_H1,0.0,5.350706607670543e-05,0.19752002046952377,3.817015681306657e-08,0.04939339142643932
341_H2,0.0,7.085020369233249e-05,0.005369383481149589,2.599523096780132e-10,0.001360058486198558
342_H1,0.0,5.347072143897949e-05,0.05532813016906388,0.0,0.013845400222625714
342_H2,0.0,5.562788729176915e-05,0.13976430593413655,0.0021333240438252687,0.0354883144663134
342_H3,0.0,1.4848445668071904e-05,0.04545668818215921,7.140296929719625e-06,0.01136966923118925
343_H1,0.0,0.0016873236110295604,0.1443312097747452,5.238520316197537e-05,0.03651772964723418
343_H3,0.0,2.8116271988292118e-05,0.291136125426116,1.7567364920978434e-05,0.07279545226575632
343_SCT,0.0,0.0014444249211333,0.17489329574682363,0.00047560149687342346,0.04420333054120759
344_H1,0.0,0.00010950707260854168,0.2269257791543156,5.051853077020496e-05,0.05677145118942359
344_H2,0.00034615249636808055,5.64889287311466e-06,0.130583968348265,0.0,0.03273394243437655
344_H3,0.0,0.00016532763144751594,0.3336829348458749,1.025276397115249e-08,0.0834620681825216
345_H2,0.0,1.0127112620867354e-05,0.14390806710417836,0.004488359671086073,0.03710163847197132
345_H3,0.0,1.3874299264345963e-05,0.01156377449564286,1.5589439072982714e-08,0.00289441609608657
345_SCT,0.0,0.0001105987074149218,0.26101562376980764,0.0,0.06528155561930564
346_H1,0.0,0.00015705793781134637,0.38952206385175653,3.938871032005409e-06,0.09742076516514997
346_H3,0.0,4.381786748961428e-05,0.04189657782543015,4.185719444649294e-05,0.010495563221841565
346_SCT,0.0002522310816062084,2.8677959352088503e-05,0.22698645493191774,0.0,0.05681684099321901
348_H1,0.0,9.281846104319383e-05,0.0683087465043705,1.7287769878748804e-05,0.01710471318382311
348_H2,2.8269037891353795e-05,0.0002116574527556016,0.27792924723535983,2.0267623135339363e-09,0.06954229393819228
349_H1,0.0,1.9522964500933737e-05,0.02203827777176279,0.0,0.0055144501840659315
349_H2,0.0,4.702477200981846e-05,0.036802944260488614,0.0,0.009212492258124608
351_H1,0.0,6.144952104237438e-05,0.12752617922058146,1.012674874512065e-10,0.03189690721072283
351_H2,0.0,0.00026500996809877267,0.10939725502871678,0.0,0.02741556624920389
352_H1,0.012026672194169087,0.003139861516091359,0.02038653811902527,0.003059910610318184,0.009653245609900975
352_H2,0.0,0.0014211877274845585,0.14103790540928532,0.0,0.03561477328419247
352_H3,0.0,5.271441473242245e-05,0.19334913873469198,0.0,0.0483504632873561
352_SCT,0.0,0.00025234887425141763,0.07543703783880026,0.0,0.01892234667826292
53_H3,0.0,1.9713431730934467e-06,0.01960951971666558,0.0,0.0049028727649596685
24_SCT,0.0,8.568310847028226e-06,0.09295260130986709,0.0,0.02324029240517853
131_H3,0.0,2.514511374532958e-06,0.028428052344407262,0.0,0.007107641713945448
137_SCT,0.0,1.037888858869529e-06,0.041785786544798253,0.0,0.010446706108414281
141_H1,0.0,0.0,0.045622236979228806,0.0,0.011405559244807201
256_H3,0.0,0.0,0.045622236979228806,0.0,0.011405559244807201
141_H2,0.0,3.677854278513987e-07,0.022573654970709317,0.0,0.005643505689034292
141_SCT,0.0,3.677854278513987e-07,0.022573654970709317,0.0,0.005643505689034292
145_SCT,0.0,0.003420910005626095,0.04965501549325567,1.9745873942156322e-05,0.01327391784320598
170_H2,0.0,0.0,0.0013011672808796526,0.0,0.00032529182021991316
170_SCT,0.0,0.0,0.0013011672808796526,0.0,0.00032529182021991316
215_H3,0.0,0.0,0.0013011672808796526,0.0,0.00032529182021991316
174_H2,0.0,0.0,0.01700857338675681,0.0,0.004252143346689202
174_H3,0.0,0.0,0.01700857338675681,0.0,0.004252143346689202
174_SCT,0.0,0.0,0.01700857338675681,0.0,0.004252143346689202
175_SCT,0.0,0.0009406736962847034,0.23197408344632514,0.0,0.05822868928565246
177_H2,0.00024183785861067443,0.0007228794355665174,0.45477550139715317,0.001133160782046616,0.11421834486834424
177_H3,0.00024183785861067443,0.0007228794355665174,0.45477550139715317,0.001133160782046616,0.11421834486834424
180_SCT,5.6800217090176664e-05,0.0005593879677413423,0.28662387373805204,0.0,0.07181001548072088
29_H1,0.004006497679565833,0.022518639783076028,0.008473855920289937,0.04983549937605858,0.021208623189747595
29_H2,0.004006497679565833,0.022518639783076028,0.008473855920289937,0.04983549937605858,0.021208623189747595
29_SCT,0.004006497679565833,0.022518639783076028,0.008473855920289937,0.04983549937605858,0.021208623189747595
187_H1,0.0,2.8363322294011567e-06,0.07809946908466538,0.0,0.019525576354223695
187_SCT,0.0,2.8363322294011567e-06,0.07809946908466538,0.0,0.019525576354223695
191_H3,0.0,7.491537122616813e-06,0.0008091879540068916,0.0,0.00020416987278237708
240_H1,0.0,1.2574905344107383e-05,0.061748658791848814,1.3279688459988392e-07,0.01544034162351938
240_H2,0.0,1.2574905344107383e-05,0.061748658791848814,1.3279688459988392e-07,0.01544034162351938
240_SCT,0.0,1.2574905344107383e-05,0.061748658791848814,1.3279688459988392e-07,0.01544034162351938
36_H1,7.799395786976988e-05,0.00018965114123449013,0.33934950100253575,2.193630962210591e-06,0.08490483493315056
50_H3,0.0,5.09171099171612e-05,0.12926760583389113,0.0,0.032329630735952075
57_H2,0.0,4.322009957100766e-06,0.048220395916346324,0.0,0.012056179481575856
57_H3,0.0,4.322009957100766e-06,0.048220395916346324,0.0,0.012056179481575856
57_SCT,0.0,4.322009957100766e-06,0.048220395916346324,0.0,0.012056179481575856
214_H1,0.0,0.0,0.04363044425024364,0.0004119088698644191,0.011010588280027015
214_H2,0.0,0.0,0.04363044425024364,0.0004119088698644191,0.011010588280027015
214_H3,0.0,0.0,0.04363044425024364,0.0004119088698644191,0.011010588280027015
214_SCT,0.0,0.0,0.04363044425024364,0.0004119088698644191,0.011010588280027015
82_H3,4.119988101126695e-05,0.00024414045737182228,0.035276127825062495,4.462303877517115e-06,0.008891482616830775
127_H2,0.0,1.138224531111083e-06,0.05912869892060568,0.0,0.014782459286284199
127_SCT,0.0,5.1031047564740226e-08,0.04851004208261584,0.0,0.012127523278415852
