,feature,gbr,rf,BayesianRidge,xgb,mean,true_position,TMD,amino_acid
0,1_H1,0.0009537542713219,0.0002055847023899,0.5697298611147965,5.5116812291089445e-05,0.1427360792251998,1,CT/EC,M
1,1_H2,0.0,0.0003216249409312,0.2809791976281681,3.851583096547984e-05,0.0703348346000162,1,CT/EC,M
2,2_H3,0.0,4.418866832716645e-05,0.1023329515078578,8.601758963777684e-06,0.0255964354837871,2,CT/EC,N
3,2_SCT,1.1723847210503455e-05,3.914557550214728e-05,0.0212426215443063,0.0002809875004459,0.0053936196168662,2,CT/EC,N
4,3_H1,2.431671619962134e-07,0.000344844284955,0.4256641682757613,1.160724332294194e-05,0.1065052157428003,3,N-Termina,G
5,3_H2,0.0022917756277252,0.0016646431881347,0.6735878838168887,0.0003509484813548,0.1694738127785258,3,N-Termina,G
6,3_H3,0.0001026805338947,1.0471261142718552e-05,0.4199664631213156,1.3162515642761718e-05,0.1050231943579989,3,N-Termina,G
7,3_SCT,0.0,5.997258242563145e-05,0.3623000581278581,1.560294227154202e-09,0.0905900080676444,3,N-Termina,G
8,4_H2,0.0001168250648024,0.0001059885384299,0.0806314164698606,1.2705383412026094e-08,0.0202135606946191,4,N-Termina,T
9,4_H3,8.165560865422185e-05,0.000209458736041,0.1099327589482177,7.797258149366826e-05,0.0275754614686016,4,N-Termina,T
10,4_SCT,0.0,0.0012267857911196,0.2602651417388946,1.690200951998122e-05,0.0653772073848835,4,N-Termina,T
11,4_H1,0.0,0.0009908525377451,0.224351863967723,3.129447122773854e-06,0.0563364614881477,4,N-Termina,T
12,5_H3,0.0,9.672190467574537e-05,0.1616152274817211,2.213274910900509e-06,0.0404285406653269,5,N-Termina,E
13,5_SCT,0.0,0.0001640874366883,0.1155079071169075,2.266741375933634e-06,0.0289185653237429,5,N-Termina,E
14,5_H1,0.0008299662452594,0.001145370816328,0.4578525247628492,0.0005483811255544,0.1150940607374977,5,N-Termina,E
15,6_H2,0.0002951933227336,0.000202015945568,0.2395297468977058,0.0001834368740674,0.0600525982600187,6,N-Termina,G
16,6_SCT,0.0,0.0001669987637684,0.1363976538116386,4.269605142326327e-06,0.0341422305451373,6,N-Termina,G
17,6_H3,0.0,6.44578506226323e-06,0.2996102947731747,8.049281774447081e-08,0.0749042052627636,6,N-Termina,G
18,7_H3,0.0,0.0004460194081464,0.391359741001938,0.0065164184197783,0.0995805447074657,7,N-Termina,P
19,7_H1,0.0012086122122368,0.0018150938068179,0.2690166105618709,2.0092835256946277e-05,0.0680151023540456,7,N-Termina,P
20,7_SCT,0.0,0.0004041950846672,0.0488899383790273,1.1036520390916849e-06,0.0123238092789334,7,N-Termina,P
21,7_H2,0.0,0.0005094701655111,0.0390754377610651,2.7638558094622567e-05,0.0099031366211677,7,N-Termina,P
22,8_H2,0.0,0.0002449405883307,0.0121351681012345,0.0001497774501331,0.0031324715349246,8,N-Termina,N
23,8_H1,5.193749400508109e-05,0.0002989155866624,0.2009888227174111,2.113203663611785e-05,0.0503402019586786,8,N-Termina,N
24,8_SCT,2.676900282964917e-05,6.248363725986082e-05,0.1794412378365998,1.1294040008769102e-10,0.0448826226474074,8,N-Termina,N
25,9_SCT,0.0001089867038685,4.131518529796654e-06,0.0234320589858896,3.132816450701625e-09,0.0058862950852761,9,N-Termina,F
26,10_H1,0.0,5.517771614440209e-05,0.3638025185302423,0.0002311708667548,0.0910222167782854,10,N-Termina,Y
27,10_H3,0.0001687727707823,0.0002994138055017,0.1932297832814062,0.0,0.0484244924644225,10,N-Termina,Y
28,11_H1,0.0,7.972536521511222e-05,0.1015407234187814,9.679932190920226e-06,0.0254075321790468,11,N-Termina,V
29,11_H2,0.0001226973598709,0.0001232208231276,0.145754992735141,2.162526442361923e-07,0.0365002817926959,11,N-Termina,V
30,11_H3,0.0,4.515236300983061e-05,0.015266582007493,9.551471592816883e-12,0.0038279335950135,11,N-Termina,V
31,12_SCT,0.0,3.6422258998786574e-05,0.0990377534860276,3.4364725820523745e-07,0.0247686298480711,12,N-Termina,F
32,12_H2,0.0,0.0048471073715233,0.056691186129387,1.3297528312250506e-05,0.0153878977573056,12,N-Termina,F
33,12_H3,0.0,7.45985521537273e-05,0.0746719398482224,0.0,0.018686634600094,12,N-Termina,F
34,12_H1,0.0,0.0039947205176669,0.031411898473117,7.258879008986696e-07,0.0088518362196712,12,N-Termina,F
35,13_SCT,0.0,1.8414031276236646e-05,0.041798561836549,3.189659310010029e-06,0.0104550413817838,13,N-Termina,S
36,13_H3,0.0,9.880256988518651e-06,0.488045807801654,7.956254194141366e-06,0.1220159110782091,13,N-Termina,S
37,13_H1,0.0,0.0015985039074882,0.0403942672301549,7.335233476624126e-06,0.0105000265927799,13,N-Termina,S
38,13_H2,0.0,2.6765337656544152e-05,0.2073676074433512,8.937581128520833e-07,0.0518488166347801,13,N-Termina,S
39,14_H3,0.0,0.0,0.0753710638850448,0.0,0.0188427659712612,14,N-Termina,N
40,14_SCT,0.0,0.0,0.2736877549302296,0.0,0.0684219387325574,14,N-Termina,N
41,14_H2,0.000147445362738,0.0002104553781352,0.3946031233408865,0.0,0.0987402560204399,14,N-Termina,N
42,14_H1,0.0,2.9937428815453508e-05,0.1629415667324903,0.0003261440433561,0.0408244120511654,14,N-Termina,N
43,15_H1,0.0,0.0008282451324502,0.2533103457132247,7.777178325341083e-06,0.063536592006,15,N-Termina,K
44,15_H2,0.0,0.0001311397214566,0.3204415999305098,3.896596467711788e-08,0.0801431946544828,15,N-Termina,K
45,15_H3,0.0,6.782032622559344e-05,0.0689972353671702,3.2811246910569025e-06,0.0172670842045217,15,N-Termina,K
46,15_SCT,0.0,8.096722875602036e-05,0.1628491506325797,0.0,0.0407325294653339,15,N-Termina,K
47,16_H2,0.0,0.0001450442189969,0.0807062452272229,0.0,0.0202128223615549,16,N-Termina,T
48,16_H3,0.0,0.0,0.0735114224138209,0.0,0.0183778556034552,16,N-Termina,T
49,16_SCT,0.0,0.0,0.1685658383194133,0.0,0.0421414595798533,16,N-Termina,T
50,16_H1,0.0,5.840659899600595e-05,0.004391965345967,7.570508751086891e-05,0.0011315192581184,16,N-Termina,T
51,17_H1,0.0,0.0001752620631289,0.0641431482468489,2.931187736976426e-06,0.0160803353744287,17,N-Termina,G
52,18_H2,0.0,0.0002287155634372,0.1568791402213494,1.5358995142378262e-07,0.0392770023436845,18,N-Termina,V
53,18_H3,0.0,1.9713431730934467e-06,0.0196095197166655,0.0,0.0049028727649596,18,N-Termina,V
54,18_H1,0.0,0.0002109981424992,0.1202099345394754,8.502532182319555e-06,0.0301073588035392,18,N-Termina,V
55,19_H2,0.0,0.0040126358778126,0.251680663876629,0.0,0.0639233249386104,19,N-Termina,V
56,19_H3,0.0,4.4074380829399366e-05,0.014060904888868,0.0,0.0035262448174243,19,N-Termina,V
57,19_SCT,5.758489794209281e-06,7.705863456895098e-05,0.518385848537243,0.0,0.1296171664154015,19,N-Termina,V
58,19_H1,0.0,0.0094807995385409,0.1062636358820785,3.697888359965873e-06,0.0289370333272448,19,N-Termina,V
59,20_H1,0.0005777459147808,0.0819032350674299,0.2345072330782486,6.7325058807909954e-06,0.079248736641585,20,N-Termina,R
60,20_H3,0.0,0.0002708390246119,0.2130889139310743,5.1908064051531255e-06,0.0533412359405228,20,N-Termina,R
61,20_SCT,0.0,0.0002928387039748,0.2606053792915534,0.0,0.065224554498882,20,N-Termina,R
62,20_H2,0.0,0.0156909868033691,0.0641134076178633,0.0,0.0199510986053081,20,N-Termina,R
63,21_H1,0.0,0.0010066362759329,0.0335869064441849,0.0004383823252283,0.0087579812613365,21,N-Termina,S
64,21_H2,0.0,3.169095533327869e-05,0.3004856443028326,0.0,0.0751293338145414,21,N-Termina,S
65,21_H3,0.0,0.0012000835910156,0.1699556014307482,0.0,0.0427889212554409,21,N-Termina,S
66,22_H1,0.0002314539332416,0.0004249867452769,0.0537040374005976,0.0003487387730274,0.0136773042130358,22,N-Termina,P
67,22_H2,0.0,6.153898626880287e-06,0.0328178128239901,0.0,0.0082059916806542,22,N-Termina,P
68,22_SCT,0.0,2.975989903035996e-06,0.2129049651567016,0.0,0.0532269852866511,22,N-Termina,P
69,23_H3,0.0,0.000291734832252,0.2720727771858288,9.214276360580698e-06,0.0680934315736103,23,N-Termina,F
70,24_H1,0.0,0.0005521822583478,0.1173391175293557,3.6743176679010495e-06,0.0294737435263428,24,N-Termina,E
71,24_H2,0.0,8.568310847028226e-06,0.092952601309867,0.0,0.0232402924051785,24,N-Termina,E
72,24_H3,0.0,4.984955707479425e-06,0.0500560187485636,0.0,0.0125152509260677,24,N-Termina,E
73,24_SCT,0.0,8.568310847028226e-06,0.092952601309867,0.0,0.0232402924051785,24,N-Termina,E
74,25_SCT,0.0,0.0022366754956837,0.0080889309154854,0.0,0.0025814016027923,25,N-Termina,A
75,25_H2,0.0002397895546904,0.0105640093569474,0.0372745765474291,4.235033884469885e-06,0.0120206526232378,25,N-Termina,A
76,26_H2,0.0001322729783418,0.0005465910616631,0.0785210611840061,0.0015056044794619,0.0201763824258682,26,N-Termina,P
77,26_H3,0.0,1.070490074010371e-05,0.0552557546174046,0.0,0.0138166148795361,26,N-Termina,P
78,26_H1,0.0,2.9901471078984327e-05,0.0333038833047755,2.4864593228812737e-07,0.0083335083554466,26,N-Termina,P
79,27_H2,0.0,0.0001586778673659,0.2330802762372127,5.516231613000855e-05,0.0583235291051771,27,N-Termina,Q
80,27_H3,0.0,1.6862124968380576e-05,0.0329165439810955,0.0056508989073336,0.0096460762533493,27,N-Termina,Q
81,28_H1,3.0542404358446066e-05,0.0029100041462101,0.1258084859021469,2.439994023006875e-05,0.0321933580982364,28,N-Termina,Y
82,28_H3,7.904220836470275e-06,0.0001581989458858,0.1029437730460654,9.595157557384937e-09,0.0257774714519863,28,N-Termina,Y
83,28_H2,0.0001461641977839,0.0002875195829113,0.05018919998427,2.201896265319192e-08,0.0126557264459819,28,N-Termina,Y
84,28_SCT,0.0,8.327827370912737e-06,0.1444650873301912,9.089604069423273e-10,0.0361183540166306,28,N-Termina,Y
85,29_H3,0.0040064976795658,0.022518639783076,0.0084738559202899,0.0498354993760585,0.0212086231897475,29,N-Termina,Y
86,29_SCT,0.0040064976795658,0.022518639783076,0.0084738559202899,0.0498354993760585,0.0212086231897475,29,N-Termina,Y
87,29_H1,0.0040064976795658,0.022518639783076,0.0084738559202899,0.0498354993760585,0.0212086231897475,29,N-Termina,Y
88,29_H2,0.0040064976795658,0.022518639783076,0.0084738559202899,0.0498354993760585,0.0212086231897475,29,N-Termina,Y
89,31_SCT,0.0,0.0015298622856779,0.0789388368275507,0.0,0.0201171747783071,31,N-Termina,A
90,31_H2,0.0012912070426543,0.002577702256201,0.0205322763631453,3.539618944614631e-07,0.0061003849059737,31,N-Termina,A
91,32_H2,0.0001686708876412,0.0005839121299491,0.1606126472359411,0.0001166452420875,0.0403704688739047,32,N-Termina,E
92,32_H3,0.0,4.924767918397899e-05,0.100238543617397,1.6977519408101216e-05,0.0250761922039972,32,N-Termina,E
93,32_H1,4.337566720728917e-05,0.0004588143312928,0.0651898163136384,0.0001100786903407,0.0164505212506198,32,N-Termina,E
94,33_H1,0.0003727893316231,0.0003045860257721,0.154891858876829,1.1043141967093106e-05,0.0388950693440478,33,N-Termina,P
95,33_H3,0.0,2.43753568592597e-07,0.1291412816195014,0.0,0.0322853813432675,33,N-Termina,P
96,33_SCT,0.0,5.742956074020669e-06,0.3059460827060911,1.682700531091541e-05,0.076492163166869,33,N-Termina,P
97,33_H2,0.0,0.0003088002105817,0.2850827230257874,5.0574313625872955e-09,0.0713478820734501,33,N-Termina,P
98,34_H1,5.5215845034658695e-05,0.0001905584562908,0.2304595236724119,3.285802449681796e-05,0.0576845389995585,34,N-Termina,W
99,36_H3,7.799395786976988e-05,0.0001896511412344,0.3393495010025357,2.193630962210591e-06,0.0849048349331505,36,N-Termina,F
100,36_H1,7.799395786976988e-05,0.0001896511412344,0.3393495010025357,2.193630962210591e-06,0.0849048349331505,36,N-Termina,F
101,37_H2,1.1427433146884492e-06,0.0028145245078175,0.0284073515952618,4.793678817804903e-05,0.007817738908643,37,1,S
102,37_SCT,0.0001467834007691,0.0005811711538051,0.2962276707469849,3.860111874587346e-08,0.0742389159756694,37,1,S
103,37_H1,2.8424905328975508e-05,0.0009935993375576,0.3367746705821425,0.001114365295507,0.084727765030134,37,1,S
104,38_H3,0.0,1.2230476806814026e-05,0.0711937561520484,0.0,0.0178014966572138,38,1,M
105,38_H1,0.0003092122104276,0.003371942998588,0.3939033507297345,5.181867891224101e-05,0.0994090811544155,38,1,M
106,39_SCT,0.0,8.840588503341066e-07,0.2943774163756441,0.0,0.0735945751086236,39,1,L
107,39_H1,0.0,0.0001409673108261,0.2452920316553646,2.113288246619049e-06,0.0613587780636093,39,1,L
108,39_H2,0.000330693125776,0.0002075333232121,0.1486458478969202,0.0001121248133131,0.0373240497898053,39,1,L
109,39_H3,0.0,2.2543257444490416e-05,0.1334717794308285,0.0,0.0333735806720682,39,1,L
110,40_H2,0.0003821842505145,0.0010863522442513,0.1174843953365972,0.0033604027703404,0.0305783336504259,40,1,A
111,40_H1,0.0002939418067787,0.0002960516382813,0.2741717375489269,2.103628702343485e-07,0.0686904853392143,40,1,A
112,40_SCT,1.2002728569200389e-05,0.0003711781884378,0.2109865122760203,0.0003708986041601,0.0529351479492968,40,1,A
113,41_SCT,0.0,0.00010473201294,0.3153498595084597,1.239043558598496e-05,0.0788667454892464,41,1,A
114,41_H2,0.0036934887850384,0.0009847266641064,0.1963129546423401,9.393421350978317e-06,0.050250140878209,41,1,A
115,41_H1,0.001719375260596,0.0010276322336647,0.3097578973331107,2.3532138584414497e-05,0.0781321092414889,41,1,A
116,42_H3,0.0,0.0021145202698128,0.076097435911552,0.0,0.0195529890453412,42,1,Y
117,42_H2,0.0001483490624158,0.0006933362107932,0.0614269469524247,1.1385651102480132e-11,0.0155671580592548,42,1,Y
118,42_H1,4.579759725540318e-05,0.0163154656420252,0.0626580249333725,0.0016052805585786,0.0201561421828079,42,1,Y
119,43_H3,0.0,2.898002689635112e-07,0.0578414671862028,0.0,0.0144604392466179,43,1,M
120,43_SCT,0.0,6.326822987391245e-07,0.2055947965290596,0.0,0.0513988573028396,43,1,M
121,43_H2,0.0,0.0001484230999717,0.0557825088524684,1.818938386577429e-07,0.0139827784615696,43,1,M
122,43_H1,0.0012406294195286,0.0002101517571947,0.2182561138262228,0.0001492935407441,0.0549640471359225,43,1,M
123,44_SCT,0.0001174962391558,6.806332482924783e-05,0.2675766575213359,0.0,0.0669405542713302,44,1,F
124,44_H1,0.0,0.0005232615484844,0.2182596445948064,8.978414552984759e-05,0.0547181725722051,44,1,F
125,44_H2,0.0,0.000299451404656,0.3870473113703389,0.0025200741365551,0.0974667092278875,44,1,F
126,46_SCT,0.0,5.92566370084923e-05,0.2471570351122987,0.0,0.0618040729373268,46,1,L
127,47_SCT,0.0036959367444605,0.0002011966597268,0.7721520360392828,1.52267665143313e-09,0.1940122927415367,47,1,I
128,47_H3,0.0048485667034005,0.0002785654299244,0.1985384350052834,0.0016175003256648,0.0513207668660683,47,1,I
129,47_H2,0.0,0.0003538275304216,0.0615770072042394,0.0001015318048303,0.0155080916348728,47,1,I
130,48_H2,0.0002063259153793,0.0012057154203357,0.2517172110235069,7.979693327797577e-05,0.063302262323125,48,1,M
131,48_SCT,0.0,0.0003341062681926,0.2327674824569392,1.6404830603278242e-05,0.0582794983889337,48,1,M
132,50_H1,0.0,5.09171099171612e-05,0.1292676058338911,0.0,0.032329630735952,50,1,G
133,50_H2,2.776189400000805e-05,7.565852864122314e-05,0.0563895963411397,0.0,0.0141232541909452,50,1,G
134,50_H3,0.0,5.09171099171612e-05,0.1292676058338911,0.0,0.032329630735952,50,1,G
135,50_SCT,0.0,0.000228330572293,0.1522722394288229,0.0,0.0381251425002789,50,1,G
136,51_H2,0.0,0.0004699154583226,0.098867047184022,0.0001169364040833,0.024863474761607,51,1,F
137,51_H1,3.7268062920244e-07,0.0001570992236612,0.0945065001560465,1.256226187251741e-05,0.0236691335805523,51,1,F
138,51_H3,1.3139784947745248e-05,8.607684765382343e-06,0.0174055556436979,0.0,0.0043568257783527,51,1,F
139,51_SCT,0.0,6.575460593841539e-05,0.1207321913225573,0.0,0.0301994864821239,51,1,F
140,52_H2,0.0,0.0001373440680754,0.1038966120765793,1.5567537730021286e-06,0.0260088782246069,52,1,P
141,52_H1,0.0,0.000150571230941,0.065334093391859,8.100815307443554e-07,0.0163713686760827,52,1,P
142,52_SCT,0.0001299017324276,0.0001971842384693,0.0016225982546451,1.294667012485817e-10,0.0004874210887522,52,1,P
143,53_H2,0.0,0.0032611645659741,0.0120957708844822,6.164277266407225e-08,0.0038392492733072,53,1,I
144,53_H1,0.0,0.0001949214385595,0.0861314703940699,4.645636693112465e-07,0.0215817140990746,53,1,I
145,53_SCT,0.0,8.411864112941095e-05,0.0022766916006619,0.0,0.0005902025604478,53,1,I
146,53_H3,0.0,1.9713431730934467e-06,0.0196095197166655,0.0,0.0049028727649596,53,1,I
147,55_SCT,0.0,0.0001102670452653,0.1726128426756235,1.7615125216252636e-06,0.0431812178083526,55,1,F
148,56_H3,0.0,3.201852186018073e-07,0.0617962512272045,0.0,0.0154491428531057,56,1,L
149,56_H1,0.0001893932364992,0.0003242336099917,0.039496175023804,0.0001808452361728,0.0100476617766169,56,1,L
150,57_H2,0.0,4.322009957100766e-06,0.0482203959163463,0.0,0.0120561794815758,57,1,T
151,57_H3,0.0,4.322009957100766e-06,0.0482203959163463,0.0,0.0120561794815758,57,1,T
152,57_SCT,0.0,4.322009957100766e-06,0.0482203959163463,0.0,0.0120561794815758,57,1,T
153,57_H1,0.0,4.322009957100766e-06,0.0482203959163463,0.0,0.0120561794815758,57,1,T
154,58_H1,0.0,1.7467402504901646e-05,0.0421057108240181,6.165046943351626e-05,0.0105462071739891,58,1,L
155,59_H3,0.0,2.072935522492157e-05,0.173588400788448,0.0,0.0434022825359182,59,1,Y
156,59_H1,0.0,0.0005855868857511,0.2874415868958597,3.298134106444195e-05,0.0720150387806688,59,1,Y
157,59_SCT,0.0,1.1395165205873662e-05,0.0383968870136702,0.001289730076678,0.0099245030638885,59,1,Y
158,60_SCT,0.0,1.9083889367484742e-06,0.2227901645926756,0.0,0.055698018245403,60,1,V
159,63_H3,0.0,0.0009576468710429,0.0199545442792226,2.663321936324792e-07,0.0052281143706148,63,CT/EC,Q
160,64_H2,0.0,0.0087512355813608,0.0505784486626735,0.0083170086145401,0.0169116732146436,64,CT/EC,H
161,64_SCT,0.0016302123006349,0.0004312632834197,0.0096295960817619,0.0,0.0029227679164541,64,CT/EC,H
162,68_H1,0.0,4.620771975775917e-06,0.0535410774571261,1.8974509075064816e-08,0.0133864293009027,68,CT/EC,R
163,68_H3,0.0002368825533494,3.322163846164325e-05,0.1556416266027205,0.0001581056421855,0.0390174591091792,68,CT/EC,R
164,69_H2,0.0001305992654659,7.885588605106945e-05,0.0649587489367938,0.0,0.0162920510220777,69,CT/EC,T
165,69_H1,0.0,1.7362747261064083e-05,0.1125928796174093,7.84916835527838e-07,0.0281527568203764,69,CT/EC,T
166,69_H3,0.0,3.1933308907713293e-08,0.1687697817273416,0.0,0.0421924534151626,69,CT/EC,T
167,69_SCT,0.0,2.86791738445418e-06,0.4185756364320511,0.0,0.1046446260873589,69,CT/EC,T
168,70_H3,0.0,7.638621434159665e-05,0.0205030631930682,0.0,0.0051448623518524,70,CT/EC,P
169,70_H2,0.0,4.719725846995806e-05,0.0190739316897824,0.0,0.004780282237063,70,CT/EC,P
170,70_H1,0.0,7.3780690466078e-06,0.0526545516770828,1.7378786409949498e-08,0.0131654867812289,70,CT/EC,P
171,73_H2,0.0,5.166819402411314e-06,0.0752263656307181,0.0,0.0188078831125301,73,CT/EC,Y
172,73_H1,1.082162936505211e-06,6.697100848774606e-06,0.1799852348820607,1.4946317794528596e-10,0.0449982535738273,73,CT/EC,Y
173,74_H3,0.0,0.0,0.0436304442502436,0.0004119088698644,0.011010588280027,74,2,I
174,74_H2,0.0005219742474682,8.583737065281965e-05,0.1251262591292834,3.355234730406664e-05,0.0314419057736771,74,2,I
175,74_SCT,0.0,0.0,0.1314642438886843,0.0,0.032866060972171,74,2,I
176,76_H2,0.0,6.592575630013016e-06,0.0603796389745707,7.786081368976738e-06,0.0150985044078924,76,2,L
177,78_H1,0.0,5.581679073086857e-05,0.0575106305830086,5.986491373732861e-07,0.0143917615057192,78,2,L
178,78_H2,0.0,0.0001435582414424,0.0149592916211835,5.914879466217826e-07,0.0037758603376431,78,2,L
179,79_H3,0.0,7.868691504976988e-06,0.0605502989238173,0.0,0.0151395419038305,79,2,A
180,79_SCT,0.0,0.0002751138289578,0.0910546866300285,2.151280540374501e-07,0.0228325038967601,79,2,A
181,79_H1,0.0,6.864585977999899e-06,0.0737253305933197,7.450245220752549e-07,0.0184332350509549,79,2,A
182,79_H2,0.0,2.71828753712907e-05,0.1036955085079248,9.252622135136336e-07,0.0259309041613774,79,2,A
183,80_SCT,0.0,0.0002923491121896,0.2581961267393564,0.0,0.0646221189628865,80,2,V
184,80_H2,3.758384103445788e-06,0.0001288404236829,0.1842210141430281,3.135537190246396e-05,0.0460962420806792,80,2,V
185,80_H1,0.0002715796978668,0.0005151735592105,0.0679729985041186,1.2169408591944375e-06,0.0171902421755138,80,2,V
186,81_H2,0.0,0.0002576985673691,0.0158660295608832,1.4472741893811756e-09,0.0040309323938816,81,2,A
187,82_H3,4.119988101126695e-05,0.0002441404573718,0.0352761278250624,4.462303877517115e-06,0.0088914826168307,82,2,D
188,82_H2,0.0,5.090831548758232e-05,0.0116134572578538,0.0,0.0029160913933353,82,2,D
189,82_SCT,0.0005990435647011,0.000191126413438,0.5192032559303649,0.0003849699860438,0.130094598973637,82,2,D
190,82_H1,4.119988101126695e-05,0.0002441404573718,0.0352761278250624,4.462303877517115e-06,0.0088914826168307,82,2,D
191,83_SCT,0.0022727207191904,0.0037177730110812,0.4265853573910417,0.0,0.1081439627803283,83,2,L
192,83_H1,0.0,0.0007669362549344,0.0498031173656912,0.0002036598016275,0.0126934283555633,83,2,L
193,83_H2,0.0004563638042661,0.0007427804192296,0.2454454998712162,1.194435839124708e-08,0.0616611640097676,83,2,L
194,84_H2,0.000110846935443,0.0006625941477899,0.2060840730156942,1.6839405361679383e-05,0.0517185883760722,84,2,F
195,84_H1,4.348334923528082e-05,0.0072467565374716,0.2442580664078168,0.0005730375414714,0.0630303359589987,84,2,F
196,85_H3,0.0,0.0073809342166907,0.3284438166800295,0.0,0.08395618772418,85,2,M
197,85_H2,0.015352225509944,0.0182934545741156,0.3444980872671001,0.0001549443113617,0.0945746779156304,85,2,M
198,85_H1,0.0268451057110934,0.0313187007119163,0.8279136627153292,0.004738830961287,0.2227040750249065,85,2,M
199,85_SCT,0.0,0.0022051383831173,0.7968993601103461,3.809580812230706e-05,0.1997856485753964,85,2,M
200,86_SCT,0.0,0.0006736109065872,0.0024104248654642,6.552838827111884e-11,0.0007710089593949,86,2,V
201,86_H3,0.0,7.87607735694627e-06,0.0661935157003132,0.0,0.0165503479444175,86,2,V
202,87_H2,0.0,0.0003035511332347,0.3979072581928659,1.169779579868191e-06,0.0995529947764201,87,2,F
203,87_SCT,5.943843714204592e-05,0.0001778749524631,0.353840209435534,1.380182584398426e-05,0.0885228311627458,87,2,F
204,87_H3,0.0,0.0001791834656778,0.0193589423787994,0.0,0.0048845314611193,87,2,F
205,87_H1,0.000116250080861,0.000377117787561,0.2474256383556794,2.4621891498100013e-05,0.0619859070288999,87,2,F
206,88_H1,0.0,0.0007849656327066,0.41146945120666,1.739090635055618e-06,0.1030640389825004,88,2,G
207,89_H1,0.0187980437250685,0.0269530139011547,0.0097631361632022,0.0038365328218787,0.014837681652826,89,2,G
208,89_H3,0.0,0.0002825379915399,0.239717209338851,0.0,0.0599999368325977,89,2,G
209,89_H2,0.0050294210515202,0.0049496385949423,0.1887646699281409,0.2535294592380523,0.1130682972031639,89,2,G
210,90_SCT,0.0,6.8128855125261705e-06,0.0353876098448828,0.0,0.0088486056825988,90,2,F
211,90_H3,0.0,3.941623841553821e-05,0.0063366621929309,0.0,0.0015940196078366,90,2,F
212,90_H1,9.459979571356458e-05,0.0004207920025906,0.058986930003872,3.349863618495874e-05,0.0148839551095903,90,2,F
213,91_SCT,0.0,0.0013124088566923,0.2916698186577142,0.0,0.0732455568786016,91,2,T
214,91_H3,0.0,4.603947713117581e-06,0.1700877650584709,0.0,0.042523092251546,91,2,T
215,91_H2,0.0003848946942759,0.0011561860701148,0.2327935088737845,0.0,0.0585836474095438,91,2,T
216,91_H1,4.248293549280773e-05,5.833588324192898e-05,0.1930915774780363,2.3349835842623182e-08,0.0482981049116517,91,2,T
217,92_H3,0.0,0.0002735809627154,0.9208790490003128,0.0,0.2302881574907571,92,2,T
218,92_SCT,0.0,0.0018895962265156,0.0674572269567044,0.0056613492779433,0.0187520431152908,92,2,T
219,92_H1,0.0018251265354417,0.000515905907662,0.6307225402034328,0.0001795716816559,0.1583107860820481,92,2,T
220,92_H2,0.0001053324877921,6.584068418364598e-05,0.1773394035755612,0.0,0.0443776441868842,92,2,T
221,93_SCT,0.0217201026345992,0.0100904240001297,0.6808422242021676,8.821503456601931e-07,0.1781634082468105,93,2,T
222,93_H1,3.496637043769785e-05,0.0052033601818149,0.2039237482737194,0.0114192403852939,0.0551453288028165,93,2,T
223,93_H2,0.0330212541027186,0.0129148517947793,0.0628038976510485,0.0237504933029413,0.0331226242128719,93,2,T
224,93_H3,0.0,0.0002078394638732,0.2606064442129926,0.0,0.0652035709192164,93,2,T
225,94_H2,0.000637685333471,0.000304519109524,0.1068062787242774,1.1367370689185918e-07,0.0269371492102448,94,2,L
226,94_H1,0.0006672210776589,0.0036770278897861,0.0216742762532128,0.0001674580416874,0.0065464958155863,94,2,L
227,94_SCT,0.0,2.9450004749928845e-05,0.2086221283441443,0.0,0.0521628945872235,94,2,L
228,95_H1,0.0001131131615286,0.00094339647271,0.1835406686553992,2.0023141189540186e-07,0.0461493446302624,95,2,Y
229,95_H3,0.0,0.0010546243658124,0.1443568563469643,0.0,0.0363528701781941,95,2,Y
230,96_H1,0.0,0.0010112931815953,0.2771389811535465,0.0003290703753009,0.0696198361776107,96,CT/EC,T
231,96_H2,1.2021875874423035e-06,0.0004999886028023,0.2909516589159442,0.0,0.0728632124265835,96,CT/EC,T
232,96_SCT,0.0,0.0001206541401565,0.307491078140532,0.0,0.0769029330701721,96,CT/EC,T
233,96_H3,0.0,0.0003310107995108,0.1778296263455739,0.0,0.0445401592862712,96,CT/EC,T
234,97_H1,8.108532366455134e-05,0.0021259805184734,0.0571777512771828,0.0001305378827964,0.0148788387505293,97,CT/EC,S
235,98_SCT,0.0,0.0003553215828016,0.5170329253608172,3.787119453591004e-07,0.129347156413891,98,CT/EC,L
236,98_H1,0.0,0.0011840155742352,0.1477990718604146,0.0002362860250286,0.0373048433649196,98,CT/EC,L
237,98_H2,0.0,0.0008024495551757,0.1867542647823624,2.6769721443997696e-06,0.0468898478274206,98,CT/EC,L
238,98_H3,0.0,8.983371179985917e-05,0.3928805103505963,0.0,0.098242586015599,98,CT/EC,L
239,99_SCT,0.001030446410592,0.0006967570168008,0.190785390228014,8.446132682138342e-08,0.0481281695291834,99,CT/EC,H
240,99_H1,0.0010512581566082,0.0052044751841243,0.3293063552713758,4.605282811098732e-05,0.0839020353600548,99,CT/EC,H
241,99_H2,3.969493431215454e-05,0.0001698903541413,0.4740780325091946,3.841683337668656e-06,0.1185728648702464,99,CT/EC,H
242,99_H3,0.0,0.000626430447746,0.2269278613129997,2.741524440352805e-05,0.0568954267512873,99,CT/EC,H
243,100_H1,0.0019883301068561,0.0011015002251289,0.3244141352506022,0.0005350723513402,0.0820097594834818,100,CT/EC,G
244,101_H3,0.0,0.0001720010032355,0.2909681351584592,2.8585038307937797e-05,0.0727921803000006,101,CT/EC,Y
245,102_H2,0.0,0.0006489770578256,0.1450450870619118,0.0,0.0364235160299343,102,CT/EC,F
246,102_H1,0.0,5.995996797141918e-05,0.1119941172096278,1.5289403076934602e-09,0.0280135196766348,102,CT/EC,F
247,102_SCT,0.0,1.5381185654087464e-08,0.2151469453223873,0.0,0.0537867401758932,102,CT/EC,F
248,103_SCT,0.0,0.0006361865983218,0.5823317104375144,0.0,0.145741974258959,103,CT/EC,V
249,103_H1,0.0055756889225567,0.0087208614828006,0.4424128314229327,0.0002405394770903,0.1142374803263451,103,CT/EC,V
250,104_H1,0.0,0.0002400407152597,0.1101907903571519,2.395872797933407e-06,0.0276083067363023,104,CT/EC,F
251,105_SCT,0.0,0.0001304647875733,0.5280190325261712,0.0,0.1320373743284361,105,CT/EC,G
252,105_H3,0.0,5.0498639022760415e-06,4.673284306030969e-05,0.0,1.2945676740646434e-05,105,CT/EC,G
253,106_H2,0.0,3.465530681006825e-05,0.1588690119308706,1.5259880470352982e-08,0.0397259206243903,106,CT/EC,P
254,106_H1,0.0,3.831832273519514e-05,0.2606892051974613,3.7541740312008183e-06,0.0651828194235569,106,CT/EC,P
255,106_SCT,0.0,7.092397158016399e-05,0.2746673733827515,3.7261678187405784e-08,0.0686845836540024,106,CT/EC,P
256,107_SCT,0.0,9.193631711668626e-05,0.001564180673554,1.24425341141432e-07,0.0004140603540029,107,CT/EC,T
257,107_H3,0.0,0.0001751579950926,0.2234730320391634,1.5108788829820696e-05,0.0559158247057714,107,CT/EC,T
258,108_H3,0.0,0.0,0.1862125383062124,0.0,0.0465531345765531,108,CT/EC,G
259,108_H1,0.001595670703404,0.0005764748683776,0.031464245857398,3.772968284465605e-07,0.008409192181502,108,CT/EC,G
260,110_SCT,0.0002894250233487,0.0007471233440732,0.1327417242644372,0.0,0.0334445681579647,110,CT/EC,N
261,110_H2,0.0010545129468017,0.0014549381683988,0.1069830330681578,1.1553647709661163e-06,0.0273734098870323,110,CT/EC,N
262,110_H1,0.0,0.0008381185995376,0.1141572424959636,9.4663402705919e-05,0.0287725061245517,110,CT/EC,N
263,110_H3,0.0,6.370649929003456e-06,0.1074513302591222,0.0,0.0268644252272628,110,CT/EC,N
264,112_H3,0.0,6.413386652607686e-07,0.0593510966823531,0.0,0.0148379345052545,112,3,E
265,113_H3,0.0,8.814639691383839e-05,0.0217603637955177,0.0,0.0054621275481078,113,3,G
266,113_H2,0.0001797244164578,0.0001679624622996,0.0006417693738992,9.491391392657532e-05,0.0002710925416458,113,3,G
267,113_SCT,0.0,7.900413311434365e-05,0.0929914393937603,0.0,0.0232676108817186,113,3,G
268,114_SCT,1.5485709001527e-05,0.0003229571748515,0.0034401831053705,0.0,0.0009446564973058,114,3,F
269,114_H3,9.9977725743202e-05,0.0001315784548834,0.4213844645621791,0.0,0.1054040051857014,114,3,F
270,114_H2,3.7835705329089145e-07,0.0003200575941128,0.1779258467668976,7.671367541206564e-08,0.0445615898579347,114,3,F
271,114_H1,0.0008883006165242,0.0004124461123122,0.6607796313976424,0.0001450568233849,0.1655563587374659,114,3,F
272,115_H3,0.0023510962544815,0.0020730246179787,0.5784292010677646,0.0,0.1457133304850562,115,3,F
273,115_H1,0.0045260455837413,0.0093753202546999,0.6371689393643234,0.0006016856059432,0.1629179977021769,115,3,F
274,116_H2,6.035312708308306e-06,8.423967794642681e-06,0.062849497046703,0.0,0.0157159890818015,116,3,A
275,116_SCT,0.0,1.6128035670257948e-05,0.1957520767185607,0.0,0.0489420511885577,116,3,A
276,116_H1,0.0,0.0001478342576664,0.0356079207371825,0.0,0.0089389387487122,116,3,A
277,117_SCT,1.983105163783811e-05,5.001033142433389e-05,0.3466566969639548,8.0380734289065e-05,0.0867017297703265,117,3,T
278,117_H3,0.0,0.0006062051595646,0.2861650570302696,0.0,0.0716928155474585,117,3,T
279,117_H1,0.0020091519842195,0.0010613067369916,0.2157011802775313,1.448505099688191e-05,0.0546965310124348,117,3,T
280,118_H3,0.0,4.112825995421795e-05,0.003392022879297,0.0,0.0008582877848128,118,3,L
281,118_H1,0.0001223099081562,0.0019373105403372,0.2820533286881242,2.102944108628435e-06,0.0710287630201816,118,3,L
282,118_SCT,0.0,6.556226144947614e-05,0.2391531762366585,0.0,0.0598046846245269,118,3,L
283,119_H2,0.0,0.0015745965342213,0.0986278792508268,0.0,0.025050618946262,119,3,G
284,119_H3,0.0,5.717691074475096e-07,0.1274439486329501,0.0,0.0318611301005143,119,3,G
285,119_SCT,0.0,0.0012834068774669,0.5596907283326553,0.0,0.1402435338025305,119,3,G
286,119_H1,7.347126683631798e-05,0.0012987367586887,0.0650185737794335,0.0,0.0165976954512396,119,3,G
287,121_SCT,0.0025814005757617,0.0002498163990418,0.8513834304942306,0.0,0.2135536618672585,121,3,E
288,121_H3,0.0,1.6051798708585077e-07,0.0689527710736922,0.0,0.0172382328979198,121,3,E
289,121_H2,0.0007157344446022,0.0006646167744883,0.2471166203056783,9.847018372965977e-05,0.0621488604271246,121,3,E
290,121_H1,0.0001148067997157,0.0023199725488926,0.0330707361839744,1.2048248208884615e-05,0.0088793909451979,121,3,E
291,122_H2,0.0,0.0001302896951848,0.1543402234425646,0.0,0.0386176282844373,122,3,I
292,122_H1,0.0,0.000129433809831,0.1616641959494715,3.2030870897870045e-06,0.0404492082115981,122,3,I
293,122_H3,0.0,1.2709225916337035e-06,0.0558148349542821,0.0,0.0139540264692184,122,3,I
294,123_H3,0.0,8.365512032900641e-05,0.2034782882133896,0.0,0.0508904858334296,123,3,A
295,123_H1,0.0,0.0002106377539002,0.1588384697615995,0.0001106106501538,0.0397899295414134,123,3,A
296,123_H2,3.379262844072636e-05,0.0001012618989148,0.0676367475684649,2.084678811797858e-07,0.0169430026409254,123,3,A
297,124_H1,0.0,0.1619624137506549,0.1805024742908234,0.0,0.0856162220103695,124,3,L
298,124_SCT,0.0,5.334510121611422e-05,0.017337356906739,9.52433798495633e-10,0.0043476757400972,124,3,L
299,124_H2,0.0,0.0486098631686535,0.1520192170731407,0.0,0.0501572700604485,124,3,L
300,124_H3,0.0,1.1250372917062275e-05,0.1430726799701848,0.0,0.0357709825857754,124,3,L
301,125_H2,0.0,7.733195633820043e-05,0.0458574232476729,3.899631312309637e-11,0.0114836888107518,125,3,W
302,125_SCT,0.0,1.2106577371740484e-05,0.0746220487458354,0.0,0.0186585388308017,125,3,W
303,125_H3,0.0,0.0009054536957899,0.0959150915016238,0.0018973550759255,0.0246794750683348,125,3,W
304,127_SCT,0.0,5.103104756474023e-08,0.0485100420826158,0.0,0.0121275232784158,127,3,L
305,127_H3,0.0,5.103104756474023e-08,0.0485100420826158,0.0,0.0121275232784158,127,3,L
306,127_H2,0.0,1.138224531111083e-06,0.0591286989206056,0.0,0.0147824592862841,127,3,L
307,127_H1,0.0,1.138224531111083e-06,0.0591286989206056,0.0,0.0147824592862841,127,3,L
308,128_SCT,0.0,0.0003477217946107,0.0784278908883443,0.0,0.0196939031707387,128,3,V
309,128_H2,6.6991416918417725e-06,0.0002546928903117,0.0341396454779146,8.967725989350583e-06,0.0086025013089769,128,3,V
310,128_H3,0.0,4.388679115249014e-05,0.1206683966541099,0.0,0.0301780708613155,128,3,V
311,129_H2,0.0,0.0001591162273097,0.0299205202810454,0.0,0.0075199091270887,129,3,V
312,129_H1,0.0,1.4596147424483336e-05,0.0241447459264568,1.1880464626301546e-05,0.0060428056346269,129,3,V
313,129_SCT,0.0,2.3169537573764865e-05,0.0884282411790961,0.0,0.0221128526791674,129,3,V
314,130_H2,0.0,1.4838627150499157e-05,0.0130621023642153,0.0,0.0032692352478414,130,3,L
315,130_H1,0.0,0.0001412524141482,0.0048317297692265,0.0,0.0012432455458437,130,3,L
316,131_SCT,0.0,1.7210074390416147e-08,0.0540442642519179,0.0,0.013511070365498,131,3,A
317,131_H2,0.0,4.687237384170258e-06,0.006784754593186,0.0,0.0016973604576425,131,3,A
318,131_H1,0.0,2.514511374532958e-06,0.0284280523444072,0.0,0.0071076417139454,131,3,A
319,131_H3,0.0,2.514511374532958e-06,0.0284280523444072,0.0,0.0071076417139454,131,3,A
320,132_SCT,1.943434682429481e-06,0.0002004098015354,0.3235400994657983,0.0,0.080935613175504,132,3,I
321,132_H2,0.0019872570835779,0.0007561707494283,0.006391522794477,0.0002070992195513,0.0023355124617586,132,3,I
322,132_H3,9.11733091158691e-05,6.305519483576672e-06,0.095948617362441,0.0,0.0240115240477601,132,3,I
323,135_H1,0.0,2.581048508168369e-05,0.1244607077777638,0.0,0.0311216295657113,135,CT/EC,Y
324,135_H3,0.0,4.890684300158543e-05,0.0098389077964387,0.0,0.00247195365986,135,CT/EC,Y
325,135_SCT,0.0,0.0,0.2271351329927551,0.0,0.0567837832481887,135,CT/EC,Y
326,135_H2,0.0,2.2629897561629487e-06,0.2149697521938812,0.0,0.0537430037959093,135,CT/EC,Y
327,136_SCT,0.0,0.0002662794687663,0.2098136040871588,2.2727901978214504e-06,0.0525205390865307,136,CT/EC,V
328,137_H1,0.0,1.2154965068047586e-07,0.0164787592988822,2.260554937683068e-11,0.0041197202177846,137,CT/EC,V
329,137_H2,0.0,0.0001087738943188,0.042508118522814,0.0,0.0106542231042832,137,CT/EC,V
330,137_H3,0.0,1.037888858869529e-06,0.0417857865447982,0.0,0.0104467061084142,137,CT/EC,V
331,137_SCT,0.0,1.037888858869529e-06,0.0417857865447982,0.0,0.0104467061084142,137,CT/EC,V
332,138_H2,0.0,0.0001373156268926,0.0427473947129515,0.0,0.010721177584961,138,CT/EC,V
333,138_H1,0.0,4.034593429281803e-05,0.0741068238597625,2.2955489384912653e-06,0.0185373663357484,138,CT/EC,V
334,139_H1,0.0,3.874261802776943e-05,0.0363956856637085,0.0,0.009108607070434,139,CT/EC,C
335,139_H3,0.0,4.164279425932599e-07,0.0679096597095903,0.0,0.0169775190343832,139,CT/EC,C
336,139_H2,0.0,0.0,0.0267896251245668,0.0,0.0066974062811417,139,CT/EC,C
337,140_SCT,0.0,5.102621668908529e-06,0.3693055238525289,0.0,0.0923276566185494,140,CT/EC,K
338,140_H2,0.0,5.477220984551323e-06,0.0157841148591379,0.0,0.0039473980200306,140,CT/EC,K
339,140_H3,0.0,4.201743279717256e-06,0.3296503275683279,0.0,0.0824136323279019,140,CT/EC,K
340,141_H2,0.0,3.677854278513987e-07,0.0225736549707093,0.0,0.0056435056890342,141,CT/EC,P
341,141_H1,0.0,0.0,0.0456222369792288,0.0,0.0114055592448072,141,CT/EC,P
342,141_SCT,0.0,3.677854278513987e-07,0.0225736549707093,0.0,0.0056435056890342,141,CT/EC,P
343,141_H3,0.0,3.677854278513987e-07,0.0225736549707093,0.0,0.0056435056890342,141,CT/EC,P
344,142_SCT,0.0,7.7746201113453e-06,0.2309153318793388,0.0,0.0577307766248625,142,CT/EC,M
345,142_H2,0.0,2.3459994083535385e-05,0.0235999477434685,6.587177381334186e-07,0.0059060166138225,142,CT/EC,M
346,143_SCT,0.0,0.0010720935620679,0.712218389175934,0.0,0.1783226206845005,143,CT/EC,S
347,143_H2,0.0,0.0001656659565117,0.1331210729227956,1.9778302885242734e-05,0.0333266292955481,143,CT/EC,S
348,144_H1,0.0004421677040525,5.192264403941074e-05,0.0223133375246337,6.503719873762749e-08,0.0057018732274811,144,CT/EC,N
349,144_H3,0.0,1.3877650148436787e-06,0.2136439689476464,0.0,0.0534113391781653,144,CT/EC,N
350,144_SCT,0.0,0.0002661755679505,0.3572255892095867,0.0,0.0893729411943843,144,CT/EC,N
351,144_H2,0.0,2.774369571384343e-05,0.0998841182007242,0.0,0.0249779654741095,144,CT/EC,N
352,145_H1,0.0,7.253313824940855e-05,0.0988858606924382,1.0144973202841356e-05,0.0247421347009726,145,CT/EC,F
353,145_H2,0.0,0.003420910005626,0.0496550154932556,1.974587394215632e-05,0.0132739178432059,145,CT/EC,F
354,145_SCT,0.0,0.003420910005626,0.0496550154932556,1.974587394215632e-05,0.0132739178432059,145,CT/EC,F
355,146_SCT,0.0,3.7023216180946513e-07,0.4892237243204032,0.0,0.1223060236381412,146,CT/EC,R
356,146_H3,0.001294545611247,6.50462432568305e-06,0.1092185817068268,4.197052021481795e-06,0.0276309572486052,146,CT/EC,R
357,148_SCT,0.0,4.204489362018222e-05,0.1665578717280947,4.913395059702452e-06,0.0416512075041936,148,CT/EC,G
358,149_H3,0.0,0.0013176786837837,0.2523719676877551,5.679600690200459e-06,0.0634238314930572,149,CT/EC,E
359,149_H1,0.0007246956654126,0.0010207299191073,0.2676749072219561,4.338441794971004e-05,0.0673659293061064,149,CT/EC,E
360,150_H1,0.0,0.0005619714254005,0.0205374625831438,4.406779225973878e-06,0.0052759601969425,150,CT/EC,N
361,150_H2,9.527836961541306e-05,0.0003842888754428,0.380731148816856,7.804808774380945e-06,0.0953046302176721,150,CT/EC,N
362,151_SCT,0.0,0.0005250803925237,0.2445265798111316,0.0,0.0612629150509138,151,CT/EC,H
363,151_H2,0.0,4.2700419364312605e-05,0.2659668069631858,7.315504291227627e-08,0.0665023951343982,151,CT/EC,H
364,151_H3,0.0,9.455109752067408e-08,0.0172745825176716,0.0,0.0043186692671922,151,CT/EC,H
365,151_H1,0.0,0.0001275552402514,0.1373108329680798,0.0,0.0343595970520828,151,CT/EC,H
366,155_SCT,0.0,3.246845186362543e-05,0.1192677761857484,0.0,0.029825061159403,155,4,G
367,155_H2,0.0,1.2475640286232677e-06,0.2126561761006004,0.0,0.0531643559161572,155,4,G
368,155_H1,0.0,0.001262894814663,0.204715041966151,1.5792184058227576e-06,0.0514948789998049,155,4,G
369,155_H3,0.0,1.5420485316401427e-05,0.001693065691072,0.0,0.0004271215440971,155,4,G
370,156_H1,0.0,0.000567068875701,0.1585177776433506,0.0001782249746611,0.0398157678734281,156,4,V
371,156_SCT,0.0,2.1098828101396344e-05,0.3120765301333597,0.0,0.0780244072403652,156,4,V
372,156_H2,0.0,0.0001076619908744,0.0629438670597929,3.035666395589942e-06,0.0157636411792657,156,4,V
373,158_SCT,8.273972112839555e-05,0.0003311832333916,0.1655355495038983,1.7010312092224924e-07,0.0414874106403848,158,4,F
374,158_H1,0.0004588572454976,0.0009938124698678,0.0147700102778923,0.0001983360853046,0.0041052540196406,158,4,F
375,158_H2,0.0004701138438633,0.0005523443877807,0.1035496018714554,5.779917773907073e-05,0.0261574648202096,158,4,F
376,159_H2,0.0003931399121959,3.3639728924265654e-05,0.0660299885580883,0.0005131365032866,0.0167424761756237,159,4,T
377,161_H3,0.0,2.9788939844083377e-05,0.314555677040698,0.0,0.0786463664951355,161,4,V
378,161_H1,1.9673279240141223e-05,0.0014919890667213,0.4143950824509283,1.4846261365164535e-05,0.1039803977645637,161,4,V
379,161_SCT,0.0005948467188632,0.0001757688744042,0.5019429443615254,2.593595490907319e-05,0.1256848739774255,161,4,V
380,162_H1,0.0,0.0005527438259369,0.1412156495284605,3.595616135498858e-06,0.0354429972426332,162,4,M
381,162_H3,0.0,1.5452529802299807e-05,0.2397012870946339,0.0,0.059929184906109,162,4,M
382,163_H3,0.0011299289839017,0.0006723065500827,0.3368846866656641,0.0,0.0846717305499121,163,4,A
383,163_H1,8.517611212360507e-06,0.0008598308360055,0.2247193046229059,0.0003763014683499,0.0564909886346184,163,4,A
384,163_SCT,0.0,0.0001794447118421,0.1759884011739816,0.0,0.0440419614714559,163,4,A
385,164_H1,0.0001361100409638,0.0004478814738353,0.4059899402161066,4.487731712288223e-05,0.1016547022620071,164,4,L
386,164_H3,0.0,6.51808270665686e-05,0.392116648979379,0.0,0.0980454574516113,164,4,L
387,164_H2,0.0002124875350123,0.001575268122066,0.274478357357089,2.3380564016406424e-05,0.0690723733945459,164,4,L
388,165_H2,0.0006272232492217,0.0004539064766867,0.4072891282977462,1.4246608088797077e-06,0.1020929206711159,165,4,A
389,165_SCT,0.0,0.0003074132071872,0.3959790992879657,8.80286961546517e-07,0.0990718481955286,165,4,A
390,165_H1,0.0006993642672339,0.0048905283249978,0.1712540892631244,4.049871495226398e-05,0.0442211201425771,165,4,A
391,166_H2,0.0698176546772288,0.0342370809593123,0.0032007970867674,0.2596481442451477,0.091725919242114,166,4,C
392,166_H3,0.0276180166922978,0.0146133754767981,0.0098079148730795,0.0,0.0130098267605438,166,4,C
393,166_SCT,0.0,4.380690718920002e-06,0.0427496378446247,0.0,0.0106885046338359,166,4,C
394,166_H1,0.0,1.130705950040846e-06,0.0157332938935236,0.0,0.0039336061498684,166,4,C
395,167_SCT,7.926050673255323e-05,0.0010779875672561,0.2816048542630839,1.6732581116229994e-06,0.070690943898796,167,4,A
396,167_H2,0.0001232371840632,0.0001598772837167,0.018642502133862,2.769085085674305e-06,0.0047320964216819,167,4,A
397,168_H1,0.0,0.0009557943342816,0.4788727699669485,3.354970249347389e-05,0.1199655285009309,168,4,A
398,168_H2,0.0023249919921468,0.0009287905964721,0.5645314400916506,5.604703119388432e-07,0.1419464457876453,168,4,A
399,168_H3,0.0,2.983204513399909e-05,0.1429727805401853,0.0,0.0357506531463298,168,4,A
400,169_H3,0.0,4.7974038478311656e-06,0.0222371156971732,0.0,0.0055604782752552,169,4,P
401,169_H2,0.0,0.0001019187705052,0.0075546949373934,3.983938157148259e-08,0.00191416338682,169,4,P
402,170_SCT,0.0,0.0,0.0013011672808796,0.0,0.0003252918202199,170,4,P
403,170_H1,0.0,0.0,0.0013011672808796,0.0,0.0003252918202199,170,4,P
404,170_H2,0.0,0.0,0.0013011672808796,0.0,0.0003252918202199,170,4,P
405,171_SCT,0.0,1.2092898455887346e-05,0.0536473975448016,0.0,0.0134148726108143,171,4,L
406,171_H2,0.0,0.0001439748620554,0.091963766908516,2.0538593162200414e-05,0.0230320700909334,171,4,L
407,171_H1,0.0011685419660528,5.425825589555268e-05,0.1769662298457061,3.565785391401733e-07,0.0445473466615484,171,4,L
408,171_H3,0.0,1.8102740395287104e-06,0.0579794486173796,0.0,0.0144953147228548,171,4,L
409,172_H3,0.0,3.3967308437808896e-06,0.0464382107721017,0.0,0.0116104018757363,172,4,V
410,173_H1,0.0,0.000599805559283,0.0554032889345671,0.0,0.0140007736234625,173,4,G
411,173_SCT,0.0,0.0072984452063356,0.4358440067153125,0.0,0.110785612980412,173,4,G
412,173_H3,0.0,1.6187953419759188e-05,0.2287242447671034,0.0,0.0571851081801308,173,4,G
413,173_H2,0.0,0.0,0.1901468886061276,0.0,0.0475367221515319,173,4,G
414,174_H1,0.0,0.0,0.0170085733867568,0.0,0.0042521433466892,174,CT/EC,W
415,174_H3,0.0,0.0,0.0170085733867568,0.0,0.0042521433466892,174,CT/EC,W
416,174_H2,0.0,0.0,0.0170085733867568,0.0,0.0042521433466892,174,CT/EC,W
417,174_SCT,0.0,0.0,0.0170085733867568,0.0,0.0042521433466892,174,CT/EC,W
418,175_SCT,0.0,0.0009406736962847,0.2319740834463251,0.0,0.0582286892856524,175,CT/EC,S
419,175_H3,0.0,0.0009406736962847,0.2319740834463251,0.0,0.0582286892856524,175,CT/EC,S
420,175_H1,0.0,0.0028155744623048,0.1729633946786979,0.0,0.0439447422852506,175,CT/EC,S
421,175_H2,0.0,0.000474558491709,0.0748851551920451,0.0,0.0188399284209385,175,CT/EC,S
422,177_H3,0.0002418378586106,0.0007228794355665,0.4547755013971531,0.0011331607820466,0.1142183448683442,177,CT/EC,Y
423,177_H2,0.0002418378586106,0.0007228794355665,0.4547755013971531,0.0011331607820466,0.1142183448683442,177,CT/EC,Y
424,177_H1,0.0002418378586106,0.0007228794355665,0.4547755013971531,0.0011331607820466,0.1142183448683442,177,CT/EC,Y
425,178_H2,0.0004756982515952,0.0008803103174298,0.330731959957851,0.0,0.083021992131719,178,CT/EC,I
426,178_SCT,0.0,0.0,0.1197399387033743,0.0,0.0299349846758435,178,CT/EC,I
427,178_H1,0.0026627829422984,0.0036245484382992,0.4913081825833806,0.0002326924004592,0.1244570515911093,178,CT/EC,I
428,178_H3,0.0,2.997615355313178e-06,0.0331550411415268,0.0,0.0082895096892205,178,CT/EC,I
429,180_H1,0.0002666455142426,0.0011483291700787,0.3829204020806745,0.0029238814022392,0.0968148145418087,180,CT/EC,E
430,180_SCT,5.680021709017666e-05,0.0005593879677413,0.286623873738052,0.0,0.0718100154807208,180,CT/EC,E
431,180_H2,0.0001327202030377,0.0001298509185022,0.6093377723500938,0.0,0.1524000858679084,180,CT/EC,E
432,180_H3,5.680021709017666e-05,0.0005593879677413,0.286623873738052,0.0,0.0718100154807208,180,CT/EC,E
433,182_H3,0.0,1.2203818380378789e-06,0.0757545755071683,0.0,0.0189389489722515,182,CT/EC,M
434,182_H1,0.0,0.0006280986405634,0.2187669473105127,0.0001277180854231,0.0548806910091248,182,CT/EC,M
435,182_H2,0.0,0.0002219344090901,0.1766613212591864,0.0007447657408192,0.0444070053522739,182,CT/EC,M
436,182_SCT,0.0,9.20164599351884e-05,0.0608260026925469,0.0,0.0152295047881205,182,CT/EC,M
437,183_SCT,0.0,2.2227440788828946e-06,0.0869549851595692,0.0,0.021739301975912,183,CT/EC,Q
438,183_H3,0.0,0.0,0.0064426236474508,0.0,0.0016106559118627,183,CT/EC,Q
439,183_H1,3.2124868210542413e-07,1.6327971835885657e-07,0.0879251923892043,0.0,0.0219814192294012,183,CT/EC,Q
440,183_H2,0.0,0.0002129127586156,0.1057929188459729,0.0,0.0265014579011471,183,CT/EC,Q
441,184_H1,0.0,0.0001220968740002,0.0796320679523404,0.0002714354777708,0.0200064000760279,184,CT/EC,C
442,184_H2,6.160987881328661e-05,0.0001526714962468,0.031098651514181,0.0,0.0078282332223102,184,CT/EC,C
443,184_H3,0.0,6.006670821393096e-05,0.0698414994571932,0.0,0.0174753915413517,184,CT/EC,C
444,184_SCT,0.0001331359799431,0.0003666058291435,0.1130282749277414,0.0011949358740821,0.0286807381527275,184,CT/EC,C
445,185_H1,8.483719336369337e-05,0.0003502845817436,0.0546168189370368,0.0003034989058505,0.0138388599044987,185,CT/EC,S
446,185_H3,0.0001247774736441,0.0003390746339272,0.1902089927484436,0.0,0.0476682112140037,185,CT/EC,S
447,185_SCT,0.0,0.0003465714518946,0.2368279493402379,0.0,0.0592936301980331,185,CT/EC,S
448,187_SCT,0.0,2.8363322294011567e-06,0.0780994690846653,0.0,0.0195255763542236,187,CT/EC,G
449,187_H1,0.0,2.8363322294011567e-06,0.0780994690846653,0.0,0.0195255763542236,187,CT/EC,G
450,187_H3,0.0,2.8363322294011567e-06,0.0780994690846653,0.0,0.0195255763542236,187,CT/EC,G
451,188_H3,0.0,0.0,0.1447204702548872,0.0,0.0361801175637218,188,CT/EC,I
452,190_H3,0.0,6.084148983529179e-07,0.0456744189198762,0.0,0.0114187568336936,190,CT/EC,Y
453,190_SCT,0.0,0.0,0.3866419913929624,0.0,0.0966604978482406,190,CT/EC,Y
454,190_H2,2.43624290784172e-05,5.615851474429935e-06,0.1872163444677651,0.0,0.0468115806870794,190,CT/EC,Y
455,190_H1,0.0,1.5317564194973628e-06,0.0698551915963341,1.2883765521110038e-07,0.0174642130476022,190,CT/EC,Y
456,191_H3,0.0,7.491537122616813e-06,0.0008091879540068,0.0,0.0002041698727823,191,CT/EC,Y
457,191_H1,0.0,7.491537122616813e-06,0.0008091879540068,0.0,0.0002041698727823,191,CT/EC,Y
458,192_SCT,0.0,0.0003540410469153,0.2884093644964229,0.0,0.0721908513858345,192,CT/EC,T
459,192_H2,0.0036272950210054,0.0004340337347247,0.1229848396590868,0.0,0.0317615421037042,192,CT/EC,T
460,192_H1,0.0,0.0001852877031119,0.0156999963738606,0.0001987522264244,0.0040210090758492,192,CT/EC,T
461,193_H2,0.0,5.7189123177155065e-05,0.2477830627570612,4.322756126384776e-07,0.0619601710389627,193,CT/EC,P
462,193_SCT,0.0,2.6493104634878065e-05,0.1279145870651977,2.545140523579903e-05,0.0319916328937671,193,CT/EC,P
463,194_H1,0.000488966492193,0.0019015480481718,0.2879993801173903,5.219097829467501e-07,0.0725976041418845,194,CT/EC,H
464,194_SCT,0.0,4.603458228026286e-05,0.1051986989052539,6.103182840888621e-06,0.0263127091675937,194,CT/EC,H
465,194_H3,0.0,2.3513364558222423e-05,0.1027457581020429,9.2649615908158e-06,0.025694634107048,194,CT/EC,H
466,195_H3,0.0,5.3780791853907406e-05,0.069668230085659,0.0,0.0174305027193782,195,CT/EC,E
467,195_SCT,0.0,2.607584454109314e-05,0.2422262362844557,6.081717884853789e-08,0.0605630932365439,195,CT/EC,E
468,196_H3,0.0,1.5331268146500802e-05,0.0735719857198998,5.623558081424562e-06,0.0183982351365319,196,CT/EC,E
469,196_SCT,0.0,1.5009182951878868e-05,0.176922433809925,0.0,0.0442343607482192,196,CT/EC,E
470,196_H2,0.0,3.580274190751751e-05,0.0588855157076814,4.662709670810727e-06,0.0147314952898149,196,CT/EC,E
471,196_H1,0.0,7.86158217277841e-05,0.097864379572014,4.632472609955585e-07,0.0244858646602507,196,CT/EC,E
472,197_H1,0.0003266983286538,0.0012871330730267,0.3561959498428978,6.578590273420559e-06,0.0894540899587129,197,CT/EC,T
473,197_H2,0.0,0.0001241033315224,0.0696696678203742,3.911364387931826e-07,0.0174485405720838,197,CT/EC,T
474,197_SCT,0.0,4.946150061626715e-05,0.160696435423899,0.0,0.0401864742311288,197,CT/EC,T
475,197_H3,0.0,0.0003443934321003,0.1750564070159153,2.5826419005170465e-05,0.0438566567167552,197,CT/EC,T
476,198_SCT,0.0,6.88448537968337e-05,0.1940249079499866,1.8358088382797177e-08,0.0485234427904679,198,CT/EC,N
477,198_H2,0.0,0.0002567830115266,0.0238028860897744,0.0,0.0060149172753252,198,CT/EC,N
478,198_H3,0.0,0.1247976456486874,0.0826246559511264,3.3343516836481513e-10,0.0518555754833122,198,CT/EC,N
479,198_H1,0.0005620900892242,0.0460786631148755,0.1068701430039369,0.0001407571107847,0.0384129133297053,198,CT/EC,N
480,199_H3,0.0,3.5121421035274637e-06,0.1203570905362701,0.0,0.0300901506695934,199,CT/EC,N
481,199_H1,0.0029839411987541,0.0038162491905559,0.3686557985961995,0.0069842785596847,0.0956100668862986,199,CT/EC,N
482,200_H2,0.0003150935661563,0.0002096903793275,0.1592305553840656,4.1220371116423855e-08,0.0399388451374801,200,CT/EC,E
483,200_SCT,0.0,9.899065458629736e-05,0.3934722660571352,0.0,0.0983928141779303,200,CT/EC,E
484,201_H2,0.0002911594448509,4.1315594808313504e-05,0.0885768360871385,3.974485807134442e-08,0.0222273377179139,201,CT/EC,S
485,201_H3,0.0,0.0065640640735989,0.0883266031451987,0.0,0.0237226668046994,201,CT/EC,S
486,201_SCT,0.0,2.6888369217894184e-08,0.1966396853445678,0.0,0.0491599280582342,201,CT/EC,S
487,201_H1,0.0247245174284547,0.0071026738901613,0.1000341074819318,0.0170242339372634,0.0372213831844528,201,CT/EC,S
488,203_SCT,0.0,1.6339709993542883e-06,0.0819322755703777,0.0,0.0204834773853442,203,5,V
489,203_H1,0.0,7.739078858562844e-05,0.0661023054977481,4.562617661463264e-08,0.0165449354781275,203,5,V
490,203_H2,0.0,8.798933653018968e-06,0.0029749795087972,0.0,0.0007459446106125,203,5,V
491,203_H3,0.0,4.677050205952792e-07,0.0591075920065174,0.0,0.0147770149278845,203,5,V
492,204_H3,0.0,2.4942138208631515e-06,0.014072880999114,0.0,0.0035188438032337,204,5,I
493,204_SCT,0.0,1.9075604914816696e-05,0.0433424419718422,0.0,0.0108403793941892,204,5,I
494,204_H2,0.0077230706015447,0.0020003852260459,0.1384880520068576,0.0002125354367308,0.0371060108177947,204,5,I
495,204_H1,0.011605048370354,0.0019171275128992,0.1729055427139533,0.0004991954192519,0.0467317285041146,204,5,I
496,205_H3,0.0,7.84737027697587e-06,0.0905056759747694,0.0,0.0226283808362616,205,5,Y
497,205_H1,6.226085273677148e-05,0.0001156522817875,0.0489375068178648,3.8067957675025355e-09,0.0122788559397962,205,5,Y
498,205_SCT,0.0,0.0038905722571542,0.2785309100342165,0.0,0.0706053705728427,205,5,Y
499,205_H2,0.0,0.0002393065986583,0.1383400065326464,0.0,0.0346448282828261,205,5,Y
500,206_H2,0.0,0.0015393053511683,0.0109037558151914,2.60591295955237e-05,0.0031172800739888,206,5,M
501,206_H3,0.0,0.0,0.0456222369792288,0.0,0.0114055592448072,206,5,M
502,206_SCT,0.0,1.8430702323463528e-06,0.5727047330018202,0.0,0.1431766440180131,206,5,M
503,206_H1,0.0102552564025833,0.010659118667747,0.0921379154873819,1.346626322629163e-05,0.0282664392052346,206,5,M
504,207_SCT,0.0,0.0070443944635478,0.0681267746923493,0.0,0.0187927922889743,207,5,F
505,207_H1,0.0497383094011666,0.0533706925749587,0.209593189047753,0.1545318961143493,0.1168085217845569,207,5,F
506,207_H3,0.0,0.0,0.0427155496866007,0.0,0.0106788874216501,207,5,F
507,207_H2,0.0443380481119709,0.0194459137574554,0.1550849086110156,0.0,0.0547172176201105,207,5,F
508,208_H1,0.0041076567396886,0.00329501657928,0.1510745641161389,0.0002997533301822,0.0396942476913224,208,5,V
509,209_H1,0.0001764361712404,2.8052079723982117e-05,0.2960648496627162,2.802515382427373e-06,0.0740680351072657,209,5,V
510,209_SCT,0.0,0.0004655220550479,0.5786064032785334,3.87046929972712e-06,0.1447689489507203,209,5,V
511,209_H3,0.0,2.771805215572162e-07,0.1883122702899271,0.0,0.0470781368676121,209,5,V
512,209_H2,0.0,2.0732535438655525e-05,0.1453610398860595,3.87072577723302e-06,0.0363464107868188,209,5,V
513,210_H3,0.0,0.0040579807175559,0.0160694752975768,0.0,0.0050318640037832,210,5,H
514,210_SCT,0.0365598199636079,0.008079404946494,0.2012152268123869,0.0200268737971782,0.0664703313799168,210,5,H
515,210_H1,0.0,0.000327355295423,0.1584687541043778,0.0025719688273966,0.0403420195567993,210,5,H
516,211_H2,0.0,9.527441123413332e-07,0.0318580128777825,0.0,0.0079647414054737,211,5,F
517,211_SCT,0.0,0.0001122896524294,0.0359346373053761,0.0,0.0090117317394513,211,5,F
518,211_H1,0.0,6.204347102773796e-07,0.1774849982656414,0.0,0.0443714046750879,211,5,F
519,212_H2,0.0135993827146573,0.0078963263744431,0.650932730465524,0.0004266467003617,0.1682137715637465,212,5,I
520,212_H3,0.0,0.0001469942342166,0.1221708258331268,1.7930044123204425e-05,0.0305839375278666,212,5,I
521,213_H1,0.0004125079573058,0.0009499412741005,0.2742980518625129,0.0001805464999051,0.0689602618984561,213,5,I
522,213_H2,0.0004091189683688,0.0005184061932436,0.2521882007396228,0.0002899579412769,0.063351420960628,213,5,I
523,214_SCT,0.0,0.0,0.0436304442502436,0.0004119088698644,0.011010588280027,214,5,P
524,214_H3,0.0,0.0,0.0436304442502436,0.0004119088698644,0.011010588280027,214,5,P
525,214_H2,0.0,0.0,0.0436304442502436,0.0004119088698644,0.011010588280027,214,5,P
526,214_H1,0.0,0.0,0.0436304442502436,0.0004119088698644,0.011010588280027,214,5,P
527,215_H3,0.0,0.0,0.0013011672808796,0.0,0.0003252918202199,215,5,L
528,215_H1,0.0,0.0007864218741774,0.1411468505706989,1.609276296221651e-05,0.0354873413019596,215,5,L
529,216_SCT,0.0013665941163293,0.0009849228044503,0.2192363616859951,0.0001233187649631,0.0554277993429345,216,5,I
530,216_H2,0.0014944378069184,0.0027937322616269,0.2843645461341451,5.0511007430031896e-05,0.0721758068025301,216,5,I
531,216_H3,0.0017734276178613,0.0036080999313009,0.3527762964355603,0.0,0.0895394559961806,216,5,I
532,216_H1,0.0023822042902763,0.0030009060442184,0.2686887455464534,0.0002798765490297,0.0685879331074944,216,5,I
533,217_H1,0.0,0.0002568733169928,0.1417528097516668,3.0413602871703915e-06,0.0355031811072367,217,5,V
534,219_SCT,0.0,1.591664553687363e-05,0.0828225998441952,8.111196621030103e-06,0.0207116569215882,219,5,F
535,219_H2,2.2438207027464475e-05,0.0002856223438505,0.2012384779333311,1.928156507347012e-06,0.0503871166601791,219,5,F
536,219_H1,0.0,0.0002475486793587,0.1763322947210574,1.705030740595248e-06,0.0441453871077891,219,5,F
537,220_SCT,0.0,1.3942458524438207e-05,0.2591979163505068,0.0,0.0648029647022578,220,5,F
538,220_H2,0.0,2.4947921704743548e-05,0.1176420595722144,3.4997744702280893e-09,0.0294167527484234,220,5,F
539,221_H1,0.0,3.9565495461644936e-05,0.0409428205991388,0.0,0.0102455965236501,221,5,C
540,221_H2,0.0,8.562657564369142e-05,0.0320751334608356,0.0,0.0080401900091198,221,5,C
541,221_SCT,0.0,0.0002122747510006,0.3322042166812482,0.0,0.0831041228580622,221,5,C
542,221_H3,0.0,4.209893770404437e-06,0.0438953954338961,0.0,0.0109749013319166,221,5,C
543,223_SCT,0.0,1.4645265934396e-05,0.6508332193412366,0.0,0.1627119661517927,223,5,G
544,223_H3,0.000103482172317,0.0002358945563673,0.3809958457413272,0.0,0.0953338056175028,223,5,G
545,223_H2,0.0094068366545236,0.0317840623351374,0.3264919263330425,0.0017972795758396,0.0923700262246358,223,5,G
546,223_H1,0.0043961649918872,0.0153423200772972,0.2048886090502771,9.185778360176757e-09,0.05615677582631,223,5,G
547,224_H3,0.0,3.317597730951757e-06,0.1265952747711707,1.950436701037006e-09,0.0316496485798346,224,5,Q
548,225_H2,0.0,9.1080888328423e-07,0.0028604409723722,0.0,0.0007153379453138,225,CT/EC,L
549,226_H3,0.0,0.0,0.0049240912245818,0.0,0.0012310228061454,226,CT/EC,V
550,226_SCT,0.0,4.3686205645120905e-07,0.1969206981066396,0.0,0.049230283742174,226,CT/EC,V
551,226_H1,0.0,4.552604839731609e-06,0.0488548542722138,2.2509635044798412e-08,0.0122148573466721,226,CT/EC,V
552,226_H2,0.0,4.868847597409829e-06,0.1097147794417312,5.269170651445165e-05,0.0274430849989607,226,CT/EC,V
553,227_H2,0.0006244533233198,0.0041161534678098,0.2396658561893221,2.426568812552432e-07,0.0611016764093332,227,CT/EC,F
554,227_H3,0.0,1.1789032523172217e-05,0.2380664078169232,0.0,0.0595195492123615,227,CT/EC,F
555,227_SCT,0.0,0.0023482229481764,0.7339472091410575,1.8695896220055627e-10,0.1840738580690482,227,CT/EC,F
556,227_H1,0.0,0.0004781965066084,0.2325708995305377,2.334930468350649e-05,0.0582681113354574,227,CT/EC,F
557,228_SCT,0.0,1.0365365641543044e-05,0.4063227603119367,0.0,0.1015832814193945,228,CT/EC,T
558,229_H1,0.0,2.623189568087031e-07,0.0233777784410616,0.0,0.0058445101900046,229,CT/EC,V
559,229_H2,0.0,1.120280228307395e-07,0.0208276888992661,0.0,0.0052069502318222,229,CT/EC,V
560,230_H1,0.0012291854826981,0.0009129325300404,0.7110026661766843,0.0001637780515011,0.178327140560231,230,CT/EC,K
561,230_H3,0.0,6.351217068250567e-05,0.1123101689537321,4.654951055726997e-07,0.02809353665488,230,CT/EC,K
562,231_H2,0.0,0.0001251110460436,0.0267014638466835,1.6134668046063892e-09,0.0067066441265484,231,CT/EC,E
563,231_H1,0.0,0.0002179675868137,0.2714903173094983,1.6880861949175596e-05,0.0679312914395653,231,CT/EC,E
564,231_H3,0.0,7.390466381444824e-05,0.1965343188053425,0.0,0.0491520558672892,231,CT/EC,E
565,231_SCT,0.0,4.550397987629632e-05,0.2766697233821581,0.0,0.0691788068405086,231,CT/EC,E
566,232_H1,0.0,0.0027660386989356,0.0374542952461242,0.0,0.0100550834862649,232,CT/EC,A
567,232_H2,0.0,1.2651620497913457e-05,0.0072580799916067,0.0,0.0018176829030261,232,CT/EC,A
568,237_H1,0.0001907595133762,0.004202238893404,0.0687968418652083,0.0,0.0182974600679971,237,CT/EC,Q
569,237_SCT,8.384154757654788e-05,1.1352648053371527e-05,0.182717412822657,0.0,0.0457031517545717,237,CT/EC,Q
570,237_H2,1.2210506146789389e-06,3.801416323937907e-05,0.1750931196345205,0.0,0.0437830887120936,237,CT/EC,Q
571,240_H3,0.0,1.2574905344107385e-05,0.0617486587918488,1.3279688459988392e-07,0.0154403416235193,240,CT/EC,A
572,240_H1,0.0,1.2574905344107385e-05,0.0617486587918488,1.3279688459988392e-07,0.0154403416235193,240,CT/EC,A
573,240_H2,0.0,1.2574905344107385e-05,0.0617486587918488,1.3279688459988392e-07,0.0154403416235193,240,CT/EC,A
574,240_SCT,0.0,1.2574905344107385e-05,0.0617486587918488,1.3279688459988392e-07,0.0154403416235193,240,CT/EC,A
575,244_H3,0.0,6.997092419902326e-07,0.1657638443946005,5.677649017599151e-09,0.0414411374453728,244,CT/EC,K
576,247_SCT,0.0,5.43104310914623e-05,0.4312727705761351,9.9950069852639e-05,0.1078567577692698,247,CT/EC,K
577,247_H3,8.533985934308584e-07,0.0002536309481282,0.0066900607188674,1.668607637839159e-06,0.0017365534183067,247,CT/EC,K
578,248_H3,0.0,0.0,0.0684210840604598,0.0,0.0171052710151149,248,CT/EC,E
579,248_H1,0.0,3.156352136724903e-07,0.0339855669992344,0.0,0.008496470658612,248,CT/EC,E
580,249_H1,0.0,7.497620756551307e-05,0.0101312871455001,0.0,0.0025515658382664,249,CT/EC,V
581,250_H2,0.0,5.171998289915544e-05,0.0823360327107459,0.0,0.0205969381734112,250,CT/EC,T
582,251_H2,0.0,0.0003442186846674,0.3542080363938441,0.0,0.0886380637696278,251,CT/EC,R
583,251_H1,0.0,1.9018799241455506e-07,0.1175051749559536,4.59412403870374e-05,0.0293878265960832,251,CT/EC,R
584,252_H2,0.0005064733188624,0.0004621854210183,0.1184972813065821,0.0,0.0298664850116157,252,CT/EC,M
585,252_H1,0.0,0.0005881984994785,0.1290812278623189,0.0,0.0324173565904493,252,CT/EC,M
586,254_SCT,0.0,0.0008337686171318,0.158582963330228,7.873887319931328e-09,0.0398541849553118,254,6,I
587,255_H2,0.0,0.0013842308295578,0.0267827519870209,2.092261638608761e-05,0.0070469763582412,255,6,I
588,255_H1,0.0001059552821756,0.0006791632970485,0.1999305019338658,6.61355727515911e-07,0.0501790704672043,255,6,I
589,255_SCT,0.0,0.0002837233277415,0.2889653212320672,0.0,0.0723122611399521,255,6,I
590,255_H3,0.0,0.0,0.0754625627948467,0.0,0.0188656406987116,255,6,I
591,256_H1,0.0,0.0001390270653715,0.1855664392365646,0.0,0.046426366575484,256,6,M
592,256_SCT,0.0,1.356292724726259e-07,0.19202616793306,0.0,0.0480065758905831,256,6,M
593,256_H3,0.0,0.0,0.0456222369792288,0.0,0.0114055592448072,256,6,M
594,256_H2,0.0001726043887309,5.6464743053536925e-06,0.1823789628273571,0.0,0.0456393034225983,256,6,M
595,257_H1,0.0026895175637758,0.0012561417124085,0.2080367714254184,0.0003762674459721,0.0530896745368937,257,6,V
596,257_H2,0.0,0.0003121742605476,0.1827914312399698,0.0,0.0457759013751293,257,6,V
597,257_SCT,0.0037394536524544,0.0004546378873593,0.7574912984527824,0.0015615704469382,0.1908117401098836,257,6,V
598,258_H2,0.0,0.0005003024987958,0.1675635688390763,6.659764767391607e-05,0.0420326172463865,258,6,I
599,258_H1,0.0,0.0012879649919533,0.1633458571748565,2.9664484827662815e-05,0.0411658716629094,258,6,I
600,258_H3,0.0,0.0,0.0864964502354269,0.0,0.0216241125588567,258,6,I
601,258_SCT,0.0,0.0002547576871401,0.1616370466117745,0.0,0.0404729510747286,258,6,I
602,259_H3,3.7160269146444007e-06,7.985534623503038e-06,0.0545561366524605,0.0,0.0136419595534996,259,6,A
603,259_H2,0.0,0.0002642885722938,0.1147057555797421,2.2539602184679097e-08,0.0287425166729095,259,6,A
604,259_H1,1.811402868462959e-05,3.104829854307839e-05,0.0322368904377908,5.711693802368245e-07,0.0080716559835997,259,6,A
605,259_SCT,0.0,5.634012193310919e-05,0.3264102806159581,2.0335972905627383e-08,0.081616660268466,259,6,A
606,260_H2,0.0009384652101359,0.0003844432951848,0.037377237202338,0.0,0.0096750364269147,260,6,F
607,260_H1,0.0003723499211735,0.0009202307880723,0.5366504274344785,0.0005195377743802,0.1346156364795261,260,6,F
608,260_H3,0.0004136835467112,0.0002261673993057,0.3005047238581941,0.0042083039879798,0.0763382196980477,260,6,F
609,261_H2,0.0,0.0001776205803621,0.1144721233407364,0.0005232838448137,0.028793256941478,261,6,L
610,262_SCT,0.0,4.167028867731137e-05,0.0171658688832331,0.0,0.0043018847929776,262,6,I
611,262_H2,2.566242636031768e-06,0.0004783101711978,0.1850948522373534,1.0762350939330643e-05,0.0463966227505316,262,6,I
612,262_H1,0.0001472028636079,0.0020899763354746,0.0152412514806382,8.840205737215001e-06,0.0043718177213645,262,6,I
613,262_H3,0.0,4.39759430144208e-08,0.009917319698857,0.0,0.0024793409187,262,6,I
614,263_H1,0.0001278390873851,0.0003093780426839,0.3812977978033103,1.453278287044668e-06,0.0954341170529166,263,6,C
615,263_H3,0.0016564371407727,0.0009396768308091,0.4606543284901493,0.0,0.1158126106154328,263,6,C
616,264_H1,0.0,0.0003313657334022,0.0822576458042316,2.4366442197276683e-10,0.0206472529453245,264,6,W
617,264_H2,0.0,3.147722510517016e-05,0.1304899449774043,0.0,0.0326303555506273,264,6,W
618,265_SCT,0.0,0.0001076743917401,0.0355037228465261,0.0,0.0089028493095665,265,6,L
619,265_H2,0.0,0.0004007852436605,0.1551497600068061,4.601430418915698e-07,0.0388877513483771,265,6,L
620,265_H1,0.0,0.000373636574491,0.0876633042549831,0.0001387133379466,0.0220439135418552,265,6,L
621,268_H1,0.0006423687839616,0.0003493404698632,0.3690484290445934,0.0002385805273661,0.0925696797064461,268,6,A
622,268_H2,0.0,0.0004599852787467,0.006753648639187,0.0,0.0018034084794834,268,6,A
623,268_H3,0.0002985636762504,0.0003611643151685,0.5749575287872103,0.0,0.1439043141946573,268,6,A
624,268_SCT,0.0,0.0002439484326867,0.4045432748940082,0.0,0.1011968058316737,268,6,A
625,269_H3,6.155629948202473e-05,3.940300377847503e-05,0.0024112046612294,4.559974442486237e-08,0.0006280523910585,269,6,G
626,269_H2,0.0006496097215161,0.0003599763867054,0.0618122252315241,0.000145392914419,0.0157418010635412,269,6,G
627,270_H2,0.0,0.0001357038915522,0.2533383791441054,0.0002361084916628,0.0634275478818301,270,6,V
628,270_H3,0.0001352761153471,9.679377727220524e-05,0.2187665851969821,0.0,0.0547496637724003,270,6,V
629,270_SCT,0.0,9.77111792458386e-05,1.0,0.0,0.2500244277948114,270,6,V
630,270_H1,0.0772780746656551,0.0624537861002656,0.4885919497088752,0.0878161191940307,0.1790349824172067,270,6,V
631,271_H1,0.0,0.0029283443770865,0.147021630162289,0.0,0.0374874936348439,271,6,A
632,271_H2,0.0,6.745278783292e-05,0.1240172817105276,0.0,0.0310211836245901,271,6,A
633,271_H3,0.0,1.942041561925793e-05,0.1402143208952102,0.0,0.0350584353277073,271,6,A
634,272_H3,0.0,1.72010739853698e-06,0.044162972430434,0.0,0.0110411731344581,272,6,F
635,272_H2,0.0,0.0003615606380108,0.1474605299343645,0.0003164131485391,0.0370346259302286,272,6,F
636,272_H1,0.0018146494618021,0.0016468473062321,0.0803804012130118,1.2417101515893592e-06,0.0209607849227994,272,6,F
637,272_SCT,1.777836338765857e-05,0.0004439991860341,0.0086979442948959,8.293739028886193e-09,0.0022899325345141,272,6,F
638,273_H2,0.0,5.450947737166214e-05,0.0158245073572769,0.0,0.0039697542086621,273,6,Y
639,273_H1,0.0,0.0001444647995771,0.0957338206544713,3.121239933534525e-05,0.0239773744633459,273,6,Y
640,273_H3,0.0,1.7828205471423993e-05,0.2106187033341036,2.5286208682473443e-08,0.0526591392064459,273,6,Y
641,274_H2,0.0,0.0001820966147394,0.0289435184520959,0.0,0.0072814037667088,274,6,I
642,274_H1,0.0166365947522008,0.0066709365919393,0.2973833065063483,0.0194379556924104,0.0850321983857247,274,6,I
643,275_H2,0.0012515239162902,0.0004187318447681,0.0637710483992249,1.8534539947268058e-07,0.0163603723764206,275,CT/EC,F
644,275_SCT,0.0018856786255638,0.0002925774879164,0.6137771652600664,0.0,0.1539888553433867,275,CT/EC,F
645,276_H3,0.0,7.002487302087025e-06,0.0424822272036242,0.0,0.0106223074227315,276,CT/EC,T
646,276_H2,5.970115303739105e-05,0.0001451081104435,0.0548682707161835,0.0,0.0137682699949161,276,CT/EC,T
647,276_H1,0.0,6.867832400929414e-05,0.1270212320390542,6.749341537215514e-06,0.0317741649261501,276,CT/EC,T
648,276_SCT,0.0,9.9767364967154e-05,0.1350362571190494,5.996479103487218e-06,0.03378550524078,276,CT/EC,T
649,277_H1,0.0011225310023914,0.0007638023159011,0.0212211605305309,0.0002536539686843,0.0058402869543769,277,CT/EC,H
650,277_SCT,0.0,0.0001465043851349,0.1393374755800719,6.386146367276524e-08,0.0348710109566676,277,CT/EC,H
651,277_H3,0.0,5.897538510142114e-05,0.0729402368531149,0.0,0.018249803059554,277,CT/EC,H
652,278_SCT,4.139237608284939e-05,5.942138288233847e-05,0.1933198648830183,0.0,0.0483551696604958,278,CT/EC,Q
653,278_H3,0.0038238136587978,3.2327249382149416e-05,0.0186251658959235,2.9430662351614956e-09,0.0056203274367924,278,CT/EC,Q
654,278_H2,0.0,0.0001892628205389,0.0225348948151938,0.0001839469477999,0.0057270261458831,278,CT/EC,Q
655,278_H1,0.0109285978089558,0.0560371086765561,0.1578017831632953,0.0267042722553014,0.0628679404760272,278,CT/EC,Q
656,279_SCT,0.0,3.112634983452051e-05,0.0537404030260414,1.294441664967394e-09,0.0134428826675794,279,CT/EC,G
657,279_H2,0.0,2.5996783699220285e-05,0.1841266353757122,0.0,0.0460381580398528,279,CT/EC,G
658,279_H3,0.0,1.1609257999293725e-05,0.0305265134728056,0.0,0.0076345306827012,279,CT/EC,G
659,279_H1,0.0421678418799853,0.2115777937730942,0.0041516344061542,3.3212312700925395e-05,0.0644826205929836,279,CT/EC,G
660,280_H1,8.50037701130783e-05,0.0019770226684219,0.10463677039358,0.0001803639315767,0.0267197901909229,280,CT/EC,S
661,280_H3,0.0,6.0364887233333846e-05,0.0507990464438702,0.0,0.0127148528327758,280,CT/EC,S
662,280_H2,0.0006113691178528,0.0002253871635747,0.3020200609649757,1.5913361494312994e-05,0.0757181826519744,280,CT/EC,S
663,280_SCT,0.0,6.881533943178131e-06,0.1302948092634029,0.0,0.0325754226993365,280,CT/EC,S
664,281_SCT,4.562339581465597e-05,0.0006945256648352,0.3253971134442064,0.0,0.0815343156262141,281,CT/EC,D
665,281_H2,0.0001780834623946,0.0002716424484894,0.1627789398982759,4.727500595436141e-07,0.0408072846398048,281,CT/EC,D
666,281_H1,7.382633181707782e-05,0.0002596603844314,0.1403236318866978,2.0999581465730444e-05,0.035169529546103,281,CT/EC,D
667,282_SCT,0.0,0.0001566424533924,0.3023737350852798,0.0,0.075632594384668,282,CT/EC,F
668,282_H2,0.0,3.269484384871201e-06,0.1494873402706635,0.0,0.037372652438762,282,CT/EC,F
669,282_H1,0.0008601408222574,0.0003267340812197,0.0710503994755268,4.601520686264848e-06,0.0180604689749225,282,CT/EC,F
670,283_H2,0.0004359538052213,0.0001687280294972,0.0943200811753385,6.961925578252703e-07,0.0237313648006537,283,CT/EC,G
671,283_H3,0.0,5.250986832965593e-06,0.0599118758893715,0.0,0.0149792817190511,283,CT/EC,G
672,283_H1,2.388904198976044e-06,5.1668272437502775e-05,0.0175819480181575,4.9104182835435495e-05,0.0044212773444073,283,CT/EC,G
673,283_SCT,0.0006897230876083,8.045640776175074e-06,0.6234497885533867,0.0,0.1560368893204428,283,CT/EC,G
674,284_SCT,0.0,5.144086105497415e-06,0.2290712923831257,0.0,0.0572691091173078,284,CT/EC,P
675,284_H1,0.0,1.7118420154892802e-05,0.1507065001962657,0.0,0.0376809046541051,284,CT/EC,P
676,284_H3,0.0,8.98018959371023e-08,0.0050985396304837,0.0,0.0012746573580949,284,CT/EC,P
677,284_H2,0.0,0.0165289262882293,0.2092587677740325,0.0,0.0564469235155654,284,CT/EC,P
678,285_H2,0.0001321625993414,0.0002867497143612,0.2879750145711079,4.140483360970393e-05,0.072108832929605,285,CT/EC,I
679,285_H3,0.0,7.794221682415572e-05,0.0351436411473144,0.0,0.0088053958410346,285,CT/EC,I
680,285_SCT,1.0,1.0,0.2029959529932345,1.0,0.8007489882483086,285,CT/EC,I
681,285_H1,2.4756620545932685e-05,0.0156789803528028,0.2117182173529554,4.359019294497557e-05,0.0568663861298122,285,CT/EC,I
682,286_H3,0.0,2.5558675679526e-05,0.0440312221167316,0.0,0.0110141951981027,286,CT/EC,F
683,286_H1,0.0,0.0005452563459558,0.0380174328491117,0.0001225996529683,0.0096713222120089,286,CT/EC,F
684,286_SCT,4.506243915863016e-05,0.0010159368397416,0.2227863089725975,2.2129972421680577e-05,0.0559673595559798,286,CT/EC,F
685,286_H2,0.0011134441273385,0.0014675956398609,0.0017515485306585,5.570376104824248e-11,0.0010831470883904,286,CT/EC,F
686,287_H2,0.003819653997736,0.0001867290229471,0.21595530454462,0.0,0.0549904218913258,287,7,M
687,287_H1,0.0,7.847739512168872e-05,0.1929537787574471,0.0,0.0482580640381421,287,7,M
688,288_H1,5.2473495433453286e-05,0.0007824108091063,0.3301281587589593,0.0004666471213568,0.0828574225462139,288,7,T
689,288_H3,0.0,0.0001318627569357,0.4221703403464634,0.0,0.1055755507758497,288,7,T
690,288_SCT,0.0009412424624089,0.0003038662539727,0.2441285362150878,0.0,0.0613434112328673,288,7,T
691,289_H2,0.0,0.0002059526029159,0.0586882481979494,8.244871423812583e-05,0.0147441623787758,289,7,I
692,289_H3,0.0,6.374697195342902e-07,0.0465978071697417,0.0,0.0116496111598653,289,7,I
693,289_SCT,0.0,1.4644582056464022e-06,0.1423037587122057,0.0,0.0355763057926028,289,7,I
694,289_H1,0.0,0.0004503372828598,0.3416958905952216,5.850392335560173e-05,0.0855511829503592,289,7,I
695,290_H3,0.0,0.0,0.0424081838235837,0.0,0.0106020459558959,290,7,P
696,290_H1,0.0,6.804960923608308e-07,0.0062811228949794,0.0,0.0015704508477679,290,7,P
697,292_H1,0.0,0.0002148542254576,0.040086484719403,1.0457706594024785e-06,0.01007559617888,292,7,F
698,292_H3,0.0,2.661735298937993e-05,0.0688383434417055,0.0,0.0172162401986737,292,7,F
699,292_SCT,0.0,0.0002950385651202,0.4405623227046243,0.0,0.1102143403174361,292,7,F
700,292_H2,0.0,0.0023752468785967,0.0209318293519048,0.0,0.0058267690576254,292,7,F
701,293_H3,0.0,1.9193372180449145e-06,0.0998206380315148,0.0,0.0249556393421832,293,7,F
702,293_H2,0.0026491392067262,5.014560613358368e-05,0.1994014304262156,0.0,0.0505251788097688,293,7,F
703,293_H1,0.0,4.30411498451387e-05,0.153982608272421,0.0,0.0385064123555665,293,7,F
704,293_SCT,0.0,1.047524515178542e-05,0.4594326660536454,0.0,0.1148607853246993,293,7,F
705,294_SCT,0.0,0.0,0.2472635160856641,0.0,0.061815879021416,294,7,A
706,294_H3,0.0,5.526527127548266e-06,0.2630335379660521,0.0,0.0657597661232949,294,7,A
707,294_H2,0.0,2.052662966453164e-05,0.0067515339105726,0.0,0.0016930151350592,294,7,A
708,294_H1,0.0062021485243619,0.0018374765348529,0.1546980438593878,0.0187707729637622,0.0453771104705912,294,7,A
709,296_H2,1.1636376804119796e-08,0.0019847238208875,0.1376362105838496,1.3495745179170626e-06,0.0349055739039079,296,7,T
710,297_H3,7.674083819269612e-05,0.0002408358078135,0.0217816244382197,1.730091128138156e-07,0.0055248435233347,297,7,S
711,297_SCT,0.0,4.53378782729948e-05,0.0991033118862235,0.0,0.0247871624411241,297,7,S
712,297_H2,0.0001138622096504,0.0024228377209113,0.1978187143021622,0.000406992592616,0.050190601706335,297,7,S
713,298_H2,2.961226980671193e-05,0.0005163703084542,0.0342611755378929,1.1905541214218829e-05,0.008704765914342,298,7,A
714,298_SCT,0.0002802053644877,0.0001491560629903,0.1687193496470291,0.0,0.0422871777686268,298,7,A
715,298_H3,0.0,6.720275446575842e-05,0.0909984706880828,0.0,0.0227664183606371,298,7,A
716,299_H2,0.0,0.0001806954985078,0.0423021632872147,1.7227708667633124e-05,0.0106250216235975,299,7,V
717,299_H1,2.419362799386031e-05,0.0002676900750268,0.0611588618350399,9.547801482767682e-07,0.0153629250795522,299,7,V
718,299_SCT,0.0,3.075032097037355e-05,0.4877508477705568,0.0,0.1219453995228817,299,7,V
719,300_H2,3.789517256698538e-05,0.000372781500804,0.0961246972221475,2.5923974078523315e-08,0.0241338499548731,300,7,Y
720,300_SCT,0.0,4.534779724501902e-06,0.3198796375636447,0.0,0.0799710430858423,300,7,Y
721,300_H3,0.0,8.229703950995842e-06,0.0110505134466914,0.0,0.0027646857876606,300,7,Y
722,300_H1,0.0034987832949068,0.0006393293283585,0.0148043102723251,5.318297553458251e-05,0.0047489014677813,300,7,Y
723,301_H2,0.0,0.0,0.0453986605577205,0.0,0.0113496651394301,301,7,N
724,301_SCT,0.0,3.801453287724776e-06,0.3568862540291017,0.0,0.0892225138705973,301,7,N
725,301_H1,0.0,4.305016647271538e-06,0.008103897683592,0.0,0.0020270506750598,301,7,N
726,303_H3,0.0,1.2014194647893482e-06,0.0433807331996747,0.0,0.0108454836547848,303,7,V
727,303_SCT,0.0,4.74158067724866e-05,0.5277242615348825,1.641468952584546e-05,0.1319470230077952,303,7,V
728,303_H2,0.0001090691154894,0.000272773451095,0.0608136810161566,4.560892534755112e-07,0.0152989949179986,303,7,V
729,303_H1,8.527030826173375e-05,0.0002157491266385,0.1126359383097714,2.242530717921909e-05,0.0282398457629627,303,7,V
730,306_H1,0.0,1.2469189164951354e-05,0.0076489658578789,2.8443936095357003e-09,0.0019153594728593,306,7,I
731,306_SCT,0.0,1.114115843292224e-05,0.5558006408988545,0.0,0.1389529455143218,306,7,I
732,306_H3,0.0,9.101614650481315e-07,0.0690749156776945,0.0,0.0172689564597899,306,7,I
733,306_H2,0.0,2.4521459996551224e-05,0.0261471159552626,0.0,0.0065429093538147,306,7,I
734,307_H2,0.0,0.0001629562616497,0.197479083300106,2.4251588115475897e-07,0.0494105705194092,307,7,M
735,310_H1,0.0,2.762258782694972e-06,0.1499908969582952,0.0,0.0374984148042694,310,CT/EC,K
736,310_H3,0.0,6.225966112508513e-05,0.1050175080531748,0.00045305484673,0.0263832056402575,310,CT/EC,K
737,311_H1,0.0,0.0,0.2192774914734616,0.0,0.0548193728683654,311,CT/EC,Q
738,311_H3,0.0,0.0001103720333358,0.1946725273789869,0.0,0.0486957248530807,311,CT/EC,Q
739,313_H3,0.0,0.0001482280201808,0.0416627602579789,0.0,0.0104527470695399,313,CT/EC,R
740,313_SCT,0.0001310188102562,6.180245045630803e-07,0.1913998385374724,0.0,0.0478828688430583,313,CT/EC,R
741,313_H1,0.0,2.7632435288976432e-05,0.0743308473682684,0.0,0.0185896199508893,313,CT/EC,R
742,313_H2,0.0,1.2853628883679895e-06,0.1244858642759214,0.0,0.0311217874097024,313,CT/EC,R
743,314_H1,6.950285205486874e-06,8.548717115363059e-05,0.0134369985447387,3.06343999056935e-08,0.0033823666588744,314,CT/EC,N
744,314_SCT,0.0,3.102057237970145e-05,0.1123305127604317,0.0004071137518621,0.0281921617711684,314,CT/EC,N
745,314_H3,1.1694600774130405e-06,0.000116065618799,0.0518907560028658,0.0,0.0130019977704355,314,CT/EC,N
746,314_H2,0.0,6.11676933986218e-05,0.2476952600240058,7.480928161385236e-06,0.0619409771613914,314,CT/EC,N
747,315_H2,0.0,2.866462698391225e-07,0.1707640630672506,0.0,0.0426910874283801,315,CT/EC,C
748,315_H3,0.0,7.231892373457242e-08,0.0454576276543477,0.0,0.0113644249933178,315,CT/EC,C
749,315_H1,0.0,0.001063956812192,0.1183660784759653,0.0,0.0298575088220393,315,CT/EC,C
750,315_SCT,0.0,4.006089832884357e-05,0.2195827884729438,0.0,0.0549057123428181,315,CT/EC,C
751,316_H1,0.0,0.0001383847105735,0.1313513677702055,0.0,0.0328724381201947,316,CT/EC,M
752,316_H2,0.0,0.004599002471584,0.0866018703360066,0.002509890589863,0.0234276908493634,316,CT/EC,M
753,317_H3,0.0,2.743795600936089e-05,0.0198569716861398,0.0,0.0049711024105373,317,CT/EC,V
754,317_SCT,0.0,3.651507200201797e-05,0.5604817234145765,0.0,0.1401295596216446,317,CT/EC,V
755,317_H1,0.0002034315259255,0.0014482909506787,0.1992088890396187,1.1793658671876984e-07,0.0502151823632024,317,CT/EC,V
756,317_H2,0.0,7.093785526468843e-05,0.1350872140070369,0.0,0.0337895379655754,317,CT/EC,V
757,318_H2,2.1526643136540524e-05,3.84167426821574e-05,0.0113746071674171,8.883047485142015e-06,0.0028608584001802,318,CT/EC,T
758,318_SCT,0.0,0.0001470748788202,0.4606750302131274,0.0005965175805613,0.1153546556681272,318,CT/EC,T
759,318_H1,0.0,0.0001638755059619,0.2824452411806318,6.744005531800212e-07,0.0706524477717867,318,CT/EC,T
760,319_H2,0.0,5.789447701543679e-05,0.3193397354552206,5.5074721672099265e-08,0.0798494212517394,319,CT/EC,T
761,320_H2,0.0,0.0010180593123627,0.1038402235291702,0.0018188204849138,0.0266692758316117,320,CT/EC,L
762,320_SCT,5.138168339017247e-05,1.7825204239874426e-06,0.3055589454509504,1.0559582506175502e-06,0.0764032914032538,320,CT/EC,L
763,321_H3,0.0,1.286150142731148e-05,0.0388347175171632,0.0,0.0097118947546476,321,CT/EC,C
764,322_H2,3.648172872104305e-05,7.009308024526313e-05,0.276293735283642,0.0,0.069100077523152,322,CT/EC,C
765,322_H1,0.0,4.343526399841893e-05,0.2246760674583267,0.0,0.0561798756805812,322,CT/EC,C
766,322_SCT,0.0,8.064795805691387e-05,0.0210525341089524,0.0,0.0052832955167523,322,CT/EC,C
767,322_H3,0.0,8.430313809637094e-07,0.0118540574920576,0.0,0.0029637251308596,322,CT/EC,C
768,323_H3,0.0,4.951911975321077e-06,0.27805376106197,0.0,0.0695146782434863,323,CT/EC,G
769,323_SCT,0.0,0.0017405043511806,0.2882727615069752,0.0,0.0725033164645389,323,CT/EC,G
770,323_H2,8.685212896334411e-05,0.000323192719069,0.1168143647498132,1.504455156009499e-07,0.0293061400108403,323,CT/EC,G
771,323_H1,0.0,0.0005388573213943,0.5682257245161298,3.140459057249245e-07,0.1421912239708574,323,CT/EC,G
772,324_SCT,0.0,1.9207581242843516e-05,0.1142207206672977,1.0049802767753135e-06,0.0285602333072043,324,CT/EC,K
773,324_H3,0.0,0.0002964852217994,0.1671818888122087,1.145210535469232e-05,0.0418724565348407,324,CT/EC,K
774,324_H2,0.0,5.471057377501607e-05,0.057642477773364,0.0,0.0144242970867847,324,CT/EC,K
775,325_H1,0.000896947126149,0.0002399980148172,0.309961323354383,5.639756636810489e-05,0.0777886665154293,325,CT/EC,P
776,325_H2,0.0,6.971143682324397e-05,0.3767896553772846,2.5525832114681183e-08,0.0942148480849849,325,CT/EC,P
777,326_H1,0.0,7.30351627585279e-05,0.3376996122300415,3.180273111524912e-08,0.0844431697988827,326,CT/EC,L
778,326_H2,1.0693768580411289e-05,7.433794496033123e-05,0.3128057899652867,9.342213225238538e-09,0.0782227077552601,326,CT/EC,L
779,327_SCT,0.0,0.0006626209424537,0.2022451065928265,1.3496571682480862e-06,0.0507272692981121,327,CT/EC,G
780,327_H2,0.0,0.000470219876405,0.284580939237297,1.3702125443160185e-06,0.0712631323315616,327,CT/EC,G
781,327_H1,0.0,0.0005776310420244,0.0010106837539637,0.0001616882218513,0.0004375007544599,327,CT/EC,G
782,329_H3,0.0,0.0004516880643631,0.3147287086273647,1.526442247268278e-05,0.0787989152785501,329,CT/EC,D
783,329_H2,0.0,4.592537275068536e-05,0.1485354211137023,9.264322642366096e-08,0.0371453597824198,329,CT/EC,D
784,329_H1,4.4316639821555045e-05,0.0007944270640793,0.1975000197749649,1.4093104709900215e-06,0.0495850431973342,329,CT/EC,D
785,331_H2,0.0,9.88256433023235e-05,0.0505968325533106,2.406121968334673e-09,0.0126739151506837,331,CT/EC,A
786,331_H3,4.645468143558036e-05,0.0001586412242533,0.0658333636649965,3.349349981363048e-06,0.0165104522301666,331,CT/EC,A
787,331_H1,0.0,0.0003391256398768,0.0407980544822567,7.345483027165756e-06,0.0102861314012901,331,CT/EC,A
788,331_SCT,5.446301178241367e-05,0.0002284946280342,0.0368507273285102,3.034864732853748e-07,0.0092834971137,331,CT/EC,A
789,332_H1,0.0005675788377735,0.0031136773398567,0.1387478558405976,6.562813359778374e-05,0.0356236850379564,332,CT/EC,S
790,333_H2,0.0027309615408114,0.0001030188203907,0.3521014844397953,3.838060365524143e-05,0.0887434613511632,NA,NA,-
791,333_H1,7.870516611635694e-05,0.0001492072342925,0.1368372677290488,2.863914232875686e-06,0.0342670110109226,NA,NA,-
792,333_H3,0.0,0.0001621522009528,0.0203464326535051,7.186091011135431e-07,0.0051273258658897,NA,NA,-
793,333_SCT,1.1707077139715798e-08,9.152422220851632e-05,0.1019395353799457,1.015247471514158e-05,0.0255103059459866,NA,NA,-
794,334_SCT,0.0,7.911655458788502e-05,0.3464559836365329,1.765308610401917e-07,0.0866338191804954,333,CT/EC,T
795,334_H3,0.0,0.0003595895146467,0.2040514944460202,4.7240813728421926e-05,0.0511145811935988,333,CT/EC,T
796,334_H1,0.0,8.422652245684194e-05,0.1139539889298282,0.0006468537612818,0.0286712673033917,333,CT/EC,T
797,334_H2,0.0,0.0002057698608499,0.0241300247497665,9.39710207603639e-06,0.0060862979281731,333,CT/EC,T
798,335_H2,0.0,9.676664719143825e-05,0.0014199224321247,1.6627542208880186e-05,0.0003833291553812,334,CT/EC,T
799,335_H1,9.758297328975851e-06,3.0815858169261905e-05,0.1872910076631073,7.279350029421039e-07,0.0468330774384021,334,CT/EC,T
800,336_SCT,0.0,0.0007334750208558,0.3745729003700098,0.0,0.0938265938477164,335,CT/EC,V
801,336_H2,0.0001099351038516,0.0028244070854365,0.3169647980534975,1.833481110224966e-05,0.0799793687634719,335,CT/EC,V
802,336_H3,0.0,0.0002555711498526,0.2754551843264949,7.11377694528892e-08,0.0689277066535292,335,CT/EC,V
803,337_H3,0.0,3.672193060352491e-06,0.1745220277297992,8.081296073214617e-06,0.0436334453047331,336,CT/EC,S
804,337_SCT,0.0,1.0892715649799324e-05,0.1446704523883791,2.7435714855528204e-07,0.0361704048652943,336,CT/EC,S
805,337_H1,0.0,4.628166593958029e-05,0.0705794665817783,8.96176879905397e-06,0.0176586775041292,336,CT/EC,S
806,337_H2,0.0005099180278147,0.0008000197162905,0.3105323102774351,0.0009471844532527,0.0781973581186982,336,CT/EC,S
807,338_H3,2.604290813231557e-05,8.254243491565355e-05,0.3579714999022638,2.415978815406561e-05,0.0895260612583664,337,CT/EC,K
808,339_SCT,0.0017257749518299,0.0003371229270348,0.0315711628707106,0.0,0.0084085151873938,338,CT/EC,T
809,339_H3,0.0,7.255889726917834e-06,0.2972374113108679,0.0,0.0743111668001487,338,CT/EC,T
810,340_SCT,0.0,0.0001058196345636,0.0991576041511715,0.0,0.0248158559464338,339,CT/EC,E
811,340_H2,0.0,1.3143016666225452e-05,0.1740112271290892,0.0,0.0435060925364388,339,CT/EC,E
812,340_H3,0.0,4.144299712586487e-06,0.1512498022732983,0.0,0.0378134866432527,339,CT/EC,E
813,341_H1,0.0,5.350706607670543e-05,0.1975200204695237,3.8170156813066576e-08,0.0493933914264393,NA,NA,-
814,341_H2,0.0,7.085020369233249e-05,0.0053693834811495,2.599523096780132e-10,0.0013600584861985,NA,NA,-
815,342_H3,0.0,1.4848445668071904e-05,0.0454566881821592,7.140296929719625e-06,0.0113696692311892,NA,NA,-
816,342_H2,0.0,5.562788729176915e-05,0.1397643059341365,0.0021333240438252,0.0354883144663134,NA,NA,-
817,342_H1,0.0,5.347072143897949e-05,0.0553281301690638,0.0,0.0138454002226257,NA,NA,-
818,343_SCT,0.0,0.0014444249211333,0.1748932957468236,0.0004756014968734,0.0442033305412075,NA,NA,-
819,343_H3,0.0,2.811627198829212e-05,0.291136125426116,1.7567364920978434e-05,0.0727954522657563,NA,NA,-
820,343_H1,0.0,0.0016873236110295,0.1443312097747452,5.238520316197537e-05,0.0365177296472341,NA,NA,-
821,344_H3,0.0,0.0001653276314475,0.3336829348458749,1.0252763971152491e-08,0.0834620681825216,NA,NA,-
822,344_H2,0.000346152496368,5.64889287311466e-06,0.130583968348265,0.0,0.0327339424343765,NA,NA,-
823,344_H1,0.0,0.0001095070726085,0.2269257791543156,5.051853077020496e-05,0.0567714511894235,NA,NA,-
824,345_H2,0.0,1.0127112620867354e-05,0.1439080671041783,0.004488359671086,0.0371016384719713,NA,NA,-
825,345_SCT,0.0,0.0001105987074149,0.2610156237698076,0.0,0.0652815556193056,NA,NA,-
826,345_H3,0.0,1.3874299264345963e-05,0.0115637744956428,1.5589439072982714e-08,0.0028944160960865,NA,NA,-
827,346_H3,0.0,4.381786748961428e-05,0.0418965778254301,4.185719444649294e-05,0.0104955632218415,340,CT/EC,T
828,346_SCT,0.0002522310816062,2.8677959352088503e-05,0.2269864549319177,0.0,0.056816840993219,340,CT/EC,T
829,346_H1,0.0,0.0001570579378113,0.3895220638517565,3.938871032005409e-06,0.0974207651651499,340,CT/EC,T
830,348_H2,2.8269037891353795e-05,0.0002116574527556,0.2779292472353598,2.0267623135339363e-09,0.0695422939381922,342,CT/EC,Q
831,348_H1,0.0,9.281846104319383e-05,0.0683087465043705,1.7287769878748804e-05,0.0171047131838231,342,CT/EC,Q
832,349_H2,0.0,4.702477200981846e-05,0.0368029442604886,0.0,0.0092124922581246,343,CT/EC,V
833,349_H1,0.0,1.9522964500933737e-05,0.0220382777717627,0.0,0.0055144501840659,343,CT/EC,V
834,351_H2,0.0,0.0002650099680987,0.1093972550287167,0.0,0.0274155662492038,345,CT/EC,P
835,351_H1,0.0,6.144952104237438e-05,0.1275261792205814,1.0126748745120649e-10,0.0318969072107228,345,CT/EC,P
836,352_H3,0.0,5.271441473242245e-05,0.1933491387346919,0.0,0.0483504632873561,346,CT/EC,A
837,352_H2,0.0,0.0014211877274845,0.1410379054092853,0.0,0.0356147732841924,346,CT/EC,A
838,352_SCT,0.0,0.0002523488742514,0.0754370378388002,0.0,0.0189223466782629,346,CT/EC,A
839,352_H1,0.012026672194169,0.0031398615160913,0.0203865381190252,0.0030599106103181,0.0096532456099009,346,CT/EC,A
