feature,gbr,xgb,BayesianRidge,rf,mean
1,0.0006495936331826878,0.0003198753984179348,0.0832334079831444,0.00013594327204417958,0.0210847050716973
2,0.0002509320349052844,0.005715938284993172,0.10808265277216572,0.0035864708546425707,0.029408998486676687
3,0.002770081186942509,0.006699475459754467,0.09188634994608655,0.00028504710527643267,0.02541023842451499
4,0.00020262342411667673,0.0011024053674191236,0.06947193501403058,0.0004236122495359174,0.017800144013775575
5,0.00019577393013146577,0.00028500071493908763,0.13691692747544484,0.0003717049251405642,0.03444235176141399
6,0.00013906119686312753,0.00018133311823476106,0.042042589794298695,0.00013240395424980237,0.010623847015911595
7,0.000324259156734283,0.0002328918344574049,0.05703277987728714,0.000715621593034471,0.014576388115378324
8,0.17028287766054956,0.0004268484772183001,0.07633679465285259,0.0002104770054142509,0.06181424944900867
9,0.00024314582504579018,8.114070078590885e-05,0.05533010838496748,5.297924133979884e-05,0.013926843538034743
10,0.0016217916485275774,0.000489285564981401,0.012127286008105635,0.0006187288533972759,0.003714273018752972
11,0.04785789659221732,1.099648761737626e-05,0.04452240153277766,0.00018162073309694254,0.023143228836427325
12,0.0003561303131521676,0.00030098159913904965,0.07262341904262769,0.00017978711760635507,0.018365079518131315
13,0.000656310748887018,0.0001153637349489145,0.06574067508338546,0.0001263061548397988,0.0166596639305153
14,0.0,0.0,0.0,0.0,0.0
15,0.0007468765239944631,0.00013921795471105725,0.1022521383906509,0.00011323638561479095,0.025812867313742806
16,6.502801554579363e-05,0.006456910166889429,0.06432484623928748,0.00017856809502882776,0.017756338129187883
17,0.0010630077683267398,0.0003787004388868809,0.0912549119126238,0.00015727453686395956,0.023213473664175345
18,8.162870863358601e-05,8.455331226286944e-06,0.05145482262605305,0.0007048172749801693,0.013062430985223271
19,9.936570276471523e-05,0.0,0.1296675935535072,0.0003465507976267624,0.03252837751347468
20,0.00023634689393381815,0.0005625157500617206,0.1846779753113683,0.0004105052448601909,0.046471835800056004
21,0.009011428651392737,0.0002846764982677996,0.09877451881188358,0.000701404868518037,0.027193007207515538
22,0.002912360787694574,0.0006532201659865677,0.1281472337162004,0.0018509311939783548,0.03339093646596498
23,0.00410920378749275,0.0,0.029908308636039438,0.00032549734545211966,0.008585752442246077
24,0.002255542754761704,0.0012253987370058894,0.09550456639650529,0.000181650650807558,0.024791789634770106
25,0.00022541196289049188,0.0,0.04937195742089772,1.7170842218643917e-05,0.012403635056501714
26,0.00215618085748594,0.0,0.07241231169361019,0.00038740236548919757,0.018738973729146333
27,8.272740536859298e-05,0.0003496987628750503,0.05876212818344182,1.7845430993337166e-05,0.014803099945669699
28,0.00021713840085384246,0.0,0.11406563793297636,0.0006955352530295915,0.02874457789671495
29,2.6030513615578064e-05,0.0004254025116097182,0.06737127745105265,0.0034230106745845542,0.017811430287715625
30,8.258797916465601e-05,0.00014427959104068577,0.07390518091471977,0.0003583663793275543,0.01862260371606317
31,8.257156966240565e-05,0.0,0.07242401571005454,8.073098758370575e-05,0.018146829566825163
32,5.059019815189915e-05,0.0002217843575635925,0.0454750619483321,0.00013035262090905415,0.011469447281239161
33,9.27405815266862e-05,0.0003424157912377268,0.07458249238444337,0.0001123263231410163,0.018782493770087196
34,0.0009170721382485763,0.0,0.05745954897785513,5.557415971735951e-05,0.014608048818955267
35,0.0018714095426714007,0.009940513409674168,0.10030992151805614,0.0028348229986925946,0.028739166867273576
36,0.00017534121866941596,4.446000821189955e-05,0.12842361517752118,0.00018302894693973508,0.032206611337835554
37,0.028629849294112306,0.0011776013998314738,0.08864953261085,0.0006430655450489807,0.029775012212460688
38,0.0001587462262175066,0.00015431031351909041,0.11022149993033559,0.0007797033643034775,0.027828564958593916
39,0.6009964520171404,0.00010309886420145631,0.038478603100004755,0.0035098461135525637,0.16077200002372477
40,0.00027909892501845314,0.0001432783028576523,0.05896127760734636,0.00021185218821961145,0.01489887675586052
41,0.011320295299595108,0.00045492727076634765,0.15265995348556335,0.00025621644888003116,0.04117284812620121
42,1.2056083957051292e-05,0.024808188900351524,0.05705540660136276,0.011121362101285157,0.023249253421739124
43,0.00039288372104471673,1.8250171706313267e-05,0.07912799563419207,0.0003016034606192574,0.01996018324689059
44,0.00021064682529772086,2.6157378670177422e-05,0.07105909725741313,7.694637953931696e-05,0.017843211960230084
45,0.0003684455329990872,0.0004038902698084712,0.14984531027900422,0.0006561221006333843,0.037818442045611286
46,0.0005123303096172917,0.0,0.13017394870385413,9.90155272739737e-05,0.03269632363518635
47,0.30561961127667076,0.4310174286365509,0.05794956141279432,0.40841307015772405,0.30074991787093497
48,0.0006126014731188862,0.00016807802603580058,0.08730468375128504,0.0006582490866290873,0.022185903084267204
49,8.293087495975044e-05,6.617482722504064e-05,0.09185928095695715,0.001241951900903992,0.023312584640011486
50,0.00010628520003295083,0.00012777648225892335,0.05840358936390773,0.00032997151764356373,0.014741905640960793
51,0.001042977868468909,0.0003667652781587094,0.1198644715316651,0.0003049835101738165,0.030394799547116633
52,5.482776073083701e-05,0.000652092567179352,0.024026238831094705,0.00014389470392051217,0.006219263465731351
53,0.0021643296653492115,4.343848559074104e-05,0.0741882735339225,4.047757444069819e-05,0.01910912981482579
54,0.0,0.0,0.0,0.0,0.0
55,0.002049758692251084,0.000737610796932131,0.05673780163642678,0.00035343725492974654,0.014969652095134935
56,0.0026002902640241132,4.18381932831835e-05,0.08585147749660486,0.002652439858351055,0.022786511453065803
57,0.0,0.0,0.08346130173095426,0.008930932374166832,0.023098058526280274
58,0.0,0.0004184433491900563,0.13788251062948267,0.000122075177941713,0.03460575728915361
59,0.007511486640975005,0.0002999809803441167,0.044614911304595176,0.0007364519202156366,0.013290707711532485
60,0.008460190751317723,6.800052506150678e-05,0.13284037323262526,0.00010452814051628842,0.03536827316238019
61,0.008561934833199999,0.0,0.02571937820042556,0.00013017945091729535,0.008602873121135713
62,0.0003063307992472346,0.0008062100387178361,0.10044226632030236,0.0007259523220478189,0.02557018987007881
63,0.0005158371043204126,0.00015991739928722382,0.07300586977219901,0.00034379164118006453,0.01850635397924668
64,0.027884957995113976,0.3983151912689209,0.028184272363567967,0.41574875746004447,0.21753329477191183
65,0.0,0.0,0.0,0.0,0.0
66,0.0012328156555356014,0.0002933752257376909,0.19969346226673917,0.0004214547971664454,0.05041027698629472
67,0.0,0.0,0.0,0.0,0.0
68,0.005429454111594648,0.0,0.12273261783460464,2.3868098253449907e-05,0.03204648501111318
69,0.00037117097980224323,0.0,0.10511174250703222,0.003993958498313096,0.027369217996286888
70,0.0,0.0,0.06329505985891554,5.416756269140515e-05,0.015837306855401734
71,0.0,0.0,0.01331743051793706,0.00023670217594422776,0.003388533173470322
72,0.0,0.0,0.0,0.0,0.0
73,0.0027740961094651112,0.004187797196209431,0.09591708300467414,5.8378078411238036e-05,0.025734338597189977
74,3.104231902010782e-05,0.00011106796591775492,0.030488079913872812,8.875858580436455e-05,0.00767973719615376
75,0.0,0.0,0.1851244428336013,3.1216395732379775e-05,0.04628891480733342
76,0.006851852888757417,0.00024291798763442785,0.10853732408224379,0.00032479767221314353,0.028989223157712195
77,0.0,0.0,0.0,0.0,0.0
78,4.341354178785184e-05,0.0,0.11740981086900998,0.0002271295988127897,0.029420088502402655
79,0.0005799425060944244,0.00026581936981529,0.02542869913032242,0.00033865990360088053,0.006653280227458253
80,0.010485680609078481,0.00046628512791357934,0.1519123354773653,0.0008590968587659204,0.04093084951828082
81,0.001411867437605715,0.0,0.12289737830947398,0.0005455191946665052,0.031213691235436547
82,0.0004277354137748133,0.0003397817490622401,0.40096647808920327,0.0001784674126360129,0.10047811566616908
83,0.001339935116563991,0.000512806698679924,0.2669163706412326,0.002761380336377925,0.0678826231982136
84,0.0034989299495174838,0.00022972008446231484,0.10379381765586716,0.00034449086882267974,0.026966739639667413
85,0.02561158533807791,0.010056099854409695,0.7431740476677894,0.08749296062650982,0.2165836733716967
86,0.00015588248217599025,0.00012369178875815123,0.11980835243020503,0.00014280230900716955,0.030057682252536584
87,0.0002510622013903783,2.2559968783752993e-05,0.07623061785515008,0.0004158144488828916,0.019230013618551773
88,0.01255836239834032,0.00025922045460902154,0.19079165034462964,0.00025867825453649174,0.05096697786302887
89,0.006433181731184901,0.0009804890723899007,0.49567674208471674,0.013292996714055465,0.12909585240058677
90,0.0015261346248357445,5.685554424417205e-05,0.1394235209929324,0.0003411821104893281,0.035336923318125414
91,0.002075916802878589,0.0008045258582569659,0.10189866914593869,0.00016820759354707723,0.02623682985015533
92,0.014174379285575276,0.002000251552090049,0.5190628144106979,0.015224334601024994,0.13761544496234707
93,0.009474877807973842,0.010371081531047821,0.3926039006529134,0.012672329301021842,0.10628054732323923
94,0.00040712601287614905,0.00021513547108042985,0.11742623268691418,0.0005624379196106904,0.029652733022620364
95,0.0012876277531984918,0.0010234920773655176,0.20657412337093134,0.0005667162972681001,0.05236298987469086
96,0.0015770095414231666,0.0022489747498184443,0.24420636566863918,0.00494787585011617,0.06324505645249924
97,2.787196458948045e-05,0.0,0.10497217047842705,8.900797035386297e-05,0.0262722626033426
98,0.00015477417678723282,8.632181561551988e-05,0.07006239456311963,0.0003364316243436746,0.017659980544966515
99,0.0003926363379946796,0.00037431964301504195,0.13343699410937163,0.0005254783771586262,0.033682357116885
100,0.0004863198366297784,2.7842310373671353e-05,0.10312484662986862,5.8795754493774595e-05,0.02592445113284146
101,3.3446711699931765e-06,0.0,0.07644661219314722,3.1237049910205254e-05,0.019120298478556855
102,0.0037564260094503452,0.004493354354053736,0.19853773931183796,0.00521521914293145,0.05300068470456837
103,0.000499773816412675,0.00025192942121066153,0.05667215933323715,0.0004377288351916617,0.014465397851513039
104,0.00046530600019823034,0.0,0.15828158397952502,0.0004916652384937582,0.03980963880455425
105,0.0,0.0,0.0,0.0,0.0
106,0.00036400644067866446,0.001725047710351646,0.10021280853395417,0.0001957356327686082,0.02562439957943827
107,0.002716468229005664,0.0009918126743286848,0.08948807824941765,0.0008591046370189755,0.023513865947442744
108,0.025511891016892257,0.012045797891914845,0.3840088796554353,0.002032229178200101,0.10589969943561063
109,0.0,0.0,0.0,0.0,0.0
110,0.00016674111817944231,2.2719752450939268e-05,0.09206575690121833,7.155729693291536e-05,0.023081693767195405
111,0.0014893789523889118,0.00022756423277314752,0.1360120501768353,0.008724849519626817,0.03661346072040604
112,0.004731768307923005,0.0006889470969326794,0.1162341121866295,0.0007236602954790159,0.03059462197174105
113,0.011661723074233242,0.00024700365611352026,0.047533421984454066,0.0011127873688107522,0.015138734020902895
114,0.00029757454850824956,0.00012292816245462745,0.1422530249265661,0.00028913351869548615,0.03574066528905612
115,0.004517118237306562,0.00365185528062284,0.2355545304276192,0.004015158411604913,0.061934665589288375
116,0.0004702818669400634,0.0003470077645033598,0.19283069716002402,0.0008244356284972767,0.04861810560499118
117,0.0031195579239525362,0.0018872551154345274,0.2942474130693707,0.0027213345362985227,0.07549389016126407
118,0.0017215792133677594,0.005279187578707933,0.17159031314846465,0.00265560331577497,0.04531167081407883
119,0.029897809994235823,0.0015967609360814095,0.04930272525171538,0.0035410373284866384,0.021084583377629813
120,0.0,0.0,0.0,0.0,0.0
121,0.0017869095959894144,0.0011692875996232033,0.2902892953630011,0.002912909957725496,0.0740396006290848
122,0.00028236593940815996,0.00019335781689733267,0.04800140584568878,0.00014910373607924878,0.012156558334518381
123,1.0,9.453066013520584e-05,0.032966028160601187,0.005944284267638589,0.25975121077209373
124,0.0040917557238619486,0.0,0.05251022433025668,0.017552002364528255,0.01853849560466172
125,0.0,0.0,0.0,0.0,0.0
126,4.52608717306802e-05,0.0,0.07802286701657854,0.00010813266247865272,0.019544065137696968
127,0.0,0.0,0.07267835638638362,0.001478561803627233,0.018539229547502714
128,5.032174550204028e-05,0.0,0.06696308025942084,0.006029248986025598,0.01826066274773712
129,0.002374749376961705,0.0,0.06703760117724358,8.746148799629487e-05,0.017374953010550396
130,7.511887023217669e-06,0.0,0.06470345084941624,0.0007068154716527989,0.016354444552023065
131,1.6674454088987925e-05,0.0,0.10648341261340687,5.434756248754896e-06,0.02662638045593615
132,0.0002875792156443905,0.0,0.04636811384811153,5.6672171228896034e-05,0.011678091308746202
133,9.445596219584048e-06,0.0,0.03180592164951174,8.500818808842138e-05,0.007975093858454936
134,0.0,0.0,0.0,0.0,0.0
135,1.5173694738476446e-05,0.0,0.10816530296109039,3.123957028073252e-05,0.0270529290565274
136,0.0005710733427952259,7.791515599819832e-06,0.05699365437141181,0.00026408071930404155,0.014459149987277724
137,0.0007773752273126244,6.222897354746237e-05,0.03994646647458645,2.50115821448048e-05,0.010202770564397836
138,0.05785341783065336,0.0,0.13788066743738028,5.4529762567647875e-05,0.048947153757650325
139,0.0,0.0,0.09434982146152507,4.321538552977231e-05,0.02359825921176371
140,0.01225382555795608,0.0005847163265570998,0.18441111309687133,0.0006065400587941238,0.04946404876004466
141,0.0,0.0,0.09434982146152507,4.321538552977231e-05,0.02359825921176371
142,0.00016342800367534,0.02512725070118904,0.07081420937191564,0.013957878354287526,0.027515691607766887
143,1.4014227613255937e-05,0.0,0.10370246168246104,0.00020723833875019106,0.025980928562206122
144,0.0005987343900972594,2.745508936641272e-05,0.07585149893939029,0.0001608742747309593,0.019159640673396233
145,0.0008858403533018063,0.0006962802726775408,0.08218328081144348,0.0007086132497990885,0.02111850367180548
146,3.0416724395435053e-05,2.8282733183004893e-05,0.11644589545053054,0.0004146217828773444,0.029229804172746583
147,0.0,0.0,0.2074880822500718,0.0021663636231761116,0.05241361146831197
148,0.0018459799150822398,0.00014156027464196086,0.04602007371464359,0.0003862017248076377,0.012098453907293857
149,0.00013061575163812145,0.0003081207105424255,0.10428987276746576,0.0012927814980480503,0.026505347681923593
150,0.00047953717158124524,5.366434925235808e-05,0.0948183299355216,0.00017634958126253473,0.023881970259404434
151,2.6561204841613424e-05,6.825356831541285e-05,0.057766662146358845,6.781527245787912e-05,0.014482323047993437
152,0.0,0.0,0.0,0.0,0.0
153,9.570451536243845e-05,2.8148930141469464e-05,0.0819923449332676,0.0030485647610654443,0.021291190784959238
154,0.001026362982910783,0.00032024324173107743,0.13698976709408328,0.00036914878631643685,0.034676380526260396
155,5.088991178326989e-05,0.00024295943148899823,0.08854731113681277,0.00020890259069528887,0.022262515767695085
156,0.0007796911096128155,4.326444468460977e-05,0.08922707800303145,5.294901689128582e-05,0.022525745643555042
157,0.0007392525840580426,0.0004310478689149022,0.09968809569135342,0.00028868370808479466,0.025286769963102793
158,0.0003609982476335516,0.0008975923992693424,0.02888683427760578,0.0002759084742440498,0.00760533334968818
159,0.0024362382531190555,1.2737581528199371e-05,0.11729024725246302,0.00018406085477415296,0.02998082098547111
160,0.0,0.0,0.0,0.0,0.0
161,0.0014660390028259597,0.0016213604249060154,0.1904895999399126,0.01853827065409618,0.05302881750543519
162,0.00047722205968258425,0.013434207998216152,0.08471478433053145,0.0033504479223474028,0.0254941655776944
163,0.05186785163326713,0.001562633435241878,0.1746921981560072,0.005061387497220997,0.0582960176804343
164,0.0014747559764355708,0.0010362035827711225,0.17096613788857778,0.0009948597257673137,0.04361798929338795
165,0.0011310651359165052,0.000967194908298552,0.14732265266306344,0.0007493401183648136,0.03754256320641083
166,0.00041929848898989195,0.0,0.047604438432709235,0.03163897961990914,0.019915679135402067
167,0.0023203456109990844,0.0018957931315526366,0.24093675797464298,0.0020351532793733067,0.061797012499142004
168,5.3477541700646257e-05,0.0024949596263468266,0.10811781442095526,0.0011449688030514135,0.02795280509801354
169,0.0,0.0,0.10801757111984363,2.613374239444091e-05,0.027010926215559516
170,0.0,0.0,0.0,0.0,0.0
171,0.0003494506666362701,0.00011079401156166568,0.03995992432630356,5.993926289886155e-05,0.01012002706685009
172,0.0024785667966088464,0.00019216026703361422,0.007557919550158034,5.8547879097100304e-05,0.0025717986232243984
173,0.0011054573494210795,0.0,0.020465179970535836,1.9621863337743757e-05,0.0053975647958236644
174,0.0,0.0,0.0,0.0,0.0
175,0.0,0.0,0.1264025371303794,6.0920678392460025e-05,0.03161586445219297
176,0.0,0.0,0.0,0.0,0.0
177,0.0028465690736822805,0.0003651462902780622,0.05874943402996034,0.0019956889139355937,0.01598920957696407
178,6.719903935667868e-07,0.0,0.030672353260770207,5.20219567424848e-05,0.007681261801976564
179,0.0,0.0,0.0,0.0,0.0
180,0.009592398698677382,0.0047416528686881065,0.8635115466175749,0.015598463810282374,0.2233610154988057
181,0.0,0.0,0.0,0.0,0.0
182,6.944139309515013e-06,0.0,0.030645968202885118,0.00015759313379216494,0.007702626368996699
183,7.973638127262018e-05,0.00023497389338444918,0.16965221898791544,0.0012972685407833,0.04281604945083895
184,0.00023853926129549854,0.0,0.031202333273767507,0.0001254209703369749,0.007891573376349994
185,0.0003830767461194936,9.764271817402914e-05,0.07565196882392969,0.0002312854914722109,0.019090993444923855
186,0.0,0.0,0.0,0.0,0.0
187,0.0,0.0,0.0,0.0,0.0
188,9.487017720242007e-05,0.00011228927178308368,0.06961802707004629,7.558454597499574e-05,0.017475192766251695
189,0.0,0.0,0.0,0.0,0.0
190,0.001169860554508127,0.0,0.0504690765101962,0.00013266052885240346,0.012942899398389184
191,4.735664049017974e-05,0.0,0.029843916204453057,2.7683329198436637e-05,0.007479739043535418
192,0.0013844859898142251,0.11634344607591629,0.10389623104154447,0.02079727471956551,0.060605359456710126
193,0.0003071173258427957,0.0001146252325270325,0.037939663754247975,0.00010880719349012536,0.00961755337652698
194,0.0006272887543437258,0.0001766451314324513,0.05057103084228322,9.359024228132561e-05,0.01286713874258518
195,0.025445241049545726,1.4961533452151343e-05,0.12027271691847123,1.9704379983429873e-05,0.03643815597036314
196,0.0011884690694340199,0.0,0.032613805687566215,4.0317038624674565e-05,0.008460647948906228
197,0.00014096970577793432,5.901370241190307e-05,0.05189084746807866,0.00012361122000336804,0.013053610524067966
198,0.0010441586447692706,8.860047091729939e-05,0.09146443598655554,0.0003256109913139375,0.023230701523389012
199,0.0004808491621045144,0.02281114272773266,0.11945599734156938,0.003021120049402388,0.036442277320202235
200,0.0035534717653845876,0.0,0.179707458005628,0.00012239210095795115,0.04584583046799264
201,0.35055283573206886,5.2684121328638867e-05,0.022359329825162713,0.00021353469159507212,0.09329459609253882
202,3.968796920583621e-06,0.0,0.01578790774610249,0.0003506550660837785,0.004035632902276713
203,0.48076823337220276,6.809903425164521e-05,0.10653780561828531,0.0004519118225609704,0.14695651246182517
204,1.528443821607121e-05,0.0008430028683505952,0.10170318728184832,0.00016519968564597193,0.02568166856851524
205,0.11721253696010693,0.01812589541077614,0.11692791141404946,0.002936377998006487,0.06380068044573475
206,0.0018126946229508323,0.00015881752187851816,0.5943862020420196,0.0002134068641064951,0.1491427802627389
207,0.005000182755067926,0.15329408645629883,0.8149682849921304,0.5020509274969404,0.3688283704251094
208,0.0004143655783768609,0.003707930212840438,0.21161074939613306,0.0012180452928874544,0.05423777262005946
209,0.1101107066910265,0.0,0.0747890695742512,0.00010945788453985636,0.04625230853745439
210,0.00014232989899079236,0.007068237289786339,0.1339152871698441,0.001003197454705482,0.03553226295333168
211,6.322358098556432e-05,0.0,0.04348636483776831,0.000189128782494198,0.01093467930031202
212,0.001867262053286144,0.001701443805359304,0.10625323087886367,0.0009029517013294758,0.02768122210970965
213,0.0010474074339248659,0.00065480952616781,0.15911605897170303,0.0006924337847826228,0.04037767742914458
214,0.0,0.0,0.0,0.0,0.0
215,0.002868396418803614,0.0,0.09421975029974954,3.637960764750651e-05,0.024281131581550163
216,0.0003557924231406031,0.00027044222224503756,0.12983023034330682,0.0019578039578355593,0.033103567236632006
217,0.005116810570165796,0.00021352693147491664,0.061121245345508515,0.0004569833635304815,0.016727141552669925
218,8.245165727203984e-05,0.0,0.16260159076721645,0.0006328725526894557,0.04082922874429449
219,4.6180037302402786e-05,4.731332228402607e-05,0.07759445608221965,0.00012864229235240985,0.019454147933539622
220,0.0007875404676619365,0.00015573286509606987,0.023955817186556445,9.165941015768905e-05,0.006247687482368035
221,3.7431788804281405e-06,0.0,0.019395425412750356,0.00010565713649012401,0.004876206432030227
222,0.0,0.0,0.0,0.0,0.0
223,0.12175254662761109,0.08652355521917343,0.13262387386146157,0.0060550834637766926,0.0867387647930057
224,0.016590000108203745,0.0,0.06412180495703027,0.000480728700120515,0.020298133441338632
225,0.00010947352655348412,0.0,0.02111262133361322,0.00018064663932458626,0.005350685374872822
226,2.985960991059849e-05,0.0,0.03460745264999416,0.00027861669054263016,0.008728982237611848
227,0.0005172262165005275,0.0005094091757200658,0.12068254248616489,0.0007138677975518803,0.03060576141898434
228,0.0014562142369791335,0.0,0.04131945231009913,8.353413070309382e-05,0.01071480016944534
229,4.504673235261251e-06,0.0,0.11470437076632603,3.2121668264352814e-07,0.028677299164060983
230,4.923373269367791e-05,0.06320162117481232,0.09977182219378809,0.0027459525390726943,0.0414421574100917
231,0.00047194976591559266,0.0,0.07184082377151293,1.3144689311256708e-05,0.018081479556684946
232,5.92581012815103e-06,0.0,0.0723394236650902,4.8242156178606204e-05,0.01809839790784924
233,0.0,0.0,0.020432217464652916,0.013130253735621406,0.00839061780006858
234,0.000271506276373399,0.0,0.07504779420085793,0.00023019452010184988,0.018887373749333296
235,0.0002366999835992656,0.0,0.1411240438323178,0.0006621165034300498,0.035505715079836776
236,4.722798109792024e-06,0.0,0.0450287075324769,0.00015320903332996066,0.011296659840979162
237,0.00031906126312295375,0.0,0.14099514927596127,0.004880164199981727,0.036548593684766484
238,0.0,0.0,0.0,0.0,0.0
239,4.722798109792024e-06,0.0,0.13516729260184224,4.9274465347468e-05,0.03380532246632487
240,7.359223391510922e-05,0.0,0.03846011126109752,2.3845075292922826e-05,0.009639387142576387
241,0.0003023295449554655,0.0,0.018771708621291103,0.0006994993965311798,0.004943384390694437
242,0.0,0.0,0.06866511626680108,3.841679640497246e-05,0.017175883265801512
243,9.445596219584048e-06,0.0,0.03180592164951174,8.500818808842138e-05,0.007975093858454936
244,8.968889548107849e-06,0.00012415404489729553,0.027207005840459444,1.4331903399505464e-05,0.006838615169576088
245,0.0,0.0,0.0,0.0,0.0
246,0.0,0.0,0.0,0.0,0.0
247,5.1270314601751695e-05,0.00019275408703833818,0.11078452875363966,8.266642915514573e-05,0.027777804896108725
248,0.0,0.0,0.030093629355016725,0.0001314032610438112,0.007556258154015134
249,4.722798109792024e-06,0.0,0.0630778715555184,6.411178680909685e-05,0.01578667653510932
250,2.433747363080789e-05,0.0,0.03433255813347777,8.84390646281363e-05,0.008611333667934179
251,0.0004024551530790971,0.0,0.05437560021058543,0.0028943211621717023,0.014418094131459057
252,2.8819563711564027e-05,0.0,0.06058445967440777,0.00659811789217514,0.01680284928257362
253,2.2967117968198265e-05,0.0,0.027016850373272328,0.00010426845510764914,0.006786021486587045
254,0.0015960961490634588,1.4254836059990339e-05,0.12777292443884058,0.0009070042594109757,0.03257256992084375
255,0.00010430717806235195,0.0,0.09502382699618932,0.0003453357358409237,0.023868367477523147
256,0.009448309346335882,0.00010713546362239867,0.165463766393262,0.001367551709463026,0.04409669072817083
257,0.058841066879593264,0.025939924642443657,0.035280596308034894,0.0010227664273964041,0.030271088564367055
258,8.649300366173196e-05,1.9932665964006446e-05,0.1436379653428111,0.00022711273307867374,0.03599287593637888
259,0.00021649905826277898,1.5911044101812877e-05,0.07027706620747551,7.12234401632988e-05,0.01764517493750085
260,0.0027615732444703956,0.0006222896045073867,0.3645570097114413,0.0033912628379361136,0.0928330338495888
261,3.91248589463367e-06,0.0,0.1703168558235496,0.0005728512406636276,0.04272340488752697
262,0.0031354158656555315,0.002952354261651635,0.1026705928673187,0.0018547090043409653,0.02765326799974171
263,0.00043929416580161507,0.0,0.12046631597261392,0.0004405766305899139,0.030336546692251363
264,0.0008794526569065776,0.029032567515969276,0.7037788322694611,0.042719034350444766,0.19410247169819544
265,0.0008578071450765801,0.00031413117540068924,0.09989332761259,0.00030594703629113025,0.025342803242339597
266,0.0,0.0,0.0,0.0,0.0
267,0.0,0.0,0.0,0.0,0.0
268,0.014129070316701636,0.002853752113878727,0.3141017296007371,0.009008534608542326,0.08502327165996496
269,0.00017878346712841542,2.564026726759039e-05,0.05780502170243798,0.00023258347282744643,0.014560507227415358
270,0.0002790285844053558,0.00034801484434865415,0.07184911246921015,0.001050018355177389,0.018381543563285387
271,0.0,0.0,0.05825149341544205,0.00022140987857149994,0.014618225823503387
272,0.00024331939691987905,4.911487485514954e-05,0.1233534248111806,0.0004471247680843242,0.031023245962759988
273,4.817039277464503e-05,0.0,0.06986161084545456,0.00032412275037867655,0.01755847599715197
274,0.0016302162140831608,0.020708326250314713,0.0813136535713692,0.01498585930186675,0.029659513834408454
275,0.00011269209654575567,8.449067536275834e-05,0.12347055202986613,0.0003925094303083116,0.03101506105802074
276,0.037977847565792665,0.0,0.07473415219246815,0.0006330243383212145,0.02833625602414551
277,0.00013936295785094182,0.0,0.03095059712194727,0.0001828168307311369,0.007818194227632337
278,0.0019446859632406104,0.016038045287132263,0.10786511903173716,0.01309715737388546,0.03473625191399887
279,0.00012483095844222298,0.0001934039028128609,0.08439834018992792,0.0015305107742108305,0.02156177145634846
280,0.0002244542887811234,0.0,0.12671300927343054,8.459200537112831e-05,0.031755513891895695
281,3.6206639188753825e-05,0.0016879301983863115,0.08355563959691205,9.443747180685071e-05,0.02134355347657349
282,0.0011531215806321272,0.0020145350135862827,0.09385022691359272,0.0004358403717659036,0.02436343096989426
283,0.0005554844070646951,0.0,0.04146688603074674,0.0001577458728787088,0.010545029077672536
284,2.79264140326927e-05,2.6611227440298535e-05,0.07139831179546709,4.665436285238041e-05,0.017874875949948115
285,0.012910038001342328,1.0,0.10081226724539233,1.0,0.5284305763116837
286,0.0012050513720891069,0.00024759149528108537,0.13826009567431713,0.0005449953679102486,0.03506443347739939
287,0.001597033588039821,7.820511382305995e-05,0.05030373083458267,1.4133032124157586e-05,0.012998275642142428
288,0.0015802010528037313,0.0,0.10650937739790915,0.0010020297747731816,0.027272902056371517
289,0.0010905933804944013,3.827945329248905e-05,0.03932735497818014,0.00018604668883054725,0.010160568625199396
290,0.0,0.007263112813234329,0.08766851560391206,0.00018038407815857365,0.02377800312382624
291,0.015904121858310312,0.0013328491477295756,1.0,0.026031779740296187,0.260817187686584
292,0.00029552230891283725,0.10997790843248367,0.15410587948619398,0.13114164366450087,0.09888023847302284
293,5.3175116391058336e-05,0.0,0.06956893365598034,0.00013247702950930322,0.017438646450470174
294,0.030678808222684,0.008155722171068192,0.10905501922583037,0.0003320304229160401,0.03705539501062465
295,0.0,0.0,0.0,0.0,0.0
296,0.00018619976349203184,2.1385407308116555e-05,0.014260401841255,0.0006793495752928812,0.0037868341468370076
297,0.004208618013004275,0.0,0.0930136246067924,0.001695238747946509,0.024729370341935796
298,0.00033398637142208524,1.762892679835204e-05,0.1390673541187475,0.00016330899450671085,0.03489556960286866
299,0.00018923207820208183,0.0,0.04104467952334188,0.00015321010819638025,0.010346780427435085
300,0.0,0.0,0.0,0.0,0.0
301,0.0,0.0,0.08710521935732518,0.0027357137286829667,0.022460233271502036
302,0.0,0.0,0.0,0.0,0.0
303,0.0001821831087158029,0.0005710024852305651,0.044474204436954545,0.0001470529158542861,0.011343610736688799
304,9.445596219584048e-06,0.0,0.03180592164951174,8.500818808842138e-05,0.007975093858454936
305,0.0,0.0,0.0,0.0,0.0
306,0.0005717249297666528,8.794021414360031e-05,0.043867718855316415,0.00011820132356419138,0.011161396330697716
307,0.0005312883079419736,7.571089372504503e-05,0.07863825612130565,4.530926140999072e-05,0.019822641146095662
308,4.211470188094787e-05,0.01586669683456421,0.051722242452231636,7.259123388905181e-05,0.016925911305641462
309,9.445596219584048e-06,0.0,0.03180592164951174,8.500818808842138e-05,0.007975093858454936
310,4.722798109792024e-06,0.0,0.020464416794055123,4.2576899787249964e-05,0.0051279291229880414
311,2.5329478197956243e-05,0.0,0.06191595676805726,0.0002856238167418413,0.015556727515749264
312,9.445596219584048e-06,0.0,0.03180592164951174,8.500818808842138e-05,0.007975093858454936
313,0.00046656149703930077,0.0,0.11765437077408722,7.910640562403706e-05,0.02955000966918764
314,0.0011344526894830724,0.0011167532065883279,0.07992356375986592,0.0001588878739848962,0.020583414382480555
315,0.0,0.0,0.07773053478416343,0.0013732371741022173,0.019775942989566413
316,0.0,0.0,0.05983329558045735,0.00450439053695169,0.01608442152935226
317,0.0010397683953285248,0.00017030794697348028,0.03266443133969719,0.0008474534443500283,0.008680490281587305
318,0.00018809664954968897,1.699029053270351e-05,0.08730096568978499,0.000343214850149015,0.0219623168700041
319,0.0012830745544001852,0.0,0.050617292698288026,0.0010138712559326195,0.013228559627155209
320,0.00020902681026408563,0.04009154066443443,0.045931487404506595,0.006215822273595976,0.023111969288200272
321,2.6012475979068698e-05,0.0,0.04536416053586294,0.00021208825254195597,0.011400565316095991
322,0.0027267561466080936,0.02755734510719776,0.09605204127264778,0.0031492734300633063,0.032371353989129235
323,0.003814845789230536,0.0005180148873478174,0.04872355251946946,0.00026050125908604066,0.013329228613783464
324,0.0001127189464643448,6.755554204573855e-05,0.06728729331052664,0.00020093795707378108,0.016917126439027628
325,0.0010168850287619023,0.0,0.054496034595187454,9.832194243062777e-05,0.013902810391594996
326,0.00576853462078239,0.0,0.07267863150418034,6.403112794358961e-05,0.01962779931322658
327,0.0006475921994958904,3.075936183449812e-05,0.07238827392377647,0.0001368172468919537,0.018300860682999704
328,2.403013706868694e-06,0.0,0.03497453662757349,0.00024579708623280076,0.008805684181878288
329,0.004903219335495963,0.001689990283921361,0.12044243676738527,0.01178643224808901,0.0347055196587229
330,0.00033244105688895963,0.004165082238614559,0.04716070065379308,0.0004310573077609832,0.013022320314264396
331,9.160478839456494e-05,6.748264422640204e-05,0.051622222290143335,0.00023582128787553845,0.013004282752659961
332,0.002527589780551721,0.001010165549814701,0.13516239509356023,0.0009543080227601232,0.034913614611671695
333,0.0026939340683819622,2.9874368919990957e-05,0.12584106821130617,0.00035095099539405266,0.03222895691100055
334,0.00015536326657966177,0.0003300641546957195,0.08875463698610171,0.0006433755179273931,0.022470859981326124
335,0.00026079538425702407,0.0006252366583794355,0.14404925498929982,0.000509767342473356,0.03636126359360241
336,0.0007284152567277296,0.00014197129348758608,0.03322243055666588,0.0004740073074432251,0.008641706103581104
337,6.568508941340599e-05,7.421535701723769e-05,0.026102135868429528,0.00011762622280894683,0.00658991563441728
338,0.00012731089554574612,2.547708027123008e-05,0.06966297809355544,0.0028021346873571187,0.01815447518918238
339,0.00016774421621812,0.0,0.051636106448264975,7.887157176499615e-05,0.012970680559062022
340,1.5427780626607307e-05,6.133662100182846e-05,0.1106929953425887,1.4176228259561447e-05,0.02769598399311917
341,0.0002095798535245844,0.00023969124595168978,0.04160339927360678,0.0002096270069975915,0.010565574345020163
342,0.0009309815796622784,0.00030177622102200985,0.07208542400670369,0.00010817056493150396,0.01835658809307987
343,0.002592748232107358,0.0,0.03659570144010756,0.001434793885558795,0.01015581088944343
344,0.00021514510279467514,0.001366025535389781,0.04573080690327242,0.0002316190928756148,0.011885899158583122
345,5.691012360955416e-05,0.0,0.094342271726923,0.00012387127812445436,0.023630763282164253
346,0.00012189197513569154,0.00021502772870007902,0.04689278022683636,0.00014391273202410347,0.011843403165674058
347,4.551775912500637e-06,0.0,0.1004250592782213,0.00020175469340790575,0.025157841436885427
348,0.0001884730316720304,7.277559689100599e-06,0.0736523935674985,0.00013486459385557062,0.018495752188178803
349,0.0,0.0,0.003795303626617057,0.00012867133840551356,0.0009809937412556427
350,0.00016338465098212192,0.0001705211470834911,0.07718345956475015,0.0001866792687099707,0.01942601115788143
351,0.00011532291658576085,0.0008248272351920605,0.02203266648429679,9.003385896974631e-05,0.005765712623761089
