,feature,gbr,xgb,rf,BayesianRidge,mean,feat_pos,true_position,TMD,amino_acid
0,1_H1,2.140011773002534e-05,8.770235581323504e-05,0.0006547245696313,0.1927290527224814,0.048373219941414,1,1,CT/EC,M
1,1_NCI,0.0016149411011346,2.8776430553989485e-05,0.0001411504756017,0.0282223346838379,0.007501800672782,1,1,CT/EC,M
2,2_H3,0.0002921450536713,1.2208133739477487e-05,8.013825390395332e-05,0.0847905053851197,0.0212937492066086,2,2,CT/EC,N
3,3_H1,0.0005639237729008,0.0001080913571058,0.0004164949171148,0.1171864703220791,0.0295687450923001,3,3,N-Termina,G
4,3_H3,0.0013124805213666,0.0003252846945542,7.078717664739353e-05,0.0780292726125469,0.0199344562512788,3,3,N-Termina,G
5,3_NCI,0.0064080372402194,6.277448119362816e-05,5.4749885143467305e-05,0.0972394119380778,0.0259412433861585,3,3,N-Termina,G
6,4_H1,2.8752201171034565e-05,0.0001205955049954,0.0002527522441905,0.0091149932812628,0.0023792733079049,4,4,N-Termina,T
7,4_H3,1.5899467676753615e-05,6.721515819663182e-05,3.015707098804476e-06,0.0255391529584904,0.0064063208228656,4,4,N-Termina,T
8,4_NCI,0.0013205682473975,0.0012396199163049,0.0006025580448028,0.0409613707496559,0.0110310292395403,4,4,N-Termina,T
9,5_H1,0.012014521461542,0.0001044463206198,0.000368563896442,0.1088494262433485,0.0303342394804881,5,5,N-Termina,E
10,5_NCI,0.0006981441418754,0.0002720411575865,0.0007020349787866,0.0991207534333557,0.0251982434279011,5,5,N-Termina,E
11,6_H3,3.615710165503579e-05,0.0,1.1305884733744694e-05,0.1676991237290206,0.0419366466788523,6,6,N-Termina,G
12,6_H1,0.000186473773794,6.743859557900578e-05,0.0007154448103713,0.1507950369999293,0.0379410985449184,6,6,N-Termina,G
13,7_H1,0.0001129783619557,4.919878392684041e-06,0.0006927081541582,0.056274701605452,0.0142713269999896,7,7,N-Termina,P
14,7_H3,4.310644672350594e-07,1.491290095145814e-05,1.68425005677225e-05,0.0546008285023981,0.0136582537420961,7,7,N-Termina,P
15,7_NCI,5.252246070759514e-05,4.850617642659927e-06,0.0005605271613983,0.0015898600880587,0.0005519400819518,7,7,N-Termina,P
16,8_H1,0.0008759617384127,2.121448778780177e-05,0.0002323187172166,0.0338845899375582,0.0087535212202438,8,8,N-Termina,N
17,8_H3,1.5825695618210266e-05,2.573174015196855e-06,1.1664104421264825e-05,0.0554962631778308,0.0138815815379713,8,8,N-Termina,N
18,8_NCI,0.0001093094190949,0.0003422512090764,0.0002110351373177,0.0683669036599871,0.017257374856369,8,8,N-Termina,N
19,9_H1,4.1775428795821374e-08,1.233045713888714e-05,4.588329768615868e-05,0.0080846566063978,0.0020357280341629,9,9,N-Termina,F
20,9_NCI,9.706038519345004e-05,0.0,8.683875035776018e-05,0.0354867363187227,0.0089176588635684,9,9,N-Termina,F
21,10_NCI,6.086395365553393e-06,0.0,0.0005746153261865,0.0412848766418583,0.0104663945908526,10,10,N-Termina,Y
22,10_H1,2.7287115488000258e-06,7.21879187040031e-05,0.0001563967814741,0.0146376778302403,0.0037172478104918,10,10,N-Termina,Y
23,10_H3,4.657399493454628e-05,0.0001366987708024,0.0001648928864521,0.0077118210819442,0.0020149966835333,10,10,N-Termina,Y
24,11_NCI,0.0001727945408702,0.0,2.28787357858582e-05,0.0406605055093487,0.0102140446965012,11,11,N-Termina,V
25,11_H3,7.431359659308035e-06,0.0,3.1513474310413273e-05,0.0497498879085263,0.012447208185624,11,11,N-Termina,V
26,11_H1,7.78177281330429e-05,0.0,7.203314051254085e-06,0.007263046728139,0.0018370169425808,11,11,N-Termina,V
27,12_H1,4.609656266249442e-05,4.1158011299557984e-05,0.0001584250229442,0.0491951225491868,0.0123602005365233,12,12,N-Termina,F
28,12_H3,2.4059576740326136e-05,0.0,4.041241468742002e-06,0.0607235807593542,0.0151879203943908,12,12,N-Termina,F
29,12_NCI,0.0001104261867553,0.0,0.000180956349148,0.0961003251167788,0.0240979269131705,12,12,N-Termina,F
30,13_H1,0.000148648299812,0.0002088875626213,0.0006512815937039,0.0411948342122571,0.0105509129170986,13,13,N-Termina,S
31,13_H3,0.0001511888042793,0.0,7.062500055193206e-05,0.055865815864542,0.0140219074173433,13,13,N-Termina,S
32,13_NCI,0.0004205526558752,0.0002266968076582,0.0009629299893771,0.0188334472060361,0.0051109066647367,13,13,N-Termina,S
33,15_H1,0.0012903801082546,1.888212136691436e-05,0.0002963991308885,0.0001543573279019,0.000440004672103,15,15,N-Termina,K
34,15_H3,3.964119429939672e-07,1.8901037037721835e-06,0.0002884538242047,0.0426813934184,0.0107430334395628,15,15,N-Termina,K
35,15_NCI,0.0085141057380579,8.876102947397158e-05,0.0009880752973623,0.1262962083124722,0.0339717875943416,15,15,N-Termina,K
36,16_H3,0.0,0.0,0.0,0.0331523213879424,0.0082880803469856,16,16,N-Termina,T
37,16_NCI,1.768829176813224e-06,0.0,4.721235828164031e-05,0.0504072840121766,0.0126140662999087,16,16,N-Termina,T
38,16_H1,0.0001036666826176,0.0001632811326999,1.758080836296634e-05,0.0519202813955213,0.0130512025048004,16,16,N-Termina,T
39,17_H1,0.0011879413115038,0.000509190140292,8.524354505018143e-05,0.0656687228136475,0.0168627744526234,17,17,N-Termina,G
40,17_H3,4.747275799117045e-07,0.0,4.343273128772695e-06,0.0246996073415589,0.0061761063355669,17,17,N-Termina,G
41,17_NCI,0.0001843821900159,0.0,0.0082025891608442,0.0701102311016845,0.0196243006131361,17,17,N-Termina,G
42,18_H1,0.0588712821222416,0.000105295330286,3.9615094621491936e-05,0.0169120275530999,0.0189820550250622,18,18,N-Termina,V
43,18_H3,0.0,0.0,1.1704236029666913e-06,0.0043243080884002,0.0010813696280008,18,18,N-Termina,V
44,18_NCI,0.0001073850419013,0.0,0.0002666571647854,0.123614426911223,0.0309971172794774,18,18,N-Termina,V
45,19_H1,0.012153066865021,4.156977411184926e-06,1.0870209335339732e-05,0.007584462240955,0.0049381390731806,19,19,N-Termina,V
46,19_H3,3.751717584873853e-05,0.0,4.844201920638428e-05,0.0544475014103462,0.0136333651513503,19,19,N-Termina,V
47,19_NCI,4.434247821328689e-07,0.0,5.960711638707266e-06,0.0627123493103626,0.0156796883616958,19,19,N-Termina,V
48,20_NCI,0.0066992403718565,0.3803636431694031,1.0,0.1035439930629495,0.3726517191510523,20,20,N-Termina,R
49,20_H1,0.0002114322026476,0.0002388809371041,8.654571960471034e-05,0.0383207601267955,0.009714404746538,20,20,N-Termina,R
50,20_H3,0.3600030908349139,0.0,0.0003882449291702,0.0138953479119068,0.0935716709189977,20,20,N-Termina,R
51,21_NCI,4.400059777823487e-06,0.0,0.000203953524595,0.110502286238013,0.0276776599555964,21,21,N-Termina,S
52,21_H1,0.0004544841518608,0.0004147074359934,0.0002230996377031,0.0124931723239212,0.0033963658873696,21,21,N-Termina,S
53,21_H3,1.6260425405213274e-05,0.0,0.0001186545100188,0.0532020540442677,0.0133342422449229,21,21,N-Termina,S
54,22_H1,0.0,0.0003048529615625,6.910386963003084e-06,0.0243001621188831,0.0061529813668521,22,22,N-Termina,P
55,22_NCI,3.764922451893548e-06,0.0,1.9637198495959136e-05,0.1714834876943255,0.0428767224538183,22,22,N-Termina,P
56,23_H3,8.368954597620438e-06,0.0,0.0002087845499263,0.0080856296792639,0.0020756957959469,23,23,N-Termina,F
57,23_NCI,0.0001326944056999,0.0,9.041896076135802e-05,0.0330674374131344,0.0083226376948989,23,23,N-Termina,F
58,24_H3,6.175935463617055e-06,0.0,1.6984067973218794e-06,0.0585164640766131,0.0146310846047185,24,24,N-Termina,E
59,24_NCI,6.180324069817547e-05,3.5369779652683064e-05,0.000131661210237,0.0063696611119001,0.001649623835622,24,24,N-Termina,E
60,25_NCI,0.0001554067806693,0.0,0.0015965507618384,0.0700189407735811,0.0179427245790222,25,25,N-Termina,A
61,25_H3,0.0001442986977626,0.0017596344696357,9.08005903411215e-06,0.0387983535106172,0.0101778416842624,25,25,N-Termina,A
62,26_H1,4.849427267433119e-06,0.0010038814507424,3.245000920498841e-05,0.0086351214374405,0.0024190755811638,26,26,N-Termina,P
63,26_NCI,4.371546536509604e-05,2.4039218260440972e-05,5.007947370196901e-05,0.0143207776512365,0.003609652952141,26,26,N-Termina,P
64,27_H3,0.0,0.0,5.434981140451575e-06,0.0096819496531818,0.0024218461585805,27,27,N-Termina,Q
65,27_NCI,0.0035181339125183,0.0006976922741159,0.000133478517384,0.0370588810746149,0.0103520464446583,27,27,N-Termina,Q
66,27_H1,0.0004420484356048,0.0,2.0216221854822383e-05,0.0673643022049061,0.0169566417155914,27,27,N-Termina,Q
67,28_H3,9.337136988195116e-07,0.0,0.0001048606144446,0.0215134716852418,0.0054048165033463,28,28,N-Termina,Y
68,28_H1,0.0069158051446803,0.0,0.0007603921392633,0.0309941538396564,0.0096675877809,28,28,N-Termina,Y
69,28_NCI,4.796430596173623e-05,0.0,6.95547514565025e-05,0.0268299721197989,0.0067368727943042,28,28,N-Termina,Y
70,29_H3,0.0001438462530417,0.0021194787696003,0.0010195590161324,0.0142596604169237,0.0043856361139245,29,29,N-Termina,Y
71,29_NCI,0.0001438462530417,0.0021194787696003,0.0010195590161324,0.0142596604169237,0.0043856361139245,29,29,N-Termina,Y
72,29_H1,0.0001438462530417,0.0021194787696003,0.0010195590161324,0.0142596604169237,0.0043856361139245,29,29,N-Termina,Y
73,30_H1,4.452235009028112e-05,0.0,0.0008714976170298,0.0494981973183374,0.0126035543213644,30,30,N-Termina,L
74,30_NCI,1.933037126712448e-05,6.306104478426278e-05,2.278275583845219e-05,0.0147585951131244,0.0037159423212535,30,30,N-Termina,L
75,30_H3,3.0732271918679524e-08,0.0,1.685810058464896e-06,0.0182297225864938,0.004557859782206,30,30,N-Termina,L
76,31_H1,1.2935980980377254e-05,0.0376945436000824,0.0001914893962944,0.0298861506731676,0.0169462799126312,31,31,N-Termina,A
77,31_H3,8.374865054644287e-05,0.0,0.0,0.0322592908275527,0.0080857598695247,31,31,N-Termina,A
78,32_H1,1.6684598076166918e-05,8.539417649444658e-06,0.0001300008922133,0.009704215975599,0.0024648602208845,32,32,N-Termina,E
79,32_H3,4.290556931412841e-05,4.6495115384459496e-05,4.276391729824314e-06,0.0100511366412571,0.0025362034294213,32,32,N-Termina,E
80,32_NCI,3.0224240555148643e-05,0.0001648858305998,3.71073399856499e-05,0.0207125916302325,0.0052362022603432,32,32,N-Termina,E
81,33_H1,0.009059341299018,0.0001855178124969,0.0003563309939538,0.0735284758474449,0.0207824164882284,33,33,N-Termina,P
82,33_H3,0.0,0.0,2.024964365456036e-06,0.0112261435546406,0.0028070421297515,33,33,N-Termina,P
83,33_NCI,0.0006038314295939,3.623684824560769e-05,0.0001071778440436,0.0685481444043783,0.0173238476315653,33,33,N-Termina,P
84,34_H3,0.0,0.0,2.958660603465599e-07,0.0287720965807233,0.0071930981116959,34,34,N-Termina,W
85,34_NCI,7.980444568299356e-06,0.0,1.3545671920578367e-05,0.0732026209021354,0.018306036754656,34,34,N-Termina,W
86,34_H1,1.6805023739209203e-06,0.0,4.8072318805905255e-05,0.0236031516751682,0.005913226124087,34,34,N-Termina,W
87,35_H1,0.0006297331879946,0.0003416262043174,5.852743284660266e-05,0.0154940908029663,0.0041309944070312,35,35,N-Termina,Q
88,35_H3,9.493327222780312e-07,3.807610846706666e-05,0.0003005189322663,0.0498638149951947,0.0125508398421626,35,35,N-Termina,Q
89,35_NCI,2.4830862492483003e-05,2.4706319891265597e-05,0.0011129956867183,0.0235694906701753,0.0061830058848193,35,35,N-Termina,Q
90,36_H1,9.694142349303124e-06,2.676003532542381e-05,0.0004524678332729,0.0030891943125263,0.0008945290808685,36,36,N-Termina,F
91,36_NCI,0.000442175059619,0.0,0.0002846857620764,0.0086324063453211,0.0023398167917541,36,36,N-Termina,F
92,36_H3,9.694142349303124e-06,2.676003532542381e-05,0.0004524678332729,0.0030891943125263,0.0008945290808685,36,36,N-Termina,F
93,37_NCI,0.0008968186687581,0.0001578793744556,0.0007193345104659,0.1878034868580535,0.0473943798529333,37,37,1,S
94,38_NCI,0.0001114789325628,1.71802967088297e-05,0.0002136933077714,0.0742151958174101,0.0186393870886133,38,38,1,M
95,38_H1,0.0001159860196156,0.0001185107175842,0.0003895090657225,0.0634142555024176,0.016009565326335,38,38,1,M
96,39_H3,0.0,0.0,4.6869652519853547e-07,0.0111401761319311,0.002785161207114,39,39,1,L
97,39_NCI,0.0002912977505843,8.524883924110327e-06,0.0022256944849301,0.0130214091218171,0.0038867315603139,39,39,1,L
98,39_H1,0.0049082957133397,0.0,0.0001428722971724,0.0289111001247402,0.0084905670338131,39,39,1,L
99,40_H1,2.91918835914792e-05,0.0006958224694244,0.000120613010744,0.0149566127429098,0.0039505600266674,40,40,1,A
100,40_H3,0.0001992419911896,0.0,7.109968276209429e-05,0.0164515498834686,0.0041804728893551,40,40,1,A
101,40_NCI,1.6270421758863797e-05,3.253087561461143e-05,0.0001010498294017,0.0543711543330854,0.0136302513649651,40,40,1,A
102,41_H1,0.0006016839902787,0.0020073761697858,0.0003903524524304,0.0784626772548,0.0203655224668237,41,41,1,A
103,41_NCI,0.0665584752733821,0.0003903608012478,0.0001450061999409,0.0107656973979515,0.0194648849181306,41,41,1,A
104,42_H1,0.0,0.0001487495173932,0.0006903550157973,0.0180995170321105,0.0047346553913252,42,42,1,Y
105,42_H3,4.056623931733051e-06,0.0,3.922311403474102e-05,0.0397026333018473,0.0099364782599534,42,42,1,Y
106,42_NCI,0.0001208317158128,0.0,0.0003245799483302,0.1041894376535778,0.0261587123294302,42,42,1,Y
107,43_H1,1.115096709246358e-05,3.7534649891313165e-05,3.491905834891205e-05,0.0534083229460084,0.0133729819053352,43,43,1,M
108,43_NCI,0.0039186027891435,0.0004725384351331,4.842713240599964e-05,0.0383491951985825,0.0106971908888163,43,43,1,M
109,44_H1,9.569542715756209e-05,0.0003120369219686,0.0029229441538092,0.0134750848052219,0.0042014403270393,44,44,1,F
110,44_H3,0.0,0.0,1.1446213581915912e-05,0.0259713332202026,0.0064956948584461,44,44,1,F
111,44_NCI,0.000402406862852,0.0,0.000461026634462,0.0113079621147312,0.0030428489030113,44,44,1,F
112,45_H1,0.0049667330391421,5.817650890094228e-05,0.0005298908753554,0.02347056070176,0.0072563402812896,45,45,1,L
113,45_H3,2.212926620518125e-05,0.0,4.720927819462059e-05,0.0466876329280359,0.0116892428681089,45,45,1,L
114,46_NCI,1.9506330231709253e-05,0.0,0.0001251437886979,0.0525087132423877,0.0131633408403293,46,46,1,L
115,47_H1,0.0089910727416769,0.0,4.206531206080666e-05,0.0320804909672406,0.0102784072552445,47,47,1,I
116,47_H3,0.0007263070356191,0.0,2.034226755892053e-06,0.0513119073850165,0.0130100621618479,47,47,1,I
117,47_NCI,1.4121362799440364e-05,0.0007116025080904,4.393684097357659e-05,0.0836477815013453,0.0211043605533021,47,47,1,I
118,48_H1,0.0048111457471145,0.0002286360831931,0.0011580112319643,0.0403590714442489,0.0116392161266302,48,48,1,M
119,48_H3,0.0001608417687974,0.0,0.0002231698067985,0.0528566348686489,0.0133101616110612,48,48,1,M
120,48_NCI,0.0026701847074712,1.96521395992022e-05,0.0004630472941123,0.0261785853185177,0.0073328673649251,48,48,1,M
121,49_H1,6.820653005955769e-05,0.0006549616809934,9.477786415928848e-05,0.0685925091800926,0.0173526138138262,49,49,1,L
122,49_H3,3.247491619555475e-07,0.0,4.693427562268147e-06,0.0342046188472933,0.0085524092560043,49,49,1,L
123,49_NCI,2.2985397367689606e-05,7.69689359003678e-06,0.0041297720071991,0.0618779231446124,0.0165095943606923,49,49,1,L
124,50_H3,8.401335105311318e-07,0.0011891211615875,0.0001174669506801,0.0260289210836876,0.0068340873323664,50,50,1,G
125,50_H1,8.401335105311318e-07,0.0011891211615875,0.0001174669506801,0.0260289210836876,0.0068340873323664,50,50,1,G
126,50_NCI,0.000152514398241,0.0,7.965402837633468e-05,0.0454560283743768,0.0114220492002485,50,50,1,G
127,51_NCI,0.0029465359863927,0.0,0.0003235040756017,0.0973411134553286,0.0251527883793307,51,51,1,F
128,51_H3,2.924828860147046e-05,0.0002565601607784,0.0001977569347936,0.2064044007529696,0.0517219915342858,51,51,1,F
129,51_H1,0.0732126770940903,0.0001212270071846,0.0006313305997029,0.2409743342890964,0.0787348922475185,51,51,1,F
130,52_H3,0.0,0.0,2.250820261862036e-07,0.0232339697334837,0.0058085487038774,52,52,1,P
131,52_NCI,8.051457362385727e-05,0.0,0.0004896290333745,0.0770026504496416,0.01939319851416,52,52,1,P
132,52_H1,2.850001508117048e-05,0.0007675160304643,0.000414007075094,0.0116130969869526,0.003205780026898,52,52,1,P
133,53_H1,0.0001229151007024,0.0,5.1068630458349406e-05,0.0271697995132843,0.0068359458111112,53,53,1,I
134,53_H3,1.1279062415546567e-05,0.0,0.0,0.0116571130248356,0.0029170980218128,53,53,1,I
135,53_NCI,0.0235812492518099,0.0,1.266720777287234e-05,0.0052216892399072,0.0072039014248725,53,53,1,I
136,55_NCI,0.0003641033511746,3.862511948682368e-05,0.0003625421541945,0.0335833493709197,0.0085871549989439,55,55,1,F
137,55_H1,7.333487120989071e-05,7.836310089714972e-08,5.5576847459174096e-05,0.039994621091825,0.0100309027933987,55,55,1,F
138,56_H1,0.0001872146173156,0.000110135290015,0.0014848468226103,0.0785828889785242,0.0200912714271163,56,56,1,L
139,56_H3,0.00047955019881,0.0,0.0001000776204652,0.0006377678701783,0.0003043489223634,56,56,1,L
140,56_NCI,0.0001990944593484,0.0,0.0001780791928313,0.0331854782642557,0.0083906629791089,56,56,1,L
141,57_NCI,1.869713285790184e-05,0.0,1.7165047877390486e-08,0.0439697965126832,0.0109971277026472,57,57,1,T
142,57_H3,1.869713285790184e-05,0.0,1.7165047877390486e-08,0.0439697965126832,0.0109971277026472,57,57,1,T
143,57_H1,1.869713285790184e-05,0.0,1.7165047877390486e-08,0.0439697965126832,0.0109971277026472,57,57,1,T
144,58_NCI,9.832607683306004e-06,0.0,3.832978557816998e-06,0.0429664519288885,0.0107450293787824,58,58,1,L
145,59_H1,0.144613182900982,0.0,0.0001040757593927,0.066440277414622,0.0527893840187492,59,59,1,Y
146,59_H3,0.0,0.0,7.0384897317860895e-06,0.0408921750618668,0.0102248033878996,59,59,1,Y
147,59_NCI,5.820893817118907e-05,7.967801502672955e-05,9.21005611960483e-05,0.0681658722635522,0.0170989649444865,59,59,1,Y
148,60_H1,0.0012088194170245,0.0023230940569192,3.703725097309216e-05,0.0720930998307999,0.0189155126389291,60,60,1,V
149,60_H3,0.0,0.0,0.0,0.0082088110628972,0.0020522027657243,60,60,1,V
150,60_NCI,7.007371041349305e-05,0.0,9.190720430784656e-06,0.0689132504555517,0.017248128721599,60,60,1,V
151,61_H1,5.2507405154499066e-05,0.0,6.3285951654117495e-06,0.0021131011575421,0.0005429842894655,61,61,1,T
152,61_H3,5.2507405154499066e-05,0.0,6.3285951654117495e-06,0.0021131011575421,0.0005429842894655,61,61,1,T
153,61_NCI,0.0,0.0,4.235449381654534e-05,0.0022455951319946,0.0005719874064528,61,61,1,T
154,62_NCI,0.0255800849615527,8.610953955212608e-05,0.0005391859111522,0.0777947927590804,0.0260000432928344,62,62,CT/EC,V
155,62_H3,0.0,3.2608579203952104e-05,9.994900586332616e-05,0.0919652563331034,0.0230244534795426,62,62,CT/EC,V
156,62_H1,0.0001948665417261,0.0013522924855351,0.0002672103224641,0.0783268550682298,0.0200353061044888,62,62,CT/EC,V
157,63_H1,0.0006737085664833,1.5622072169207968e-05,0.0002701765708835,0.0384284296090612,0.0098469842046493,63,63,CT/EC,Q
158,64_H3,0.0100714705456529,0.0,0.0003318916850696,0.042942544480337,0.0133364766777649,64,64,CT/EC,H
159,64_NCI,0.0036571381653983,0.0,0.0038995728270998,0.0209991174223276,0.0071389571037064,64,64,CT/EC,H
160,65_NCI,3.832992547216916e-06,0.0,2.4440298758154588e-05,0.0138900529028259,0.0034795815485328,65,65,CT/EC,K
161,65_H1,0.0008296313902864,0.0,4.694206721766086e-05,0.0208537999203441,0.005432593344462,65,65,CT/EC,K
162,66_NCI,0.0010450031091701,0.0,0.000103066245929,0.1536417618852902,0.0386974578100973,66,66,CT/EC,K
163,66_H3,3.774282364704375e-05,0.0,1.0836097490987584e-05,0.0105489636536675,0.0026493856437014,66,66,CT/EC,K
164,66_H1,5.586711514282446e-06,3.009218744409736e-05,0.000151858471624,0.0192839603933875,0.0048678744409924,66,66,CT/EC,K
165,67_H1,0.0,0.0,0.0,0.0082088110628972,0.0020522027657243,67,67,CT/EC,L
166,67_NCI,0.0,0.0,0.0,0.0082088110628972,0.0020522027657243,67,67,CT/EC,L
167,68_NCI,0.0001496893508361,0.0,7.359737252637452e-06,0.0434595385266687,0.0109041469036893,68,68,CT/EC,R
168,68_H3,1.8919044454598632e-05,0.0,6.610567216033425e-06,0.0549773732278181,0.0137507257098722,68,68,CT/EC,R
169,68_H1,6.0054489170068114e-06,0.0,1.8021278860956983e-05,0.128085678965955,0.0320274264234332,68,68,CT/EC,R
170,69_H1,0.0008554727929016,0.0,4.73841650521527e-05,0.031427810924411,0.0080826669705912,69,69,CT/EC,T
171,69_H3,0.0,0.0,1.986445123267128e-06,0.04270111065227,0.0106757742743483,69,69,CT/EC,T
172,69_NCI,1.014940560399273e-05,0.0,4.620553301072063e-05,0.0246033825382618,0.0061649343692191,69,69,CT/EC,T
173,70_H1,3.972033355493893e-09,0.0,4.414018517892999e-06,0.0016526062177938,0.0004142560520862,70,70,CT/EC,P
174,70_H3,2.480414183682728e-07,0.0,3.6329957991116287e-06,0.0166524723059946,0.004164088335803,70,70,CT/EC,P
175,70_NCI,0.0,0.0,0.0001155560319941,0.0787543409231547,0.0197174742387872,70,70,CT/EC,P
176,71_H3,9.06779275331833e-07,0.0,6.328663488936452e-06,0.0211586634529599,0.005291474723931,71,71,CT/EC,L
177,71_H1,0.0017402323697582,0.0,1.2327974000488037e-06,0.0391620065511341,0.0102258679295731,71,71,CT/EC,L
178,72_H1,0.0,0.0,0.0,0.0082088110628972,0.0020522027657243,72,72,CT/EC,N
179,72_NCI,0.0,0.0,0.0,0.0082088110628972,0.0020522027657243,72,72,CT/EC,N
180,73_H3,0.0,0.0,1.6673817807509447e-05,0.0213290056395498,0.0053364198643393,73,73,CT/EC,Y
181,73_NCI,0.0001125654925984,0.0,9.957507430849002e-05,0.0481610301008255,0.0120932926669331,73,73,CT/EC,Y
182,73_H1,7.061435229853135e-06,0.0,7.238097588967837e-06,0.0144221954835501,0.0036091237540922,73,73,CT/EC,Y
183,74_H3,9.461929971044466e-05,0.0,7.340098576935108e-06,0.020037112244127,0.0050347679106036,74,74,2,I
184,74_H1,0.0027044907707828,0.0,3.885524236676462e-05,0.0487900557294096,0.0128833504356397,74,74,2,I
185,74_NCI,1.2825296892086232e-06,0.0,9.290952375830131e-06,0.0480657906368358,0.0120190910297252,74,74,2,I
186,75_H1,2.193854730351712e-06,0.0,5.709105877798227e-05,0.0267903844634446,0.0067124173442382,75,75,2,L
187,75_NCI,0.0001047219697322,0.0,1.3952713211165668e-05,0.0430683160224771,0.0107967476763551,75,75,2,L
188,75_H3,2.0020475428009706e-07,0.0,0.0,0.0034821590499233,0.0008705898136694,75,75,2,L
189,76_NCI,3.175567271093353e-05,0.0002158039424102,5.9365931704154086e-05,0.0330887915932192,0.0083489292850111,76,76,2,L
190,77_NCI,0.0001765904671046,0.0,2.481809520779828e-05,0.000559664184591,0.0001902681867258,77,77,2,N
191,78_H1,8.220662036675333e-05,3.3840879041235894e-05,9.991753401593504e-05,0.0034706533880628,0.0009216546053716,78,78,2,L
192,78_NCI,0.0014378578940319,0.0,0.0001793515890535,0.028338502481382,0.0074889279911168,78,78,2,L
193,79_H1,0.0032020603620622,6.978565579629503e-06,0.0001263459203547,0.030281610377191,0.0084042488062969,79,79,2,A
194,79_NCI,0.0002459085129432,2.12201957765501e-05,0.0001081936639445,0.0016652987761639,0.000510155287207,79,79,2,A
195,79_H3,0.0032020603620622,6.978565579629503e-06,0.0001263459203547,0.030281610377191,0.0084042488062969,79,79,2,A
196,80_NCI,7.648197659531058e-05,2.9872464438085444e-05,0.0002663246332211,0.0622354225204512,0.0156520253986764,80,80,2,V
197,80_H1,0.0006229222925057,0.0001598032104084,0.0003872220064214,0.049141838480233,0.0125779464973921,80,80,2,V
198,81_NCI,0.0001512584896006,3.549682878656313e-05,8.257806280800055e-05,0.0404439492759487,0.0101783206642859,81,81,2,A
199,81_H1,0.0001218786256972,4.918844570056535e-05,0.0004116539513092,0.0784571176252297,0.0197599596619841,81,81,2,A
200,82_H3,0.0001426067883886,7.841437764000148e-05,0.0005550708403307,0.0123696852810546,0.0032864443218535,82,82,2,D
201,82_NCI,0.0001426067883886,7.841437764000148e-05,0.0005550708403307,0.0123696852810546,0.0032864443218535,82,82,2,D
202,82_H1,0.0001426067883886,7.841437764000148e-05,0.0005550708403307,0.0123696852810546,0.0032864443218535,82,82,2,D
203,83_NCI,0.0021506180867718,0.0001675518578849,0.000579276640459,0.0139957809931725,0.0042233068945721,83,83,2,L
204,83_H1,0.0014338585958318,0.0003374993393663,0.0053894950142683,0.3038205447233779,0.0777453494182111,83,83,2,L
205,84_NCI,0.0010328072410125,0.0,0.0005351472850708,0.0675768087942182,0.0172861908300753,84,84,2,F
206,84_H1,0.0011685564291724,0.0004221610724925,0.0013515114530833,0.0576982979887458,0.0151601317358735,84,84,2,F
207,85_NCI,0.0090237600213014,0.0004929535789415,0.0018694923905212,0.1945753685113699,0.0514903936255335,85,85,2,M
208,85_H3,0.0008342997982978,0.0,0.0005787982185943,0.1977732173207607,0.0497965788344132,85,85,2,M
209,85_H1,0.0239679039206847,0.0009302427060902,0.0743487458545,1.0,0.2748117231203187,85,85,2,M
210,86_NCI,0.0005899396899688,0.0,0.0011929350677665,0.1308769103515549,0.0331649462773225,86,86,2,V
211,86_H3,1.165145756828105e-05,0.0,1.7708308859700022e-06,0.0218685734605059,0.00547049893724,86,86,2,V
212,86_H1,0.0001510693160818,0.0004786349018104,0.0004356342337311,0.0836708080024259,0.0211840366135123,86,86,2,V
213,87_H3,0.0061870487145518,0.0,8.459283075580891e-06,0.0376088776895404,0.0109510964217919,87,87,2,F
214,87_H1,0.0011506802737654,0.0002851229801308,0.0001458788504767,0.1223180401465903,0.0309749305627408,87,87,2,F
215,87_NCI,0.0002867123042302,6.30360736977309e-05,0.0002073168160803,0.1385433383192321,0.0347751008783101,87,87,2,F
216,88_NCI,0.0020381903605599,0.0001267750485567,0.0016508887441726,0.0565840666355808,0.0150999801972175,88,88,2,G
217,88_H1,0.0060473309155247,0.0023931730538606,0.0323939153279807,0.3933753444370858,0.1085524409336129,88,88,2,G
218,89_H1,0.0064834743899612,0.0143235465511679,0.0436874228869576,0.1593749981946841,0.0559673605056927,89,89,2,G
219,89_NCI,0.00648545029947,0.0002849333977792,0.008393851366719,0.4213049939440718,0.10911730725201,89,89,2,G
220,89_H3,0.0110379648892695,0.0,0.0019396926829918,0.2734943975097064,0.0716180137704919,89,89,2,G
221,90_NCI,0.0042030560070309,6.877788109704852e-05,0.0001690039517755,0.0969492308108112,0.0253475171626786,90,90,2,F
222,90_H3,3.997420305013322e-05,0.0,1.4358132691556802e-05,0.0343697478661802,0.0086060200504804,90,90,2,F
223,90_H1,0.0007966560264971,7.791149982949719e-05,0.0002663086738389,0.0847273106223378,0.0214670467056258,90,90,2,F
224,91_H3,2.3005163361570955e-05,0.0,6.142226936089118e-06,0.0578164864501997,0.0144614084601243,91,91,2,T
225,91_H1,0.0046740857249074,0.0001859863259596,2.1710476221062385e-05,0.0692488299870999,0.018532653128547,91,91,2,T
226,92_NCI,0.0037716771499328,0.0008129946072585,0.0120075141567401,0.2558317030011001,0.0681059722287579,92,92,2,T
227,92_H3,0.0011512038020959,0.0,0.0004357431092609,0.3009421411523781,0.0756322720159337,92,92,2,T
228,92_H1,0.0073923286914556,0.0001517629862064,0.0028666569871381,0.0294459445064813,0.0099641732928204,92,92,2,T
229,93_H3,0.001104346223007,0.0009149475372396,0.0008638957864827,0.2713526305213167,0.0685589550170115,93,93,2,T
230,93_H1,0.089476965619293,0.0050320676527917,0.5587249512582478,0.4004935994304524,0.2634318959901962,93,93,2,T
231,93_NCI,0.0133833081359935,0.0002548025513533,0.0067739874055285,0.0527628407987206,0.018293734722899,93,93,2,T
232,94_H1,0.0002877321483014,0.0001099218352464,0.0003168334433322,0.0516095008863988,0.0130809970783197,94,94,2,L
233,94_NCI,0.0002167991341161,0.0001143635163316,0.0007422747191472,0.1164679413492478,0.0293853446797107,94,94,2,L
234,94_H3,4.498356130640075e-06,0.0,1.3814697232987394e-06,0.0181057747328154,0.0045279136396673,94,94,2,L
235,95_H1,0.0017296895710949,2.07459379453212e-05,0.000628348689972,0.0185902009922759,0.005242246297822,95,95,2,Y
236,95_H3,0.0002469144201272,0.0,0.0002306679171245,0.0439508140863257,0.0111070991058943,95,95,2,Y
237,96_NCI,0.0002672868218172,6.397892866516486e-05,0.0006332730498028,0.0331191285534077,0.0085209168384232,96,96,CT/EC,T
238,96_H3,0.0001822101603079,0.0,0.0003204727187061,0.2463415429061123,0.0617110564462816,96,96,CT/EC,T
239,96_H1,0.0003108622104509,0.0002807264390867,0.0007318335505743,0.0659303210426158,0.0168134358106819,96,96,CT/EC,T
240,97_NCI,3.211061555463738e-05,0.0,6.705340750378188e-05,0.0101042074290686,0.0025508428630317,97,97,CT/EC,S
241,97_H1,0.0001566060354362,0.0002828424621839,0.000225923372231,0.1087811671118315,0.0273616347454206,97,97,CT/EC,S
242,98_NCI,0.0013768126866038,0.0002611038507893,0.0002150778430764,0.1464144622660954,0.0370668641616412,98,98,CT/EC,L
243,98_H3,3.917989790742024e-05,0.0,3.0750759403581504e-05,0.0715666938926942,0.0179091561375013,98,98,CT/EC,L
244,98_H1,0.0003423930282408,0.0,0.0021417799365133,0.0161336457584271,0.0046544546807953,98,98,CT/EC,L
245,99_NCI,0.0008132328897781,0.0001745387853588,0.0005327435255189,0.0844427698087224,0.0214908212523446,99,99,CT/EC,H
246,99_H3,3.573927134811025e-05,0.000333711184794,0.0005553041327603,0.0233971948673602,0.0060804873640656,99,99,CT/EC,H
247,99_H1,0.0010451046924352,0.0004092349554412,0.0029533965073416,0.0053700872003676,0.0024444558388964,99,99,CT/EC,H
248,100_NCI,0.000148471243307,0.0,6.621130153359672e-05,0.04373386095673,0.0109871358753926,100,100,CT/EC,G
249,100_H3,0.0,0.0,5.9035408917052325e-06,0.0209271302886651,0.0052332584573892,100,100,CT/EC,G
250,101_H3,1.0278910934828632e-05,0.0,2.081547208562236e-05,0.0535020798691693,0.0133832935630474,101,101,CT/EC,Y
251,101_H1,2.830758848066772e-05,0.0,0.000253976451747,0.0653329854781212,0.0164038173795872,101,101,CT/EC,Y
252,101_NCI,4.430914867588615e-06,0.0002484526776243,0.0019534827225175,0.1989618298601013,0.0502920490437776,101,101,CT/EC,Y
253,102_H3,5.190654904882019e-05,0.0,5.340448967204971e-06,0.0305526271872381,0.0076524685463135,102,102,CT/EC,F
254,103_NCI,0.0460067198862178,0.0,0.0099575655313023,0.0915548475285892,0.0368797832365273,103,103,CT/EC,V
255,103_H1,0.0002814522930603,0.0125615894794464,0.0077554998101152,0.1811713733183544,0.0504424787252441,103,103,CT/EC,V
256,104_NCI,0.000480280868549,1.808434353733901e-05,1.927150462104644e-05,0.0383861210338152,0.0097259394376306,104,104,CT/EC,F
257,104_H1,0.0001022349503867,6.562483758898452e-05,4.792088323132964e-05,0.018937555449537,0.004788334030186,104,104,CT/EC,F
258,106_NCI,0.0001431994186575,6.112873234087601e-05,0.0001559554804078,0.0932703876642543,0.0234076678239151,106,106,CT/EC,P
259,106_H3,4.403260187799573e-06,0.0,3.818181051611352e-05,0.0053688128886363,0.001352849489835,106,106,CT/EC,P
260,106_H1,1.106775251903602e-05,5.565653555095196e-05,0.0002157391905551,0.0482310659158147,0.0121283823486099,106,106,CT/EC,P
261,107_NCI,0.0006713207262236,4.38774331996683e-05,0.0003490510979871,0.0357155044193532,0.0091949384191909,107,107,CT/EC,T
262,107_H3,0.0001105067305733,0.0,0.0014822099853361,0.0473754401577207,0.0122420392184075,107,107,CT/EC,T
263,107_H1,0.0004095926051448,0.0005338073242455,0.0022183800037677,0.0856986492130539,0.022215107286553,107,107,CT/EC,T
264,108_H1,0.0008598411309987,0.0008618455030955,0.0060030726401907,0.1814807176952848,0.0473013692423924,108,108,CT/EC,G
265,108_H3,0.0,0.0,1.1559729898575889e-06,0.1168952423445144,0.029224099579376,108,108,CT/EC,G
266,108_NCI,0.0003914275700197,0.0050618886016309,0.0009616086361885,0.2179279293720811,0.0560857135449801,108,108,CT/EC,G
267,109_H1,2.636554181977448e-05,3.5174838558305055e-05,5.7385000496541685e-05,0.0973635004347852,0.0243706064539149,109,109,CT/EC,C
268,109_H3,2.636554181977448e-05,3.5174838558305055e-05,5.7385000496541685e-05,0.0973635004347852,0.0243706064539149,109,109,CT/EC,C
269,109_NCI,8.252936368988186e-07,0.0,4.216000560861517e-05,0.0398446448332684,0.0099719075331284,109,109,CT/EC,C
270,110_NCI,0.0002732025175174,0.0002291940472787,0.0006831366775031,0.0817574046691826,0.0207357344778704,110,110,CT/EC,N
271,110_H3,2.720105762535663e-07,0.0002939171972684,0.0002886048201581,0.2068750918082564,0.0518644714590648,110,110,CT/EC,N
272,111_H1,0.0005471097331068,4.898708357359283e-05,0.0042376045274022,0.0241902860997745,0.0072559968609643,111,111,3,L
273,112_NCI,0.0073100345266958,0.0002632194082252,0.0114818832801239,0.0672653472035627,0.0215801211046519,112,112,3,E
274,112_H3,0.00108766868983,0.0002368445711908,0.0005336561780924,0.0135437732666296,0.0038504856764357,112,112,3,E
275,113_NCI,0.0012443742618067,3.615400783019141e-05,0.0002841183856383,0.1971651423922399,0.0496824472618788,113,113,3,G
276,113_H1,0.0006257674536403,0.0005109145422466,0.0005043783580885,0.0372762978816107,0.0097293395588965,113,113,3,G
277,113_H3,4.297985727441006e-05,0.0,8.409879589975628e-05,0.0685500328112062,0.0171692778660951,113,113,3,G
278,114_H3,3.849003649149463e-05,0.0,6.698331025592042e-05,0.1253654184713395,0.0313677229545217,114,114,3,F
279,114_H1,3.011082009503391e-06,0.0005432391772046,0.0001491133519012,0.2067077517188057,0.0518507788324803,114,114,3,F
280,114_NCI,0.0125059376867039,6.689471047138795e-05,0.0002442895780513,0.1665363284337013,0.044838362602232,114,114,3,F
281,115_NCI,0.0020575381919404,0.0001271811779588,0.001650879030156,0.1164383843672429,0.0300684956918245,115,115,3,F
282,115_H1,0.0025880628493412,5.099109330330976e-05,0.0043292089721,0.1227079861677627,0.0324190622706268,115,115,3,F
283,115_H3,7.973078135529887e-05,0.0,0.0007895405043996,0.1238484867796011,0.031179439516339,115,115,3,F
284,116_H1,0.0002505343585855,6.32394730928354e-05,0.00061341621379,0.0476603182028722,0.0121468770620851,116,116,3,A
285,116_NCI,0.0007394562683702,0.0001299805444432,0.0006031013075754,0.211798346322994,0.0533177211108457,116,116,3,A
286,116_H3,0.0002301536138926,0.0,0.000605986703378,0.0139022732693359,0.0036846033966516,116,116,3,A
287,117_NCI,0.0014841078805754,0.0023652601521462,0.0011686164194339,0.1640507010443516,0.0422671713741268,117,117,3,T
288,117_H3,0.0002496957806988,0.0,0.000648124340739,0.0766112326041816,0.0193772631814048,117,117,3,T
289,117_H1,0.0007740444603608,3.178644328727387e-05,0.0017606430854517,0.0707364109956427,0.0183257212461856,117,117,3,T
290,118_H3,1.0943211603092087e-05,0.0,4.002446074297887e-05,0.0189986899106513,0.0047624143957493,118,118,3,L
291,119_H3,0.0008441796523938,0.0,0.0004005991971208,0.1754080832297874,0.0441632155198255,119,119,3,G
292,119_H1,0.0022376060273096,0.0005735899903811,0.0003888701739548,0.1026530577091545,0.0264632809752,119,119,3,G
293,119_NCI,0.0032437779054271,0.0,0.0004087588547642,0.0548718021010278,0.0146310847153048,119,119,3,G
294,121_NCI,0.0019413188859229,0.0099365571513772,0.0057117368322858,0.4376927215697875,0.1138205836098434,121,121,3,E
295,121_H3,2.047322790770048e-05,0.0,0.0001461049435565,0.1211493182210825,0.0303289740981366,121,121,3,E
296,121_H1,0.0056009155657285,0.0002126187173416,0.0045595704430808,0.0159191466951254,0.0065730628553191,121,121,3,E
297,122_H3,7.602067730282871e-07,0.0,1.5919453068951264e-05,0.0082377066004755,0.0020635965650793,122,122,3,I
298,122_H1,0.0003092807663193,0.0,5.697694275263687e-05,0.0112386161036131,0.0029012184531712,122,122,3,I
299,122_NCI,0.5740833173811867,0.0,0.0002081218071359,0.0308550775589745,0.1512866291868242,122,122,3,I
300,123_H1,0.0002615873764854,0.0002407251158729,0.0001278909598288,0.0228085641002944,0.0058596918881204,123,123,3,A
301,123_H3,7.086217794944035e-05,0.0,2.457241088665954e-05,0.0332591026398313,0.0083386343071668,123,123,3,A
302,123_NCI,0.0002529134793973,0.0,5.649189656572889e-05,0.0471848067114668,0.0118735530218574,123,123,3,A
303,124_H1,5.387227220950434e-07,0.0,0.0148247588907032,0.0534334849205733,0.0170646956334996,124,124,3,L
304,124_NCI,9.59369237990921e-06,1.0,0.53770430412088,0.0556276540065712,0.3983353879549577,124,124,3,L
305,125_H3,2.4757839393537557e-05,5.257988959783688e-05,0.0002470011599481,0.0690094500107986,0.0173334472249345,125,125,3,W
306,126_H1,0.0061616083060754,2.4470233256579377e-05,7.683770463967817e-05,0.0342679310727409,0.0101327118291781,126,126,3,S
307,126_H3,4.531825778788404e-05,0.0,1.891148428990728e-05,0.0509935217165503,0.012764437864657,126,126,3,S
308,127_NCI,0.0,0.0,9.213098495063446e-07,0.0131622670088741,0.0032907970796809,127,127,3,L
309,127_H3,0.0,0.0,2.3659292782933892e-05,0.0338837200249276,0.0084768448294276,127,127,3,L
310,128_H1,1.4250266960824156e-05,0.0,6.643721764529248e-05,0.0046912684405955,0.0011929889813004,128,128,3,V
311,128_H3,3.186007671249677e-06,0.0,0.0002184735363934,0.0191482885473666,0.0048424870228578,128,128,3,V
312,128_NCI,2.4521500920228292e-05,0.0,0.0009781249814363,0.053826321392792,0.0137072419687871,128,128,3,V
313,129_NCI,4.482123676769045e-05,0.0002419725642539,0.0004341610573183,0.0124938568950487,0.0033037029383472,129,129,3,V
314,130_H1,0.0189065258254358,0.0,3.4060670401418226e-05,0.0102439649837493,0.0072961378698966,130,130,3,L
315,130_NCI,0.0,0.0,1.108891143414567e-05,0.0191197928500473,0.0047827204403703,130,130,3,L
316,131_H1,5.601723316184515e-05,0.0,3.746786122961215e-06,0.00031279270564,9.313918123120783e-05,131,131,3,A
317,131_H3,5.601723316184515e-05,0.0,3.746786122961215e-06,0.00031279270564,9.313918123120783e-05,131,131,3,A
318,131_NCI,5.140441181090677e-05,0.0,3.644630676081168e-05,0.0050569974890481,0.0012862120519049,131,131,3,A
319,132_H1,0.0004267787390764,0.0004044013621751,3.027261662187668e-05,0.0023976416571492,0.0008147735937556,132,132,3,I
320,132_H3,0.0004974971435483,0.0,1.0769208486066212e-05,0.0305863573221324,0.0077736559185417,132,132,3,I
321,132_NCI,0.0003471897868619,2.72911274805665e-05,3.742653508357508e-05,0.0377917644631807,0.0095509179781517,132,132,3,I
322,133_NCI,4.713887919080065e-05,0.0,9.433244949765074e-06,0.0164013937635818,0.0041144914719305,133,133,CT/EC,E
323,134_H1,1.6131497887955848e-05,0.0,3.370222490256105e-06,0.0536911700704463,0.0134276679477061,134,134,CT/EC,R
324,134_NCI,1.693287923252008e-05,0.0,1.7659884459666016e-06,0.0081016987127625,0.0020300993951102,134,134,CT/EC,R
325,135_H3,0.0,0.0,2.3593492404592827e-08,0.0348601875024635,0.0087150527739889,135,135,CT/EC,Y
326,135_H1,8.786158395719349e-05,0.0,6.38657044398716e-06,0.015457046403589,0.0038878236394975,135,135,CT/EC,Y
327,135_NCI,5.533632770025074e-07,0.0,4.617703814520116e-06,0.0100229072994487,0.002507019591635,135,135,CT/EC,Y
328,136_H1,0.0012382569290465,4.646087472792715e-05,6.314858272695745e-05,0.0697028509762898,0.0177626793406978,136,136,CT/EC,V
329,136_H3,0.0,0.0,2.1702141807347958e-06,0.0251097431106549,0.0062779783312089,136,136,CT/EC,V
330,136_NCI,0.0005977403435286,0.0001035127206705,0.00028699970931,0.0280196511102521,0.0072519759709403,136,136,CT/EC,V
331,137_NCI,8.619964698375873e-05,0.0,1.047488338050835e-05,0.0146272815623293,0.0036809890231734,137,137,CT/EC,V
332,137_H3,6.945118910841709e-06,0.0,0.0,0.0259643881241911,0.0064928333107754,137,137,CT/EC,V
333,137_H1,5.194380238839863e-05,0.0,9.656500621235762e-05,0.03165029083514,0.0079496999109351,137,137,CT/EC,V
334,138_NCI,1.760811761548724e-05,0.0,1.36456220344071e-05,0.0720052420120458,0.0180091239379239,138,138,CT/EC,V
335,138_H1,0.0,0.0,1.6454661965264422e-05,0.0558121880855014,0.0139571606868666,138,138,CT/EC,V
336,138_H3,0.0,0.0,0.0,0.0082088110628972,0.0020522027657243,138,138,CT/EC,V
337,139_NCI,2.650866731153841e-05,0.0,4.163899071144298e-06,0.0181052921292046,0.0045339911738968,139,139,CT/EC,C
338,139_H1,0.0,0.0,2.6689643079871253e-05,0.003693588789863,0.0009300696082357,139,139,CT/EC,C
339,139_H3,0.0,0.0,1.0579574571246856e-05,0.005433402437378,0.0013609955029873,139,139,CT/EC,C
340,140_H3,0.0,0.0,9.12855776065236e-06,0.172906236233847,0.0432288411979019,140,140,CT/EC,K
341,141_H3,6.848076581750492e-05,0.0,0.0,0.0094387379213861,0.0023768046718009,141,141,CT/EC,P
342,141_H1,0.0015192304528844,0.0,8.41436650610506e-06,0.0151735619209759,0.0041753016850916,141,141,CT/EC,P
343,141_NCI,0.0,0.0,2.743959620338934e-06,0.0709165594537342,0.0177298258533386,141,141,CT/EC,P
344,142_NCI,3.4099283362438114e-05,0.0,0.0001162788501727,0.0386394424458719,0.0096974551448517,142,142,CT/EC,M
345,142_H1,0.0003052446736778,0.0,0.0001116886489969,0.0423939717051171,0.010702726256948,142,142,CT/EC,M
346,143_NCI,3.750272018805387e-05,0.0,4.445933699049492e-06,0.0694114327023829,0.0173633453390675,143,143,CT/EC,S
347,143_H3,2.8705388984754648e-05,0.0,4.276950074356763e-06,0.0179601824570823,0.0044982911990353,143,143,CT/EC,S
348,143_H1,1.1583708068325692e-05,0.0,4.463634515951836e-05,0.0329120042962132,0.0082420560873602,143,143,CT/EC,S
349,144_H3,0.0,0.0,5.105857136931102e-06,0.0602735535900863,0.0150696648618058,144,144,CT/EC,N
350,145_H1,2.444523421453033e-05,0.0,1.2178612516927066e-05,0.0649649748187729,0.0162503996663761,145,145,CT/EC,F
351,145_NCI,2.3140034358849904e-05,0.0001653598155826,9.706731036559353e-06,0.008665095821028,0.0022158256005015,145,145,CT/EC,F
352,146_H1,0.0129241499867568,0.0,0.002061781632248,0.2343656000289282,0.0623378829119832,146,146,CT/EC,R
353,146_H3,0.0,0.0016962377121672,0.0002642489176567,0.0720236197083391,0.0184960265845407,146,146,CT/EC,R
354,146_NCI,0.0001533751625709,0.0,0.000419972933684,0.1206376493200536,0.0303027493540771,146,146,CT/EC,R
355,147_H1,0.0001194688273266,0.0002374313044128,0.0001148292088552,0.0098113646066507,0.0025707734868113,147,147,CT/EC,F
356,147_NCI,0.000268648975271,2.714146103244275e-05,0.0002109666243047,0.0641777309277241,0.0161711219970831,147,147,CT/EC,F
357,148_H3,2.531028300482765e-05,0.0,2.7786225763890785e-05,0.0975068148973894,0.0243899778515395,148,148,CT/EC,G
358,148_NCI,0.0015076772833729,0.0005859881057403,0.001706713539638,0.0188279542579679,0.0056570832966798,148,148,CT/EC,G
359,148_H1,0.0001070646100373,0.000422995944973,0.0097943611759975,0.0839424354141518,0.0235667142862899,148,148,CT/EC,G
360,149_H1,0.0002116037230537,0.0001197756064357,0.0008824153841566,0.1724244736861652,0.0434095670999528,149,149,CT/EC,E
361,149_H3,0.0015264098495727,0.0,0.000162685905582,0.0116865201741113,0.0033439039823165,149,149,CT/EC,E
362,149_NCI,0.0001644560837652,0.0001204062791657,0.0001862501757618,0.1144493512571918,0.0287301159489711,149,149,CT/EC,E
363,150_H1,1.0457879053310088e-05,0.0005717860185541,0.0004158994407098,0.1270449960979011,0.0320107848590546,150,150,CT/EC,N
364,150_H3,8.079151960711989e-06,0.0,1.8172646981042293e-05,0.1201999957781459,0.0300565618942719,150,150,CT/EC,N
365,150_NCI,0.0004236076707738,0.00030764733674,0.0003263046236453,0.1462573654667256,0.0368287312744712,150,150,CT/EC,N
366,151_H3,0.0005355851151599,0.0,2.976914453282982e-06,0.0331028574069784,0.0084103548591479,151,151,CT/EC,H
367,151_H1,0.2115433902732794,0.0001068427663994,5.720228193825099e-05,0.0127016884744266,0.0561022809490109,151,151,CT/EC,H
368,151_NCI,0.0001181546638201,0.0,0.0003031324341287,0.0327888302979924,0.0083025293489853,151,151,CT/EC,H
369,153_H1,0.0005500912180368,5.787130066892132e-05,0.0001078966572004,0.1001817182475979,0.025224394355876,153,153,4,I
370,153_NCI,0.002572346116783,0.0,0.0003518110305415,0.0112459406156138,0.0035425244407346,153,153,4,I
371,153_H3,1.6494141166884184e-05,0.0,2.737255620185955e-06,0.0412463590499315,0.0103163976116796,153,153,4,I
372,154_H1,0.0005133235894539,0.0,0.0003220257364683,0.0507732662312974,0.0129021538893049,154,154,4,M
373,154_NCI,7.33959186264583e-05,0.0004140246019233,0.0003569645241181,0.0146930725689574,0.0038843644034063,154,154,4,M
374,155_NCI,8.805946273894374e-06,0.0,7.18609389855574e-05,0.164163076094785,0.0410609357450111,155,155,4,G
375,155_H3,0.0,0.0,0.0002032303534197,0.0123999486229621,0.0031507947440954,155,155,4,G
376,155_H1,0.0023634102273139,0.0,0.0019027268435822,0.1370993360247817,0.0353413682739194,155,155,4,G
377,156_NCI,9.943402354718454e-05,0.0,0.0002124466566282,0.0812081797808841,0.0203800151152649,156,156,4,V
378,156_H1,4.881412154401633e-05,4.73356012662407e-05,2.333487521005308e-05,0.0636791624932543,0.0159496617728186,156,156,4,V
379,157_NCI,0.0001972733516633,0.0001136294813477,0.0001520161363285,0.0330309348730508,0.0083734634605976,157,157,4,A
380,157_H3,0.0001367462082007,0.0,3.306367517890151e-06,0.0576747969991863,0.0144537123937262,157,157,4,A
381,157_H1,0.0001764217195202,0.0001013738728943,0.0020956737856307,0.0251433875606348,0.00687921423467,157,157,4,A
382,158_NCI,2.6429380543063136e-05,0.0001761646562954,0.0001968344684361,0.0612037972617941,0.0154008064417671,158,158,4,F
383,158_H1,0.0102409006245692,7.503959932364523e-05,0.0003732354220723,0.025691921190041,0.0090952742090015,158,158,4,F
384,159_NCI,1.2325316986681823e-05,0.0,0.0003581520815613,0.0729144596490816,0.0183212342619074,159,159,4,T
385,159_H1,1.0872299728836528e-05,0.0,0.0002271900765277,0.0326718905028784,0.0082274882197837,159,159,4,T
386,159_H3,1.5237344563523243e-05,0.0,2.295611541460686e-05,0.0306872273791277,0.0076813552097764,159,159,4,T
387,161_H1,0.0001153013369873,0.0001732997770886,0.0012772410459958,0.0155050191599428,0.0042677153300037,161,161,4,V
388,161_H3,0.0007118312422684,0.0,4.845303725549833e-05,0.0867422996751805,0.0218756459886761,161,161,4,V
389,161_NCI,0.0005887545046781,2.2876229195389897e-05,0.0004440410246408,0.0942169752116323,0.0238181617425366,161,161,4,V
390,162_H1,0.0005947854610008,0.0,0.0001521244941816,0.0685609227407638,0.0173269581739866,162,162,4,M
391,162_H3,1.450714320764578e-05,0.0,0.000414002028338,0.0717763040356582,0.0180512033018009,162,162,4,M
392,163_H1,0.0001476399950914,0.0005727077950723,0.0016875693243446,0.094047161665586,0.0241137696950236,163,163,4,A
393,163_H3,0.0355063637454762,0.0,0.0008160236133043,0.1406490188520717,0.044242851552713,163,163,4,A
394,163_NCI,0.000214443361586,9.559079626342282e-05,0.0004552809286514,0.0469989635486804,0.0119410696587953,163,163,4,A
395,164_H1,0.0038544491465658,0.0001874353765742,0.0005737572153043,0.1072174781043213,0.0279582799606914,164,164,4,L
396,165_H3,1.7413634786755157e-05,0.0,5.120020071216037e-05,0.008252812624476,0.0020803566149937,165,165,4,A
397,165_NCI,0.0007180837870176,8.532981883035973e-05,0.0002652825999114,0.025552461070438,0.0066552893190493,165,165,4,A
398,165_H1,5.930976512497012e-05,0.0002018992963712,0.0002331538903835,0.1004347002467948,0.0252322657996686,165,165,4,A
399,166_H1,1.0,0.0,0.0010222414960198,0.0375135227519137,0.2596339410619834,166,166,4,C
400,166_NCI,3.100131282854777e-05,0.0,1.6742534793533974e-05,0.0543810187304407,0.0136071906445156,166,166,4,C
401,166_H3,0.0,0.0,0.0120722478634237,0.0006812391227689,0.0031883717465481,166,166,4,C
402,167_NCI,0.1152247014238064,0.0007989560835994,0.0001928043112776,0.0327743517079037,0.0372477033816468,167,167,4,A
403,167_H3,0.0002535020809693,0.0,0.0003346301405121,0.1075036758642655,0.0270229520214367,167,167,4,A
404,167_H1,0.0003113446425203,0.0,0.0003572857373505,0.0753296093492736,0.0189995599322861,167,167,4,A
405,168_NCI,9.507563031904053e-05,0.0005203897017054,0.0003082629917043,0.0792765837881782,0.0200500780279767,168,168,4,A
406,168_H3,0.0,0.0,8.139884864633785e-06,0.05026210550804,0.0125675613482261,168,168,4,A
407,168_H1,8.301265007071908e-05,0.0001360199967166,0.0027072286859605,0.0827204501078432,0.0214116778601478,168,168,4,A
408,169_H1,0.0006214015384612,0.0,6.550349826713129e-05,0.0011026575718826,0.0004473906521527,169,169,4,P
409,169_NCI,0.0004753124609097,0.0,8.385677392188743e-07,0.0279306566746024,0.0071017019258128,169,169,4,P
410,169_H3,0.0011112584105633,0.0,3.704111150382424e-06,0.0183388486027192,0.0048634527811082,169,169,4,P
411,170_H1,4.79843618380047e-07,0.0,0.0,0.0079980130567943,0.0019996232251031,170,170,4,P
412,170_NCI,4.79843618380047e-07,0.0,0.0,0.0079980130567943,0.0019996232251031,170,170,4,P
413,171_NCI,5.3797110584657385e-05,0.0001565850398037,2.341657412957028e-05,0.0132533437305424,0.0033717856137651,171,171,4,L
414,171_H3,1.5567729198218913e-05,0.0001137695508077,1.9170383198649723e-05,0.0210250128361346,0.0052933801248348,171,171,4,L
415,172_NCI,0.0006027907168422,0.0,0.000525464912783,0.0240889058837644,0.0063042903783474,172,172,4,V
416,172_H3,7.301826530339105e-07,0.0,2.85434261487087e-06,0.041154549094811,0.0102895334050197,172,172,4,V
417,173_NCI,0.0030822026546294,0.0,0.000892245896104,0.036682613514664,0.0101642655163493,173,173,4,G
418,173_H1,0.0,0.0,2.241703539919275e-05,0.0291333631879288,0.007288945055832,173,173,4,G
419,173_H3,0.0,0.0,0.009761774106155,0.0256503924410316,0.0088530416367966,173,173,4,G
420,175_NCI,0.0001637056179929,0.0,0.0019156956532635,0.2496110683511888,0.0629226174056113,175,175,CT/EC,S
421,175_H3,0.0001637056179929,0.0,0.0019156956532635,0.2496110683511888,0.0629226174056113,175,175,CT/EC,S
422,175_H1,0.0006285523158275,0.0001769675145624,0.0018062724322824,0.1465435324546093,0.0372888311793204,175,175,CT/EC,S
423,177_H3,0.0002633317517186,0.000206786164199,0.0020151752654311,0.0215028080295903,0.0059970253027347,177,177,CT/EC,Y
424,177_H1,0.0002633317517186,0.000206786164199,0.0020151752654311,0.0215028080295903,0.0059970253027347,177,177,CT/EC,Y
425,177_NCI,0.0002633317517186,0.000206786164199,0.0020151752654311,0.0215028080295903,0.0059970253027347,177,177,CT/EC,Y
426,178_NCI,0.0002177449093431,0.0002063884603558,0.0001151674936808,0.0903859999445894,0.0227313252019923,178,178,CT/EC,I
427,178_H1,0.0010081632677665,0.0,0.0001928415059425,0.1664299554582525,0.0419077400579904,178,178,CT/EC,I
428,178_H3,0.0,0.0,0.0,0.0155973631492045,0.0038993407873011,178,178,CT/EC,I
429,179_H1,0.0,0.0,0.0,0.0010247342568846,0.0002561835642211,179,179,CT/EC,P
430,179_NCI,0.0,0.0,1.2667916258730549e-07,0.0241315746582605,0.0060329253343557,179,179,CT/EC,P
431,180_H1,0.0001851689068072,0.0002083620056509,0.0030180410366513,0.00618674176197,0.0023995784277699,180,180,CT/EC,E
432,180_H3,0.001299132540576,0.0,0.0022806152961507,0.1740184707385031,0.0443995546438074,180,180,CT/EC,E
433,180_NCI,0.0012997568290352,0.0002332911535631,0.0077433538524923,0.1668050419716872,0.0440203609516945,180,180,CT/EC,E
434,181_NCI,0.0,0.0,3.170299035364677e-05,0.0258200614288072,0.0064629411047902,181,181,CT/EC,G
435,181_H3,0.0,0.0,0.0,0.0082088110628972,0.0020522027657243,181,181,CT/EC,G
436,181_H1,0.0,0.0,0.0,0.0082088110628972,0.0020522027657243,181,181,CT/EC,G
437,182_H1,0.0009978640252782,0.0,0.0003922147072443,0.0430194473928496,0.011102381531343,182,182,CT/EC,M
438,182_H3,0.0,0.0,1.526724245753101e-06,0.0386501758422194,0.0096629256416162,182,182,CT/EC,M
439,182_NCI,0.040136113257166,0.0,0.0013195380226553,0.0175974580336707,0.014763277328373,182,182,CT/EC,M
440,183_H1,0.0003341373949958,1.5031450857350135e-05,0.0001231767501616,0.2225615640655871,0.0557584774154005,183,183,CT/EC,Q
441,183_H3,5.88463105277623e-06,0.0,7.054644382826801e-05,0.10138524084437,0.0253654179798127,183,183,CT/EC,Q
442,183_NCI,5.558945305998442e-05,0.0766617208719253,0.0308899890847159,0.0487356051915454,0.0390857261503117,183,183,CT/EC,Q
443,184_H1,1.2946610808746954e-07,0.0,1.5186002229825284e-05,0.0046042512137462,0.001154891670521,184,184,CT/EC,C
444,184_H3,0.0006780185094384,0.0,2.15798842431284e-06,0.0612396829464338,0.0154799648610741,184,184,CT/EC,C
445,184_NCI,0.0017022062518945,0.0,3.048031863508343e-05,0.0133999674519814,0.0037831635056277,184,184,CT/EC,C
446,185_H1,0.000800083142397,5.661589602823369e-05,0.0006246127656544,0.1562691708885465,0.0394376206731565,185,185,CT/EC,S
447,185_H3,1.156782752466773e-05,0.0005454753409139,9.922011352564084e-05,0.1096278166343098,0.0275710199790685,185,185,CT/EC,S
448,188_H1,0.0001440927214573,0.0,0.000657101977038,0.0236419107382625,0.0061107763591894,188,188,CT/EC,I
449,188_H3,0.0,0.0,3.4573943286056994e-05,0.0426997886164882,0.0106835906399435,188,188,CT/EC,I
450,188_NCI,0.004886781727317,0.0,0.001421497940441,0.0925718315004307,0.0247200277920472,188,188,CT/EC,I
451,189_NCI,2.163319233201516e-06,0.0,9.147892746746692e-06,0.0024514493305411,0.0006156901356302,189,189,CT/EC,D
452,190_H1,0.0008004590022688,6.818510155426338e-05,7.726872149435613e-09,0.0319216807846899,0.0081975831538463,190,190,CT/EC,Y
453,190_H3,3.2541632453903124e-05,0.0,3.9806298138875e-05,0.0081657323275111,0.0020595200645259,190,190,CT/EC,Y
454,191_H3,2.569962823848076e-06,0.0,2.4768244659521136e-06,0.0074050270172451,0.0018525184511337,191,191,CT/EC,Y
455,191_NCI,5.701239526078249e-06,0.0,1.814668067770176e-05,0.0077086751766908,0.0019331307742236,191,191,CT/EC,Y
456,191_H1,2.569962823848076e-06,0.0,2.4768244659521136e-06,0.0074050270172451,0.0018525184511337,191,191,CT/EC,Y
457,192_NCI,0.0002028704065864,0.0,1.3176630882981182e-05,0.0151814145128498,0.0038493653875798,192,192,CT/EC,T
458,192_H3,0.0,0.0,8.16281845948602e-06,0.0161994011177137,0.0040518909840433,192,192,CT/EC,T
459,192_H1,0.0071350496355852,0.0,0.0002309157760058,0.1380084077120129,0.036343593280901,192,192,CT/EC,T
460,193_H3,1.8310684720360454e-05,0.0,1.6248168790984395e-05,0.0169111413604121,0.0042364250534808,193,193,CT/EC,P
461,193_NCI,0.0002074315254664,0.0015833110082894,6.368379723873521e-05,0.004552032178759,0.0016016146274384,193,193,CT/EC,P
462,193_H1,5.477275690007011e-05,0.0,5.421293513031206e-05,0.0465448940988378,0.011663469947717,193,193,CT/EC,P
463,194_H3,4.528940257846428e-05,0.0,2.213303631659616e-05,0.0143778144496121,0.0036113092221267,194,194,CT/EC,H
464,194_H1,0.0021514910749058,5.591934677795507e-05,0.0001100116642377,0.0167643319185168,0.0047704385011096,194,194,CT/EC,H
465,194_NCI,0.0002180006968307,3.631704385043122e-05,8.035148373348993e-05,0.0485627118886234,0.0122243452782595,194,194,CT/EC,H
466,195_H3,7.523327998410743e-05,0.0023598012048751,0.0002712451444607,0.0255045951067853,0.0070527186840263,195,195,CT/EC,E
467,195_NCI,0.0354553184433977,0.0,6.250932356008544e-05,0.07837397760481,0.0284729513429419,195,195,CT/EC,E
468,195_H1,0.0003362062397804,0.0001844934740802,0.0003907620110751,0.0801834199882329,0.0202737204282921,195,195,CT/EC,E
469,196_H1,0.000150915500926,5.260254692984745e-05,3.526042871395718e-05,0.0112011755901799,0.0028599885166874,196,196,CT/EC,E
470,196_H3,0.0003653492983718,0.0,1.617094143263921e-05,0.0312541446918914,0.0079089162329239,196,196,CT/EC,E
471,196_NCI,0.0017919802093299,0.0,2.3310290716956607e-05,0.0196824488791641,0.0053744348448027,196,196,CT/EC,E
472,197_NCI,0.0277281573825499,0.0,0.0007132967217612,0.1489603773800234,0.0443504578710836,197,197,CT/EC,T
473,197_H1,0.0005201168462376,0.0003903500328306,0.0021021551929746,0.0555034981753469,0.0146290300618474,197,197,CT/EC,T
474,197_H3,6.805885224288614e-05,0.0,0.0010173912278726,0.0598350026515044,0.0152301131829049,197,197,CT/EC,T
475,198_H1,0.0001571156523823,0.050518374890089,0.2403910524766142,0.034112169371164,0.0812946780975623,198,198,CT/EC,N
476,198_H3,0.0001119401645358,6.080886669224128e-05,0.0411119180231384,0.0473922655959168,0.0221692331625708,198,198,CT/EC,N
477,198_NCI,0.0008459492688167,0.000857050938066,0.0139226762228437,0.0307151553938826,0.0115852079559023,198,198,CT/EC,N
478,199_H1,0.0004281091187429,0.000352892675437,0.0262588527576837,0.1784876547359859,0.0513818773219624,199,199,CT/EC,N
479,199_H3,1.2741512138380146e-05,0.0,1.9790377025387045e-08,0.0692446559890086,0.017314354322881,199,199,CT/EC,N
480,199_NCI,1.4347086619379084e-05,0.0,9.082498729263307e-05,0.0315685894247985,0.0079184403746776,199,199,CT/EC,N
481,200_NCI,0.000130269504867,0.0,0.0001013444801441,0.0271752084436608,0.006851705607168,200,200,CT/EC,E
482,200_H3,4.169821279296059e-05,0.0,3.197979010866696e-05,0.0009229012786084,0.0002491448203775,200,200,CT/EC,E
483,200_H1,0.0001312566856762,6.949235103093088e-05,3.865173489944817e-05,0.1172613584265663,0.0293751897995432,200,200,CT/EC,E
484,201_H3,6.394699202627571e-09,0.0,0.0007449122678758,0.0378287208170278,0.0096434098699007,201,201,CT/EC,S
485,201_H1,0.000606394591119,0.0007779785082675,0.0003878143219671,0.0536846539924183,0.013864210353443,201,201,CT/EC,S
486,201_NCI,9.228795729087402e-05,3.219217251171358e-05,0.0041271387570561,0.0034046390654322,0.0019140644880727,201,201,CT/EC,S
487,202_NCI,6.60203876207378e-05,6.945880886632949e-05,0.0005141361370903,0.0846482157268977,0.0213244577651187,202,202,CT/EC,F
488,202_H3,6.60203876207378e-05,6.945880886632949e-05,0.0005141361370903,0.0846482157268977,0.0213244577651187,202,202,CT/EC,F
489,202_H1,6.60203876207378e-05,6.945880886632949e-05,0.0005141361370903,0.0846482157268977,0.0213244577651187,202,202,CT/EC,F
490,203_H1,0.0067285338935953,1.227007760462584e-05,4.914430260837767e-05,0.0255675116720029,0.0080893649864528,203,203,5,V
491,203_H3,0.0871776373138855,0.0,0.0,0.0613261842822461,0.0371259553990329,203,203,5,V
492,203_NCI,5.950202598432202e-05,3.116411971859634e-05,9.269420578895144e-05,0.009598570198659,0.0024454826375377,203,203,5,V
493,204_H1,0.0013237925027849,0.0010862570488825,0.0025366165082281,0.1487163804503347,0.0384157616275576,204,204,5,I
494,204_NCI,0.0008188503561437,0.0,0.0008235200998612,0.1098125107936194,0.0278637203124061,204,204,5,I
495,204_H3,7.141226395557989e-07,0.0,6.050861776442156e-07,0.0011922098247952,0.0002983822584031,204,204,5,I
496,205_H1,0.000228442406634,0.0009085444035008,0.0002178670077153,0.0999003934011035,0.0253138118047384,205,205,5,Y
497,205_H3,2.7562255331019048e-05,0.0,8.906414810866079e-05,0.075514525441565,0.0189077879612511,205,205,5,Y
498,206_NCI,0.0022077869388775,0.0004508802085183,0.0017331536845749,0.3407400734562203,0.0862829735720477,206,206,5,M
499,206_H3,0.0015192304528844,0.0,8.41436650610506e-06,0.0151735619209759,0.0041753016850916,206,206,5,M
500,206_H1,0.0004108559943287,0.0036247016396373,0.0732601878749679,0.2858399693778635,0.0907839287216993,206,206,5,M
501,207_H1,0.0003481259491241,0.0351308658719062,0.037741619995024,0.3143222807813806,0.0968857231493587,207,207,5,F
502,207_H3,0.0,0.0,4.2860858675134965e-07,0.0572339211633542,0.0143085874429852,207,207,5,F
503,207_NCI,0.0692698286272295,0.0104603338986635,0.0367158498572863,0.3047249046175912,0.1052927292501926,207,207,5,F
504,208_H1,0.0016559980390006,0.0001655670057516,0.0005415982740741,0.1011189389873625,0.0258705255765472,208,208,5,V
505,208_NCI,0.0002105973339348,9.783745190361516e-05,0.0001914383220677,0.010067217002522,0.002641772527607,208,208,5,V
506,209_H1,0.0002523257446172,9.459577267989516e-05,8.360228675702034e-05,0.0489003949858831,0.0123327296974843,209,209,5,V
507,209_H3,0.0003412501457193,0.0,0.0001842872329316,0.0810289365882031,0.0203886184917135,209,209,5,V
508,209_NCI,1.3746546503063618e-05,1.029814393405104e-05,2.1722505965682024e-05,0.0392981353680728,0.0098359756411189,209,209,5,V
509,210_H1,7.739008746606891e-05,2.7992484319838692e-05,0.0001869102862775,0.0607733130747545,0.0152664014832044,210,210,5,H
510,210_NCI,2.3778107591237547e-05,0.0011186392512172,0.0004264602602088,0.0852045746788014,0.0216933630744547,210,210,5,H
511,210_H3,3.549353949229806e-05,0.0,7.471741497639662e-06,0.0022513502804395,0.0005735788903573,210,210,5,H
512,211_H3,0.0,0.0,5.651422857098711e-06,0.0297290328165981,0.0074336710598638,211,211,5,F
513,211_NCI,0.0004027146724152,0.0,2.095652656489989e-05,0.0279559453548661,0.0070949041384615,211,211,5,F
514,211_H1,0.0,0.0,1.1725073972233445e-05,0.0647825109919514,0.0161985590164809,211,211,5,F
515,212_H1,0.000385849492501,0.0025972863659262,0.0003847053667811,0.1826830901068513,0.0465127328330149,212,212,5,I
516,212_H3,4.8680166770189165e-05,0.0,3.518382181549344e-05,0.01323291400498,0.0033291944983914,212,212,5,I
517,213_H1,0.0001047686861778,0.0001658293331274,0.0008418850101106,0.0904801677930257,0.0228981627056104,213,213,5,I
518,213_H3,0.000623018848831,0.0,6.31748332275544e-05,0.09776209866915,0.0246120730878021,213,213,5,I
519,213_NCI,6.306072416353918e-05,0.0,0.0001787695938774,0.000275275047155,0.0001292763412989,213,213,5,I
520,214_H3,9.461929971044466e-05,0.0,7.340098576935108e-06,0.020037112244127,0.0050347679106036,214,214,5,P
521,214_NCI,3.125942084690918e-05,6.103549822000787e-05,4.079925519870383e-05,0.1419002240784874,0.0355083295631882,214,214,5,P
522,215_H3,4.79843618380047e-07,0.0,0.0,0.0079980130567943,0.0019996232251031,215,215,5,L
523,215_NCI,5.681502798779956e-05,0.0010127307614311,0.0001112750820269,0.0627867362733874,0.0159918892862083,215,215,5,L
524,216_H1,0.0060580895589357,0.0009894102113321,0.0025373628302914,0.0095863863120859,0.0047928122281613,216,216,5,I
525,216_H3,1.859627885679432e-05,0.0,0.0014513634844045,0.0997280943319733,0.0252995135238086,216,216,5,I
526,216_NCI,0.0004467557870171,0.0001123310794355,0.0015635958732979,0.0154659451017918,0.0043971569603856,216,216,5,I
527,217_H1,0.0019982430314335,0.0054271984845399,0.0005450716892443,0.0902115999972147,0.0245455283006081,217,217,5,V
528,217_H3,1.179110723501255e-05,0.0,0.0001574465836639,0.0267757537411622,0.0067362478580153,217,217,5,V
529,217_NCI,0.0005940682410783,0.0,0.0003447324558351,0.0610071303914523,0.0154864827720914,217,217,5,V
530,218_H1,2.378004471839001e-05,0.0,9.4394750334131e-05,0.0404632393813869,0.0101453535441098,218,218,5,I
531,218_NCI,3.438579311237662e-06,0.0001367561926599,2.5050198449192647e-06,0.0550786451701551,0.0138053362404928,218,218,5,I
532,219_H1,0.0009335595945964,6.088880581955891e-06,0.0002374791082456,0.0531747509926985,0.0135879696440306,219,219,5,F
533,219_H3,9.789025031481136e-06,0.0,4.3960616283265145e-06,0.0185243807574857,0.0046346414610363,219,219,5,F
534,219_NCI,2.9248942781740756e-05,0.0,0.0002169428208829,0.0212054638457677,0.0053629139023581,219,219,5,F
535,220_H1,0.0159231044536381,0.0,1.2341491457905234e-05,0.015352483732917,0.0078219824195032,220,220,5,F
536,220_H3,6.76001592012916e-07,0.0,1.9224581279920916e-05,0.0133533175123138,0.0033433045237964,220,220,5,F
537,220_NCI,0.0001033075595213,0.0,7.523146007884901e-07,0.0070690662171076,0.0017932815228074,220,220,5,F
538,221_H1,5.986868813470893e-05,0.0003988570533692,0.0001613501484206,0.0062562203353043,0.0017190740563072,221,221,5,C
539,221_H3,3.556345422573256e-06,0.0,3.078931160692303e-05,0.0200531638142886,0.0050218773678295,221,221,5,C
540,221_NCI,0.0004078912217163,0.0,0.0001526374072763,0.0020349308679674,0.00064886487424,221,221,5,C
541,222_H1,2.238660566328013e-06,0.0,0.0,0.0089304978587488,0.0022331841298287,222,222,5,Y
542,222_H3,0.0,0.0,3.926768303500973e-06,0.0054242049440932,0.0013570329280991,222,222,5,Y
543,222_NCI,0.0,0.0,0.0,0.0023808498837262,0.0005952124709315,222,222,5,Y
544,223_H1,1.2266790132781385e-05,0.0090667102485895,0.000928333827224,0.0392078603059577,0.012303792792976,223,223,5,G
545,223_H3,3.5439885264025535e-05,0.0,0.0002267802213374,0.0345212509392881,0.0086958677614724,223,223,5,G
546,223_NCI,0.0003753479366254,8.03359507699497e-05,0.0001329737372728,0.0690693243377163,0.0174144954905961,223,223,5,G
547,224_H1,7.842182722484617e-05,0.0,5.103097365165159e-05,0.0375032226303041,0.0094081688577951,224,224,5,Q
548,224_H3,2.9397388993185265e-06,0.0,8.091900759379045e-05,0.054362164554132,0.0136115058251562,224,224,5,Q
549,224_NCI,4.840365676197e-05,0.0,2.4715172591776093e-05,0.0494655897533061,0.0123846771456649,224,224,5,Q
550,225_H1,0.0053904541874592,0.0,0.0001678838163507,0.0108555845109259,0.0041034806286839,225,225,CT/EC,L
551,225_NCI,4.042500651744389e-05,0.0,0.000349247661546,0.0172505242040225,0.0044100492180215,225,225,CT/EC,L
552,226_NCI,6.89547521649155e-05,0.0,0.0002012848953376,0.0199439955948785,0.0050535588105952,226,226,CT/EC,V
553,226_H3,0.0010183426718947,0.0,0.0,0.0078459088560949,0.0022160628819974,226,226,CT/EC,V
554,226_H1,0.0004456032432056,0.0,2.167190785381866e-05,0.0285130063106634,0.0072450703654307,226,226,CT/EC,V
555,227_NCI,0.0009218304465391,0.0,0.0001085040908625,0.1356654183975531,0.0341739382337387,227,227,CT/EC,F
556,227_H3,0.0,0.0,0.0001435192733666,0.087363248247345,0.0218766918801779,227,227,CT/EC,F
557,227_H1,8.428446619536308e-05,0.0007528605055995,0.0006884613493576,0.1416885653811193,0.0358035429255679,227,227,CT/EC,F
558,228_H3,5.202870670063591e-05,6.175833550514653e-05,2.127082416342023e-05,0.0147802570112349,0.003728828719401,228,228,CT/EC,T
559,228_H1,0.0001928772187225,0.0,0.0004486010637999,0.026049447891097,0.0066727315434048,228,228,CT/EC,T
560,228_NCI,0.0004653918995454,0.0,2.4316881030518027e-05,0.0058391534681569,0.0015822155621832,228,228,CT/EC,T
561,229_H1,0.0,0.0,6.165933899677974e-05,0.0265828542510793,0.006661128397519,229,229,CT/EC,V
562,229_NCI,0.0,0.0,7.234631139542069e-06,0.0064205946695473,0.0016069573251717,229,229,CT/EC,V
563,229_H3,0.0,0.0,0.0,0.0082088110628972,0.0020522027657243,229,229,CT/EC,V
564,230_H1,0.0001197539430576,0.0,0.0009865506752639,0.11575519116099,0.0292153739448279,230,230,CT/EC,K
565,230_H3,0.0,0.000295344274491,6.660222713057795e-05,0.06426303371764,0.0161562450548154,230,230,CT/EC,K
566,230_NCI,0.0006085142738366,6.205347744980827e-05,0.0001931980253565,0.0115427763522642,0.0031016355322268,230,230,CT/EC,K
567,231_H1,0.0062751390162672,4.03118428948801e-05,0.0001868072801644,0.0544697617468051,0.0152430049715329,231,231,CT/EC,E
568,231_NCI,8.08359196560639e-05,0.000142381817568,0.000287020637983,0.0960825907919139,0.0241482072917803,231,231,CT/EC,E
569,231_H3,8.192617161929469e-06,0.0,3.0256770915238045e-05,0.0061574233959218,0.0015489681959997,231,231,CT/EC,E
570,232_H1,0.0,0.0,1.2292659608250616e-06,0.0446588027934632,0.011165008014856,232,232,CT/EC,A
571,232_NCI,1.119973772982443e-06,0.0,3.3984591115998613e-06,0.0599972651797415,0.0150004459031565,232,232,CT/EC,A
572,232_H3,0.0,0.0,1.821761166232944e-05,0.013555822080719,0.0033935099230953,232,232,CT/EC,A
573,233_H3,0.0,0.0,0.0,0.0057177125588049,0.0014294281397012,233,233,CT/EC,A
574,233_NCI,0.0,0.0,3.710216970423194e-05,0.0222951078160252,0.0055830524964323,233,233,CT/EC,A
575,233_H1,0.0,0.0,0.0,0.0057177125588049,0.0014294281397012,233,233,CT/EC,A
576,234_H1,4.579140600437063e-05,0.0,0.0032596722436479,0.0822530402595331,0.0213896259772963,234,234,CT/EC,A
577,234_H3,2.95757243899362e-05,0.0,3.745231464579274e-05,0.0180194300737166,0.004521614528188,234,234,CT/EC,A
578,234_NCI,5.130342661762313e-06,0.0,0.0022349253493821,0.0400204408257871,0.0105651241294577,234,234,CT/EC,A
579,235_H1,2.3370021055696726e-07,0.0,0.0001906494940299,0.0595834794141045,0.0149435906520862,235,235,CT/EC,Q
580,235_H3,0.0,0.0,2.485493193305898e-05,0.0220652753605354,0.0055225325731171,235,235,CT/EC,Q
581,235_NCI,4.335462377079576e-06,0.0,0.0003382768553053,0.0167931984239784,0.0042839526854152,235,235,CT/EC,Q
582,236_H3,5.436501699575702e-06,0.0,1.7291315599032847e-05,0.007916908998879,0.0019849092040444,236,236,CT/EC,Q
583,236_H1,1.3574965066179452e-06,0.0,1.1375886194005176e-05,0.0071895469381107,0.0018005700802028,236,236,CT/EC,Q
584,236_NCI,0.0054867347743948,0.0,3.68746874394175e-05,0.0177689659907625,0.0058231438631492,236,236,CT/EC,Q
585,237_H3,1.0395316133220689e-05,0.0,6.161439910355497e-05,0.0864184315892939,0.0216226103261326,237,237,CT/EC,Q
586,237_NCI,1.2095993852980624e-05,0.0006710911402478,0.0002204152263665,0.0151393035691744,0.0040107264824104,237,237,CT/EC,Q
587,237_H1,0.0005962496013246,0.0,2.467973096822505e-05,0.0313336277266086,0.0079886392647253,237,237,CT/EC,Q
588,238_H3,0.0,0.0,0.0,0.0082088110628972,0.0020522027657243,238,238,CT/EC,E
589,239_H3,0.0,0.0,1.026885065290522e-06,0.0247636782616805,0.0061911762866864,239,239,CT/EC,S
590,239_NCI,5.436501699575702e-06,0.0,1.7291315599032847e-05,0.007916908998879,0.0019849092040444,239,239,CT/EC,S
591,239_H1,0.001121288870108,6.399834546755301e-06,0.0,0.0131031062819566,0.0035576987466528,239,239,CT/EC,S
592,240_H1,0.0,0.0,1.926509104013782e-06,0.0287062490076667,0.0071770438791926,240,240,CT/EC,A
593,240_H3,0.0,0.0,1.926509104013782e-06,0.0287062490076667,0.0071770438791926,240,240,CT/EC,A
594,240_NCI,1.762293296704498e-05,0.0,2.2550813228571245e-06,0.0148705423783928,0.0037226050981706,240,240,CT/EC,A
595,241_H3,3.0732271918679524e-08,0.0,1.685810058464896e-06,0.0182297225864938,0.004557859782206,241,241,CT/EC,T
596,241_NCI,0.0020844586163111,0.0,0.0001143620614225,0.0259336825224219,0.0070331258000389,241,241,CT/EC,T
597,241_H1,1.01173215709531e-06,0.0,6.693513797419026e-05,0.0002402735065355,7.705509416670887e-05,241,241,CT/EC,T
598,242_H1,3.0732271918679524e-08,0.0,1.685810058464896e-06,0.0182297225864938,0.004557859782206,242,242,CT/EC,T
599,242_NCI,3.0334315580573705e-05,0.0,6.280567086878038e-07,0.0061835989762591,0.0015536403371371,242,242,CT/EC,T
600,242_H3,3.0732271918679524e-08,0.0,1.685810058464896e-06,0.0182297225864938,0.004557859782206,242,242,CT/EC,T
601,243_H3,3.0732271918679524e-08,0.0,1.685810058464896e-06,0.0182297225864938,0.004557859782206,243,243,CT/EC,Q
602,243_H1,1.039675779459637e-05,0.0,0.0002299292618942,0.007707544823924,0.0019869677109032,243,243,CT/EC,Q
603,244_NCI,0.0014576725462174,0.0,2.3101507124886885e-05,0.0119878133783573,0.0033671468579249,244,244,CT/EC,K
604,244_H3,0.0,0.0,2.0665342485396737e-06,0.0592758121142351,0.0148194696621209,244,244,CT/EC,K
605,247_H1,0.0001352027889261,0.0,7.497541595251074e-05,0.0117568132011948,0.0029917478515183,247,247,CT/EC,K
606,247_NCI,0.0166241694711928,7.292723239515908e-06,0.0002026439064866,0.1351851918321066,0.0380048244832564,247,247,CT/EC,K
607,247_H3,4.296498780123565e-05,0.0,1.6670812721550494e-05,0.0318173404549842,0.0079692440638767,247,247,CT/EC,K
608,248_H3,1.877072582462011e-05,0.0,3.630912146337433e-05,0.0411686106434713,0.0103059226226898,248,248,CT/EC,E
609,249_H3,0.0,0.0,3.394747884594743e-05,0.0050483884770354,0.0012705839889703,249,249,CT/EC,V
610,249_H1,1.1850219928941134e-06,0.0,4.742612321807461e-05,0.0233917140423203,0.0058600812968828,249,249,CT/EC,V
611,250_H1,0.0001683054568826,0.0,1.3188696078972291e-06,0.0013594325939913,0.0003822642301204,250,250,CT/EC,T
612,250_H3,5.2507405154499066e-05,0.0,6.3285951654117495e-06,0.0021131011575421,0.0005429842894655,250,250,CT/EC,T
613,251_H3,9.54606290740303e-06,0.0,1.1708676967592606e-05,0.0264406179458881,0.0066154681714407,251,251,CT/EC,R
614,251_NCI,0.0017916399801719,0.0,4.907665878915557e-05,0.0249399679560549,0.006695171148754,251,251,CT/EC,R
615,251_H1,0.0001110950821635,0.0,9.745691894339018e-05,0.0743565304363413,0.018641270609362,251,251,CT/EC,R
616,252_H1,8.330838760048695e-07,0.001309351529926,3.2323395371259185e-05,0.0617833137527549,0.015781455440482,252,252,CT/EC,M
617,252_NCI,5.716635955590047e-06,0.0,0.0001678726167739,0.059419882992413,0.0148983680612856,252,252,CT/EC,M
618,253_H1,2.13284331645707e-05,0.0,3.0002949070796163e-05,0.0029079398507059,0.0007398178082353,253,253,6,V
619,253_NCI,0.0,0.0001105028568417,2.0561900851563668e-06,0.0177318510170689,0.0044611025159989,253,253,6,V
620,254_H1,0.0003906809982974,0.0001273373200092,0.0005783014368029,0.0883202128071998,0.0223541331405773,254,254,6,I
621,254_NCI,0.0001463256628741,6.256984488572925e-05,0.0002317415395564,0.0401050903181291,0.0101364318413613,254,254,6,I
622,255_H3,0.0,0.0,2.319989018223782e-05,0.0417374377273532,0.0104401594043838,255,255,6,I
623,255_NCI,0.0001708857869421,2.270739059895277e-05,0.0001365298362389,0.040672071434206,0.0102505486119965,255,255,6,I
624,256_H1,0.0002122344392731,3.120778637821786e-05,6.05229635288467e-05,0.0807651567065139,0.0202672804739235,256,256,6,M
625,256_H3,1.8037215222894235e-05,0.0,1.0431103778312634e-06,0.0835901488810427,0.0209023073016608,256,256,6,M
626,257_H1,2.722647002314145e-06,0.0,7.785137997185519e-05,0.0627757981597579,0.015714093046683,257,257,6,V
627,257_H3,0.0,0.0,5.413032658755665e-06,0.0461380316610043,0.0115358611734157,257,257,6,V
628,257_NCI,3.295493282618561e-05,0.0,0.0027006352019551,0.0206498301517791,0.0058458550716401,257,257,6,V
629,258_H1,0.0004462756208974,0.0003326089936308,0.0010082150551612,0.1551881555150079,0.0392438137961743,258,258,6,I
630,258_NCI,4.347625073918719e-05,4.624074790626764e-05,0.0007883775987242,0.0024682264505594,0.0008365802619823,258,258,6,I
631,258_H3,0.0,0.0,0.0005731567393387,0.1002554337985335,0.025207147634468,258,258,6,I
632,259_H1,0.0002347059830718,5.742054781876504e-05,7.488953457660279e-06,0.0008297504416858,0.0002823414815085,259,259,6,A
633,259_H3,0.000175777779222,0.0,8.178740888835923e-06,0.0053588401675887,0.0013856991719248,259,259,6,A
634,259_NCI,6.0027613169541495e-05,0.0,5.920168195488208e-06,0.0507946994939514,0.0127151618188291,259,259,6,A
635,260_H3,0.0017651903703493,0.0221193470060825,0.0037932676999838,0.1776309658551703,0.0513271927328965,260,260,6,F
636,260_NCI,0.0021631886278565,0.0,0.000896816543974,0.0687643685744839,0.0179560934365786,260,260,6,F
637,260_H1,0.0038238153881652,0.0019549718126654,0.0033979668791079,0.3206443647656691,0.0824552797114019,260,260,6,F
638,261_H1,0.0001740254621036,0.0,3.5523285172499735e-05,0.0019613972819804,0.0005427365073141,261,261,6,L
639,261_NCI,2.2971928427097217e-05,0.0,3.966298488463688e-05,0.0154369699761743,0.0038749012223715,261,261,6,L
640,262_H1,2.8957976632311976e-05,0.0002421680983388,0.0001718790725077,0.031663193572843,0.0080265496800805,262,262,6,I
641,262_H3,1.2139355552008822e-06,0.0,3.638962443574458e-07,0.0474152049507172,0.0118541956956291,262,262,6,I
642,262_NCI,2.298255014848488e-05,0.000714105030056,0.0004181561751605,0.0104834933874088,0.0029096842856934,262,262,6,I
643,263_H1,0.0352537080858156,0.0034005977213382,7.802896152484543e-06,0.0593562979142265,0.0245046016543832,263,263,6,C
644,263_H3,1.844493287174125e-05,0.0,9.954315847840927e-05,0.0682098886559568,0.0170819691868267,263,263,6,C
645,263_NCI,7.799202440168203e-06,0.0,4.116921548106702e-05,0.0296181567147606,0.0074167812831704,263,263,6,C
646,264_H1,0.0002021488449844,0.1228262782096862,0.0138888391343218,0.1166245755890601,0.0633854604445131,264,264,6,W
647,264_NCI,0.1467022202435126,0.2747645676136017,0.0187512991577783,0.0893741277401019,0.1323980536887486,264,264,6,W
648,264_H3,3.356797279709344e-05,7.896366878412664e-05,0.0007211402560933,0.0727172328057732,0.0183877261758619,264,264,6,W
649,265_H3,0.0,0.0,4.875518069335776e-05,0.0390235422723098,0.0097680743632507,265,265,6,L
650,265_H1,9.341350162428812e-05,0.0,0.0002192558320518,0.044892926390307,0.0113013989309957,265,265,6,L
651,265_NCI,0.0004320417205158,0.0,0.0007290364729324,0.0271594163389407,0.0070801236330972,265,265,6,L
652,268_NCI,0.0038905640930747,0.0032997247762978,0.0022372454570759,0.0271897844344442,0.0091543296902231,268,268,6,A
653,268_H3,0.0086720934694594,0.0,0.0019440635416199,0.3967772304189019,0.1018483468574953,268,268,6,A
654,268_H1,0.002338081140855,0.0001818087039282,0.0018303302386254,0.2770504657738516,0.070350171464315,268,268,6,A
655,269_NCI,0.00025832207678,0.0,0.0021332222109014,0.0158264982700503,0.0045545106394329,269,269,6,G
656,269_H3,0.0001964279570667,5.4749300034018233e-05,5.8711228791245546e-05,0.1027624037995951,0.0257680730713717,269,269,6,G
657,270_NCI,0.0005631459309076,0.0003831971262115,8.522480236977026e-05,0.1009195901439971,0.0254877895008715,270,270,6,V
658,270_H1,0.0003001475876292,0.0006722891703248,0.0005069324075761,0.1608207313127366,0.0405750251195667,270,270,6,V
659,271_H3,0.0001211669158887,0.0,4.027452383527354e-06,0.0465956663185529,0.0116802151717063,271,271,6,A
660,271_H1,2.7917532590036995e-06,0.0,2.7440007956006733e-06,0.0519161344391542,0.0129804175483022,271,271,6,A
661,272_H3,2.073515239866326e-06,0.0,1.1813828818172927e-05,0.0105619298182661,0.002643954290581,272,272,6,F
662,273_H3,2.513319722421477e-05,0.0,2.440517371228307e-05,0.0478096201326053,0.0119647896258854,273,273,6,Y
663,273_NCI,3.5160760630661486e-05,0.0004304806643631,3.192256726760248e-05,0.0211045939617302,0.0054005394884979,273,273,6,Y
664,273_H1,0.000187918041362,0.0001187709713121,0.0138949502482218,0.041768390543266,0.0139925074510405,273,273,6,Y
665,274_H1,0.0002007315971022,0.0001333134714514,0.0001165523917749,0.1178515786454455,0.0295755440264435,274,274,6,I
666,274_NCI,5.4900187159609086e-05,0.0060791354626417,0.0029861288948737,0.0651722371554432,0.0185731004250295,274,274,6,I
667,275_H1,0.0002879165892561,0.0001233418443007,0.0001532331966662,0.0084772809492294,0.0022604431448631,275,275,CT/EC,F
668,275_NCI,0.0062959804253816,0.0,1.6774720458595034e-05,0.0344667059674842,0.0101948652783311,275,275,CT/EC,F
669,276_H1,0.0004250578867173,0.0,0.0002244324569636,0.0272346025351182,0.0069710232196998,276,276,CT/EC,T
670,276_H3,2.045656349518495e-06,0.0,0.0001292254468233,0.0424522405271298,0.0106458779075756,276,276,CT/EC,T
671,276_NCI,0.0007950903404371,0.0,0.0002751598615606,0.0435883794279444,0.0111646574074855,276,276,CT/EC,T
672,277_NCI,0.0001385627153337,0.0,0.0003103174034972,0.0040925373796069,0.0011353543746095,277,277,CT/EC,H
673,277_H3,3.4635082740582414e-05,0.0,4.493350654649775e-06,0.0495864458572105,0.0124063935726514,277,277,CT/EC,H
674,278_H1,0.00067998804116,0.0111391311511397,0.0106490590898621,0.0864195151033147,0.0272219233463691,278,278,CT/EC,Q
675,278_H3,1.3666644347339067e-06,0.0,3.0208713599930563e-05,0.1202243611318408,0.0300639841274688,278,278,CT/EC,Q
676,278_NCI,0.0020318327366749,0.0,0.0001237506674369,0.003896736311334,0.0015130799288615,278,278,CT/EC,Q
677,279_H1,0.0003969814085674,0.0,0.0003200284667164,0.0048810973353474,0.0013995268026578,279,279,CT/EC,G
678,279_H3,0.0,0.0,4.0476250826190896e-05,0.0128527347293966,0.0032233027450557,279,279,CT/EC,G
679,279_NCI,0.0004202444323733,0.0,0.0008332655524347,0.0309761077210555,0.0080574044264659,279,279,CT/EC,G
680,280_H1,0.0286653673716793,0.0008137188851833,0.0004388764716063,0.0583533449634778,0.0220678269229867,280,280,CT/EC,S
681,280_NCI,0.0005708969422666,0.0,0.0002469537329907,0.0483681823923669,0.012296508266906,280,280,CT/EC,S
682,280_H3,1.874656271752148e-05,0.0,2.4872859573236145e-05,0.0166793383204768,0.0041807394356918,280,280,CT/EC,S
683,281_H1,0.0001605023323634,0.0,0.0082976696262896,0.1203109799115384,0.0321922879675478,281,281,CT/EC,D
684,281_H3,0.0001732894470657,0.0,0.0004644926674265,0.0452010399707145,0.0114597055213017,281,281,CT/EC,D
685,281_NCI,0.0008093739543219,0.0015379566466435,0.0009568415461781,0.0517221235579188,0.0137565739262656,281,281,CT/EC,D
686,282_H1,4.6969151153713966e-05,0.0,5.447993626010291e-05,0.0164902473757617,0.0041479241157938,282,282,CT/EC,F
687,282_NCI,6.944685074226914e-05,0.0002549024939071,0.0002602044094808,0.1016208087344881,0.0255513406221546,282,282,CT/EC,F
688,283_H1,6.508998501814839e-05,0.0,0.0143647794994511,0.0045062442377555,0.0047340284305561,283,283,CT/EC,G
689,283_H3,0.0017159712438579,0.0,3.908739040012652e-06,0.0240450428396006,0.0064412307056246,283,283,CT/EC,G
690,283_NCI,0.0017159712438579,0.0,3.908739040012652e-06,0.0240450428396006,0.0064412307056246,283,283,CT/EC,G
691,284_NCI,1.0842367697089087e-05,0.0,3.635027799890607e-06,0.0219350825053828,0.0054873899752199,284,284,CT/EC,P
692,284_H1,1.0359548397076578e-05,0.0,2.191050569055215e-05,0.0512789210337083,0.0128277977719489,284,284,CT/EC,P
693,285_H3,0.0001409018539681,0.0,1.6381837350160792e-05,0.0477305295132588,0.0119719533011442,285,285,CT/EC,I
694,285_H1,0.0029094420896698,0.6593573093414307,0.7990825276700075,0.2125116893267906,0.4184652421069746,285,285,CT/EC,I
695,285_NCI,0.0082706361549255,2.4745841074036438e-05,0.0001794059617128,0.0074830224941521,0.0039894526129661,285,285,CT/EC,I
696,286_H1,0.0001474222370198,0.0,0.0006646172768946,0.0247896836071979,0.0064004307802781,286,286,CT/EC,F
697,286_H3,3.5299635293298925e-06,0.0,9.725652996417885e-06,0.0341940774328164,0.0085518332623355,286,286,CT/EC,F
698,286_NCI,0.0081000001245794,2.0568228137562983e-05,0.0014274443563226,0.2035771784208881,0.0532812977824819,286,286,CT/EC,F
699,287_H1,0.1333099942912953,0.0,0.0001730042400523,0.0492862910555563,0.045692322396726,287,287,7,M
700,287_NCI,0.0002631169950986,0.0,0.0010199205594934,0.0224314506892373,0.0059286220609573,287,287,7,M
701,287_H3,8.993049898168342e-07,0.0,3.0782573331518674e-06,0.0484298280522089,0.0121084514036329,287,287,7,M
702,288_NCI,0.0015782388286686,0.0002890207979362,0.0006315392333261,0.130928694079095,0.0333568732347565,288,288,7,T
703,288_H1,0.0005059257298186,3.1908446544548497e-05,0.0008441905039634,0.1939899883834145,0.0488430032659353,288,288,7,T
704,288_H3,3.8918075139168205e-05,0.0,0.0001568232771116,0.2068943857440434,0.0517725317740735,288,288,7,T
705,289_H1,0.0003173789454852,0.0,0.0001447605226696,0.0378328634513678,0.0095737507298807,289,289,7,I
706,289_H3,8.89811986220383e-06,0.0,0.0,0.0262448739439941,0.006563443015964,289,289,7,I
707,289_NCI,0.0001321487418843,0.0,0.0001459694347771,0.0661803113885223,0.0166146073912959,289,289,7,I
708,290_H1,6.869770879542708e-05,0.0,2.5834946206464304e-06,0.0033855781529442,0.00086421483909,290,290,7,P
709,290_H3,0.0,0.0,0.0,0.0359083175483804,0.0089770793870951,290,290,7,P
710,290_NCI,0.0006159818456841,0.000750969920773,0.000131681026289,0.044338759935092,0.0114593481819595,290,290,7,P
711,291_H1,0.0063914702069124,0.0003438377170823,0.0062329749040545,0.2952819086412252,0.0770625478673186,291,291,7,A
712,291_H3,0.000617044219101,0.0,0.0033899166316819,0.4064538588770105,0.1026152049319484,291,291,7,A
713,292_H1,7.262175502004712e-06,3.959405148634687e-06,0.0003664582414692,0.006775941523626,0.0017884053364365,292,292,7,F
714,292_H3,0.0032054022997987,0.0,1.3537163680046982e-05,0.0581298904080277,0.0153372074678766,292,292,7,F
715,292_NCI,0.0065740656107288,0.0,0.0001431767518756,0.0821848282394585,0.0222255176505157,292,292,7,F
716,293_H3,2.1391191214700692e-05,0.0,2.353580204919794e-06,0.0401331000589729,0.0100392112075981,293,293,7,F
717,294_H1,1.3330710735100237e-05,0.0,0.0022999521068444,0.0481254062862355,0.0126096722759537,294,294,7,A
718,294_H3,2.2093364456059228e-05,0.0,1.252643547374255e-05,0.0603609105487672,0.0150988825871742,294,294,7,A
719,294_NCI,1.861676061478372e-05,0.0286405123770236,0.0028169942772697,0.0699942042160771,0.0253675819077463,294,294,7,A
720,296_H1,1.2242428256422443e-05,6.825827585998923e-05,0.0007110737436749,0.0280845023526982,0.0072190192001223,296,296,7,T
721,296_H3,0.0,0.0,0.0005355116049318,0.0345868881922198,0.0087805999492879,296,296,7,T
722,297_H1,0.0005195300815554,0.0,9.85214915097827e-05,0.0657013413216964,0.0165798482236904,297,297,7,S
723,297_H3,2.3515845083620725e-06,0.0,4.205547965723188e-05,0.0228055713342666,0.005712494599608,297,297,7,S
724,297_NCI,0.0013605897531396,0.0,7.097804850995951e-05,0.0259947969658548,0.0068565911918761,297,297,7,S
725,298_H3,3.465950428083521e-05,3.337011730764061e-05,7.236330699486289e-05,0.0897890467619451,0.0224823599226321,298,298,7,A
726,298_NCI,0.0001764414959078,0.0001279091957258,0.0001152509783045,0.0001801838099574,0.0001499463699739,298,298,7,A
727,299_H1,0.0291550557487315,0.000573115365114,3.824702748835914e-05,0.0699284571465963,0.0249237188219825,299,299,7,V
728,299_H3,0.0,0.0,0.0,0.0082088110628972,0.0020522027657243,299,299,7,V
729,299_NCI,4.39580098899265e-05,2.8690372346318327e-05,0.0001014573196318,0.0429275557145269,0.0107754153540987,299,299,7,V
730,301_H3,0.0,0.0,0.0,0.0082088110628972,0.0020522027657243,301,301,7,N
731,301_NCI,4.442792959393649e-06,0.0,1.7123373794059075e-05,0.0215454858304794,0.0053917629993082,301,301,7,N
732,301_H1,0.0074722431187558,0.0,0.0001313948986228,0.0151170126376483,0.0056801626637567,301,301,7,N
733,302_NCI,0.0,0.0,3.014048392680901e-07,0.0118521281842607,0.0029631073972749,302,302,7,P
734,302_H1,3.839741616277042e-05,0.0,2.192659134053187e-07,0.0147248686459168,0.0036908713319982,302,302,7,P
735,303_NCI,0.0002495368749375,0.0,0.0001554077472194,0.0384828530949276,0.0097219494292711,303,303,7,V
736,303_H1,1.725828128816623e-05,0.0,0.0001242223492847,0.0580113231782786,0.0145382009522128,303,303,7,V
737,303_H3,6.458250014335763e-07,0.0,9.812220802587752e-06,0.0189141110107001,0.004731142264126,303,303,7,V
738,304_H1,0.0,0.0,2.8431026389594058e-08,0.0113259777136356,0.0028315015361655,304,304,7,I
739,304_NCI,0.0,0.0,1.7627684237493664e-06,0.0297879695361679,0.0074474330761479,304,304,7,I
740,306_H1,0.0012951487688438,0.0003435711259953,1.816452964958437e-05,0.0151361466579382,0.0041982577706067,306,306,7,I
741,306_H3,0.000236222489715,0.0,6.094175118842789e-07,0.0457828787978242,0.0115049276762627,306,306,7,I
742,306_NCI,2.026401530646614e-05,0.0,0.0146806272058672,0.0801414311138377,0.0237105805837528,306,306,7,I
743,307_NCI,6.434180348009053e-05,3.925668352167122e-05,5.22168455021889e-05,0.0204457169795555,0.0051503830780148,307,307,7,M
744,307_H3,0.0,0.0,4.3092107674078726e-10,0.0124732061297396,0.0031183016401651,307,307,7,M
745,307_H1,5.61845079186109e-06,0.0001287544728256,3.515268791190399e-05,0.0182755892317263,0.0046112787108139,307,307,7,M
746,308_H1,5.765893637762423e-05,2.260371547890827e-05,1.2037579211403922e-05,0.0488497305384012,0.0122355076923672,308,308,7,M
747,308_H3,0.0,0.0,8.28541926895677e-06,0.0019216035298028,0.0004824722372679,308,308,7,M
748,308_NCI,4.645772310585846e-06,0.0,1.4354610960493982e-05,0.0418800010082281,0.0104747503478748,308,308,7,M
749,309_H1,4.936524494359027e-07,0.0,1.9517169064452663e-05,0.0041950772964114,0.0010537720294813,309,309,CT/EC,N
750,309_NCI,0.0,0.0,8.28541926895677e-06,0.0019216035298028,0.0004824722372679,309,309,CT/EC,N
751,310_H1,1.1412582807477051e-05,0.0,2.123964444331775e-05,0.0084617107730058,0.0021235907500641,310,310,CT/EC,K
752,310_H3,0.0,0.0,4.94447035304551e-06,0.0378441056316122,0.0094622625254913,310,310,CT/EC,K
753,310_NCI,7.937785581385263e-06,0.0,6.385469873119549e-05,0.0014772536983338,0.0003872615456615,310,310,CT/EC,K
754,311_NCI,0.0,0.0,0.0001151338821631,0.0034743211015785,0.0008973637459354,311,311,CT/EC,Q
755,311_H3,0.0,0.0,0.0001151338821631,0.0034743211015785,0.0008973637459354,311,311,CT/EC,Q
756,311_H1,2.9987591885800784e-05,0.0,1.611370685996235e-05,0.0071312165893601,0.0017943294720264,311,311,CT/EC,Q
757,312_H3,1.3088892864921778e-06,0.0,3.813775988539711e-05,0.0025658166965753,0.0006513158364367,312,312,CT/EC,F
758,312_NCI,1.3088892864921778e-06,0.0,3.813775988539711e-05,0.0025658166965753,0.0006513158364367,312,312,CT/EC,F
759,312_H1,1.3088892864921778e-06,0.0,3.813775988539711e-05,0.0025658166965753,0.0006513158364367,312,312,CT/EC,F
760,313_H1,2.4022145338510336e-05,0.0,0.0001068502099852,0.0021938896869546,0.0005811905105695,313,313,CT/EC,R
761,313_H3,0.0001899612592433,0.0,0.0,0.0008756784515731,0.0002664099277041,313,313,CT/EC,R
762,313_NCI,2.0738380322755487e-05,0.0,3.2704502036881885e-05,0.0298381871542075,0.0074729075091418,313,313,CT/EC,R
763,314_H3,8.012845905460871e-05,0.0,1.6525067276551072e-05,0.0313141103787784,0.0078526909762774,314,314,CT/EC,N
764,314_NCI,0.0004403126463036,0.0009421151480637,0.0003136492741388,0.0737864607339775,0.0188706344506209,314,314,CT/EC,N
765,314_H1,0.0318976889118375,0.0070400419645011,0.0098098116517014,0.0065853886960689,0.0138332328060272,314,314,CT/EC,N
766,315_NCI,0.0,0.0,1.7952984574778786e-05,0.0010051454454631,0.0002557746075094,315,315,CT/EC,C
767,315_H3,0.0,0.0,3.815310486640464e-06,0.0516020157627958,0.0129014577683206,315,315,CT/EC,C
768,315_H1,2.140681027945006e-05,0.0,1.612112187496104e-05,0.0663174776591478,0.0165887513978255,315,315,CT/EC,C
769,316_NCI,2.0451188675721495e-05,0.0,6.92306753219487e-05,0.0018387568366599,0.0004821096751644,316,316,CT/EC,M
770,316_H3,0.0,0.0,0.0,0.0084975733064432,0.0021243933266108,316,316,CT/EC,M
771,316_H1,1.054945433904612e-06,0.0,0.0002727136408475,0.0148411748859439,0.0037787358680563,316,316,CT/EC,M
772,317_NCI,0.002636671301221,0.000923863321077,0.0004141077697273,0.1176421612740492,0.0304042009165186,317,317,CT/EC,V
773,317_H1,0.1781494858573049,0.0021013498771935,0.0002050362116104,0.1783629133358738,0.0897046963204956,317,317,CT/EC,V
774,318_H3,4.078965338090924e-06,0.0,1.3469512185697044e-05,0.0453643298516385,0.0113454695822905,318,318,CT/EC,T
775,318_NCI,0.0002874629618599,0.0001215907104779,0.0003703499117092,0.0680142356435068,0.0171984098068885,318,318,CT/EC,T
776,318_H1,0.0002529433358456,0.0,0.001374806040665,0.006042126382273,0.0019174689396959,318,318,CT/EC,T
777,319_H1,0.0008076391636199,0.0,0.0011471942354896,0.033670148111415,0.0089062453776311,319,319,CT/EC,T
778,319_H3,2.0054330577379565e-06,0.0,6.378021922794342e-05,0.049667236222993,0.0124332554688196,319,319,CT/EC,T
779,319_NCI,5.088977286425296e-05,0.0,0.0009110659877173,0.003679355714986,0.0011603278688918,319,319,CT/EC,T
780,320_H1,0.001563795165927,0.0,0.0002066307788216,0.0548183063995718,0.0141471830860801,320,320,CT/EC,L
781,320_NCI,1.1315808530796072e-05,0.0,0.0002466243779657,0.0899888399411437,0.02256169503191,320,320,CT/EC,L
782,321_H3,9.11807684392062e-07,0.0,5.2273862253266365e-05,0.055803441795194,0.0139641568662829,321,321,CT/EC,C
783,321_NCI,0.1827890715311028,0.0,4.484103112796325e-05,0.0107528986704126,0.0483967028081608,321,321,CT/EC,C
784,321_H1,0.0001007135467925,0.0,0.0025871606331899,0.0529857534895267,0.0139184069173773,321,321,CT/EC,C
785,322_H3,0.1087011454824893,0.0,1.378032923251352e-07,0.0260823561147314,0.0336959098501282,322,322,CT/EC,C
786,322_H1,0.0001784995431105,0.0,0.0004044111258575,0.0655805752636337,0.0165408714831504,322,322,CT/EC,C
787,322_NCI,8.803857728637361e-06,0.0,1.8132711417060368e-06,0.0293289173367284,0.0073348836163996,322,322,CT/EC,C
788,323_NCI,0.0007158772125704,0.0,0.0003371233958599,0.0796735030017941,0.0201816259025561,323,323,CT/EC,G
789,323_H1,7.165179467307118e-05,0.0072650895453989,0.0002041491684517,0.0360708380449377,0.0109029321383653,323,323,CT/EC,G
790,323_H3,0.0,0.011335726827383,0.0255218075137155,0.0206099749654788,0.0143668773266443,323,323,CT/EC,G
791,324_H1,0.0003654331272659,0.0002617967547848,9.224852839193658e-05,0.046393619396466,0.0117782744517272,324,324,CT/EC,K
792,324_H3,0.0001289455305883,0.0,0.0001478234958303,0.1415777199072739,0.0354636222334231,324,324,CT/EC,K
793,324_NCI,0.003366637377921,0.0022008379455655,0.000389370951037,0.1739904673666233,0.0449868284102867,324,324,CT/EC,K
794,325_H1,0.0020690438392965,6.913024844834581e-05,0.000182232719105,0.11100347360754,0.0283309701035974,325,325,CT/EC,P
795,325_H3,8.939406687610911e-05,0.0,4.3258035479437725e-05,0.0817662493437032,0.0204747253615146,325,325,CT/EC,P
796,325_NCI,0.0026439395642781,0.0010863258503377,0.0007892376370443,0.0255241602089584,0.0075109158151546,325,325,CT/EC,P
797,326_H1,0.0001571080041041,0.0,0.0002123706611301,0.0819020078266349,0.0205678716229673,326,326,CT/EC,L
798,326_H3,0.0,0.0,2.6148042629804118e-06,0.0038873281059367,0.0009724857275499,326,326,CT/EC,L
799,326_NCI,0.0001581990212449,4.361866740509868e-05,0.000353248334089,0.1724855875543922,0.0432601633942828,326,326,CT/EC,L
800,327_NCI,0.0001092035861931,0.0002500211412552,0.0003781064251407,0.0358552008206327,0.0091481329933055,327,327,CT/EC,G
801,327_H1,0.0285662311397037,0.000567604904063,0.0001311426978055,0.036571793341041,0.0164591930206533,327,327,CT/EC,G
802,327_H3,8.705586474851745e-07,0.0,5.201474225574655e-05,0.0026755358041628,0.0006821052762665,327,327,CT/EC,G
803,328_H1,2.577949588430694e-06,0.0,0.0007926816003701,0.1067847922421407,0.0268950129480248,328,328,CT/EC,D
804,328_H3,0.0,0.0,0.0007163014422386,0.0699560257716481,0.0176680818034716,328,328,CT/EC,D
805,329_H1,0.0007153831436445,0.0,0.0003375764503939,0.0248600951899413,0.0064782636959949,329,329,CT/EC,D
806,329_H3,1.5365501589653228e-05,0.0,1.3980990235083918e-05,0.0803196069187027,0.0200872383526318,329,329,CT/EC,D
807,329_NCI,0.0004194408508811,0.0,0.000144423724896,0.087609485151255,0.022043337431758,329,329,CT/EC,D
808,330_H1,5.932639231583484e-05,0.0032091366592794,0.0010825131900147,0.0842190610502292,0.0221425093229598,330,330,CT/EC,E
809,331_NCI,0.0001417508604602,4.9732683692127466e-05,0.0011330918866045,0.031357133828302,0.0081704273147647,331,331,CT/EC,A
810,331_H1,9.25309627201332e-05,7.150963938329369e-05,0.0001925745384487,0.0116707947748315,0.0030068524788459,331,331,CT/EC,A
811,331_H3,0.0001450838173139,0.0,0.000283450578951,0.035280660320923,0.008927298679297,331,331,CT/EC,A
812,332_H3,5.463331335052275e-05,0.0,1.69615425399214e-05,0.0820919411479727,0.0205408840009657,332,332,CT/EC,S
813,332_H1,0.369615292300596,1.9671826521516778e-05,0.0024841715407652,0.0685696423362144,0.1101721945010243,332,332,CT/EC,S
814,332_NCI,8.6467186910199e-05,4.564392656902783e-05,0.0009689075928814,0.1436186846379181,0.0361799258360697,332,332,CT/EC,S
815,333_H1,2.6073856729198376e-05,0.0,7.32633868729427e-05,0.1411114185540562,0.0353026889494145,333,NA,NA,-
816,333_H3,7.796815586536721e-05,2.7074484023614787e-05,8.447919997284751e-05,0.1251524692851759,0.0313354977812594,333,NA,NA,-
817,333_NCI,0.0004633077755041,0.0,0.000180000601786,0.0185560448741772,0.0047998383128668,333,NA,NA,-
818,334_H1,6.845198077737233e-05,0.0,0.0002026334455931,0.0725846481152166,0.0182139333853968,334,333,CT/EC,T
819,334_H3,0.0002298237943076,0.0044622528366744,2.9318806862625558e-05,0.0490612960581422,0.0134456728739967,334,333,CT/EC,T
820,334_NCI,0.0001958384601234,4.216198794892989e-05,0.0003790099483637,0.0345815049637202,0.008799628840039,334,333,CT/EC,T
821,335_H3,4.349824814478859e-05,0.0,6.54047357912578e-06,0.0259373613049334,0.0064968500066643,335,334,CT/EC,T
822,335_H1,0.0001347713332912,1.2642803994822316e-05,0.0002095462289054,0.071058926568644,0.0178539717337088,335,334,CT/EC,T
823,336_H3,0.0002026431669861,0.0010256352834403,0.0033176032996053,0.046336765824035,0.0127206618935167,336,335,CT/EC,V
824,337_H1,0.0016208891873046,0.0008494257344864,1.2513228337124645e-05,0.0801683746058675,0.0206628006889989,337,336,CT/EC,S
825,337_H3,1.5644241381771615e-06,0.0,1.6537921867506558e-06,0.0080306413777231,0.002008464898512,337,336,CT/EC,S
826,337_NCI,0.0003373010150061,7.428781827911735e-05,2.020179473880988e-05,0.0429735502370989,0.0108513352162807,337,336,CT/EC,S
827,338_H1,0.0006740425074655,0.0,0.0057391077946141,0.0216297765605844,0.007010731715666,338,337,CT/EC,K
828,338_H3,2.901487386029001e-05,0.0,7.892989772653757e-05,0.057895601723291,0.0145008866237194,338,337,CT/EC,K
829,338_NCI,2.1653000315359037e-05,0.0,0.0026262440034831,0.0048468147631708,0.0018736779417423,338,337,CT/EC,K
830,339_H3,6.097856652068756e-07,0.0,1.2606326512350388e-05,0.0733959379357108,0.018352288511972,339,338,CT/EC,T
831,339_H1,2.758039985449649e-05,0.0,0.0003977227959536,0.0154980078202827,0.0039808277540227,339,338,CT/EC,T
832,339_NCI,0.0001998518417685,0.0,0.0005873862341095,0.1230530730913128,0.0309600777917977,339,338,CT/EC,T
833,341_NCI,0.0001498368216941,0.0,5.9496493534891904e-05,0.0001316019918451,8.523382676855495e-05,341,NA,NA,-
834,341_H3,0.0005965718673086,0.0,1.3896922157129434e-05,0.0393528380216452,0.0099908267027777,341,NA,NA,-
835,341_H1,3.400615287988054e-05,0.0,6.127796187845441e-05,0.0655558599450303,0.0164127860149471,341,NA,NA,-
836,342_H3,3.7162270278146897e-05,0.0,1.2689143388705205e-05,0.0155694507859022,0.0039048255498922,342,NA,NA,-
837,342_NCI,5.523013089354238e-05,0.0,1.8465117687448823e-05,0.061802585577491,0.015469070206518,342,NA,NA,-
838,342_H1,6.12253968114641e-05,0.0,0.0001354054608882,0.0438670624472689,0.0110159233262421,342,NA,NA,-
839,343_H1,0.0005544728053315,0.0,0.0003260359091486,0.0616642119338891,0.0156361801620923,343,NA,NA,-
840,343_H3,1.0967425773865651e-05,0.0,1.60061247648579e-05,0.0746576511876151,0.0186711561845384,343,NA,NA,-
841,343_NCI,0.0001344915406754,0.0,0.0008417174031579,0.2003561978679121,0.0503331017029363,343,NA,NA,-
842,344_H1,0.0003067727999736,0.0,0.0001226342830154,0.0970967864790842,0.0243815483905183,344,NA,NA,-
843,344_H3,6.36240266175533e-06,0.0,2.508943083585905e-05,0.0513455962929369,0.0128442620316086,344,NA,NA,-
844,344_NCI,8.393792030251312e-05,0.0002104586747009,0.0003539111458493,0.1715368296773417,0.0430462843545486,344,NA,NA,-
845,345_H1,9.996974095487374e-05,0.0,7.102536747195348e-05,0.0822906456552287,0.0206154101909138,345,NA,NA,-
846,345_H3,4.201692314216297e-05,7.127773278625682e-05,3.268439362440193e-05,0.0348280055354772,0.0087434961462575,345,NA,NA,-
847,345_NCI,0.0001330304292286,0.0,8.003325835413683e-05,0.009489600993168,0.0024256661701877,345,NA,NA,-
848,346_H1,9.137847205933598e-05,0.0,0.0001059274093558,0.01733611194735,0.0043833544571913,346,340,CT/EC,T
849,346_H3,2.159465993122738e-05,5.212385804043152e-05,2.9703170393521748e-05,0.0262930420620574,0.0065991159376056,346,340,CT/EC,T
850,346_NCI,0.0001745365986904,0.0,2.370779776307e-05,0.0307293325743403,0.0077318942426984,346,340,CT/EC,T
851,347_H1,1.691634010306714e-05,0.0,0.0001237802771922,0.0680547576429695,0.0170488635650662,347,341,CT/EC,S
852,347_H3,0.0009750061062026,0.0,2.46218057977552e-05,0.0292861044186351,0.0075714330826588,347,341,CT/EC,S
853,347_NCI,2.283640696705771e-05,0.0,4.932475633810055e-05,0.0474194739705952,0.0118729087834751,347,341,CT/EC,S
854,348_H1,0.0002329328327362,0.0005834260955452,2.1324194870035535e-05,0.0284691579802048,0.0073267102758391,348,342,CT/EC,Q
855,348_H3,0.0003353706260049,0.0,3.237085299651471e-05,0.1010662833756251,0.0253585062136566,348,342,CT/EC,Q
856,348_NCI,0.0006011051483749,0.0,3.2663523123486975e-05,0.172038013626469,0.0431679455744918,348,342,CT/EC,Q
857,349_H1,9.786593535046845e-06,0.0,4.1552942681683966e-05,0.0505945075571983,0.0126614617733537,349,343,CT/EC,V
858,349_H3,0.0003596676224088,0.0,1.7804083656096147e-05,0.0071753433147883,0.0018882037552133,349,343,CT/EC,V
859,349_NCI,0.0003596676224088,0.0,1.7804083656096147e-05,0.0071753433147883,0.0018882037552133,349,343,CT/EC,V
860,350_H1,0.0004798152137136,0.0002065488370135,9.711222048435742e-05,0.0507331420441543,0.0128791545788414,350,344,CT/EC,A
861,350_H3,0.0003284970115686,4.09674430557061e-05,0.0001895225131205,0.050102413041745,0.0126653500023724,350,344,CT/EC,A
862,350_NCI,0.0005584942921147,0.0003863846359308,0.0002546650627489,0.0954285364488154,0.0241570201099024,350,344,CT/EC,A
863,351_H1,4.2054457163715766e-05,0.0,1.7835816222193754e-05,0.0267522432750353,0.0067030333871053,351,345,CT/EC,P
864,351_H3,1.3862473980259916e-05,0.0,3.899874119374464e-06,0.0025922731242257,0.0006525088680813,351,345,CT/EC,P
865,351_NCI,9.606808540111797e-06,0.0,4.43491302866072e-06,0.04648575685643,0.0116249496444997,351,345,CT/EC,P
866,352_H1,0.0012873613828974,0.0006838974659331,0.0003939977213319,0.0486426923547437,0.0127519872312265,352,346,CT/EC,A
867,352_NCI,0.0001116032536916,0.0,9.414488350078436e-05,0.0077216708030213,0.0019818547350534,352,346,CT/EC,A
868,352_H3,0.0003440680195684,0.0,5.876186824102177e-05,0.0183724404640536,0.0046938175879657,352,346,CT/EC,A
