feature,xgb,mean
2_H2,5.995193714625202e-05,5.995193714625202e-05
2_H3,5.061481351731345e-05,5.061481351731345e-05
3_PKB,4.22218072344549e-05,4.22218072344549e-05
4_H2,2.8033302442054264e-05,2.8033302442054264e-05
4_H3,1.4969800758990459e-05,1.4969800758990459e-05
4_PKB,5.1038761739619076e-05,5.1038761739619076e-05
5_H2,3.839840792352334e-05,3.839840792352334e-05
5_H3,2.593420686025638e-05,2.593420686025638e-05
5_PKB,0.00012387358583509922,0.00012387358583509922
6_H3,3.939379894291051e-05,3.939379894291051e-05
6_PKB,5.71148848393932e-06,5.71148848393932e-06
7_H2,2.0835257600992918e-05,2.0835257600992918e-05
7_H3,1.3437977941066492e-05,1.3437977941066492e-05
8_H2,4.227958925184794e-05,4.227958925184794e-05
9_H2,6.114444113336504e-05,6.114444113336504e-05
10_H2,0.003712790785357356,0.003712790785357356
10_H3,0.0001467323600081727,0.0001467323600081727
11_H2,9.802432032302022e-05,9.802432032302022e-05
11_H3,4.120313860767055e-06,4.120313860767055e-06
14_H2,8.32140794955194e-05,8.32140794955194e-05
14_H3,5.352014795789728e-06,5.352014795789728e-06
14_PKB,1.1744587027351372e-05,1.1744587027351372e-05
15_H3,0.0,0.0
16_H2,0.00015605434600729495,0.00015605434600729495
16_H3,3.806185304711107e-06,3.806185304711107e-06
16_PKB,3.968516830354929e-05,3.968516830354929e-05
17_H2,0.0006697480566799641,0.0006697480566799641
17_H3,0.0,0.0
17_PKB,3.0999858608993236e-06,3.0999858608993236e-06
18_H2,4.296033512218855e-05,4.296033512218855e-05
19_H2,7.013318099780008e-05,7.013318099780008e-05
19_H3,1.9869912648573518e-05,1.9869912648573518e-05
19_PKB,2.0116895029786974e-06,2.0116895029786974e-06
20_H2,1.8672088799576159e-06,1.8672088799576159e-06
20_H3,2.175922054448165e-05,2.175922054448165e-05
20_PKB,0.19208163022994995,0.19208163022994995
21_H2,0.0,0.0
21_H3,2.21341906581074e-05,2.21341906581074e-05
21_PKB,9.465141374676023e-06,9.465141374676023e-06
22_H2,0.0015177346067503095,0.0015177346067503095
22_H3,0.00011842296953545883,0.00011842296953545883
24_H2,1.524988874734845e-05,1.524988874734845e-05
24_H3,7.720341272943188e-06,7.720341272943188e-06
24_PKB,0.009466608054935932,0.009466608054935932
25_H2,8.429269087173452e-07,8.429269087173452e-07
25_H3,0.0,0.0
25_PKB,0.00018765401910059154,0.00018765401910059154
26_H3,1.0335542356187943e-05,1.0335542356187943e-05
26_PKB,5.105294803797733e-06,5.105294803797733e-06
28_H2,0.0,0.0
28_PKB,0.15856601297855377,0.15856601297855377
29_H2,0.00026213633827865124,0.00026213633827865124
29_H3,2.919700364145683e-06,2.919700364145683e-06
29_PKB,3.925368218915537e-06,3.925368218915537e-06
30_H2,0.0,0.0
31_H3,0.0,0.0
32_H2,1.2483462342061102e-05,1.2483462342061102e-05
32_H3,0.0,0.0
33_H2,0.00010087279952131212,0.00010087279952131212
33_H3,0.0001424048823537305,0.0001424048823537305
33_PKB,0.022814033553004265,0.022814033553004265
34_H2,9.88392494036816e-05,9.88392494036816e-05
34_H3,7.218604150693864e-05,7.218604150693864e-05
34_PKB,9.214320743922144e-05,9.214320743922144e-05
35_H2,3.1097340979613364e-05,3.1097340979613364e-05
35_PKB,0.00022726414317730814,0.00022726414317730814
37_H2,4.849078777624527e-06,4.849078777624527e-06
37_H3,5.049969331594184e-05,5.049969331594184e-05
37_PKB,2.156921482310281e-06,2.156921482310281e-06
38_H2,8.045510185183957e-05,8.045510185183957e-05
38_H3,3.193573502358049e-05,3.193573502358049e-05
38_PKB,7.959741196827963e-05,7.959741196827963e-05
39_H3,0.0,0.0
39_PKB,2.6301217076252215e-05,2.6301217076252215e-05
40_H2,0.0033947296906262636,0.0033947296906262636
40_H3,0.040932513773441315,0.040932513773441315
40_PKB,3.71355599781964e-05,3.71355599781964e-05
41_H2,3.654460670077242e-05,3.654460670077242e-05
41_H3,0.0015196301974356174,0.0015196301974356174
41_PKB,1.5654164599254727e-05,1.5654164599254727e-05
42_H2,0.0006684144609607756,0.0006684144609607756
43_H2,0.22045445442199707,0.22045445442199707
43_H3,0.001968274125829339,0.001968274125829339
43_PKB,0.0,0.0
45_H2,0.0008040734683163464,0.0008040734683163464
45_PKB,1.5157835150603205e-05,1.5157835150603205e-05
47_H2,8.545535820303485e-05,8.545535820303485e-05
47_H3,0.0,0.0
47_PKB,0.0,0.0
48_H2,0.0003170452837366611,0.0003170452837366611
48_PKB,1.244593113369774e-05,1.244593113369774e-05
49_H2,3.123523129033856e-05,3.123523129033856e-05
49_H3,9.666350706538651e-06,9.666350706538651e-06
49_PKB,9.217261685989797e-05,9.217261685989797e-05
50_H2,0.001113707898184657,0.001113707898184657
50_H3,0.005142096430063248,0.005142096430063248
50_PKB,2.1978432869218523e-06,2.1978432869218523e-06
51_H2,0.0,0.0
51_H3,0.0,0.0
51_PKB,2.0078380202903645e-06,2.0078380202903645e-06
52_H2,1.9675395378726535e-05,1.9675395378726535e-05
52_H3,4.466178779694019e-06,4.466178779694019e-06
52_PKB,3.070975799346343e-05,3.070975799346343e-05
53_H2,0.0003607521648518741,0.0003607521648518741
53_H3,2.2158033061714377e-06,2.2158033061714377e-06
53_PKB,4.47548482043203e-05,4.47548482043203e-05
54_H2,1.5777677617734298e-05,1.5777677617734298e-05
54_H3,0.0,0.0
54_PKB,0.0008777154725976288,0.0008777154725976288
56_H2,6.55123294563964e-05,6.55123294563964e-05
56_PKB,0.001070907455869019,0.001070907455869019
57_H2,7.788174116285518e-05,7.788174116285518e-05
57_H3,0.0,0.0
57_PKB,0.0,0.0
58_H3,0.0,0.0
60_H2,5.946911551291123e-05,5.946911551291123e-05
60_H3,7.587331765535055e-06,7.587331765535055e-06
61_H2,0.00010481851495569572,0.00010481851495569572
61_PKB,0.0,0.0
62_H3,0.0,0.0
63_H2,0.00017914293857757002,0.00017914293857757002
63_PKB,0.00011149370402563363,0.00011149370402563363
64_PKB,2.1578112864517607e-05,2.1578112864517607e-05
65_H3,0.00018333255138713866,0.00018333255138713866
68_H2,0.0,0.0
70_H2,0.1405687779188156,0.1405687779188156
70_H3,0.0,0.0
70_PKB,0.0004815977590624243,0.0004815977590624243
71_H3,0.0,0.0
71_PKB,9.469991346122697e-05,9.469991346122697e-05
72_H2,0.0,0.0
73_PKB,0.0,0.0
74_H2,1.1260524843237363e-05,1.1260524843237363e-05
74_H3,0.0006205220706760883,0.0006205220706760883
74_PKB,1.8337663050260744e-06,1.8337663050260744e-06
75_PKB,5.609035724774003e-06,5.609035724774003e-06
76_H2,0.00023513413907494396,0.00023513413907494396
76_H3,0.0033512094523757696,0.0033512094523757696
76_PKB,0.0,0.0
77_H2,0.0020612888038158417,0.0020612888038158417
79_H2,2.6508310838835314e-05,2.6508310838835314e-05
79_PKB,3.1139617931330577e-05,3.1139617931330577e-05
80_H2,8.410860573349055e-06,8.410860573349055e-06
80_H3,0.0,0.0
81_H2,4.549162258626893e-05,4.549162258626893e-05
81_PKB,1.2607300050149206e-05,1.2607300050149206e-05
82_H2,5.5376200180035084e-05,5.5376200180035084e-05
82_H3,0.0,0.0
82_PKB,0.00014076549268793315,0.00014076549268793315
83_H2,1.9069671907345764e-05,1.9069671907345764e-05
83_H3,0.0,0.0
83_PKB,0.00021788747108075768,0.00021788747108075768
84_H2,0.00026874642935581505,0.00026874642935581505
84_PKB,3.3294410968665034e-05,3.3294410968665034e-05
85_H2,5.5258213251363486e-05,5.5258213251363486e-05
85_PKB,6.080342791392468e-05,6.080342791392468e-05
86_H2,0.006783559452742338,0.006783559452742338
86_H3,0.0008086011512205005,0.0008086011512205005
86_PKB,0.004645147360861301,0.004645147360861301
87_H2,0.0,0.0
87_H3,0.0,0.0
87_PKB,5.9709623201342765e-06,5.9709623201342765e-06
88_H2,4.966485357726924e-05,4.966485357726924e-05
88_H3,0.0,0.0
88_PKB,5.549933121073991e-05,5.549933121073991e-05
89_H2,0.00030886087915860116,0.00030886087915860116
89_PKB,3.269387161708437e-05,3.269387161708437e-05
90_H2,1.2064693692082074e-05,1.2064693692082074e-05
90_H3,0.0,0.0
90_PKB,4.769884253619239e-05,4.769884253619239e-05
91_H2,2.5341996661154553e-05,2.5341996661154553e-05
91_H3,0.0,0.0
91_PKB,0.0005393141182139516,0.0005393141182139516
92_H2,4.083219755557366e-05,4.083219755557366e-05
92_H3,3.6053683288628235e-05,3.6053683288628235e-05
92_PKB,0.0,0.0
93_H2,0.0,0.0
93_H3,0.00043726855074055493,0.00043726855074055493
93_PKB,0.0006519235321320593,0.0006519235321320593
94_H2,0.007065242622047663,0.007065242622047663
94_H3,0.0,0.0
94_PKB,0.32827603816986084,0.32827603816986084
95_H2,4.931911826133728e-05,4.931911826133728e-05
95_H3,6.3955781115510035e-06,6.3955781115510035e-06
95_PKB,8.049145435506944e-06,8.049145435506944e-06
96_H2,0.003546415828168392,0.003546415828168392
96_H3,2.7319041691953316e-05,2.7319041691953316e-05
97_H2,0.00025106503744609654,0.00025106503744609654
97_H3,0.0,0.0
97_PKB,0.0004352163814473897,0.0004352163814473897
98_H2,0.00020368349214550108,0.00020368349214550108
98_H3,0.0,0.0
99_H2,2.0340517949080095e-05,2.0340517949080095e-05
99_H3,0.0,0.0
99_PKB,0.0004515448526944965,0.0004515448526944965
100_H2,0.00020345323719084263,0.00020345323719084263
100_H3,0.0004058820486534387,0.0004058820486534387
100_PKB,0.000506832089740783,0.000506832089740783
101_H2,0.0023134045768529177,0.0023134045768529177
101_H3,0.0,0.0
101_PKB,0.0,0.0
102_H2,0.0,0.0
103_H2,2.0812485672649927e-05,2.0812485672649927e-05
103_H3,0.0,0.0
103_PKB,0.0,0.0
104_H3,1.4464140804193448e-05,1.4464140804193448e-05
104_PKB,3.965670839534141e-05,3.965670839534141e-05
105_H2,1.1305240150250029e-05,1.1305240150250029e-05
105_PKB,1.122196226788219e-05,1.122196226788219e-05
107_H2,4.649912443710491e-05,4.649912443710491e-05
107_H3,2.630243579915259e-05,2.630243579915259e-05
108_H2,0.0003568373213056475,0.0003568373213056475
108_H3,4.6132056013448164e-05,4.6132056013448164e-05
108_PKB,2.10471644095378e-05,2.10471644095378e-05
109_PKB,7.453341822838411e-05,7.453341822838411e-05
111_H2,0.0004064854874741286,0.0004064854874741286
112_H2,5.0184549763798714e-05,5.0184549763798714e-05
112_H3,0.0,0.0
113_H2,0.0,0.0
113_H3,0.0,0.0
113_PKB,0.0,0.0
114_H2,5.9505298850126565e-05,5.9505298850126565e-05
114_H3,0.0,0.0
114_PKB,6.717415544699179e-06,6.717415544699179e-06
115_H2,4.5959517592564225e-05,4.5959517592564225e-05
115_H3,2.6745376089820638e-05,2.6745376089820638e-05
115_PKB,1.4332182217913214e-05,1.4332182217913214e-05
116_H2,0.0002679422905202955,0.0002679422905202955
116_H3,0.0,0.0
116_PKB,0.0003236483607906848,0.0003236483607906848
117_H2,0.0,0.0
118_H2,7.923202792881057e-05,7.923202792881057e-05
118_H3,1.8675696992431767e-05,1.8675696992431767e-05
118_PKB,0.0008649297524243593,0.0008649297524243593
119_H2,3.153877696604468e-05,3.153877696604468e-05
119_H3,9.878920081973774e-07,9.878920081973774e-07
119_PKB,6.742335244780406e-05,6.742335244780406e-05
120_H2,0.0007181703113019466,0.0007181703113019466
120_H3,0.0,0.0
120_PKB,0.009676969610154629,0.009676969610154629
122_H2,0.0010145005071535707,0.0010145005071535707
122_H3,0.0,0.0
122_PKB,0.00026329595129936934,0.00026329595129936934
123_H2,1.1157091648783535e-05,1.1157091648783535e-05
123_H3,0.0,0.0
123_PKB,2.37999720411608e-05,2.37999720411608e-05
124_H2,0.00025415499112568796,0.00025415499112568796
124_H3,0.001536248018965125,0.001536248018965125
124_PKB,0.00034608287387527525,0.00034608287387527525
125_H2,0.0003657164052128792,0.0003657164052128792
125_H3,0.0,0.0
125_PKB,2.7039464839617722e-05,2.7039464839617722e-05
128_H2,0.0,0.0
128_PKB,0.0,0.0
129_H2,0.009460714645683765,0.009460714645683765
129_H3,0.0,0.0
129_PKB,1.4526503036904614e-05,1.4526503036904614e-05
130_H2,3.9201354411488865e-06,3.9201354411488865e-06
130_PKB,0.0,0.0
131_H2,0.0,0.0
132_H2,0.0002909922623075545,0.0002909922623075545
132_H3,0.0,0.0
133_H2,3.46416600223165e-05,3.46416600223165e-05
133_H3,0.0,0.0
133_PKB,5.788825001218356e-05,5.788825001218356e-05
136_H2,2.197210051235743e-06,2.197210051235743e-06
136_H3,0.0,0.0
136_PKB,0.0,0.0
137_PKB,2.1311449017957784e-05,2.1311449017957784e-05
138_H2,0.0,0.0
138_PKB,0.0,0.0
139_H2,0.0,0.0
139_PKB,0.0,0.0
141_H2,0.0,0.0
142_H2,0.0,0.0
142_H3,0.0,0.0
142_PKB,0.0,0.0
143_PKB,2.5992869268520735e-05,2.5992869268520735e-05
144_H2,0.0006632700096815825,0.0006632700096815825
144_H3,3.6691969853563933e-06,3.6691969853563933e-06
144_PKB,1.9664023056975566e-05,1.9664023056975566e-05
145_H2,0.00020489479356911033,0.00020489479356911033
145_H3,1.7820750144892372e-05,1.7820750144892372e-05
145_PKB,0.00013830875104758888,0.00013830875104758888
146_H2,0.0,0.0
146_PKB,3.30299990309868e-05,3.30299990309868e-05
147_H2,5.545725070987828e-05,5.545725070987828e-05
147_H3,0.0,0.0
147_PKB,0.00015067764616105705,0.00015067764616105705
148_H2,0.0,0.0
149_H2,0.00013478500477503985,0.00013478500477503985
149_H3,1.7186030163429677e-06,1.7186030163429677e-06
149_PKB,6.97151044732891e-05,6.97151044732891e-05
150_H3,0.0005956769455224276,0.0005956769455224276
150_PKB,3.652437590062618e-05,3.652437590062618e-05
151_H3,0.006512595806270838,0.006512595806270838
151_PKB,0.0001692911027930677,0.0001692911027930677
152_H2,6.754972855560482e-05,6.754972855560482e-05
152_H3,0.0,0.0
152_PKB,0.0,0.0
153_H3,0.0,0.0
153_PKB,0.0007222212734632194,0.0007222212734632194
154_H2,8.616499690106139e-05,8.616499690106139e-05
154_H3,0.0,0.0
154_PKB,7.414489664370194e-05,7.414489664370194e-05
155_H2,7.732096128165722e-05,7.732096128165722e-05
156_H2,0.0001942278177011758,0.0001942278177011758
156_PKB,0.0,0.0
157_H2,2.9644363166880794e-05,2.9644363166880794e-05
157_PKB,5.1928091124864295e-05,5.1928091124864295e-05
158_PKB,2.926533852587454e-05,2.926533852587454e-05
159_H2,2.2088604964665137e-05,2.2088604964665137e-05
159_PKB,5.820420938107418e-06,5.820420938107418e-06
160_H2,4.066967449034564e-05,4.066967449034564e-05
160_H3,0.0,0.0
162_H2,5.621636955766007e-05,5.621636955766007e-05
162_H3,6.550927992066136e-06,6.550927992066136e-06
162_PKB,5.1927854656241834e-05,5.1927854656241834e-05
163_H2,0.0004853950522374362,0.0004853950522374362
163_H3,0.0,0.0
163_PKB,9.50445064518135e-06,9.50445064518135e-06
164_H2,5.456847065943293e-05,5.456847065943293e-05
164_H3,8.51939694257453e-06,8.51939694257453e-06
164_PKB,0.0003380719863343984,0.0003380719863343984
165_H2,0.00016568000137340277,0.00016568000137340277
165_H3,3.901123636751436e-05,3.901123636751436e-05
165_PKB,5.216405406827107e-05,5.216405406827107e-05
166_H2,0.00018055331020150334,0.00018055331020150334
167_H2,0.0,0.0
167_H3,0.0,0.0
167_PKB,0.0,0.0
168_H2,0.0002907668531406671,0.0002907668531406671
168_H3,3.354928412591107e-05,3.354928412591107e-05
168_PKB,3.928364094463177e-05,3.928364094463177e-05
169_H2,4.698791144619463e-06,4.698791144619463e-06
169_H3,0.0,0.0
169_PKB,0.00016911569400690496,0.00016911569400690496
172_H2,0.0,0.0
172_H3,0.0,0.0
172_PKB,0.0,0.0
175_H2,0.0,0.0
175_H3,0.0,0.0
176_H2,0.0,0.0
178_H3,0.00020784178923349828,0.00020784178923349828
179_H2,6.161521014291793e-05,6.161521014291793e-05
179_H3,0.0,0.0
179_PKB,5.0653879952733405e-06,5.0653879952733405e-06
180_H2,0.0,0.0
181_H2,0.03587131202220917,0.03587131202220917
181_H3,0.0,0.0
181_PKB,0.0,0.0
182_PKB,0.0,0.0
183_PKB,0.00014420200022868812,0.00014420200022868812
184_H2,0.0,0.0
184_H3,0.0,0.0
184_PKB,0.0,0.0
185_H2,0.0,0.0
185_H3,0.0,0.0
185_PKB,0.012329330667853355,0.012329330667853355
186_H2,0.00012132958363508806,0.00012132958363508806
186_H3,4.3341471609892324e-05,4.3341471609892324e-05
186_PKB,8.734945367905311e-06,8.734945367905311e-06
189_H2,7.0050432441348676e-06,7.0050432441348676e-06
189_PKB,0.0,0.0
190_H2,0.0,0.0
191_H2,0.0,0.0
191_H3,0.0,0.0
191_PKB,0.0,0.0
192_H3,0.0,0.0
193_H2,0.0,0.0
193_PKB,0.0011577385012060404,0.0011577385012060404
194_H2,7.915707828942686e-05,7.915707828942686e-05
194_H3,0.0008150839130394161,0.0008150839130394161
194_PKB,3.653766543720849e-05,3.653766543720849e-05
195_H3,2.9235227430035593e-06,2.9235227430035593e-06
195_PKB,0.0002878410159610212,0.0002878410159610212
196_H2,0.000766444718465209,0.000766444718465209
196_H3,0.0,0.0
196_PKB,3.308942177682184e-05,3.308942177682184e-05
197_H2,3.536197982612066e-05,3.536197982612066e-05
197_H3,0.0012638559564948082,0.0012638559564948082
197_PKB,7.303197344299406e-05,7.303197344299406e-05
198_H2,0.0002662749320734292,0.0002662749320734292
198_H3,5.07892536916188e-06,5.07892536916188e-06
198_PKB,2.3503846023231745e-05,2.3503846023231745e-05
199_H2,4.3063308112323284e-05,4.3063308112323284e-05
199_H3,0.0005656690918840468,0.0005656690918840468
199_PKB,4.8130117647815496e-05,4.8130117647815496e-05
200_H2,0.03950076922774315,0.03950076922774315
200_H3,0.0,0.0
200_PKB,0.0009311733301728964,0.0009311733301728964
201_H2,4.102393359062262e-05,4.102393359062262e-05
201_PKB,1.8325041310163215e-05,1.8325041310163215e-05
202_H2,0.0010574270272627473,0.0010574270272627473
202_H3,0.0,0.0
202_PKB,0.0,0.0
203_H3,2.1384223146014847e-05,2.1384223146014847e-05
204_H2,2.04033881345822e-06,2.04033881345822e-06
204_H3,0.0,0.0
204_PKB,0.0,0.0
205_H2,0.0006882731686346233,0.0006882731686346233
205_H3,0.0,0.0
205_PKB,0.0002486153389327228,0.0002486153389327228
206_H2,0.00011020657984772697,0.00011020657984772697
206_H3,4.9414255045121536e-05,4.9414255045121536e-05
206_PKB,1.2506555322033819e-05,1.2506555322033819e-05
207_H2,0.0017004929250106215,0.0017004929250106215
207_PKB,6.414135714294389e-05,6.414135714294389e-05
208_H2,0.02671637199819088,0.02671637199819088
208_H3,0.0,0.0
208_PKB,0.0,0.0
209_PKB,4.3491039832588285e-05,4.3491039832588285e-05
210_H2,2.0788111214642413e-05,2.0788111214642413e-05
210_H3,0.0,0.0
210_PKB,6.642650987487286e-05,6.642650987487286e-05
211_H2,0.0,0.0
211_H3,0.0,0.0
211_PKB,0.0,0.0
212_H2,0.0,0.0
212_PKB,0.0,0.0
213_H2,0.00036088592605665326,0.00036088592605665326
213_PKB,5.8134937717113644e-05,5.8134937717113644e-05
214_H2,4.1809878894127905e-05,4.1809878894127905e-05
216_H3,0.0,0.0
216_PKB,3.688492870423943e-05,3.688492870423943e-05
217_H2,5.5853917729109526e-05,5.5853917729109526e-05
217_H3,6.586802919628099e-05,6.586802919628099e-05
217_PKB,0.0009127912344411016,0.0009127912344411016
218_H2,6.945506174815819e-05,6.945506174815819e-05
218_H3,0.0,0.0
220_H2,0.00012927129864692688,0.00012927129864692688
220_H3,0.0,0.0
220_PKB,8.429737135884352e-06,8.429737135884352e-06
221_H2,0.0,0.0
221_H3,4.938875463267323e-06,4.938875463267323e-06
221_PKB,0.0,0.0
222_H2,1.653527215239592e-05,1.653527215239592e-05
222_H3,0.0,0.0
224_H2,7.628191815456375e-05,7.628191815456375e-05
224_H3,0.0,0.0
224_PKB,0.002814831677824259,0.002814831677824259
225_H3,0.0,0.0
225_PKB,1.184528628073167e-06,1.184528628073167e-06
226_H2,0.0,0.0
226_PKB,0.0,0.0
227_H2,2.539702290960122e-05,2.539702290960122e-05
227_H3,0.0,0.0
227_PKB,1.7274180208914913e-05,1.7274180208914913e-05
228_H2,0.0004780058516189456,0.0004780058516189456
228_H3,5.101038823340787e-06,5.101038823340787e-06
228_PKB,0.00023911151220090687,0.00023911151220090687
230_PKB,0.0,0.0
232_H2,0.0005044640274718404,0.0005044640274718404
232_H3,6.1779010138707235e-06,6.1779010138707235e-06
232_PKB,1.2281177077966277e-05,1.2281177077966277e-05
233_H3,0.0,0.0
233_PKB,0.003651351435109973,0.003651351435109973
234_H3,0.0,0.0
235_PKB,0.007890034466981888,0.007890034466981888
236_H3,1.2719812730210833e-05,1.2719812730210833e-05
238_H2,0.0,0.0
238_H3,0.006655043922364712,0.006655043922364712
238_PKB,0.13979758322238922,0.13979758322238922
239_H2,0.0,0.0
241_H2,4.1263694583904e-05,4.1263694583904e-05
241_H3,9.980297363654245e-06,9.980297363654245e-06
242_H2,0.00019325889297761023,0.00019325889297761023
243_H3,0.0,0.0
243_PKB,0.0,0.0
245_H2,0.0,0.0
245_H3,0.0,0.0
248_H2,0.0,0.0
248_H3,2.372295239183586e-05,2.372295239183586e-05
248_PKB,4.197861926513724e-05,4.197861926513724e-05
249_PKB,2.6544041702436516e-06,2.6544041702436516e-06
250_H3,0.0,0.0
250_PKB,1.3461072740028612e-05,1.3461072740028612e-05
251_H2,0.024865148589015007,0.024865148589015007
252_H2,0.0,0.0
252_H3,3.277890937170014e-05,3.277890937170014e-05
253_H2,0.0,0.0
253_PKB,0.0,0.0
254_PKB,0.00010422319610370323,0.00010422319610370323
256_H2,0.00012579120812006295,0.00012579120812006295
258_H2,0.0,0.0
258_PKB,7.235573207253765e-07,7.235573207253765e-07
259_H2,3.744332934729755e-05,3.744332934729755e-05
259_PKB,1.483248433942208e-05,1.483248433942208e-05
260_H2,1.1876973985636141e-05,1.1876973985636141e-05
260_H3,1.6360723748221062e-05,1.6360723748221062e-05
260_PKB,0.00016262939607258886,0.00016262939607258886
261_H2,0.0015865282621234655,0.0015865282621234655
261_H3,0.0019314279779791832,0.0019314279779791832
261_PKB,0.003783199703320861,0.003783199703320861
263_H2,2.1037229089415632e-05,2.1037229089415632e-05
263_H3,1.7335510165139567e-06,1.7335510165139567e-06
265_H2,0.03154060244560242,0.03154060244560242
265_PKB,1.0,1.0
266_H2,0.0004664603329729289,0.0004664603329729289
266_H3,3.9742713852319866e-05,3.9742713852319866e-05
269_H2,0.00179499969817698,0.00179499969817698
269_H3,0.0034050492104142904,0.0034050492104142904
270_H2,9.25856420508353e-06,9.25856420508353e-06
270_PKB,2.8657646907959133e-05,2.8657646907959133e-05
271_H2,2.0582470824592747e-05,2.0582470824592747e-05
271_H3,0.04317348822951317,0.04317348822951317
271_PKB,0.06165400519967079,0.06165400519967079
272_H2,0.0,0.0
273_PKB,1.4469436791841872e-05,1.4469436791841872e-05
274_H3,0.0,0.0
274_PKB,0.00010638962703524157,0.00010638962703524157
275_H2,1.9884009816451e-06,1.9884009816451e-06
275_H3,0.0,0.0
275_PKB,4.363758853287436e-05,4.363758853287436e-05
276_PKB,0.0007310171495191753,0.0007310171495191753
277_H2,3.4847200822696323e-06,3.4847200822696323e-06
277_H3,1.0385994755779393e-05,1.0385994755779393e-05
277_PKB,2.3973305360414088e-05,2.3973305360414088e-05
278_H3,0.0,0.0
278_PKB,0.0006093935808166862,0.0006093935808166862
279_H2,7.14118214091286e-05,7.14118214091286e-05
279_H3,6.126885273260996e-05,6.126885273260996e-05
279_PKB,0.0036746212281286716,0.0036746212281286716
280_H2,0.0,0.0
280_H3,0.0,0.0
280_PKB,0.0002227512450190261,0.0002227512450190261
281_H2,1.7032372852554545e-05,1.7032372852554545e-05
281_H3,2.2029451429261826e-05,2.2029451429261826e-05
281_PKB,2.2911266569280997e-05,2.2911266569280997e-05
282_PKB,0.00021515156549867243,0.00021515156549867243
283_H2,0.0,0.0
283_PKB,0.0,0.0
284_H2,6.67197036818834e-06,6.67197036818834e-06
284_H3,0.0,0.0
284_PKB,7.036379429337103e-06,7.036379429337103e-06
285_H2,0.1653912216424942,0.1653912216424942
285_H3,0.0,0.0
285_PKB,0.04686289280653,0.04686289280653
286_H2,0.0001658942346693948,0.0001658942346693948
286_H3,7.513958280469524e-06,7.513958280469524e-06
286_PKB,0.0,0.0
287_H2,0.00016169651644304395,0.00016169651644304395
287_H3,4.410737801663345e-06,4.410737801663345e-06
287_PKB,7.718722918070853e-05,7.718722918070853e-05
288_H2,0.0,0.0
288_H3,0.0,0.0
289_H3,3.6591409298125654e-06,3.6591409298125654e-06
290_H2,2.4244112864835188e-05,2.4244112864835188e-05
290_PKB,7.909011765150353e-05,7.909011765150353e-05
292_H2,0.004492623265832663,0.004492623265832663
292_H3,0.01426672376692295,0.01426672376692295
293_H2,0.0034723076969385147,0.0034723076969385147
293_H3,0.0,0.0
293_PKB,0.0,0.0
294_H2,0.0,0.0
295_H2,0.0,0.0
295_H3,0.0,0.0
297_H2,4.0642102248966694e-05,4.0642102248966694e-05
297_H3,0.0002017953956965357,0.0002017953956965357
297_PKB,9.99585881800158e-06,9.99585881800158e-06
298_H2,5.49247779417783e-05,5.49247779417783e-05
298_H3,1.226490167027805e-05,1.226490167027805e-05
299_H2,2.6410893042339012e-05,2.6410893042339012e-05
299_H3,6.340827439998975e-06,6.340827439998975e-06
299_PKB,5.4128649935591966e-05,5.4128649935591966e-05
300_H2,0.0011551176430657506,0.0011551176430657506
301_PKB,0.010774814523756504,0.010774814523756504
304_H2,0.00013221512199379504,0.00013221512199379504
307_H2,1.4703586202813312e-05,1.4703586202813312e-05
307_H3,3.551599365891889e-05,3.551599365891889e-05
307_PKB,3.111878322670236e-05,3.111878322670236e-05
308_H3,0.0,0.0
308_PKB,3.684986586449668e-05,3.684986586449668e-05
309_PKB,7.102688414306613e-06,7.102688414306613e-06
311_H2,0.0,0.0
311_H3,3.88633134207339e-06,3.88633134207339e-06
312_H3,0.0,0.0
314_H2,0.0,0.0
314_H3,0.0,0.0
314_PKB,0.0,0.0
315_H2,9.78967291302979e-05,9.78967291302979e-05
315_H3,0.0,0.0
315_PKB,0.0011246292851865292,0.0011246292851865292
317_H2,3.030861080333125e-05,3.030861080333125e-05
317_PKB,2.7007788958144374e-05,2.7007788958144374e-05
318_H2,0.004368539899587631,0.004368539899587631
318_H3,0.0005416714702732861,0.0005416714702732861
318_PKB,6.440702418331057e-05,6.440702418331057e-05
319_H2,4.088599234819412e-05,4.088599234819412e-05
319_H3,4.295304825063795e-05,4.295304825063795e-05
319_PKB,1.7365284293191507e-05,1.7365284293191507e-05
320_H2,2.6197435545327608e-06,2.6197435545327608e-06
320_H3,0.0,0.0
320_PKB,0.0,0.0
321_H2,0.00023968577443156391,0.00023968577443156391
322_H2,0.0001654212683206424,0.0001654212683206424
322_PKB,2.7592710466706194e-05,2.7592710466706194e-05
323_H2,0.0,0.0
323_H3,0.0,0.0
323_PKB,0.0,0.0
324_H2,0.0,0.0
324_PKB,0.0,0.0
325_H2,0.0,0.0
325_H3,6.329536699922755e-05,6.329536699922755e-05
326_H2,3.398174521862529e-05,3.398174521862529e-05
326_H3,1.636872548260726e-05,1.636872548260726e-05
326_PKB,2.0411502191564068e-05,2.0411502191564068e-05
327_H3,0.0,0.0
327_PKB,0.0006730600143782794,0.0006730600143782794
328_H2,4.3108379941259045e-06,4.3108379941259045e-06
328_PKB,3.5026507248403504e-05,3.5026507248403504e-05
329_H2,2.969998422486242e-05,2.969998422486242e-05
331_H2,0.00017022878455463797,0.00017022878455463797
331_H3,0.0019501348724588752,0.0019501348724588752
333_H2,5.7774264860199764e-05,5.7774264860199764e-05
334_PKB,6.18275225860998e-05,6.18275225860998e-05
335_H3,5.177640923648141e-05,5.177640923648141e-05
335_PKB,4.245258605806157e-05,4.245258605806157e-05
336_H2,2.7166661311639473e-05,2.7166661311639473e-05
336_H3,1.3913787370256614e-05,1.3913787370256614e-05
336_PKB,5.441164830699563e-05,5.441164830699563e-05
337_H3,7.543716492364183e-06,7.543716492364183e-06
337_PKB,5.0327885219303425e-06,5.0327885219303425e-06
338_H2,3.2121213735081255e-05,3.2121213735081255e-05
338_H3,1.7085338186006993e-05,1.7085338186006993e-05
338_PKB,2.5545032258378342e-05,2.5545032258378342e-05
339_H3,3.5414774174569175e-05,3.5414774174569175e-05
339_PKB,2.8078502509742975e-05,2.8078502509742975e-05
340_H2,2.38234679272864e-05,2.38234679272864e-05
340_PKB,4.932136653224006e-05,4.932136653224006e-05
342_PKB,0.0,0.0
343_H2,3.154693331453018e-05,3.154693331453018e-05
344_H2,4.775033062287548e-07,4.775033062287548e-07
344_H3,1.2308501936786342e-05,1.2308501936786342e-05
344_PKB,1.7653648683335632e-05,1.7653648683335632e-05
345_H2,0.00031737444805912673,0.00031737444805912673
345_H3,1.6517601579835173e-06,1.6517601579835173e-06
345_PKB,4.262099537299946e-06,4.262099537299946e-06
346_H2,0.00012553678243421018,0.00012553678243421018
346_H3,1.8261496734339744e-05,1.8261496734339744e-05
346_PKB,2.3892413082649e-05,2.3892413082649e-05
347_H2,4.991247988073155e-05,4.991247988073155e-05
347_H3,8.117886864056345e-06,8.117886864056345e-06
347_PKB,3.017812196048908e-05,3.017812196048908e-05
348_H3,0.0,0.0
348_PKB,1.6547022823942825e-05,1.6547022823942825e-05
349_H3,2.8845146516687237e-05,2.8845146516687237e-05
349_PKB,2.3499045710195787e-05,2.3499045710195787e-05
350_H3,1.0356216080253944e-05,1.0356216080253944e-05
350_PKB,3.1665073038311675e-05,3.1665073038311675e-05
351_H2,4.253669430909213e-06,4.253669430909213e-06
351_H3,0.0,0.0
351_PKB,5.0912771257571876e-05,5.0912771257571876e-05
352_H3,1.225031701324042e-05,1.225031701324042e-05
352_PKB,1.2343413800408598e-05,1.2343413800408598e-05
353_H2,0.0,0.0
353_H3,0.0,0.0
353_PKB,5.0802996156562585e-06,5.0802996156562585e-06
354_H2,2.0921879695379175e-06,2.0921879695379175e-06
354_H3,5.679161859006854e-06,5.679161859006854e-06
354_PKB,1.1515387996041682e-05,1.1515387996041682e-05
22_PKB,0.009466608054935932,0.009466608054935932
23_H2,0.009466608054935932,0.009466608054935932
23_H3,0.009466608054935932,0.009466608054935932
23_PKB,0.009466608054935932,0.009466608054935932
30_PKB,0.00022726414317730814,0.00022726414317730814
31_PKB,0.00022726414317730814,0.00022726414317730814
32_PKB,0.00022726414317730814,0.00022726414317730814
289_PKB,3.6591409298125654e-06,3.6591409298125654e-06
292_PKB,0.01426672376692295,0.01426672376692295
294_PKB,0.0,0.0
295_PKB,0.0,0.0
298_PKB,1.226490167027805e-05,1.226490167027805e-05
58_H2,0.0,0.0
58_PKB,0.0,0.0
80_PKB,0.0,0.0
132_PKB,0.0,0.0
176_H3,0.0,0.0
178_H2,0.00020784178923349828,0.00020784178923349828
178_PKB,0.00020784178923349828,0.00020784178923349828
203_H2,2.1384223146014847e-05,2.1384223146014847e-05
203_PKB,2.1384223146014847e-05,2.1384223146014847e-05
222_PKB,0.0,0.0
269_PKB,0.0034050492104142904,0.0034050492104142904
