,feature,gbr,mean,true_position,TMD,amino_acid
0,1,0.0109391858531489,0.0109391858531489,2,CT/EC,L
1,2,0.0095098172883774,0.0095098172883774,4,N-Termina,N
2,3,0.0132093676906281,0.0132093676906281,5,N-Termina,P
3,4,0.0086938378626869,0.0086938378626869,7,N-Termina,S
4,5,0.0026782062638165,0.0026782062638165,8,N-Termina,I
5,6,0.0176685047520858,0.0176685047520858,10,N-Termina,V
6,7,0.0169972078422548,0.0169972078422548,NA,NA,-
7,8,0.0121891933674069,0.0121891933674069,NA,NA,-
8,9,0.0095306604373593,0.0095306604373593,NA,NA,-
9,10,0.0049572594289792,0.0049572594289792,NA,NA,-
10,11,0.0073709939078428,0.0073709939078428,NA,NA,-
11,12,0.0062909370974887,0.0062909370974887,NA,NA,-
12,13,0.0095469008846013,0.0095469008846013,NA,NA,-
13,14,0.0254735533915631,0.0254735533915631,NA,NA,-
14,15,0.0,0.0,NA,NA,-
15,16,0.0170352435004926,0.0170352435004926,NA,NA,-
16,17,0.0157942270694536,0.0157942270694536,NA,NA,-
17,18,0.0324664398296959,0.0324664398296959,NA,NA,-
18,19,0.0123723376547991,0.0123723376547991,NA,NA,-
19,20,0.0132271716645936,0.0132271716645936,NA,NA,-
20,21,0.0197711135852143,0.0197711135852143,NA,NA,-
21,22,0.0141885901144097,0.0141885901144097,NA,NA,-
22,23,0.0278639999765257,0.0278639999765257,NA,NA,-
23,24,0.0161341757717809,0.0161341757717809,NA,NA,-
24,25,0.0012316874459388,0.0012316874459388,12,N-Termina,V
25,26,0.6765686190730894,0.6765686190730894,14,N-Termina,H
26,27,0.0075084534456024,0.0075084534456024,15,N-Termina,P
27,28,0.0289999010381551,0.0289999010381551,16,N-Termina,H
28,29,0.0,0.0,17,N-Termina,W
29,30,0.5329171617533771,0.5329171617533771,18,N-Termina,R
30,31,0.0034313052338294,0.0034313052338294,19,N-Termina,E
31,32,0.0788481217951884,0.0788481217951884,20,N-Termina,F
32,33,0.0752768770615084,0.0752768770615084,21,N-Termina,D
33,34,0.3018274537005655,0.3018274537005655,22,N-Termina,Q
34,35,0.6396682052628788,0.6396682052628788,23,N-Termina,V
35,36,0.0746570248181381,0.0746570248181381,24,N-Termina,P
36,37,0.0076671770646272,0.0076671770646272,25,N-Termina,D
37,38,0.0602271190750824,0.0602271190750824,26,N-Termina,A
38,39,0.1072515916598738,0.1072515916598738,27,N-Termina,V
39,40,0.0094901949504335,0.0094901949504335,28,N-Termina,Y
40,41,0.0147212718114695,0.0147212718114695,29,N-Termina,Y
41,42,0.0057110405006424,0.0057110405006424,30,N-Termina,S
42,43,0.0001478443306034,0.0001478443306034,31,N-Termina,L
43,44,0.0097342190082771,0.0097342190082771,32,N-Termina,G
44,45,0.144025243356363,0.144025243356363,33,N-Termina,I
45,46,0.128859880429775,0.128859880429775,34,1,F
46,47,0.0516802864726378,0.0516802864726378,35,1,I
47,48,0.0064683102505361,0.0064683102505361,36,1,G
48,49,0.0135757306096796,0.0135757306096796,37,1,I
49,50,0.0473504543897307,0.0473504543897307,38,1,C
50,51,0.0634928072427892,0.0634928072427892,39,1,G
51,52,0.0334559637249888,0.0334559637249888,40,1,I
52,53,0.0064401861293687,0.0064401861293687,41,1,I
53,54,0.0308156337349736,0.0308156337349736,42,1,G
54,55,0.0144154688163796,0.0144154688163796,43,1,C
55,56,0.0214324433090895,0.0214324433090895,44,1,G
56,57,0.0,0.0,45,1,G
57,58,0.0,0.0,46,1,N
58,59,0.0493641066692597,0.0493641066692597,47,1,G
59,60,0.0197959249187438,0.0197959249187438,48,1,I
60,61,0.0021137775656002,0.0021137775656002,49,1,V
61,62,0.0065327527501721,0.0065327527501721,50,1,I
62,63,0.0077456672938397,0.0077456672938397,51,1,Y
63,64,0.0300180944955188,0.0300180944955188,52,1,L
64,65,0.0079975224897526,0.0079975224897526,53,1,F
65,66,0.0111806282397022,0.0111806282397022,54,1,T
66,67,0.0030044647905103,0.0030044647905103,55,1,K
67,68,0.002992971560581,0.002992971560581,56,1,T
68,69,0.0,0.0,57,1,K
69,70,0.0144351402749169,0.0144351402749169,58,1,S
70,71,0.0,0.0,59,CT/EC,L
71,72,0.0181095272803892,0.0181095272803892,60,CT/EC,Q
72,73,0.0,0.0,61,CT/EC,T
73,74,0.0225695583591217,0.0225695583591217,62,CT/EC,P
74,75,0.05492369895082,0.05492369895082,63,CT/EC,A
75,76,0.0,0.0,64,CT/EC,N
76,77,0.0049502410294477,0.0049502410294477,65,CT/EC,M
77,78,0.0078402970617243,0.0078402970617243,66,CT/EC,F
78,79,0.0048469193164245,0.0048469193164245,67,CT/EC,I
79,80,0.0,0.0,68,CT/EC,I
80,81,0.0,0.0,69,CT/EC,N
81,82,0.0,0.0,70,CT/EC,L
82,83,0.0,0.0,71,2,A
83,84,0.0283425472824532,0.0283425472824532,72,2,F
84,85,0.1817910801777136,0.1817910801777136,73,2,S
85,86,0.0022036554860207,0.0022036554860207,74,2,D
86,87,0.0,0.0,75,2,F
87,88,0.0217887889099709,0.0217887889099709,76,2,T
88,89,0.0244864100957871,0.0244864100957871,77,2,F
89,90,0.0,0.0,78,2,L
90,91,0.0269002566152511,0.0269002566152511,79,2,V
91,92,0.3709656743471897,0.3709656743471897,80,2,N
92,93,0.1240930018224391,0.1240930018224391,81,2,G
93,94,0.0235810720120749,0.0235810720120749,82,2,F
94,95,0.0,0.0,83,2,P
95,96,0.3692064205900062,0.3692064205900062,85,2,L
96,97,0.1006217663510977,0.1006217663510977,86,2,M
97,98,0.0308185892009513,0.0308185892009513,87,2,T
98,99,0.109649555669289,0.109649555669289,88,2,I
99,100,0.0002980033330524,0.0002980033330524,89,2,S
100,101,0.0487701604154096,0.0487701604154096,90,2,C
101,102,0.0270853141404598,0.0270853141404598,91,2,F
102,103,0.0092038256370384,0.0092038256370384,92,2,L
103,104,0.0319776059827825,0.0319776059827825,93,2,K
104,105,0.0377504543002961,0.0377504543002961,94,2,K
105,106,0.2829432097654817,0.2829432097654817,95,2,W
106,107,0.0258361100387196,0.0258361100387196,96,2,I
107,108,0.0524941779688814,0.0524941779688814,97,CT/EC,F
108,109,0.0,0.0,98,CT/EC,G
109,110,0.0676804924382327,0.0676804924382327,99,CT/EC,F
110,111,0.0274287755257443,0.0274287755257443,100,CT/EC,A
111,112,0.0288829786709471,0.0288829786709471,101,CT/EC,A
112,113,0.0,0.0,102,CT/EC,C
113,114,0.085655189012504,0.085655189012504,103,CT/EC,K
114,115,0.1336235475534384,0.1336235475534384,104,CT/EC,V
115,116,0.8109223241413852,0.8109223241413852,105,CT/EC,Y
116,117,0.0001103035192051,0.0001103035192051,106,CT/EC,G
117,118,0.0042737934457422,0.0042737934457422,107,CT/EC,F
118,119,0.0065939323609607,0.0065939323609607,108,CT/EC,I
119,120,0.0,0.0,109,CT/EC,G
120,121,0.0057820203536941,0.0057820203536941,110,3,G
121,122,0.0521967369486972,0.0521967369486972,111,3,I
122,123,0.0550708441443576,0.0550708441443576,112,3,F
123,124,0.0,0.0,113,3,G
124,125,0.3206963992093477,0.3206963992093477,114,3,F
125,126,0.0647736523942264,0.0647736523942264,115,3,M
126,127,0.1409091312426272,0.1409091312426272,116,3,S
127,128,0.2392198425876719,0.2392198425876719,117,3,I
128,129,0.0355491605591651,0.0355491605591651,118,3,M
129,130,0.0,0.0,119,3,T
130,131,0.6222141763300563,0.6222141763300563,120,3,M
131,132,0.0071630346599114,0.0071630346599114,121,3,A
132,133,0.0060178744173731,0.0060178744173731,122,3,M
133,134,0.0,0.0,123,3,I
134,135,0.0011467114075936,0.0011467114075936,124,3,S
135,136,0.0573032340112519,0.0573032340112519,125,3,I
136,137,0.0,0.0,126,3,D
137,138,0.0,0.0,127,3,R
138,139,0.0011141670914541,0.0011141670914541,128,3,Y
139,140,0.0384067901764192,0.0384067901764192,129,3,N
140,141,0.2660639657573792,0.2660639657573792,130,3,V
141,142,0.0,0.0,131,3,I
142,143,0.4377803266043304,0.4377803266043304,132,CT/EC,G
143,144,0.0194725291630553,0.0194725291630553,133,CT/EC,R
144,145,0.5252385912495091,0.5252385912495091,134,CT/EC,P
145,146,0.011408880662467,0.011408880662467,135,CT/EC,M
146,147,0.007811836741361,0.007811836741361,136,CT/EC,A
147,148,0.0015610463177769,0.0015610463177769,137,CT/EC,A
148,149,0.086415507132252,0.086415507132252,138,CT/EC,K
149,150,1.0,1.0,139,CT/EC,K
150,151,0.0211292405186067,0.0211292405186067,140,CT/EC,M
151,152,0.0321904481151408,0.0321904481151408,141,CT/EC,S
152,153,0.0495296356146213,0.0495296356146213,142,CT/EC,H
153,154,0.0293462384551496,0.0293462384551496,143,CT/EC,R
154,155,0.0573762615422235,0.0573762615422235,145,CT/EC,R
155,156,0.0296590611065724,0.0296590611065724,146,CT/EC,A
156,157,0.0303801468870177,0.0303801468870177,147,CT/EC,F
157,158,0.0101556672636542,0.0101556672636542,148,CT/EC,I
158,159,0.0249569589777194,0.0249569589777194,149,CT/EC,M
159,160,0.0,0.0,150,CT/EC,I
160,161,0.0095166122900228,0.0095166122900228,151,CT/EC,I
161,162,0.0058286604170238,0.0058286604170238,152,4,F
162,163,0.0949014297868443,0.0949014297868443,153,4,V
163,164,0.0063421536536193,0.0063421536536193,154,4,W
164,165,0.0242467609486993,0.0242467609486993,155,4,L
165,166,0.0382807423901912,0.0382807423901912,156,4,W
166,167,0.0785687001604329,0.0785687001604329,157,4,S
167,168,0.031744878418683,0.031744878418683,158,4,V
168,169,0.2113553085125679,0.2113553085125679,159,4,L
169,170,0.2524731734712841,0.2524731734712841,160,4,W
170,171,0.0567155135892849,0.0567155135892849,161,4,A
171,172,0.0359245566077276,0.0359245566077276,162,4,I
172,173,0.001938142380765,0.001938142380765,163,4,G
173,174,0.0,0.0,164,4,P
174,175,0.0077129231405199,0.0077129231405199,165,4,I
175,176,0.0088582258150904,0.0088582258150904,166,4,F
176,177,0.1052344124673852,0.1052344124673852,167,4,G
177,178,0.0,0.0,168,4,W
178,179,0.0301329715867038,0.0301329715867038,169,4,G
179,180,0.0027604471969503,0.0027604471969503,170,4,A
180,181,0.3048420478893038,0.3048420478893038,171,4,Y
181,182,0.0021687680374717,0.0021687680374717,172,4,T
182,183,0.0,0.0,173,CT/EC,L
183,184,0.0,0.0,174,CT/EC,E
184,185,0.0,0.0,175,CT/EC,G
185,186,0.040354061457219,0.040354061457219,176,CT/EC,V
186,187,0.4040464152776006,0.4040464152776006,177,CT/EC,L
187,188,0.0028438926504678,0.0028438926504678,178,CT/EC,C
188,189,0.0646012230453767,0.0646012230453767,179,CT/EC,N
189,190,0.0,0.0,180,CT/EC,C
190,191,0.2237149011980156,0.2237149011980156,181,CT/EC,S
191,192,0.1323607581055603,0.1323607581055603,182,CT/EC,F
192,193,0.0,0.0,183,CT/EC,D
193,194,0.0,0.0,184,CT/EC,Y
194,195,0.0076260695451612,0.0076260695451612,185,CT/EC,I
195,196,0.0078525757478359,0.0078525757478359,186,CT/EC,S
196,197,0.0090978108940322,0.0090978108940322,187,CT/EC,R
197,198,0.2191535394236562,0.2191535394236562,188,CT/EC,D
198,199,0.0098589631196488,0.0098589631196488,189,CT/EC,S
199,200,0.0024032022799378,0.0024032022799378,190,CT/EC,T
200,201,0.0102680362751995,0.0102680362751995,191,CT/EC,T
201,202,0.0028057081231899,0.0028057081231899,192,CT/EC,R
202,203,0.0380585480290737,0.0380585480290737,193,CT/EC,S
203,204,0.8310130603013514,0.8310130603013514,194,CT/EC,N
204,205,0.1707778251555509,0.1707778251555509,195,CT/EC,I
205,206,0.0060847107587928,0.0060847107587928,196,CT/EC,L
206,207,0.0170656583568914,0.0170656583568914,197,CT/EC,C
207,208,0.3048743168728136,0.3048743168728136,198,CT/EC,M
208,209,0.3200034398603892,0.3200034398603892,199,CT/EC,F
209,210,0.0404594092879534,0.0404594092879534,200,5,I
210,211,0.0201866840643275,0.0201866840643275,201,5,L
211,212,0.1564116290632228,0.1564116290632228,202,5,G
212,213,0.0,0.0,203,5,F
213,214,0.0121312302408071,0.0121312302408071,204,5,F
214,215,0.0077532054032382,0.0077532054032382,205,5,G
215,216,0.0269755655236069,0.0269755655236069,206,5,P
216,217,0.037760749944669,0.037760749944669,207,5,I
217,218,0.0181166898841639,0.0181166898841639,208,5,L
218,219,0.0098497039417951,0.0098497039417951,209,5,I
219,220,0.1768133664043352,0.1768133664043352,210,5,I
220,221,0.0039709306584884,0.0039709306584884,211,5,F
221,222,0.0,0.0,212,5,F
222,223,0.0036567335240508,0.0036567335240508,213,5,C
223,224,0.0,0.0,214,5,Y
224,225,0.0140969927771295,0.0140969927771295,215,5,F
225,226,0.0191599437758845,0.0191599437758845,216,5,N
226,227,0.0,0.0,217,5,I
227,228,0.0892608566065138,0.0892608566065138,218,5,V
228,229,0.0082298530622962,0.0082298530622962,219,5,M
229,230,0.0124938817302683,0.0124938817302683,220,5,S
230,231,0.0,0.0,221,5,V
231,232,0.0031976870483832,0.0031976870483832,222,5,S
232,233,0.0125649256752359,0.0125649256752359,223,5,N
233,234,0.0,0.0,224,5,H
234,235,0.0,0.0,225,CT/EC,E
235,236,0.0433691548341861,0.0433691548341861,226,CT/EC,K
236,237,0.0146161182094352,0.0146161182094352,227,CT/EC,E
237,238,0.0671410805874872,0.0671410805874872,228,CT/EC,M
238,239,0.0214499062582977,0.0214499062582977,229,CT/EC,A
239,240,0.0051329651655098,0.0051329651655098,230,CT/EC,A
240,241,0.0,0.0,231,CT/EC,M
241,242,0.0,0.0,232,CT/EC,A
242,243,0.000508992141487,0.000508992141487,233,CT/EC,K
243,244,0.0,0.0,234,CT/EC,R
244,245,0.0012316874459388,0.0012316874459388,235,CT/EC,L
245,246,0.0051384367437508,0.0051384367437508,236,CT/EC,N
246,247,0.0114810419079926,0.0114810419079926,237,CT/EC,A
247,248,0.0095262716841527,0.0095262716841527,238,CT/EC,K
248,249,0.0027768396423075,0.0027768396423075,239,CT/EC,E
249,250,0.0,0.0,240,CT/EC,L
250,251,0.0293551385509075,0.0293551385509075,241,CT/EC,R
251,252,0.0002315308902804,0.0002315308902804,242,CT/EC,K
252,253,0.010660519456783,0.010660519456783,NA,NA,-
253,254,0.0043887868235879,0.0043887868235879,NA,NA,-
254,255,0.0012564471102344,0.0012564471102344,NA,NA,-
255,256,0.0096243719417595,0.0096243719417595,243,CT/EC,Q
256,257,0.0064884996054928,0.0064884996054928,244,CT/EC,A
257,258,0.0361537738425056,0.0361537738425056,245,CT/EC,G
258,259,0.0268350634192685,0.0268350634192685,246,CT/EC,A
259,260,0.0044771191628238,0.0044771191628238,247,CT/EC,N
260,261,0.0173235409087758,0.0173235409087758,248,CT/EC,A
261,262,0.0,0.0,250,CT/EC,E
262,263,0.0278273493156652,0.0278273493156652,251,CT/EC,M
263,264,0.0047457514173318,0.0047457514173318,252,CT/EC,R
264,265,0.3385707153226042,0.3385707153226042,253,CT/EC,L
265,266,0.0,0.0,254,CT/EC,A
266,267,0.0,0.0,255,CT/EC,K
267,268,0.0257751913171807,0.0257751913171807,256,CT/EC,I
268,269,0.0,0.0,257,CT/EC,S
269,270,0.033465823441925,0.033465823441925,258,CT/EC,I
270,271,0.0630740701324481,0.0630740701324481,259,CT/EC,V
271,272,0.0317039092920927,0.0317039092920927,260,CT/EC,I
272,273,0.0110222505385802,0.0110222505385802,261,CT/EC,V
273,274,0.1058343654117833,0.1058343654117833,262,6,S
274,275,0.0,0.0,263,6,Q
275,276,0.2215488503696453,0.2215488503696453,264,6,F
276,277,0.1001819797315375,0.1001819797315375,265,6,L
277,278,0.016753514416117,0.016753514416117,266,6,L
278,279,0.02619770312793,0.02619770312793,267,6,S
279,280,0.0,0.0,268,6,W
280,281,0.0,0.0,269,6,S
281,282,0.0,0.0,270,6,P
282,283,0.0,0.0,271,6,Y
283,284,0.0248781780624594,0.0248781780624594,272,6,A
284,285,0.0094578698302311,0.0094578698302311,273,6,V
285,286,0.1009906557068459,0.1009906557068459,274,6,V
286,287,0.0689543990465791,0.0689543990465791,275,6,A
287,288,0.0137378775762477,0.0137378775762477,276,6,L
288,289,0.2878076988128762,0.2878076988128762,277,6,L
289,290,0.0,0.0,278,6,A
290,291,0.005097451167369,0.005097451167369,279,6,Q
291,292,0.0080494092338013,0.0080494092338013,280,6,F
292,293,0.0118004330791645,0.0118004330791645,281,6,G
293,294,0.0155886345931054,0.0155886345931054,282,6,P
294,295,0.0041503445136514,0.0041503445136514,283,6,L
295,296,0.0022120336877396,0.0022120336877396,284,CT/EC,E
296,297,0.1968460167146996,0.1968460167146996,285,CT/EC,W
297,298,0.0168416934303447,0.0168416934303447,286,CT/EC,V
298,299,0.1730299407432002,0.1730299407432002,287,CT/EC,T
299,300,0.0,0.0,288,CT/EC,P
300,301,0.9219874377662556,0.9219874377662556,289,CT/EC,Y
301,302,0.0057670434882233,0.0057670434882233,290,CT/EC,A
302,303,0.0,0.0,291,CT/EC,A
303,304,0.4541498841281685,0.4541498841281685,292,CT/EC,Q
304,305,0.424341105956967,0.424341105956967,293,CT/EC,L
305,306,0.0775943060429305,0.0775943060429305,294,7,P
306,307,0.3089027754033676,0.3089027754033676,295,7,V
307,308,0.0257266390004927,0.0257266390004927,296,7,M
308,309,0.0235556962881125,0.0235556962881125,297,7,F
309,310,0.6629858194843501,0.6629858194843501,298,7,A
310,311,0.0,0.0,299,7,K
311,312,0.0231247621549813,0.0231247621549813,300,7,A
312,313,0.5447684155119701,0.5447684155119701,301,7,S
313,314,0.0,0.0,302,7,A
314,315,0.0056017557842145,0.0056017557842145,303,7,I
315,316,0.0296065639056881,0.0296065639056881,304,7,H
316,317,0.3098662166356871,0.3098662166356871,305,7,N
317,318,0.0,0.0,306,7,P
318,319,0.1690508216804645,0.1690508216804645,307,7,M
319,320,0.0,0.0,308,7,I
320,321,0.0,0.0,309,7,Y
321,322,0.0407455799917587,0.0407455799917587,310,7,S
322,323,0.0124185944413896,0.0124185944413896,311,7,V
323,324,0.0,0.0,312,7,S
324,325,0.0006071266937857,0.0006071266937857,313,7,H
325,326,0.0,0.0,314,7,P
326,327,0.0123499693692579,0.0123499693692579,315,CT/EC,K
327,328,0.0,0.0,316,CT/EC,F
328,329,0.0076218615793011,0.0076218615793011,317,CT/EC,R
329,330,0.0181382564442337,0.0181382564442337,318,CT/EC,E
330,331,0.6303939212356644,0.6303939212356644,319,CT/EC,A
331,332,0.0,0.0,320,CT/EC,I
332,333,0.0760991404018476,0.0760991404018476,321,CT/EC,S
333,334,0.0274791517039541,0.0274791517039541,322,CT/EC,Q
334,335,0.126591367245661,0.126591367245661,323,CT/EC,T
335,336,0.04665539984975,0.04665539984975,324,CT/EC,F
336,337,0.0948387540869414,0.0948387540869414,325,CT/EC,P
337,338,0.008938026484031,0.008938026484031,326,CT/EC,W
338,339,0.0570684367190503,0.0570684367190503,327,CT/EC,V
339,340,0.0359188312526519,0.0359188312526519,328,CT/EC,L
340,341,0.0076490783531389,0.0076490783531389,329,CT/EC,T
341,342,0.0277904130497014,0.0277904130497014,330,CT/EC,C
342,343,0.0078043473977089,0.0078043473977089,331,CT/EC,C
343,344,0.0265277934997916,0.0265277934997916,332,CT/EC,Q
344,345,0.0086529371129684,0.0086529371129684,333,CT/EC,D
345,346,0.0005902554246454,0.0005902554246454,334,CT/EC,D
346,347,0.0102250835609836,0.0102250835609836,335,CT/EC,A
347,348,0.0022657063153907,0.0022657063153907,336,CT/EC,E
348,349,0.0022445454681412,0.0022445454681412,337,CT/EC,T
349,350,0.0202575126157361,0.0202575126157361,338,CT/EC,P
350,351,0.0139335488430344,0.0139335488430344,340,CT/EC,A
351,352,0.0397362353502918,0.0397362353502918,341,CT/EC,G
352,353,0.0255823459217363,0.0255823459217363,343,CT/EC,E
353,354,0.0091004447472754,0.0091004447472754,345,CT/EC,S
354,355,0.0456897812732192,0.0456897812732192,347,CT/EC,S
355,356,0.0181873570744038,0.0181873570744038,349,CT/EC,S
356,357,0.00311515341773,0.00311515341773,350,CT/EC,A
357,358,0.0091999564911804,0.0091999564911804,351,CT/EC,A
358,359,0.0076116460594471,0.0076116460594471,352,CT/EC,Q
359,360,0.0066600216333,0.0066600216333,354,CT/EC,Q
360,361,0.0093614153574024,0.0093614153574024,355,CT/EC,K
361,362,0.0110966113761966,0.0110966113761966,356,CT/EC,Q
362,363,0.0111948947154701,0.0111948947154701,357,CT/EC,Q
