feature,BayesianRidge,mean
1,0.2583778700764168,0.2583778700764168
2,0.14812368397814576,0.14812368397814576
3,0.1337659774112412,0.1337659774112412
4,0.09815836352189652,0.09815836352189652
5,0.17876962392631823,0.17876962392631823
6,0.1700078664756183,0.1700078664756183
7,0.4398669564652197,0.4398669564652197
8,0.07970237382296107,0.07970237382296107
9,0.06214342370982146,0.06214342370982146
10,0.2534832011353857,0.2534832011353857
11,0.23720517268209024,0.23720517268209024
12,0.22326378927793952,0.22326378927793952
13,0.0978377498092176,0.0978377498092176
14,0.22741767967437632,0.22741767967437632
15,0.1463131087810651,0.1463131087810651
16,0.14282716490057884,0.14282716490057884
17,0.18196743845311575,0.18196743845311575
18,0.1418279416451505,0.1418279416451505
19,0.06868035923350772,0.06868035923350772
20,0.20200546802901373,0.20200546802901373
21,0.010373962505480155,0.010373962505480155
22,0.09389397388809759,0.09389397388809759
23,0.2530297349356955,0.2530297349356955
24,0.2330273622402915,0.2330273622402915
25,0.20200394160842963,0.20200394160842963
26,0.04999041179858106,0.04999041179858106
27,0.13030395655399504,0.13030395655399504
28,0.07329862497198722,0.07329862497198722
29,0.1320929129131991,0.1320929129131991
30,0.16039440731571625,0.16039440731571625
31,0.29931098545149604,0.29931098545149604
32,0.16328834688039448,0.16328834688039448
33,0.0,0.0
34,0.3310030072635792,0.3310030072635792
35,0.031949067057847155,0.031949067057847155
36,0.19693208351582103,0.19693208351582103
37,0.27168885276668736,0.27168885276668736
38,0.39350768651676016,0.39350768651676016
39,0.16884190256152223,0.16884190256152223
40,0.29795334241877525,0.29795334241877525
41,0.0,0.0
42,0.0,0.0
43,0.2916419051721906,0.2916419051721906
44,0.1892093523748393,0.1892093523748393
45,0.2239008345810121,0.2239008345810121
46,0.10336120392115644,0.10336120392115644
47,0.12776934855133795,0.12776934855133795
48,0.3011008098738702,0.3011008098738702
49,0.2308241420815544,0.2308241420815544
50,0.13710304972568768,0.13710304972568768
51,0.2418040240672641,0.2418040240672641
52,0.2766381134636235,0.2766381134636235
53,0.09804335637891091,0.09804335637891091
54,0.38251147894496695,0.38251147894496695
55,0.02362340754565185,0.02362340754565185
56,0.10336120392115644,0.10336120392115644
57,0.16735246490465364,0.16735246490465364
58,0.6749747284322374,0.6749747284322374
59,0.266585859787746,0.266585859787746
60,0.2901875256266633,0.2901875256266633
61,0.3358494326966553,0.3358494326966553
62,0.3959528668494524,0.3959528668494524
63,0.0,0.0
64,0.17211725559015703,0.17211725559015703
65,0.28427644736560126,0.28427644736560126
66,0.11371749356891439,0.11371749356891439
67,0.0,0.0
68,0.13609412766753315,0.13609412766753315
69,0.18836767650456737,0.18836767650456737
70,0.0,0.0
71,0.0,0.0
72,0.17224395687078267,0.17224395687078267
73,0.29784716030537006,0.29784716030537006
74,0.0,0.0
75,0.1468663359798889,0.1468663359798889
76,0.08121792202217124,0.08121792202217124
77,0.0,0.0
78,0.0,0.0
79,0.22417299922620554,0.22417299922620554
80,0.13886338410916332,0.13886338410916332
81,0.22431455927485403,0.22431455927485403
82,0.0,0.0
83,0.40397974278755533,0.40397974278755533
84,0.0,0.0
85,0.17445315829368607,0.17445315829368607
86,0.0,0.0
87,0.2616203576971136,0.2616203576971136
88,0.0,0.0
89,0.0,0.0
90,0.23548643804932215,0.23548643804932215
91,0.008747338419037149,0.008747338419037149
92,0.36759104304630397,0.36759104304630397
93,0.11034632682814267,0.11034632682814267
94,0.0,0.0
95,0.0,0.0
96,0.0,0.0
97,0.21586731013566104,0.21586731013566104
98,0.15409019055424375,0.15409019055424375
99,0.0,0.0
100,0.0482026348258401,0.0482026348258401
101,0.19603815170321726,0.19603815170321726
102,0.011685553909145007,0.011685553909145007
103,0.0,0.0
104,0.2476973589193734,0.2476973589193734
105,0.246696713059281,0.246696713059281
106,0.9408305909764905,0.9408305909764905
107,1.0,1.0
108,0.0,0.0
109,0.29802605237218505,0.29802605237218505
110,0.22923685500351879,0.22923685500351879
111,0.15403244213971307,0.15403244213971307
112,0.4799994273373466,0.4799994273373466
113,0.0,0.0
114,0.2746658923519857,0.2746658923519857
115,0.1609086800647259,0.1609086800647259
116,0.12424711001239623,0.12424711001239623
117,0.33468158172794366,0.33468158172794366
118,0.3018646932770651,0.3018646932770651
119,0.16215214414160917,0.16215214414160917
120,0.1498887608048457,0.1498887608048457
121,0.5649701750387972,0.5649701750387972
122,0.0,0.0
123,0.2777209966389388,0.2777209966389388
124,0.05132216977892902,0.05132216977892902
125,0.10838345070675556,0.10838345070675556
126,0.0,0.0
127,0.1448754263316603,0.1448754263316603
128,0.05599955305608971,0.05599955305608971
129,0.10076217129006831,0.10076217129006831
130,0.0,0.0
131,0.28911478681704095,0.28911478681704095
132,0.307011544569454,0.307011544569454
133,0.0,0.0
134,0.2741817720804927,0.2741817720804927
135,0.19786546187122475,0.19786546187122475
136,0.24528658741126805,0.24528658741126805
137,0.0,0.0
138,0.1917837865499502,0.1917837865499502
139,0.3377328019787171,0.3377328019787171
140,0.2066650768570064,0.2066650768570064
141,0.1414809883994126,0.1414809883994126
142,0.2706374621471564,0.2706374621471564
143,0.0,0.0
144,0.1938683899890999,0.1938683899890999
145,0.07602497539322388,0.07602497539322388
146,0.19551024164666922,0.19551024164666922
147,0.0,0.0
148,0.07120585156225921,0.07120585156225921
149,0.019902028369608492,0.019902028369608492
150,0.0,0.0
151,0.0,0.0
152,0.11539102175161015,0.11539102175161015
153,0.11366639338494448,0.11366639338494448
154,0.21130312955320787,0.21130312955320787
155,0.0,0.0
156,0.1456089267423994,0.1456089267423994
157,0.35405672945965166,0.35405672945965166
158,0.40753717834173686,0.40753717834173686
159,0.14862128324607665,0.14862128324607665
160,0.14343818776598566,0.14343818776598566
161,0.004613555076146932,0.004613555076146932
162,0.30975174215720347,0.30975174215720347
163,0.26723034641884585,0.26723034641884585
164,0.177498279087091,0.177498279087091
165,0.26290364334394484,0.26290364334394484
166,0.2923875768044326,0.2923875768044326
167,0.04325914145896594,0.04325914145896594
168,0.053309905179390465,0.053309905179390465
169,0.26675736858068755,0.26675736858068755
170,0.1570403449920601,0.1570403449920601
171,0.2713170157799783,0.2713170157799783
172,0.11140788026681263,0.11140788026681263
173,0.3692210656326334,0.3692210656326334
174,0.14459956340872118,0.14459956340872118
175,0.22320304497301335,0.22320304497301335
176,0.526773633779817,0.526773633779817
177,0.0,0.0
178,0.4972094838211827,0.4972094838211827
179,0.18944164500063254,0.18944164500063254
180,0.19393901883503314,0.19393901883503314
181,0.3555452944018072,0.3555452944018072
182,0.12729437748073288,0.12729437748073288
183,0.08880671418535448,0.08880671418535448
184,0.40192862095832166,0.40192862095832166
185,0.0,0.0
186,0.25539628031584033,0.25539628031584033
187,0.09804335637891091,0.09804335637891091
188,0.08092894162130014,0.08092894162130014
189,0.16878314199855615,0.16878314199855615
190,0.10440149752735893,0.10440149752735893
191,0.0,0.0
192,0.011037794818135568,0.011037794818135568
193,0.13163090046469672,0.13163090046469672
194,0.6481568554529099,0.6481568554529099
195,0.10336120392115644,0.10336120392115644
196,0.0,0.0
197,0.0,0.0
198,0.0,0.0
199,0.24660431818080414,0.24660431818080414
200,0.29435902521043017,0.29435902521043017
201,0.0,0.0
202,0.11673335782797663,0.11673335782797663
203,0.0,0.0
204,0.20760907706747186,0.20760907706747186
205,0.29067955469977996,0.29067955469977996
206,0.0,0.0
207,0.0,0.0
208,0.0,0.0
209,0.3257349204852264,0.3257349204852264
210,0.2950837486329864,0.2950837486329864
211,0.29242389310086475,0.29242389310086475
212,0.2232978884562203,0.2232978884562203
213,0.12785265837946866,0.12785265837946866
214,0.13214543698348624,0.13214543698348624
215,0.5507435312657014,0.5507435312657014
216,0.3455230359626271,0.3455230359626271
217,0.46006814245654615,0.46006814245654615
218,0.10608149375926246,0.10608149375926246
219,0.2597744772406121,0.2597744772406121
220,0.12857257532206565,0.12857257532206565
221,0.6191413648475739,0.6191413648475739
222,0.8624717244776472,0.8624717244776472
223,0.21591651073874266,0.21591651073874266
224,0.25774093843323503,0.25774093843323503
225,0.38814373001638375,0.38814373001638375
226,0.0,0.0
227,0.2460871239879433,0.2460871239879433
228,0.14494501491488085,0.14494501491488085
229,0.0,0.0
230,0.11294887585839974,0.11294887585839974
231,0.3844954644462953,0.3844954644462953
232,0.19158244246022801,0.19158244246022801
233,0.0,0.0
234,0.15259686534517145,0.15259686534517145
235,0.19393051539445008,0.19393051539445008
236,0.16864423191758526,0.16864423191758526
237,0.0,0.0
238,0.26138922277226573,0.26138922277226573
239,0.08943884059811114,0.08943884059811114
240,0.20490884598515202,0.20490884598515202
241,0.1322222274435225,0.1322222274435225
242,0.110456218999138,0.110456218999138
243,0.29954582114266315,0.29954582114266315
244,0.0,0.0
245,0.2508069554931245,0.2508069554931245
246,0.12857519099520145,0.12857519099520145
247,0.0,0.0
248,0.0,0.0
249,0.0,0.0
250,0.04118411829712498,0.04118411829712498
251,0.23547448927314774,0.23547448927314774
252,0.5193399936327706,0.5193399936327706
253,0.0,0.0
254,0.0,0.0
255,0.0,0.0
256,0.0,0.0
257,0.0,0.0
258,0.0,0.0
259,0.0,0.0
260,0.0,0.0
261,0.1872868752999135,0.1872868752999135
262,0.0,0.0
263,0.0,0.0
264,0.16239642580746166,0.16239642580746166
265,0.007837260092183617,0.007837260092183617
266,0.10286484727158562,0.10286484727158562
267,0.2329462889916341,0.2329462889916341
268,0.2502475312429805,0.2502475312429805
269,0.11202164813432874,0.11202164813432874
270,0.2901141568532014,0.2901141568532014
271,0.17322126765700357,0.17322126765700357
272,0.09804335637891091,0.09804335637891091
273,0.19786497350031138,0.19786497350031138
274,0.0,0.0
275,0.15498433495323524,0.15498433495323524
276,0.0876441817127261,0.0876441817127261
277,0.037821571355106255,0.037821571355106255
278,0.0,0.0
279,0.0,0.0
280,0.18527088589858587,0.18527088589858587
281,0.0,0.0
282,0.38574658666347533,0.38574658666347533
283,0.1775990990437461,0.1775990990437461
284,0.1635766434980857,0.1635766434980857
285,0.1525854527117206,0.1525854527117206
286,0.29531781918748,0.29531781918748
287,0.25805901216914423,0.25805901216914423
288,0.09252610502133188,0.09252610502133188
289,0.08301826805895506,0.08301826805895506
290,0.3403538932803641,0.3403538932803641
291,0.4181642319087882,0.4181642319087882
292,0.0,0.0
293,0.0,0.0
294,0.0,0.0
295,0.0,0.0
296,0.2406315062422223,0.2406315062422223
297,0.8530494589688422,0.8530494589688422
298,0.27205940742004137,0.27205940742004137
299,0.16906578419702487,0.16906578419702487
300,0.1425520350028348,0.1425520350028348
301,0.34430585687762894,0.34430585687762894
302,0.0,0.0
303,0.09456288326326383,0.09456288326326383
304,0.395506546133648,0.395506546133648
305,0.34847356673759694,0.34847356673759694
306,0.1588479572493408,0.1588479572493408
307,0.19712113824457148,0.19712113824457148
308,0.14376688711607752,0.14376688711607752
309,0.30518079340881477,0.30518079340881477
310,0.21531486635506578,0.21531486635506578
311,0.48325609645290973,0.48325609645290973
312,0.0,0.0
313,0.1957742385471197,0.1957742385471197
314,0.38889588264764274,0.38889588264764274
315,0.13706370055956343,0.13706370055956343
316,0.46006814245654615,0.46006814245654615
317,0.16507747448956983,0.16507747448956983
318,0.2029491937876418,0.2029491937876418
319,0.2229175422750101,0.2229175422750101
320,0.38804085870585575,0.38804085870585575
321,0.10655351319178484,0.10655351319178484
322,0.5810316286022559,0.5810316286022559
323,0.0,0.0
324,0.14841983441504603,0.14841983441504603
325,0.2652930135587792,0.2652930135587792
326,0.0,0.0
327,0.2783318717828378,0.2783318717828378
328,0.24960451182068852,0.24960451182068852
329,0.31216206412085395,0.31216206412085395
330,0.0,0.0
331,0.13048794952825526,0.13048794952825526
332,0.0,0.0
333,0.0,0.0
334,0.04116663972682733,0.04116663972682733
335,0.06839842187521504,0.06839842187521504
336,0.19105857898901213,0.19105857898901213
337,0.0,0.0
338,0.0,0.0
339,0.3075256025229614,0.3075256025229614
340,0.0,0.0
341,0.08669907922099421,0.08669907922099421
342,0.17138175057593125,0.17138175057593125
343,0.46006814245654615,0.46006814245654615
344,0.0,0.0
345,0.4291169586217606,0.4291169586217606
346,0.3241145056904059,0.3241145056904059
347,0.2061008839943973,0.2061008839943973
348,0.09761367562800101,0.09761367562800101
349,0.0,0.0
350,0.11738120831710282,0.11738120831710282
351,0.5038401038173722,0.5038401038173722
352,0.08438505273922009,0.08438505273922009
353,0.22565329373137383,0.22565329373137383
354,0.23880488272510442,0.23880488272510442
355,0.2944892263748418,0.2944892263748418
356,0.33171478357463746,0.33171478357463746
357,0.3039152241452419,0.3039152241452419
358,0.11977405405558739,0.11977405405558739
359,0.3228560170812915,0.3228560170812915
360,0.30627884271775546,0.30627884271775546
361,0.21072849453903517,0.21072849453903517
362,0.3224504555834364,0.3224504555834364
363,0.2779547928659312,0.2779547928659312
364,0.32120688553562854,0.32120688553562854
365,0.22129818204225654,0.22129818204225654
366,0.32611977320590274,0.32611977320590274
367,0.17603042674108366,0.17603042674108366
368,0.3170034338341762,0.3170034338341762
369,0.13820201348050004,0.13820201348050004
370,0.13155540974936744,0.13155540974936744
371,0.16523479961378598,0.16523479961378598
372,0.2772481984477927,0.2772481984477927
373,0.2643740447183425,0.2643740447183425
374,0.2064104253178627,0.2064104253178627
375,0.1660663982749159,0.1660663982749159
376,0.30710844601268544,0.30710844601268544
377,0.15428086561758456,0.15428086561758456
