feature,gbr,xgb,rf,BayesianRidge,mean
1,7.131846931235401e-06,8.931444608606398e-05,6.942347051176769e-05,0.06831752624362576,0.01712084900178871
2,0.0013332772145841895,0.0011496490333229303,0.00039791388088993756,0.2901429289212528,0.07325594226251247
3,1.6609349928841186e-05,0.0003948706726077944,0.0001760946095683508,0.16848942602307526,0.04226925016379506
4,4.0237839532600815e-06,8.709550456842408e-05,0.00028364704785458465,0.021592422073373002,0.005491797102437318
5,0.0007810450323567584,0.0012648430420085788,0.00015167967705380174,0.10523591591427008,0.026858370916422302
6,1.946070486382824e-05,6.936751015018672e-05,3.9826879034655336e-05,0.061979431442482226,0.015527021634132724
7,1.8172497695194144e-05,9.09190348465927e-05,6.112243264400184e-05,0.0662017393114984,0.01659298831917105
8,3.042514142963706e-05,0.0002151972585124895,7.918279513033591e-05,0.11604265059103765,0.029091863946527526
9,0.0,0.0,6.0973504257094346e-05,0.06316990750121178,0.01580772025136722
10,4.994082025941867e-06,8.888659067451954e-05,3.6958166931575226e-05,0.1400148415506292,0.03503642009756531
11,7.794661214707628e-05,0.0,2.4411025334393316e-05,0.08912489863151687,0.022306814067249586
12,0.0,0.0,1.849111902504184e-06,0.015936644469036365,0.003984623395234717
13,8.336580302299109e-05,0.0004021030035801232,5.124407174432616e-05,0.1714873771459679,0.043006022506078836
14,1.925494909363503e-06,1.1260563042014837e-05,4.337100644262235e-06,0.09434187932134605,0.023589850619985423
15,0.0004998794312813202,0.0012896278640255332,8.268201827123261e-05,0.12263322615418923,0.03112635386694183
16,0.0,0.0,0.0,0.0,0.0
17,4.3633000206129046e-05,0.0008365276153199375,0.00016428945227098488,0.08687165975456272,0.021979027455589942
18,0.11500665140882682,0.07294066250324249,0.008634940959478877,0.17113312515924595,0.09192884500769853
19,5.691580384485796e-05,8.083589818852488e-06,2.0961821265350405e-05,0.09966336543493333,0.024937331662465596
20,0.00139505323374029,0.004327239468693733,0.0003362921958791597,0.06678388115599235,0.01821061651357638
21,0.0,0.0,0.0,0.15171195653906924,0.03792798913476731
22,0.00033995769395901953,0.0007529447902925313,0.00015002997462036505,0.015898293765712206,0.00428530655614603
23,0.0,0.0,0.0,0.0,0.0
24,0.00017500165003185008,0.0009188968688249588,6.162287294391446e-05,0.2387743004567923,0.059982455462148254
25,0.0004723517571330239,0.0,4.8532725007359346e-05,0.07486678657945176,0.018846917765398034
26,3.776492086128396e-05,0.0,1.6990977941677208e-05,0.04690682465851805,0.011740395139330253
27,0.0,0.0,0.0,0.0,0.0
28,0.0,0.0,0.0,0.0547366390030062,0.01368415975075155
29,3.0632088255105366e-05,0.0002405590348644182,8.938218537510142e-06,0.0009624813337845674,0.0003106526688604003
30,0.0,0.0,9.893642325756913e-06,0.0005382737960004281,0.00013704185958154626
31,0.09161026342209794,0.08139171451330185,0.0002606726586476446,0.09223919357852722,0.06637546104314367
32,1.737000804651997e-05,0.0,7.784742164395398e-05,0.0957576222021188,0.023963209907952317
33,5.6732764040798746e-05,9.981884795706719e-05,0.00011276371884747196,0.10775389826360154,0.027005803398611722
34,2.2130250402741863e-05,7.90206395322457e-05,0.00010348176761184274,0.14768674967244724,0.03697284558249852
35,0.0,0.0,3.636177126059287e-05,0.052010439783610043,0.01301170038871766
36,7.224547934918576e-05,0.00028872472466900945,4.1247603085577984e-05,0.08369829901184718,0.021025129204737737
37,5.905025431873494e-05,0.00038632817449979484,0.00012853428873373747,0.20555720953510717,0.05153278056316486
38,6.408530618848707e-05,0.0004930422874167562,8.854445257022495e-05,0.04732462933614272,0.011992575345579546
39,5.964878204294515e-05,5.97206708334852e-05,7.490525795961228e-05,0.1119281911483203,0.028030616464789083
40,4.2616456028238026e-05,0.0004584189737215638,4.5137441745903886e-05,0.10851736105043604,0.027265883480482936
41,0.0008660431555644726,0.0017195085529237986,4.6692936946347635e-05,0.11759626915485591,0.03005712845007263
42,0.00011103614931063833,0.0002793426683638245,0.00016755810296321952,0.0552119244473452,0.01394246534199572
43,0.0,0.0,1.197807102665141e-05,0.06532208223959589,0.016333515077655635
44,0.0001574488829004492,0.0003205766552127898,6.757035310825934e-05,0.12348100943489854,0.031006651331530008
45,0.0,0.0,6.559875604742493e-05,0.1546486984340159,0.03867857429751583
46,0.0009277825069865418,0.0008781057549640536,0.0007128626198115731,0.22918465329233823,0.0579258510435251
47,4.019005862461173e-08,0.0,2.957023797096641e-05,0.0841834294294635,0.021053259964373273
48,0.0010819857419717333,0.007427827455103397,8.114711624288314e-05,0.09315590817354256,0.025436717121715146
49,6.919801206306859e-05,0.0005088252364657819,0.0002074830838981327,0.08510308730988278,0.02147214841057744
50,1.2052366240514074e-19,0.000710546737536788,4.541709560049189e-05,0.1495776213222539,0.0375833962888478
51,0.0,0.0,6.176355019764449e-09,0.02141964865475288,0.005354913707776975
52,0.0006784315058762699,0.0006502910400740802,0.0006350572325753435,0.3345330586752034,0.08412420961343227
53,0.0,0.0,4.143836632596368e-06,0.17787049996386423,0.04446866095012421
54,4.000477286497761e-05,0.00014582922449335456,1.2032997897239417e-05,0.14149150713851988,0.03542234353344386
55,0.0,0.0,0.0,0.0,0.0
56,0.0029079388053635004,0.009265812113881111,4.850681628239351e-05,0.059090437966758974,0.017828173925571494
57,1.4803048339081306e-05,0.00020679293083958328,0.0001350151423138183,0.1313148525737587,0.032917865923812795
58,0.0,0.0,3.106639306263528e-08,0.11361678523414764,0.028404204075135178
59,0.0,0.0,1.5233945496131446e-05,0.004716871507514475,0.0011830263632526517
60,7.4920806094737964e-06,7.109248599590501e-06,0.0002450418544845643,0.11574805723876945,0.02900192510561577
61,0.0,0.0,2.3234582009114086e-06,0.1607451727720678,0.04018687405756718
62,0.0,0.0,0.0,0.0,0.0
63,3.269798607107457e-05,0.0002620366867631674,0.00021463554551712672,0.07928122096710229,0.019947647796363415
64,3.59039213943069e-05,8.849879668559879e-05,0.00018485717763915287,0.054669762597989,0.013744755623427016
65,1.0,1.0,1.0,0.05705865904805282,0.7642646647620132
66,0.0,0.0,0.0,0.0,0.0
67,0.0,0.0,0.0,0.0,0.0
68,0.0,0.0,0.0,0.0,0.0
69,0.0,0.0,4.530595644767789e-05,0.10450461211343343,0.026137479517470277
70,0.00047612622720638424,0.0,0.0004232406890191635,0.043183836629389474,0.011020800886403755
71,0.0,0.0,2.6597369739546285e-05,0.013134542369961559,0.003290284934925276
72,0.0,0.0,0.0,0.0,0.0
73,0.0,0.0,0.0,0.0,0.0
74,0.0,0.0,5.281419008935069e-06,0.049266703327431334,0.012317996186610067
75,0.0,0.0,0.0,0.0,0.0
76,0.0,0.0,0.0,0.0,0.0
77,0.0005112498681406746,0.00587830226868391,0.00018129041197675641,0.17932751097602342,0.04647458838120619
78,0.0,0.0,0.0,0.0,0.0
79,0.004851574573485977,0.0,4.979364522512785e-05,0.19504394518247278,0.04998632835029597
80,0.0,0.0,7.38906026238047e-05,0.2842384712530998,0.0710780904639309
81,9.20721638708705e-06,0.0001387999509461224,0.00013147492340579188,0.20686078688771709,0.05178506724461402
82,0.000508336586425522,0.0019252009224146605,5.263115041320144e-05,0.12056116894336792,0.030761834400655327
83,0.0,0.0,0.00010163458031832169,0.2415777122021287,0.06041983669561175
84,0.0028066144826282336,0.0012638517655432224,0.0021545595376557865,0.5601282986799141,0.14158833111643535
85,7.972925013823536e-05,0.00041307799983769655,0.0002906179072058636,0.10345511868946969,0.026059635961662872
86,0.020059745237923407,0.003475631820037961,0.01586197160234268,0.7085530303165615,0.1869875947442164
87,0.0001581059980290075,0.0015279740327969193,0.00031875655210831974,0.06347002341963871,0.01636871500064324
88,7.898538020380101e-05,0.00010891530109802261,6.1013018730211724e-05,0.11914072026899036,0.0298474084922556
89,0.0005210759939004674,0.001143778907135129,0.0003953298438951527,0.14110838680891544,0.035792142888461546
90,0.00507032185122428,0.002066081389784813,0.004240730824086807,0.8514845962816682,0.215715432586691
91,0.00018119187150779348,0.00018586697115097195,0.00019888691298295612,0.3851700972498247,0.09643401075136661
92,0.0,0.0,2.1541565076135114e-05,0.08501675874134396,0.021259575076605024
93,0.004894949832076354,0.0026244730688631535,0.004726796295272758,0.6572566506424757,0.167375717459672
94,0.0006346088190323498,0.00025282599381171167,0.0003284711385373429,0.44543681263478774,0.11166317964654228
95,8.50165316541769e-06,8.026407158467919e-05,6.772876942787943e-05,0.10813280058807526,0.027072323770563306
96,0.0005132605124988313,0.0032744635827839375,0.0007270656578870394,0.4289446000815271,0.10836484745867424
97,0.0008896120051729912,0.0002845785056706518,0.0005756698001477366,0.33644507929372636,0.08454873490117944
98,6.32845858154957e-05,0.0,4.387735229139277e-05,0.061316106089002835,0.01535581700677743
99,6.630513395819085e-05,0.00016202099504880607,0.00011223924980992686,0.07674129010702041,0.019270463871459333
100,0.0002821807288320275,0.0010862601920962334,0.0002350911067259587,0.11328776857994712,0.028722825151900333
101,0.000956882100885598,0.004058993421494961,5.385777576506323e-05,0.1254443358586151,0.03262851728919018
102,0.0,0.0,0.0,0.0,0.0
103,0.0,0.0,6.461506055455935e-06,0.25679868906379066,0.06420128764246152
104,0.0004364027910947734,0.0010089941788464785,0.00040958513459795275,0.056285036691220564,0.014535004698939941
105,0.00010343232023173624,0.0,0.00011754323788764511,0.14772520544885476,0.03698654525174353
106,0.0,0.0,0.0,0.0,0.0
107,0.0,0.0011365972459316254,8.776208319761483e-05,0.1294014284718362,0.032656446950241357
108,0.0003497002810039105,0.00042377080535516143,0.0004735858216777561,0.13023700220028755,0.0328710147770811
109,0.0005744445835228663,0.00017091289919335395,0.0012720033023150832,0.350705712134132,0.08818076822979082
110,0.0,0.0,1.0486028529929634e-06,0.06900512495966031,0.017251543390628326
111,8.644227024195301e-06,0.0,2.350677702648989e-05,0.1594622418000006,0.03987359820101282
112,0.0008497187422021176,0.0007259071571752429,0.0013461851121001,0.19180519891615092,0.04868175248190709
113,0.002794742049981847,0.000798938621301204,0.001429883151398735,0.2918030117062136,0.07420664388222384
114,0.010038853570254457,0.008785759098827839,0.0009120881036639169,0.4838628495812487,0.12589988758849874
115,0.000229965740080035,0.0004027572285849601,4.194413945269805e-05,0.019423423561247304,0.005024522667341249
116,0.0008285988139729565,0.0008556465618312359,0.0009211333637977398,0.22460320169524328,0.0568021451087113
117,0.0009814242429349784,0.0013017253950238228,0.0006644979040331875,0.2786042929767928,0.0703879851296962
118,0.014078990529618229,0.017657006159424782,0.001584838594380585,0.26700228330808573,0.07508077964787734
119,0.0013585547143381352,0.004884438123553991,0.0002737654063837775,0.11997711340124602,0.03162346791138048
120,6.5447816686610215e-06,0.0,0.000140634623368831,0.18368688472960593,0.04595851603366086
121,0.0,0.0,0.0,0.0,0.0
122,0.0020268350671450125,0.0004518600762821734,0.0007513686485141846,0.4148994004913796,0.10453236607083023
123,3.173443053544677e-06,0.0,4.090503700493858e-05,0.04316078026343666,0.010801214685873785
124,6.329170357466993e-07,0.0,8.350410813331433e-05,0.1423000490183828,0.03559604651088797
125,0.0,0.0,4.391509706206037e-07,0.2792537121619882,0.06981353782823971
126,0.0,0.0,0.0,0.0,0.0
127,0.0,0.0,0.0,0.0,0.0
128,0.0,0.0,0.0,0.0,0.0
129,0.0,0.0,1.6956524722759785e-06,0.08599475375853838,0.021499112352752665
130,8.08048288144687e-05,0.0,1.1051236411595057e-06,0.012854483087919309,0.0032340982600937342
131,0.001159114525069336,0.0047957394272089005,2.3830109357928275e-05,0.09748262623367443,0.02586532757382765
132,0.0,0.0,0.0,0.23598430310735286,0.058996075776838214
133,8.724144076052176e-05,0.00021280640794429928,3.0372331032070773e-05,0.12503794150673556,0.03134209042161811
134,0.0,0.0,0.0,0.0,0.0
135,0.0,0.0,0.0,0.0,0.0
136,3.556891715931642e-05,0.0,7.275962052703282e-05,0.027284638777280445,0.006848241828741698
137,5.686831919372246e-05,0.00010385999485151842,0.00017919349115461618,0.0742713183753679,0.01865281004514194
138,0.0,0.0,0.0,0.0,0.0
139,0.0001225670734295894,0.012207812629640102,1.1265517190675015e-05,0.16166605738746917,0.04350192565193239
140,0.0,0.0,0.0,0.0,0.0
141,0.0,0.0,0.0,0.0,0.0
142,0.0,0.0,0.0,0.0,0.0
143,0.00014347178493074705,0.0,3.6846210864001355e-05,0.06876085506154156,0.017235293264334078
144,0.0,0.0,6.887465252567239e-05,0.05918689405509341,0.01481394217690477
145,0.0,0.0,0.00045510060244876113,0.036918262927666146,0.009343340882528728
146,0.0,0.0,7.88151608128843e-06,0.03569063763958588,0.008924629788916793
147,0.0,0.0,1.501542498320513e-05,0.2186203097546653,0.05465883129491212
148,0.0,0.0,0.0,0.0,0.0
149,9.78107718224827e-05,0.0,0.0001508548073525362,0.37238132929809753,0.09315749871931814
150,3.735078819871082e-05,0.0,0.0005513130211797507,0.46805550803277685,0.11716104296053882
151,0.00011164378682780338,0.0005806617555208504,4.0804332252124635e-05,0.07041504572315561,0.017787038899439098
152,0.0,0.0,1.0705368527525337e-06,0.18965546308844805,0.0474141334063252
153,0.0,0.0,0.0,0.0,0.0
154,2.6600161222756594e-05,0.00015080517914611846,0.000388372521117176,0.060031246911231184,0.01514925619317931
155,3.290633792280778e-05,0.0,7.973379070709052e-05,0.1420120272466603,0.03553116684382255
156,7.6825965962749e-05,0.0006070199888199568,3.1319019110673164e-05,0.2069395224381444,0.05191367185300944
157,1.774837999875864e-06,0.00020058953668922186,3.64702113025946e-05,0.0463544511869538,0.011648321443236373
158,7.996268009984751e-05,0.0011572057846933603,0.00025576129842839947,0.10979583064205495,0.027822190101319137
159,0.0006966498878278941,0.0027114320546388626,0.00022530080167484616,0.04417028637471885,0.011950917279715112
160,0.0,0.0,5.113701025840959e-06,0.0501274039627019,0.012533129415931935
161,0.0,0.0,0.0,0.0,0.0
162,1.7648295370654728e-06,0.0,0.00018278235486928997,0.05696338648859504,0.014286983418250349
163,6.487192649904504e-05,0.0009525165660306811,0.0002775278419005551,0.10113623412788522,0.025607787615578876
164,0.004829124070585997,0.02653747797012329,0.0015081363126015505,0.2809848758286215,0.07846490354548309
165,7.636226605726666e-05,7.683527655899525e-05,9.345622538823097e-05,0.09749558561854785,0.024435559846638085
166,2.5547653315716666e-06,0.0,8.23054017127113e-05,0.15037635393241142,0.037615303524863926
167,0.0009822606185013875,0.009329353459179401,0.0002464342430181708,0.04106858399281558,0.012906658078378635
168,0.0006190391824903272,0.0,0.00029032554263486865,0.18110879461838658,0.04550453983587795
169,0.0006074516579835044,0.0012444028398022056,0.00032559367180985444,0.17701369941921063,0.04479778689720155
170,0.0,0.0,0.0,0.0,0.0
171,0.0,0.0,0.0,0.0,0.0
172,0.0,0.0,1.4871454335462327e-05,0.1736478477229428,0.04341567979431957
173,0.00011429375694889913,0.004140205681324005,0.0005645365144771356,0.05690547754009959,0.015431128373212408
174,0.0,0.0,0.0,0.0,0.0
175,0.0,0.0,0.0,0.0,0.0
176,0.0,0.0,0.0,0.0,0.0
177,0.0,0.0,0.0,0.0,0.0
178,4.722632922432881e-06,0.0,5.673357094125694e-05,0.2349410333031049,0.05875062237674215
179,0.00011549048135087434,0.00020835008763242513,5.2788730728818034e-05,0.05823132237700413,0.014651987919179063
180,0.0,0.0,0.0,0.0,0.0
181,0.03368351875062449,0.02193647436797619,0.004502435609002913,1.0,0.2650306071819009
182,0.0,0.0,0.0,0.0,0.0
183,0.00010542849029152397,0.0,0.0001494171045343478,0.0615798006973745,0.015458661573050094
184,0.00014727891733286972,0.00011512321361806244,0.07873046602302224,0.600553073816895,0.16988648549271707
185,0.0003347228550061494,0.0006495257839560509,2.4234765213622446e-05,0.07100297720428862,0.01800286515211611
186,0.0,0.0,0.0,0.0,0.0
187,0.0,0.0,0.0,0.0,0.0
188,0.0,0.0,0.0,0.0,0.0
189,5.7791535599348106e-05,0.00026383064687252045,8.121314791275542e-05,0.10278296514914999,0.025796450119883654
190,0.0,0.0,0.0,0.0,0.0
191,0.0,0.0,0.0,0.12434363703766742,0.031085909259416854
192,0.0,0.0,0.0,0.0547366390030062,0.01368415975075155
193,0.0,0.0,0.0,0.0547366390030062,0.01368415975075155
194,1.1907955845529293e-05,0.0,6.036139410297269e-05,0.04207659268102026,0.01053721550774219
195,0.00018109994378388006,0.0001630532933631912,0.0001330646017452318,0.1122863710165288,0.028190897213855277
196,1.952763094012453e-05,8.992155926534906e-05,2.779175019896952e-05,0.09230852678727955,0.023111441931921
197,8.527888556966915e-06,9.239722567144781e-05,4.1088265447209715e-05,0.054527955281366655,0.01366749216526057
198,5.974087301745808e-06,0.0,2.185842895788542e-05,0.0549468183439522,0.013743662715052958
199,0.0005644208978747286,0.0005275162984617054,0.00027635119412420937,0.07567591964985963,0.01926105201008007
200,0.0,0.0,2.819353583287997e-05,0.08151611539324835,0.020386077232270306
201,0.0,0.00029126254958100617,3.247117843837959e-05,0.07175461380971017,0.01801958688443239
202,0.0,0.003120375331491232,0.0003822293518376766,0.05126949167144085,0.013693024088692439
203,3.3952395412593215e-05,0.0,5.1406471468863044e-05,0.04516607269842053,0.011312857891325497
204,0.0,0.0,2.3510868184161948e-07,0.1964352486980679,0.04910887095168743
205,0.00021316994712074967,0.0007388654048554599,2.6623289017687193e-05,0.13836285741965726,0.03483537901516279
206,0.0,0.0,2.015218603098598e-06,0.1211880130253827,0.03029750706099645
207,1.7362583039826163e-05,0.00025343653396703303,0.00019487564942424103,0.4677508810808853,0.1170541389618291
208,2.5321122151220095e-05,0.00012025462638121098,1.6291638134194812e-05,0.08907757664184746,0.02230986100712852
209,8.590998624277022e-05,0.0003235100884921849,0.00012094831352804503,0.07841700955634613,0.01973684448615228
210,0.00015379769437563181,0.0,0.0003112680442914921,0.12161994411227842,0.030521252462736386
211,0.0,0.0,3.2782611295064405e-07,0.1710795246665067,0.04276996312315491
212,0.0,0.0,0.0,0.0547366390030062,0.01368415975075155
213,0.0005126491729300492,0.0006637425976805389,0.00012238199791340116,0.09764281281095072,0.024735396644868676
214,3.9635801488606524e-05,7.815259596100077e-05,0.00019077153567935104,0.16262007498860162,0.04073215873043264
215,0.0,0.0,0.0,0.0,0.0
216,1.5108439801628774e-05,0.0,1.7522223315568626e-05,0.17820192349760844,0.04455863854018141
217,0.0003547279337207229,0.0011060332180932164,0.0001807950000872182,0.18836755244208803,0.04750227714849729
218,1.676264012371615e-05,0.0,0.00010070041238334868,0.11839155226477828,0.029627253829321337
219,7.031613353825465e-05,0.0,1.6534242655870215e-05,0.18218968960633575,0.04556913499563247
220,1.0463502530492435e-05,0.0008252368425019085,0.00011174664570077381,0.049711918645297025,0.01266484140900755
221,0.0,0.0,6.587176276026878e-07,0.038422808886111215,0.009605866900934705
222,0.0,0.0,2.1262425504689684e-05,0.04754996312412311,0.011892806387406949
223,0.0,0.0,0.0,0.0,0.0
224,7.284562605508332e-05,0.0008790311985649168,9.277287958452094e-05,0.09401494929580652,0.02376489975000276
225,0.0002519139922003094,0.0004294498939998448,0.00020132129841873926,0.0647762383606832,0.016414730886325526
226,0.0,0.0,4.523961382724128e-07,0.08756055498567496,0.021890251845453308
227,0.0,0.0,9.839536841678792e-06,0.10611898820804207,0.026532206936220937
228,0.0003325026405427973,0.000515037914738059,0.00023954996387789263,0.23977304246370099,0.060215033245714936
229,4.42150858055064e-05,0.0,7.599580999819999e-05,0.030465831164527217,0.007646510515082731
230,0.0,0.0,0.0,0.12434363703766742,0.031085909259416854
231,0.0,0.0,4.227803136696333e-05,0.18932773299776132,0.04734250275728207
232,1.8548205641119403e-06,0.0,2.4950615575480607e-05,0.09392497286402575,0.023487944575041334
233,0.0,0.0,1.6304105615089058e-06,0.028633816217211935,0.007158861656943361
234,0.0,0.0,0.0,0.0,0.0
235,0.0,0.0,1.1177437887082735e-05,0.011424195146105319,0.0028588431459981006
236,0.0,0.0,1.1435672837977375e-05,0.037245621954637084,0.009314264406868765
237,0.0,0.0,0.0,0.0,0.0
238,0.0,0.0,1.2790069939845635e-05,0.12414940820712021,0.031040549569265014
239,0.0,0.003696696599945426,2.5669226518998845e-05,0.024449407707874977,0.007042943383584851
240,0.0,0.0,0.0,0.0,0.0
241,0.0,0.0,7.676064693054266e-06,0.053304046800631964,0.013327930716331255
242,0.00010901759413218638,0.0,0.00011484522302115451,0.03484889462903906,0.008768189361548101
243,0.0,0.0,0.0,0.0,0.0
244,0.0,0.0,0.0,0.0,0.0
245,0.0,0.0,5.821801816360087e-06,0.05137030819761484,0.0128440324998578
246,0.0,0.0,0.0,0.0,0.0
247,0.0,0.0,0.0,0.0,0.0
248,0.0,0.00026554526994004846,4.4773286007373864e-05,0.000820440234056817,0.0002826896975010598
249,0.0,0.0,0.0,0.0,0.0
250,0.0,0.0,0.0,0.0,0.0
251,8.631410168344285e-05,0.0005020283279009163,4.3066597319651664e-05,0.2584409399069267,0.06476808723345767
252,0.0,0.0,9.345508906535186e-05,0.10546547622478142,0.026389732828461694
253,0.0,0.0,0.0,0.0,0.0
254,0.0,0.0,8.844440470906761e-07,0.022618538696602773,0.005654855785162466
255,0.0,5.7423385442234576e-05,0.00020082211015984527,0.043642988176675356,0.010975308418069358
256,1.1129882450050303e-06,0.0,9.06160669272793e-05,0.13868029085859238,0.03469300497844117
257,0.0,0.0,0.0,0.0,0.0
258,0.0,0.0,1.522838721508313e-05,0.01684258279762579,0.004214452796210218
259,4.3760036346837034e-05,0.0005372692248784006,0.00011224915219545062,0.06433370291707663,0.01625674533262433
260,0.0,0.0,2.0014566882082253e-05,0.24304188435563343,0.06076547473062888
261,0.015164727835819479,0.008022485300898552,0.002921620851158345,0.7406688222582364,0.19169441406152818
262,1.3568586652706183e-06,0.0,0.000594238567249489,0.10704823576714706,0.026910957798265456
263,0.00020086617433682775,0.000552457117009908,0.0003559999452732514,0.13887210730278293,0.03499535763485073
264,0.0,0.0,4.05174828813575e-05,0.07545559205335306,0.018874027384058606
265,0.19137087327627553,0.18423666059970856,0.1397377478485254,0.7446342952249481,0.3149948942373644
266,0.00040316099029084933,0.00038933297037146986,0.00011747659159002309,0.11438742681163866,0.02882434934097275
267,0.0,0.0,0.0,0.0,0.0
268,0.0,0.0,0.0,0.0,0.0
269,0.01865509138687139,0.006055147387087345,0.010943605058017792,0.8100581707716312,0.21142800365090195
270,1.8252839042722288e-05,0.0,3.74559129457663e-05,0.072762140344601,0.018204462274147373
271,3.640690428229126e-05,3.7951049307594076e-05,4.45196521078523e-05,0.09033181747732504,0.02261267377075569
272,0.0,0.0,0.0,0.0,0.0
273,7.72862470352511e-06,3.544637365848757e-05,5.056881197067143e-05,0.11994611266237686,0.030009964118177385
274,1.7765012057659152e-05,0.0,0.0008456840899160357,0.064172352887923,0.016258950497474174
275,0.0,6.374745862558484e-05,0.00020968805926514555,0.1456883288869663,0.03649044110121426
276,3.737026279209473e-06,1.995577258639969e-05,3.691367696454428e-06,0.09682620470892726,0.02421339721887233
277,3.137694514950861e-05,0.00015962038014549762,0.00036670610191242556,0.24577781418716593,0.06158387940359334
278,0.0006988440010715541,0.00011591007933020592,9.640124274924615e-05,0.06286896272305119,0.015945029511550548
279,0.018697802365622043,0.011842865496873856,0.016234160004981547,0.10179427914406697,0.0371422767528861
280,0.0,0.0,9.276644145224465e-06,0.17296098658918593,0.043242565808332786
281,0.0,0.0,5.1604890253041165e-06,0.07005239264441546,0.017514388283360192
282,1.1330469692412325e-05,0.0,3.731698395238826e-05,0.06054597194655514,0.015148654850049985
283,0.0002093169690834478,0.0,9.505278769114901e-05,0.23349446794719886,0.05844970942599336
284,8.746717924059256e-05,0.0,2.5767977537464504e-05,0.10896532210328809,0.027269639315016535
285,5.062813499290132e-06,0.0,2.8255589893924633e-06,0.0639850136630384,0.015998225508881768
286,0.33958321974576533,0.35838446021080017,0.08683239741319831,0.18171253888029654,0.2416281540625151
287,1.6306396333798675e-05,0.0,0.0004218671144868557,0.09574660805211427,0.02404619539073373
288,0.0,0.0,1.8259703453206512e-06,0.08177482907398469,0.0204441637610825
289,0.0008495570998412059,0.0019054978620260954,2.829611690683888e-05,0.2946950848330704,0.07436960897796113
290,2.7366175288119443e-05,9.044142643688247e-05,9.864876882939344e-05,0.09106454348339794,0.022820249963488085
291,0.0,0.0,0.0,0.0,0.0
292,0.0,0.0,0.0,0.0,0.0
293,0.0013364797801188075,0.004995696246623993,0.0001393184312509046,0.16151265396088874,0.04199603710472061
294,0.0,0.0,0.0,0.0,0.0
295,0.0,0.0,2.3094283899677746e-05,0.02708649081072577,0.006777396273656362
296,0.0,0.0,0.0,0.0,0.0
297,0.0,0.0,0.00014396202674204554,0.05863810663187855,0.014695517164655149
298,0.0004193294346034643,0.0,0.0004924371644889603,0.27852831806258704,0.06986002116541987
299,1.3408061785463237e-05,0.0004754326946567744,0.00013634281673128847,0.048612535581028654,0.012309429788550545
300,0.000543829381591375,0.0026187258772552013,7.13778741457362e-05,0.059901690627280305,0.015783905940068153
301,0.0005336764375310193,0.0006824490264989436,8.099036042276136e-06,0.14372321604743743,0.036236860136877415
302,0.0,0.0,0.0,0.0,0.0
303,0.0,0.0,6.862696304590069e-07,0.006811694134469038,0.0017030951010248744
304,0.0003340682106717096,0.0009534820565022528,0.00016788101159361072,0.08932602718497697,0.022695364615936135
305,0.0,0.0,0.0,0.0,0.0
306,0.0,0.0,0.0,0.0,0.0
307,7.382553597708741e-05,0.00020023879187647253,2.0615052847776118e-05,0.13388274572489317,0.033544356276398624
308,3.2754940035059754e-05,0.00018846819875761867,4.534501963339057e-05,0.1547727399811508,0.038759827034894216
309,0.0,0.0,2.4466583808517933e-05,0.23885094175261024,0.05971885208410469
310,0.0,0.0,0.0,0.0,0.0
311,0.0,0.0,7.780853201186144e-06,0.11117267695808201,0.0277951144528208
312,0.0,0.0,0.0,0.0,0.0
313,0.0,0.0,0.0,0.0,0.0
314,0.001402580105024454,0.0022016011644154787,4.988116458192776e-05,0.008062986948962556,0.002929262345746104
315,0.0008914493789916782,0.0018107533687725663,3.607269605013358e-05,0.12511871158477544,0.03196424675714746
316,0.0,0.0,0.0,0.0,0.0
317,0.11161090847822898,0.4873424768447876,0.09824382139981361,0.07049319537070452,0.19192260052338367
318,0.0,0.0029843763913959265,8.207071825028322e-05,0.11701782829951848,0.030021068852291173
319,0.01578066860779851,0.13775579631328583,0.02652344930293448,0.09046252954001448,0.06763061094100832
320,0.0,2.0888592189294286e-05,0.00047058824834065634,0.04525941104386478,0.011437721971098682
321,7.63881754596871e-06,5.204433182370849e-05,6.413382580489539e-05,0.13557401317013065,0.03392445753632631
322,7.652072976774921e-06,0.0,0.00012654518972216215,0.047488727141485124,0.011905731101046015
323,5.101381984516614e-06,0.0,8.841660922055238e-05,0.1570784838645931,0.03929300046394955
324,0.0,0.0,4.408696059302194e-05,0.04389275207464744,0.010984209758810115
325,0.0011802145342029702,0.0007728728232905269,0.0005481935198542651,0.18767517129133643,0.04754411304217105
326,0.0,0.0001780379534466192,5.989795873394354e-05,0.09186474411960682,0.023025670007946846
327,0.015151265440730902,0.02090468257665634,0.002852365563074347,0.12903042393080727,0.041984684377817216
328,0.0002654593768455669,0.0010029872646555305,0.0013769096272597053,0.06665493633064343,0.01732507314985106
329,0.0,0.0001386503136018291,0.0001450750595794195,0.043067054950034704,0.010837695080803988
330,7.02585435208764e-05,0.00011535231169546023,0.0005104514175467257,0.1512108759281146,0.03797673455021942
331,4.5723028111055505e-05,0.00010020623449236155,1.899192407502723e-05,0.03837685204794027,0.009635443308654679
332,8.30437253099002e-05,0.0002554903912823647,7.665513334806828e-05,0.0709631149725233,0.01784457605561591
333,6.0386911509544216e-05,0.00028053304413333535,0.0008751683041029945,0.06629130349378874,0.016876847938383652
334,4.496475640779655e-06,0.0,5.9399985858159e-05,0.19939026580536914,0.04986354056671702
335,3.7898335688507856e-05,7.190330507000908e-05,2.6962287672504728e-05,0.12452114232998719,0.031164476564604554
336,1.3866542670883298e-05,0.0,0.0001288768655393502,0.08217727666846911,0.020580005019169834
337,0.0008643898130663097,0.0028931163251399994,0.0004277503906193501,0.08306851963375485,0.021813444040645127
338,0.0,0.0,2.5958114114404833e-05,0.06502150010781346,0.016261864555481967
339,0.0003950642755567696,0.0,3.354490307034269e-05,0.07298274696682026,0.018352839036361843
340,5.429194841194457e-06,0.0,8.109199237895784e-06,0.09740965322447653,0.024355797904638907
341,2.7145974205972283e-06,0.0,1.2881772198681635e-05,0.09046371058424159,0.022619826738465215
342,3.3539736638637553e-06,0.00016911524289753288,4.1323418174270524e-05,0.1188293789318844,0.02976079289165502
343,0.0,0.0,2.4067958968021892e-05,0.07773298263140488,0.019439262647593224
344,4.117248115119359e-05,0.0,0.0005720582576745032,0.032971889493528916,0.008396280058088653
345,1.6284944799637846e-05,0.0,3.5401352960982865e-05,0.08291845620364925,0.020742535625352467
346,6.360347875128248e-05,0.00022793604875914752,0.000801997502681202,0.057552465642845954,0.014661500668259397
347,6.812692979849642e-05,0.00019560311920940876,5.4597884096470735e-05,0.10461101746166734,0.02623233634869293
348,0.0,0.0,0.0,0.0,0.0
349,5.4887517271866066e-05,0.00023176752438303083,6.643216042623088e-05,0.12468635664692536,0.03125986096225162
350,0.0,0.0,0.0,0.0,0.0
351,2.596866796103907e-05,2.866817703761626e-05,0.000209487152107657,0.17546652699642068,0.04393266274838175
352,0.00011544873670993412,0.00013900353224016726,1.286032635148329e-05,0.17976008119776318,0.04500684844826619
