,feature,xgb,mean,true_position,TMD,amino_acid
0,1_H1,8.636627899250016e-05,8.636627899250016e-05,1,CT/EC,M
1,2_P2,2.4375010980293155e-05,2.4375010980293155e-05,2,CT/EC,N
2,2_SCT,4.794361302629113e-05,4.794361302629113e-05,2,CT/EC,N
3,3_H1,7.268048648256809e-05,7.268048648256809e-05,3,N-Termina,G
4,3_P2,0.0002478441747371,0.0002478441747371,3,N-Termina,G
5,3_SCT,0.0001626847224542,0.0001626847224542,3,N-Termina,G
6,4_P2,0.0003207437403034,0.0003207437403034,4,N-Termina,T
7,4_SCT,0.0,0.0,4,N-Termina,T
8,4_H1,0.0001473513548262,0.0001473513548262,4,N-Termina,T
9,5_H1,0.0003062704054173,0.0003062704054173,5,N-Termina,E
10,6_H1,0.0006629878189414,0.0006629878189414,6,N-Termina,G
11,6_P2,0.0005074159707874,0.0005074159707874,6,N-Termina,G
12,6_SCT,4.680447818827816e-05,4.680447818827816e-05,6,N-Termina,G
13,7_SCT,0.0,0.0,7,N-Termina,P
14,7_H1,2.498984213161748e-05,2.498984213161748e-05,7,N-Termina,P
15,7_P2,8.825763507047668e-05,8.825763507047668e-05,7,N-Termina,P
16,8_SCT,0.0,0.0,8,N-Termina,N
17,8_H1,0.0001335996785201,0.0001335996785201,8,N-Termina,N
18,8_P2,9.367931852466428e-06,9.367931852466428e-06,8,N-Termina,N
19,9_H1,0.0,0.0,9,N-Termina,F
20,9_P2,0.0002652728289831,0.0002652728289831,9,N-Termina,F
21,9_SCT,8.398624777328223e-05,8.398624777328223e-05,9,N-Termina,F
22,10_H1,0.0,0.0,10,N-Termina,Y
23,10_P2,0.0,0.0,10,N-Termina,Y
24,10_SCT,0.0,0.0,10,N-Termina,Y
25,11_H1,2.96870475722244e-05,2.96870475722244e-05,11,N-Termina,V
26,11_P2,0.0,0.0,11,N-Termina,V
27,12_H1,1.2597092791111208e-05,1.2597092791111208e-05,13,N-Termina,F
28,12_P2,5.029135354561731e-05,5.029135354561731e-05,13,N-Termina,F
29,12_SCT,0.0,0.0,13,N-Termina,F
30,13_SCT,8.465362770948559e-05,8.465362770948559e-05,14,N-Termina,S
31,13_H1,0.0002042601408902,0.0002042601408902,14,N-Termina,S
32,13_P2,2.7530522856977768e-05,2.7530522856977768e-05,14,N-Termina,S
33,15_SCT,8.995150892587844e-06,8.995150892587844e-06,16,N-Termina,K
34,15_P2,8.096269448287785e-05,8.096269448287785e-05,16,N-Termina,K
35,15_H1,3.639907663455233e-05,3.639907663455233e-05,16,N-Termina,K
36,16_H1,6.486587517429143e-05,6.486587517429143e-05,17,N-Termina,T
37,16_P2,0.000298060971545,0.000298060971545,17,N-Termina,T
38,16_SCT,0.0,0.0,17,N-Termina,T
39,17_H1,5.346845864551142e-05,5.346845864551142e-05,18,N-Termina,G
40,17_P2,7.774061668897048e-05,7.774061668897048e-05,18,N-Termina,G
41,17_SCT,0.0,0.0,18,N-Termina,G
42,18_H1,0.0,0.0,19,N-Termina,V
43,18_SCT,0.0,0.0,19,N-Termina,V
44,19_H1,9.384176519233732e-05,9.384176519233732e-05,20,N-Termina,V
45,19_P2,0.0,0.0,20,N-Termina,V
46,19_SCT,0.0,0.0,20,N-Termina,V
47,20_H1,0.0002310347772436,0.0002310347772436,21,N-Termina,R
48,20_P2,5.373373642214574e-05,5.373373642214574e-05,21,N-Termina,R
49,20_SCT,0.0,0.0,21,N-Termina,R
50,21_SCT,0.0,0.0,22,N-Termina,S
51,21_P2,0.0,0.0,22,N-Termina,S
52,21_H1,1.7188967831316404e-05,1.7188967831316404e-05,22,N-Termina,S
53,22_H1,0.0001402701018378,0.0001402701018378,23,N-Termina,P
54,22_P2,7.769185322104022e-05,7.769185322104022e-05,23,N-Termina,P
55,22_SCT,0.0,0.0,23,N-Termina,P
56,23_P2,0.0,0.0,24,N-Termina,F
57,23_SCT,0.0,0.0,24,N-Termina,F
58,24_P2,0.0004006800591014,0.0004006800591014,25,N-Termina,E
59,24_SCT,0.0,0.0,25,N-Termina,E
60,25_SCT,0.124155007302761,0.124155007302761,26,N-Termina,A
61,25_P2,3.29189861076884e-05,3.29189861076884e-05,26,N-Termina,A
62,26_H1,2.092040995194111e-05,2.092040995194111e-05,27,N-Termina,P
63,26_P2,0.0,0.0,27,N-Termina,P
64,26_SCT,0.0,0.0,27,N-Termina,P
65,27_H1,4.753419852931984e-05,4.753419852931984e-05,28,N-Termina,Q
66,27_P2,0.0,0.0,28,N-Termina,Q
67,28_H1,5.765795503975824e-05,5.765795503975824e-05,29,N-Termina,Y
68,29_P2,4.445621743798256e-05,4.445621743798256e-05,30,N-Termina,Y
69,29_SCT,0.0078317709267139,0.0078317709267139,30,N-Termina,Y
70,29_H1,0.0078317709267139,0.0078317709267139,30,N-Termina,Y
71,30_P2,0.0,0.0,31,N-Termina,L
72,30_SCT,0.0,0.0,31,N-Termina,L
73,30_H1,7.842842933314387e-06,7.842842933314387e-06,31,N-Termina,L
74,31_P2,0.0,0.0,32,N-Termina,A
75,31_SCT,0.0,0.0,32,N-Termina,A
76,31_H1,0.0011163911549374,0.0011163911549374,32,N-Termina,A
77,32_H1,1.6078533008112572e-05,1.6078533008112572e-05,33,N-Termina,E
78,32_P2,4.007420648122206e-05,4.007420648122206e-05,33,N-Termina,E
79,32_SCT,0.0,0.0,33,N-Termina,E
80,33_P2,7.890131382737309e-05,7.890131382737309e-05,34,N-Termina,P
81,33_H1,0.0002296947495779,0.0002296947495779,34,N-Termina,P
82,33_SCT,1.7254440535907634e-05,1.7254440535907634e-05,34,N-Termina,P
83,34_H1,1.404822523909388e-05,1.404822523909388e-05,35,N-Termina,W
84,34_P2,1.966316403922974e-06,1.966316403922974e-06,35,N-Termina,W
85,35_H1,3.613715671235696e-05,3.613715671235696e-05,36,N-Termina,Q
86,35_P2,2.956777098006569e-05,2.956777098006569e-05,36,N-Termina,Q
87,35_SCT,0.0,0.0,36,N-Termina,Q
88,36_H1,5.1029845053562894e-05,5.1029845053562894e-05,37,1,F
89,36_SCT,0.0021646060049533,0.0021646060049533,37,1,F
90,37_P2,0.0001803783961804,0.0001803783961804,38,1,S
91,37_SCT,0.0006243380485102,0.0006243380485102,38,1,S
92,38_H1,0.0001505415566498,0.0001505415566498,39,1,M
93,38_P2,3.974997525801882e-05,3.974997525801882e-05,39,1,M
94,38_SCT,0.0,0.0,39,1,M
95,39_H1,0.0001566117134643,0.0001566117134643,40,1,L
96,39_P2,0.0,0.0,40,1,L
97,39_SCT,0.0,0.0,40,1,L
98,40_P2,0.0,0.0,41,1,A
99,40_H1,0.0,0.0,41,1,A
100,40_SCT,0.0,0.0,41,1,A
101,41_P2,3.310994361527264e-05,3.310994361527264e-05,42,1,A
102,41_H1,0.0001620696566533,0.0001620696566533,42,1,A
103,41_SCT,4.58417198387906e-05,4.58417198387906e-05,42,1,A
104,42_SCT,0.0,0.0,43,1,Y
105,42_H1,0.000626518682111,0.000626518682111,43,1,Y
106,42_P2,0.0,0.0,43,1,Y
107,43_H1,0.000210335914744,0.000210335914744,44,1,M
108,43_P2,0.0,0.0,44,1,M
109,43_SCT,0.0,0.0,44,1,M
110,44_P2,0.0002480210969224,0.0002480210969224,45,1,F
111,44_SCT,0.0,0.0,45,1,F
112,44_H1,0.0004906920948997,0.0004906920948997,45,1,F
113,45_H1,0.0001447904505766,0.0001447904505766,46,1,L
114,45_SCT,0.0,0.0,46,1,L
115,46_P2,2.9025775802438147e-05,2.9025775802438147e-05,47,1,L
116,47_P2,1.0,1.0,48,1,I
117,47_H1,3.746864967979491e-05,3.746864967979491e-05,48,1,I
118,47_SCT,4.0542254282627255e-05,4.0542254282627255e-05,48,1,I
119,48_P2,5.615476402454078e-05,5.615476402454078e-05,49,1,M
120,48_H1,0.000430030922871,0.000430030922871,49,1,M
121,48_SCT,0.0002904024149756,0.0002904024149756,49,1,M
122,49_SCT,0.0,0.0,50,1,L
123,49_P2,5.106220851303078e-05,5.106220851303078e-05,50,1,L
124,49_H1,7.256567187141627e-06,7.256567187141627e-06,50,1,L
125,50_H1,0.0,0.0,51,1,G
126,50_P2,0.0,0.0,51,1,G
127,50_SCT,0.0,0.0,51,1,G
128,51_H1,0.0001260659628314,0.0001260659628314,52,1,F
129,51_P2,0.0001212209972436,0.0001212209972436,52,1,F
130,51_SCT,0.0011011769529432,0.0011011769529432,52,1,F
131,52_H1,0.0,0.0,53,1,P
132,52_P2,0.0003738658851943,0.0003738658851943,53,1,P
133,52_SCT,0.0,0.0,53,1,P
134,53_H1,0.0,0.0,54,1,I
135,53_P2,0.0001142253386205,0.0001142253386205,54,1,I
136,53_SCT,0.0,0.0,54,1,I
137,55_SCT,0.0,0.0,56,1,F
138,55_P2,0.0,0.0,56,1,F
139,55_H1,0.0,0.0,56,1,F
140,56_H1,0.0001055648535839,0.0001055648535839,57,1,L
141,56_P2,0.0004309559299144,0.0004309559299144,57,1,L
142,56_SCT,0.0,0.0,57,1,L
143,57_H1,0.0,0.0,58,1,T
144,57_SCT,0.0,0.0,58,1,T
145,57_P2,0.0,0.0,58,1,T
146,59_P2,7.632320921402425e-05,7.632320921402425e-05,60,1,Y
147,59_SCT,0.0,0.0,60,1,Y
148,59_H1,0.0,0.0,60,1,Y
149,60_H1,0.0,0.0,61,1,V
150,60_P2,0.0,0.0,61,1,V
151,60_SCT,0.0,0.0,61,1,V
152,61_H1,0.0,0.0,62,CT/EC,T
153,61_SCT,0.0,0.0,62,CT/EC,T
154,61_P2,0.0,0.0,62,CT/EC,T
155,62_H1,0.0005662261391989,0.0005662261391989,63,CT/EC,V
156,63_SCT,8.153513590514194e-06,8.153513590514194e-06,64,CT/EC,Q
157,63_H1,4.944787724525668e-05,4.944787724525668e-05,64,CT/EC,Q
158,63_P2,0.0,0.0,64,CT/EC,Q
159,64_SCT,0.0,0.0,65,CT/EC,H
160,64_P2,0.0,0.0,65,CT/EC,H
161,65_H1,0.0,0.0,66,CT/EC,K
162,65_SCT,0.0,0.0,66,CT/EC,K
163,66_H1,0.0,0.0,67,CT/EC,K
164,66_P2,0.0,0.0,67,CT/EC,K
165,66_SCT,0.0,0.0,67,CT/EC,K
166,67_H1,0.0,0.0,68,CT/EC,L
167,68_SCT,0.0,0.0,69,CT/EC,R
168,68_H1,0.0003741856780834,0.0003741856780834,69,CT/EC,R
169,69_SCT,0.0,0.0,70,CT/EC,T
170,69_H1,0.0001704322930891,0.0001704322930891,70,CT/EC,T
171,70_P2,0.0,0.0,71,CT/EC,P
172,70_H1,2.0327883248683065e-05,2.0327883248683065e-05,71,CT/EC,P
173,70_SCT,0.0,0.0,71,CT/EC,P
174,71_SCT,0.0,0.0,72,CT/EC,L
175,71_P2,0.0,0.0,72,CT/EC,L
176,71_H1,0.0,0.0,72,CT/EC,L
177,72_H1,0.0,0.0,73,CT/EC,N
178,72_SCT,0.0,0.0,73,CT/EC,N
179,72_P2,0.0,0.0,73,CT/EC,N
180,73_SCT,0.0,0.0,74,2,Y
181,73_P2,0.0,0.0,74,2,Y
182,73_H1,0.0,0.0,74,2,Y
183,74_H1,0.0,0.0,75,2,I
184,75_H1,0.0,0.0,76,2,L
185,75_P2,0.0,0.0,76,2,L
186,76_P2,1.4785413441131824e-05,1.4785413441131824e-05,77,2,L
187,78_P2,4.066223482368514e-05,4.066223482368514e-05,79,2,L
188,78_H1,0.0,0.0,79,2,L
189,79_SCT,0.0,0.0,80,2,A
190,79_P2,0.0001656252716202,0.0001656252716202,80,2,A
191,79_H1,4.996223651687615e-05,4.996223651687615e-05,80,2,A
192,80_P2,0.0,0.0,81,2,V
193,80_H1,4.934968455927447e-05,4.934968455927447e-05,81,2,V
194,80_SCT,0.0,0.0,81,2,V
195,81_H1,0.0,0.0,82,2,A
196,81_SCT,0.0,0.0,82,2,A
197,81_P2,0.0009514815756119,0.0009514815756119,82,2,A
198,82_SCT,0.0,0.0,83,2,D
199,82_H1,8.169074862962589e-05,8.169074862962589e-05,83,2,D
200,82_P2,0.0001689901982899,0.0001689901982899,83,2,D
201,83_P2,0.0001722858432913,0.0001722858432913,84,2,L
202,83_H1,0.0003434943209867,0.0003434943209867,84,2,L
203,83_SCT,0.0,0.0,84,2,L
204,84_P2,0.0002988443011417,0.0002988443011417,85,2,F
205,84_H1,0.0007391277467831,0.0007391277467831,85,2,F
206,84_SCT,0.0009183261427097,0.0009183261427097,85,2,F
207,85_SCT,0.0038772069383412,0.0038772069383412,86,2,M
208,85_H1,0.0016201812541112,0.0016201812541112,86,2,M
209,85_P2,0.0012654977617785,0.0012654977617785,86,2,M
210,86_H1,0.0005698537570424,0.0005698537570424,87,2,V
211,86_P2,0.0,0.0,87,2,V
212,86_SCT,0.004638198763132,0.004638198763132,87,2,V
213,87_H1,4.187552258372307e-05,4.187552258372307e-05,88,2,F
214,87_SCT,2.6600522687658668e-05,2.6600522687658668e-05,88,2,F
215,88_H1,0.0005087277386337,0.0005087277386337,89,2,G
216,88_P2,0.0025085795205086,0.0025085795205086,89,2,G
217,88_SCT,0.0,0.0,89,2,G
218,89_H1,0.0041846767999231,0.0041846767999231,90,2,G
219,90_P2,3.355506851221435e-05,3.355506851221435e-05,91,2,F
220,90_H1,4.056149919051677e-05,4.056149919051677e-05,91,2,F
221,91_SCT,0.0,0.0,92,2,T
222,91_P2,0.0,0.0,92,2,T
223,91_H1,0.0,0.0,92,2,T
224,92_SCT,0.0003731143951881,0.0003731143951881,93,2,T
225,92_P2,0.0009963777847588,0.0009963777847588,93,2,T
226,92_H1,0.00011769572302,0.00011769572302,93,2,T
227,93_P2,0.0025276753585785,0.0025276753585785,94,2,T
228,93_H1,0.0032478461507707,0.0032478461507707,94,2,T
229,93_SCT,0.0010268514743074,0.0010268514743074,94,2,T
230,94_H1,8.152906957548112e-05,8.152906957548112e-05,95,2,L
231,94_P2,0.0,0.0,95,2,L
232,94_SCT,2.625246088427957e-05,2.625246088427957e-05,95,2,L
233,95_P2,0.0009203942026942,0.0009203942026942,96,CT/EC,Y
234,95_SCT,0.0,0.0,96,CT/EC,Y
235,95_H1,0.0001732320961309,0.0001732320961309,96,CT/EC,Y
236,96_SCT,0.0002463416312821,0.0002463416312821,97,CT/EC,T
237,96_P2,0.0001865846425062,0.0001865846425062,97,CT/EC,T
238,96_H1,0.0001795206335373,0.0001795206335373,97,CT/EC,T
239,97_P2,0.0007968524005264,0.0007968524005264,98,CT/EC,S
240,97_H1,7.178972737165168e-05,7.178972737165168e-05,98,CT/EC,S
241,98_H1,8.394014912482817e-06,8.394014912482817e-06,99,CT/EC,L
242,98_SCT,0.0,0.0,99,CT/EC,L
243,98_P2,1.1264532986388076e-05,1.1264532986388076e-05,99,CT/EC,L
244,99_P2,0.0003005572652909,0.0003005572652909,100,CT/EC,H
245,99_H1,0.00039994661347,0.00039994661347,100,CT/EC,H
246,99_SCT,0.0,0.0,100,CT/EC,H
247,100_SCT,0.0,0.0,101,CT/EC,G
248,101_H1,0.0,0.0,102,CT/EC,Y
249,101_P2,0.0,0.0,102,CT/EC,Y
250,101_SCT,0.0,0.0,102,CT/EC,Y
251,102_P2,0.0284358486533164,0.0284358486533164,103,CT/EC,F
252,102_SCT,0.0,0.0,103,CT/EC,F
253,103_P2,4.339822771726176e-05,4.339822771726176e-05,104,CT/EC,V
254,103_SCT,0.0,0.0,104,CT/EC,V
255,103_H1,0.0054123634472489,0.0054123634472489,104,CT/EC,V
256,104_P2,1.7359992853016593e-05,1.7359992853016593e-05,105,CT/EC,F
257,104_SCT,1.1058650670747738e-05,1.1058650670747738e-05,105,CT/EC,F
258,104_H1,0.0001313767133979,0.0001313767133979,105,CT/EC,F
259,106_P2,9.5477216746076e-06,9.5477216746076e-06,107,CT/EC,P
260,106_H1,0.0001677855761954,0.0001677855761954,107,CT/EC,P
261,106_SCT,0.0010007123928517,0.0010007123928517,107,CT/EC,P
262,107_SCT,0.0,0.0,108,CT/EC,T
263,107_P2,0.0001231468340847,0.0001231468340847,108,CT/EC,T
264,107_H1,0.0002681319310795,0.0002681319310795,108,CT/EC,T
265,108_SCT,0.0,0.0,109,CT/EC,G
266,108_H1,0.0010559513466432,0.0010559513466432,109,CT/EC,G
267,109_SCT,0.0,0.0,110,CT/EC,C
268,109_P2,0.0,0.0,110,CT/EC,C
269,109_H1,8.869171870173886e-05,8.869171870173886e-05,110,CT/EC,C
270,110_P2,8.435671770712361e-05,8.435671770712361e-05,111,3,N
271,111_P2,0.0003518110606819,0.0003518110606819,112,3,L
272,111_H1,0.0001167790032923,0.0001167790032923,112,3,L
273,112_SCT,0.0004755762929562,0.0004755762929562,113,3,E
274,112_P2,0.0002856023202184,0.0002856023202184,113,3,E
275,113_P2,1.154477104137186e-05,1.154477104137186e-05,114,3,G
276,113_H1,0.0004638235550373,0.0004638235550373,114,3,G
277,113_SCT,0.0001233319926541,0.0001233319926541,114,3,G
278,114_H1,0.0013414721470326,0.0013414721470326,115,3,F
279,115_H1,0.0002681516634766,0.0002681516634766,116,3,F
280,115_P2,0.0004873690486419,0.0004873690486419,116,3,F
281,116_SCT,0.0,0.0,117,3,A
282,116_P2,0.0001479810889577,0.0001479810889577,117,3,A
283,116_H1,0.00018739765801,0.00018739765801,117,3,A
284,117_SCT,3.633030064520426e-05,3.633030064520426e-05,118,3,T
285,117_P2,0.0003181257052347,0.0003181257052347,118,3,T
286,117_H1,0.0001719607826089,0.0001719607826089,118,3,T
287,118_P2,0.0003324048884678,0.0003324048884678,119,3,L
288,119_P2,0.000746130128391,0.000746130128391,120,3,G
289,119_SCT,0.0,0.0,120,3,G
290,119_H1,4.868395626544952e-05,4.868395626544952e-05,120,3,G
291,121_H1,0.0004342287720646,0.0004342287720646,122,3,E
292,121_SCT,0.0001180917824967,0.0001180917824967,122,3,E
293,121_P2,0.0002449138555675,0.0002449138555675,122,3,E
294,122_SCT,0.0,0.0,123,3,I
295,122_H1,1.1628522997852997e-06,1.1628522997852997e-06,123,3,I
296,123_P2,0.0,0.0,124,3,A
297,123_H1,0.0002683417696971,0.0002683417696971,124,3,A
298,124_H1,0.0,0.0,125,3,L
299,124_P2,0.0,0.0,125,3,L
300,124_SCT,0.0,0.0,125,3,L
301,126_P2,4.2063147702720016e-05,4.2063147702720016e-05,127,3,S
302,126_H1,3.656207627500408e-05,3.656207627500408e-05,127,3,S
303,126_SCT,0.0,0.0,127,3,S
304,127_SCT,0.0,0.0,128,3,L
305,127_P2,0.0,0.0,128,3,L
306,128_SCT,0.0,0.0,129,3,V
307,128_P2,0.0127223655581474,0.0127223655581474,129,3,V
308,128_H1,0.0,0.0,129,3,V
309,129_SCT,0.0,0.0,130,3,V
310,129_P2,4.84093925479101e-06,4.84093925479101e-06,130,3,V
311,130_P2,0.0,0.0,131,3,L
312,130_H1,0.0,0.0,131,3,L
313,131_SCT,0.0,0.0,132,3,A
314,131_P2,0.0,0.0,132,3,A
315,131_H1,0.0,0.0,132,3,A
316,132_SCT,0.0,0.0,133,CT/EC,I
317,132_H1,1.646020609769039e-05,1.646020609769039e-05,133,CT/EC,I
318,133_P2,0.0,0.0,134,CT/EC,E
319,134_P2,0.0,0.0,135,CT/EC,R
320,134_H1,1.3141928320692386e-05,1.3141928320692386e-05,135,CT/EC,R
321,135_H1,0.0,0.0,136,CT/EC,Y
322,135_P2,0.0,0.0,136,CT/EC,Y
323,136_H1,0.0,0.0,137,CT/EC,V
324,136_P2,2.6269392037647776e-05,2.6269392037647776e-05,137,CT/EC,V
325,137_SCT,0.0,0.0,138,CT/EC,V
326,137_H1,0.0,0.0,138,CT/EC,V
327,138_SCT,0.0,0.0,139,CT/EC,V
328,138_H1,0.0,0.0,139,CT/EC,V
329,138_P2,0.0,0.0,139,CT/EC,V
330,139_H1,0.0,0.0,140,CT/EC,C
331,139_P2,0.0,0.0,140,CT/EC,C
332,139_SCT,0.0,0.0,140,CT/EC,C
333,140_P2,0.0,0.0,141,CT/EC,K
334,141_P2,0.0,0.0,142,CT/EC,P
335,141_H1,0.0,0.0,142,CT/EC,P
336,141_SCT,0.0,0.0,142,CT/EC,P
337,142_H1,0.0,0.0,143,CT/EC,M
338,142_SCT,0.0,0.0,143,CT/EC,M
339,142_P2,0.0,0.0,143,CT/EC,M
340,143_H1,0.0,0.0,144,CT/EC,S
341,143_SCT,0.0,0.0,144,CT/EC,S
342,143_P2,0.001084876130335,0.001084876130335,144,CT/EC,S
343,144_SCT,0.0,0.0,145,CT/EC,N
344,145_SCT,0.0,0.0,146,CT/EC,F
345,145_H1,0.0,0.0,146,CT/EC,F
346,145_P2,0.0,0.0,146,CT/EC,F
347,146_H1,0.0,0.0,147,CT/EC,R
348,147_SCT,0.0,0.0,148,CT/EC,F
349,147_P2,0.0,0.0,148,CT/EC,F
350,147_H1,0.0,0.0,148,CT/EC,F
351,148_SCT,0.0,0.0,149,CT/EC,G
352,148_H1,0.0,0.0,149,CT/EC,G
353,148_P2,0.0,0.0,149,CT/EC,G
354,149_H1,0.0001409482065355,0.0001409482065355,150,CT/EC,E
355,149_P2,1.3254634723125491e-05,1.3254634723125491e-05,150,CT/EC,E
356,149_SCT,8.423681720159948e-05,8.423681720159948e-05,150,CT/EC,E
357,150_SCT,0.0,0.0,151,CT/EC,N
358,150_P2,0.0001471413124818,0.0001471413124818,151,CT/EC,N
359,150_H1,1.3138136637280697e-05,1.3138136637280697e-05,151,CT/EC,N
360,151_P2,0.0,0.0,152,CT/EC,H
361,151_H1,0.0,0.0,152,CT/EC,H
362,151_SCT,0.0,0.0,152,CT/EC,H
363,153_SCT,4.976059699401958e-06,4.976059699401958e-06,154,4,I
364,153_H1,0.0015526802744716,0.0015526802744716,154,4,I
365,154_P2,0.0008477774681523,0.0008477774681523,155,4,M
366,154_H1,0.0,0.0,155,4,M
367,155_SCT,0.0,0.0,156,4,G
368,155_P2,0.0,0.0,156,4,G
369,155_H1,0.0,0.0,156,4,G
370,156_H1,0.0,0.0,157,4,V
371,156_SCT,0.0,0.0,157,4,V
372,156_P2,0.0,0.0,157,4,V
373,157_P2,2.3732301997370087e-05,2.3732301997370087e-05,158,4,A
374,157_SCT,0.0,0.0,158,4,A
375,157_H1,0.0001582170807523,0.0001582170807523,158,4,A
376,158_H1,6.575162842636928e-05,6.575162842636928e-05,159,4,F
377,158_P2,6.940507591934875e-05,6.940507591934875e-05,159,4,F
378,158_SCT,0.0,0.0,159,4,F
379,159_H1,0.0,0.0,160,4,T
380,159_P2,2.0168081391602755e-05,2.0168081391602755e-05,160,4,T
381,159_SCT,0.0,0.0,160,4,T
382,161_H1,7.034836016828194e-05,7.034836016828194e-05,162,4,V
383,161_P2,0.0003895614354405,0.0003895614354405,162,4,V
384,161_SCT,0.0,0.0,162,4,V
385,162_H1,0.0,0.0,163,4,M
386,162_P2,0.0,0.0,163,4,M
387,162_SCT,0.0,0.0,163,4,M
388,163_H1,0.0002845734416041,0.0002845734416041,164,4,A
389,163_P2,6.59719153190963e-05,6.59719153190963e-05,164,4,A
390,163_SCT,0.0005021899123676,0.0005021899123676,164,4,A
391,164_P2,0.0003261634265072,0.0003261634265072,165,4,L
392,164_H1,0.0001697247498668,0.0001697247498668,165,4,L
393,165_SCT,0.0,0.0,166,4,A
394,165_P2,2.6268138753948733e-05,2.6268138753948733e-05,166,4,A
395,165_H1,6.786364247091115e-05,6.786364247091115e-05,166,4,A
396,166_SCT,0.0,0.0,167,4,C
397,166_H1,0.0,0.0,167,4,C
398,166_P2,0.0,0.0,167,4,C
399,167_SCT,0.0,0.0,168,4,A
400,167_H1,0.0,0.0,168,4,A
401,167_P2,0.0010419011814519,0.0010419011814519,168,4,A
402,168_P2,0.0004739351861644,0.0004739351861644,169,4,A
403,168_H1,0.0002040526887867,0.0002040526887867,169,4,A
404,169_P2,0.0,0.0,170,4,P
405,169_SCT,0.0,0.0,170,4,P
406,169_H1,0.0,0.0,170,4,P
407,170_H1,0.0,0.0,171,4,P
408,170_P2,0.0,0.0,171,4,P
409,170_SCT,0.0,0.0,171,4,P
410,171_SCT,0.0,0.0,172,4,L
411,171_P2,9.30154710658826e-05,9.30154710658826e-05,172,4,L
412,172_P2,0.0,0.0,173,4,V
413,172_SCT,0.0,0.0,173,4,V
414,173_H1,0.000209720004932,0.000209720004932,174,CT/EC,G
415,173_P2,0.0,0.0,174,CT/EC,G
416,173_SCT,0.0,0.0,174,CT/EC,G
417,175_H1,0.0005276518641039,0.0005276518641039,176,CT/EC,S
418,175_P2,0.0001444076042389,0.0001444076042389,176,CT/EC,S
419,175_SCT,0.0,0.0,176,CT/EC,S
420,176_P2,0.0,0.0,177,CT/EC,R
421,177_H1,0.0002224742929683,0.0002224742929683,178,CT/EC,Y
422,177_P2,0.0002224742929683,0.0002224742929683,178,CT/EC,Y
423,178_SCT,0.0,0.0,179,CT/EC,I
424,178_H1,0.000188837191672,0.000188837191672,179,CT/EC,I
425,178_P2,0.0,0.0,179,CT/EC,I
426,179_H1,0.0,0.0,180,CT/EC,P
427,179_SCT,0.0,0.0,180,CT/EC,P
428,180_SCT,0.0001664244191488,0.0001664244191488,181,CT/EC,E
429,180_P2,5.20048852195032e-05,5.20048852195032e-05,181,CT/EC,E
430,180_H1,0.000591084419284,0.000591084419284,181,CT/EC,E
431,181_P2,0.0,0.0,182,CT/EC,G
432,181_H1,0.0,0.0,182,CT/EC,G
433,181_SCT,0.0,0.0,182,CT/EC,G
434,182_H1,0.0003013038949575,0.0003013038949575,183,CT/EC,M
435,182_SCT,0.0,0.0,183,CT/EC,M
436,183_H1,8.649514711578377e-06,8.649514711578377e-06,184,CT/EC,Q
437,183_P2,0.3736771941184997,0.3736771941184997,184,CT/EC,Q
438,183_SCT,0.0,0.0,184,CT/EC,Q
439,184_H1,0.0,0.0,185,CT/EC,C
440,184_P2,1.3580258382717147e-05,1.3580258382717147e-05,185,CT/EC,C
441,184_SCT,1.0093322998727672e-05,1.0093322998727672e-05,185,CT/EC,C
442,185_H1,0.0001131487297243,0.0001131487297243,186,CT/EC,S
443,185_SCT,2.526351272535976e-05,2.526351272535976e-05,186,CT/EC,S
444,188_H1,0.0,0.0,189,CT/EC,I
445,188_SCT,0.0,0.0,189,CT/EC,I
446,189_SCT,0.0,0.0,190,CT/EC,D
447,189_P2,0.0,0.0,190,CT/EC,D
448,190_SCT,0.0,0.0,191,CT/EC,Y
449,190_H1,3.034775727428496e-05,3.034775727428496e-05,191,CT/EC,Y
450,190_P2,0.0,0.0,191,CT/EC,Y
451,191_H1,0.0,0.0,192,CT/EC,Y
452,191_P2,0.0,0.0,192,CT/EC,Y
453,191_SCT,0.0,0.0,192,CT/EC,Y
454,192_H1,0.0015226517571136,0.0015226517571136,193,CT/EC,T
455,192_P2,0.0026183242443948,0.0026183242443948,193,CT/EC,T
456,192_SCT,0.0,0.0,193,CT/EC,T
457,193_H1,0.0,0.0,194,CT/EC,P
458,193_SCT,2.6328551030019295e-05,2.6328551030019295e-05,194,CT/EC,P
459,193_P2,0.0001482280931668,0.0001482280931668,194,CT/EC,P
460,194_H1,8.254480235336814e-06,8.254480235336814e-06,195,CT/EC,H
461,194_P2,2.157415656256489e-05,2.157415656256489e-05,195,CT/EC,H
462,194_SCT,0.0,0.0,195,CT/EC,H
463,195_H1,0.0,0.0,196,CT/EC,E
464,195_P2,0.0066033215261995,0.0066033215261995,196,CT/EC,E
465,195_SCT,0.0,0.0,196,CT/EC,E
466,196_P2,0.0,0.0,197,CT/EC,E
467,196_H1,8.613433237769641e-06,8.613433237769641e-06,197,CT/EC,E
468,196_SCT,0.0,0.0,197,CT/EC,E
469,197_H1,1.866901948233135e-05,1.866901948233135e-05,198,CT/EC,T
470,197_P2,0.0006739988457411,0.0006739988457411,198,CT/EC,T
471,197_SCT,0.0,0.0,198,CT/EC,T
472,198_H1,0.0919294208288192,0.0919294208288192,199,CT/EC,N
473,198_P2,1.3647659216076136e-05,1.3647659216076136e-05,199,CT/EC,N
474,198_SCT,0.0,0.0,199,CT/EC,N
475,199_P2,0.0,0.0,200,CT/EC,N
476,199_SCT,0.0,0.0,200,CT/EC,N
477,199_H1,0.0,0.0,200,CT/EC,N
478,200_H1,0.0002199421724071,0.0002199421724071,201,CT/EC,E
479,200_P2,0.0,0.0,201,CT/EC,E
480,200_SCT,0.0,0.0,201,CT/EC,E
481,201_SCT,4.973763498128392e-05,4.973763498128392e-05,202,CT/EC,S
482,201_H1,0.0003255922347307,0.0003255922347307,202,CT/EC,S
483,201_P2,0.0,0.0,202,CT/EC,S
484,202_P2,0.0,0.0,203,5,F
485,202_H1,0.0,0.0,203,5,F
486,203_H1,9.692459570942448e-06,9.692459570942448e-06,204,5,V
487,203_P2,8.627456554677337e-05,8.627456554677337e-05,204,5,V
488,203_SCT,0.0,0.0,204,5,V
489,204_SCT,0.0,0.0,205,5,I
490,204_P2,1.5647711961719324e-06,1.5647711961719324e-06,205,5,I
491,204_H1,0.0053343065083026,0.0053343065083026,205,5,I
492,205_H1,7.581410318380222e-05,7.581410318380222e-05,206,5,Y
493,205_SCT,0.0,0.0,206,5,Y
494,205_P2,0.0,0.0,206,5,Y
495,206_SCT,0.0,0.0,207,5,M
496,206_P2,8.078088285401464e-05,8.078088285401464e-05,207,5,M
497,206_H1,0.0130430338904261,0.0130430338904261,207,5,M
498,207_SCT,0.0,0.0,208,5,F
499,207_P2,0.0,0.0,208,5,F
500,207_H1,0.0518533438444137,0.0518533438444137,208,5,F
501,208_P2,2.490616861905437e-05,2.490616861905437e-05,209,5,V
502,208_H1,1.1241551192142651e-06,1.1241551192142651e-06,209,5,V
503,209_H1,0.0,0.0,210,5,V
504,209_P2,0.0,0.0,210,5,V
505,209_SCT,2.4637671231175773e-05,2.4637671231175773e-05,210,5,V
506,210_SCT,0.0,0.0,211,5,H
507,210_P2,1.348245314147789e-05,1.348245314147789e-05,211,5,H
508,210_H1,1.924417847476434e-05,1.924417847476434e-05,211,5,H
509,211_SCT,0.0,0.0,212,5,F
510,211_H1,0.0,0.0,212,5,F
511,211_P2,0.0,0.0,212,5,F
512,212_H1,9.273872274206953e-05,9.273872274206953e-05,213,5,I
513,212_SCT,0.0,0.0,213,5,I
514,212_P2,2.976142059196718e-05,2.976142059196718e-05,213,5,I
515,213_SCT,0.0,0.0,214,5,I
516,213_P2,0.0002269504038849,0.0002269504038849,214,5,I
517,213_H1,5.890530883334577e-05,5.890530883334577e-05,214,5,I
518,214_SCT,0.0,0.0,215,5,P
519,215_SCT,0.0,0.0,216,5,L
520,215_P2,0.0,0.0,216,5,L
521,216_P2,0.0001727326016407,0.0001727326016407,217,5,I
522,216_SCT,1.9817991415038705e-05,1.9817991415038705e-05,217,5,I
523,216_H1,0.0009182752110064,0.0009182752110064,217,5,I
524,217_H1,0.0001064992029569,0.0001064992029569,218,5,V
525,217_P2,3.647827179520391e-05,3.647827179520391e-05,218,5,V
526,218_H1,4.977997377864085e-05,4.977997377864085e-05,219,5,I
527,218_SCT,0.0,0.0,219,5,I
528,219_H1,7.271107278938871e-06,7.271107278938871e-06,220,5,F
529,219_SCT,0.0,0.0,220,5,F
530,219_P2,0.0,0.0,220,5,F
531,220_SCT,0.0,0.0,221,5,F
532,220_P2,0.0,0.0,221,5,F
533,220_H1,0.0,0.0,221,5,F
534,221_H1,0.0,0.0,222,5,C
535,221_SCT,0.0,0.0,222,5,C
536,221_P2,0.0,0.0,222,5,C
537,222_H1,0.0,0.0,223,5,Y
538,223_SCT,0.0,0.0,224,5,G
539,223_P2,0.0,0.0,224,5,G
540,223_H1,0.0005017169751226,0.0005017169751226,224,5,G
541,224_H1,0.0,0.0,225,CT/EC,Q
542,225_P2,0.0,0.0,226,CT/EC,L
543,225_H1,0.0,0.0,226,CT/EC,L
544,226_SCT,0.0,0.0,227,CT/EC,V
545,226_P2,0.0,0.0,227,CT/EC,V
546,226_H1,0.0,0.0,227,CT/EC,V
547,227_H1,0.0010868391254916,0.0010868391254916,228,CT/EC,F
548,227_P2,2.124313687090762e-05,2.124313687090762e-05,228,CT/EC,F
549,227_SCT,0.0,0.0,228,CT/EC,F
550,228_H1,0.0,0.0,229,CT/EC,T
551,229_H1,0.0,0.0,230,CT/EC,V
552,229_P2,0.0,0.0,230,CT/EC,V
553,229_SCT,0.0,0.0,230,CT/EC,V
554,230_SCT,0.0,0.0,231,CT/EC,K
555,230_H1,2.246538315375801e-05,2.246538315375801e-05,231,CT/EC,K
556,230_P2,5.58539541088976e-05,5.58539541088976e-05,231,CT/EC,K
557,231_P2,0.0,0.0,232,CT/EC,E
558,231_SCT,0.0,0.0,232,CT/EC,E
559,231_H1,0.0,0.0,232,CT/EC,E
560,232_P2,0.0,0.0,233,CT/EC,A
561,232_SCT,0.0,0.0,233,CT/EC,A
562,232_H1,0.0,0.0,233,CT/EC,A
563,233_SCT,0.0,0.0,234,CT/EC,A
564,233_P2,0.0,0.0,234,CT/EC,A
565,233_H1,0.0,0.0,234,CT/EC,A
566,234_H1,0.0,0.0,235,CT/EC,A
567,234_P2,0.0,0.0,235,CT/EC,A
568,234_SCT,0.0,0.0,235,CT/EC,A
569,235_SCT,0.0,0.0,236,CT/EC,Q
570,235_H1,0.0,0.0,236,CT/EC,Q
571,235_P2,0.0013210396282374,0.0013210396282374,236,CT/EC,Q
572,236_SCT,1.2335856808931568e-05,1.2335856808931568e-05,237,CT/EC,Q
573,236_P2,0.0,0.0,237,CT/EC,Q
574,236_H1,0.0,0.0,237,CT/EC,Q
575,237_SCT,0.0,0.0,238,CT/EC,Q
576,237_H1,0.0,0.0,238,CT/EC,Q
577,237_P2,0.0,0.0,238,CT/EC,Q
578,239_SCT,0.0,0.0,240,CT/EC,S
579,239_P2,0.0,0.0,240,CT/EC,S
580,239_H1,0.0,0.0,240,CT/EC,S
581,240_SCT,0.0,0.0,241,CT/EC,A
582,240_H1,0.0,0.0,241,CT/EC,A
583,240_P2,0.0,0.0,241,CT/EC,A
584,241_H1,0.0,0.0,242,CT/EC,T
585,241_SCT,0.0,0.0,242,CT/EC,T
586,242_H1,0.0,0.0,243,CT/EC,T
587,242_P2,0.0,0.0,243,CT/EC,T
588,242_SCT,0.0,0.0,243,CT/EC,T
589,243_H1,0.0,0.0,244,CT/EC,Q
590,243_P2,0.0,0.0,244,CT/EC,Q
591,243_SCT,0.0,0.0,244,CT/EC,Q
592,244_P2,0.0,0.0,245,CT/EC,K
593,244_SCT,0.0,0.0,245,CT/EC,K
594,247_SCT,0.0,0.0,248,CT/EC,K
595,247_H1,0.0,0.0,248,CT/EC,K
596,247_P2,0.0,0.0,248,CT/EC,K
597,248_SCT,0.0,0.0,249,CT/EC,E
598,248_P2,0.0,0.0,249,CT/EC,E
599,249_H1,0.0,0.0,250,CT/EC,V
600,249_P2,0.0,0.0,250,CT/EC,V
601,249_SCT,0.0,0.0,250,CT/EC,V
602,250_H1,0.0,0.0,251,CT/EC,T
603,250_P2,0.0,0.0,251,CT/EC,T
604,250_SCT,0.0,0.0,251,CT/EC,T
605,251_H1,0.0,0.0,252,CT/EC,R
606,252_H1,0.0,0.0,253,6,M
607,252_P2,0.0,0.0,253,6,M
608,253_H1,0.0,0.0,254,6,V
609,253_P2,0.0,0.0,254,6,V
610,253_SCT,0.0,0.0,254,6,V
611,254_H1,9.003945888252929e-05,9.003945888252929e-05,255,6,I
612,254_P2,0.0003422866284381,0.0003422866284381,255,6,I
613,255_P2,0.0,0.0,256,6,I
614,256_H1,2.753795160970185e-05,2.753795160970185e-05,257,6,M
615,256_P2,4.191442712908611e-05,4.191442712908611e-05,257,6,M
616,256_SCT,3.818659024545923e-06,3.818659024545923e-06,257,6,M
617,257_H1,0.0,0.0,258,6,V
618,257_P2,0.0,0.0,258,6,V
619,257_SCT,0.0,0.0,258,6,V
620,258_H1,0.0,0.0,259,6,I
621,258_P2,0.0,0.0,259,6,I
622,258_SCT,0.0,0.0,259,6,I
623,259_H1,1.7990341802942567e-05,1.7990341802942567e-05,260,6,A
624,259_SCT,0.0,0.0,260,6,A
625,260_H1,0.001857042661868,0.001857042661868,261,6,F
626,260_P2,0.0012931558303534,0.0012931558303534,261,6,F
627,260_SCT,0.0,0.0,261,6,F
628,261_SCT,0.0,0.0,262,6,L
629,261_H1,0.0006036491831764,0.0006036491831764,262,6,L
630,261_P2,0.0,0.0,262,6,L
631,262_H1,7.895870658103377e-05,7.895870658103377e-05,263,6,I
632,262_P2,0.0,0.0,263,6,I
633,262_SCT,0.0,0.0,263,6,I
634,263_H1,0.0027104259934276,0.0027104259934276,264,6,C
635,263_P2,0.0,0.0,264,6,C
636,263_SCT,0.0,0.0,264,6,C
637,264_H1,0.0020117810927331,0.0020117810927331,265,6,W
638,264_P2,0.0003950175887439,0.0003950175887439,265,6,W
639,265_SCT,0.0,0.0,266,6,L
640,265_H1,0.0,0.0,266,6,L
641,265_P2,0.0,0.0,266,6,L
642,268_H1,0.0004222285933792,0.0004222285933792,269,6,A
643,268_P2,0.0019126805709674,0.0019126805709674,269,6,A
644,268_SCT,0.0002924880827777,0.0002924880827777,269,6,A
645,269_P2,0.0003105311770923,0.0003105311770923,270,6,G
646,269_SCT,0.0,0.0,270,6,G
647,270_H1,0.0343886688351631,0.0343886688351631,271,6,V
648,270_P2,0.0,0.0,271,6,V
649,270_SCT,1.3432758350973018e-05,1.3432758350973018e-05,271,6,V
650,271_P2,0.0,0.0,272,6,A
651,271_H1,0.0,0.0,272,6,A
652,271_SCT,0.0,0.0,272,6,A
653,272_SCT,3.696769999805838e-05,3.696769999805838e-05,273,6,F
654,273_H1,0.0,0.0,274,6,Y
655,273_SCT,0.0,0.0,274,6,Y
656,273_P2,0.0001797365694073,0.0001797365694073,274,6,Y
657,274_P2,0.006115595344454,0.006115595344454,275,CT/EC,I
658,274_H1,6.652500451309606e-05,6.652500451309606e-05,275,CT/EC,I
659,274_SCT,0.0,0.0,275,CT/EC,I
660,275_H1,5.755135134677403e-05,5.755135134677403e-05,276,CT/EC,F
661,275_P2,0.0002270409313496,0.0002270409313496,276,CT/EC,F
662,275_SCT,3.787472451222129e-05,3.787472451222129e-05,276,CT/EC,F
663,276_H1,0.0,0.0,277,CT/EC,T
664,276_SCT,0.0,0.0,277,CT/EC,T
665,276_P2,7.023283251328394e-05,7.023283251328394e-05,277,CT/EC,T
666,277_P2,0.0,0.0,278,CT/EC,H
667,277_SCT,0.0,0.0,278,CT/EC,H
668,278_H1,0.0038198928814381,0.0038198928814381,279,CT/EC,Q
669,278_SCT,0.0,0.0,279,CT/EC,Q
670,278_P2,0.0026170511264353,0.0026170511264353,279,CT/EC,Q
671,279_SCT,0.0,0.0,280,CT/EC,G
672,279_H1,0.0,0.0,280,CT/EC,G
673,279_P2,0.0,0.0,280,CT/EC,G
674,280_SCT,0.0,0.0,281,CT/EC,S
675,280_P2,2.457268419675529e-05,2.457268419675529e-05,281,CT/EC,S
676,280_H1,0.0011186185292899,0.0011186185292899,281,CT/EC,S
677,281_SCT,0.0001754089171299,0.0001754089171299,282,CT/EC,D
678,281_H1,0.0,0.0,282,CT/EC,D
679,281_P2,0.0,0.0,282,CT/EC,D
680,282_SCT,0.0,0.0,283,CT/EC,F
681,282_P2,0.0,0.0,283,CT/EC,F
682,282_H1,0.0,0.0,283,CT/EC,F
683,283_SCT,0.0,0.0,284,CT/EC,G
684,283_H1,0.0,0.0,284,CT/EC,G
685,284_P2,0.0,0.0,285,CT/EC,P
686,284_H1,1.6206417058128864e-05,1.6206417058128864e-05,285,CT/EC,P
687,284_SCT,0.0,0.0,285,CT/EC,P
688,285_H1,0.0142187010496854,0.0142187010496854,286,CT/EC,I
689,285_P2,2.225713069492485e-05,2.225713069492485e-05,286,CT/EC,I
690,285_SCT,0.6857231259346008,0.6857231259346008,286,CT/EC,I
691,286_H1,6.315143400570378e-05,6.315143400570378e-05,287,7,F
692,286_SCT,3.0095045076450333e-05,3.0095045076450333e-05,287,7,F
693,287_SCT,0.0,0.0,288,7,M
694,287_H1,0.0,0.0,288,7,M
695,288_H1,0.0001315312983933,0.0001315312983933,289,7,T
696,288_P2,0.0003540633188094,0.0003540633188094,289,7,T
697,288_SCT,0.0,0.0,289,7,T
698,289_SCT,0.0,0.0,290,7,I
699,289_P2,0.0,0.0,290,7,I
700,289_H1,2.3803057047189213e-05,2.3803057047189213e-05,290,7,I
701,290_P2,0.0,0.0,291,7,P
702,290_H1,0.0,0.0,291,7,P
703,290_SCT,0.0,0.0,291,7,P
704,291_SCT,0.0011517336824908,0.0011517336824908,292,7,A
705,291_H1,0.0007298709242604,0.0007298709242604,292,7,A
706,291_P2,5.954834341537208e-05,5.954834341537208e-05,292,7,A
707,292_H1,8.040891771088354e-06,8.040891771088354e-06,293,7,F
708,292_SCT,0.0,0.0,293,7,F
709,293_P2,0.0,0.0,294,7,F
710,293_SCT,0.0,0.0,294,7,F
711,294_SCT,0.0,0.0,295,7,A
712,294_H1,0.0,0.0,295,7,A
713,294_P2,0.0,0.0,295,7,A
714,296_H1,0.0,0.0,297,7,T
715,296_SCT,0.0,0.0,297,7,T
716,297_SCT,0.0,0.0,298,7,S
717,297_H1,0.0,0.0,298,7,S
718,298_SCT,2.33542868954828e-05,2.33542868954828e-05,299,7,A
719,298_P2,8.732085552765056e-05,8.732085552765056e-05,299,7,A
720,299_P2,0.0008391396258957,0.0008391396258957,300,7,V
721,299_SCT,0.0,0.0,300,7,V
722,299_H1,0.0001618211244931,0.0001618211244931,300,7,V
723,300_SCT,0.0,0.0,301,7,Y
724,301_H1,0.0,0.0,302,7,N
725,301_SCT,0.0,0.0,302,7,N
726,301_P2,0.0,0.0,302,7,N
727,302_H1,0.0,0.0,303,7,P
728,302_P2,0.0,0.0,303,7,P
729,302_SCT,0.0,0.0,303,7,P
730,303_H1,0.0,0.0,304,7,V
731,303_P2,0.0001677632390055,0.0001677632390055,304,7,V
732,303_SCT,0.0,0.0,304,7,V
733,304_H1,0.0,0.0,305,7,I
734,304_P2,0.0,0.0,305,7,I
735,304_SCT,0.0,0.0,305,7,I
736,306_H1,4.645173248718493e-05,4.645173248718493e-05,307,7,I
737,306_P2,0.0,0.0,307,7,I
738,306_SCT,0.0,0.0,307,7,I
739,307_H1,0.0,0.0,308,7,M
740,307_P2,5.545812746277079e-05,5.545812746277079e-05,308,7,M
741,307_SCT,0.0,0.0,308,7,M
742,308_SCT,0.0,0.0,309,CT/EC,M
743,308_H1,0.0,0.0,309,CT/EC,M
744,308_P2,0.0,0.0,309,CT/EC,M
745,309_SCT,0.0,0.0,310,CT/EC,N
746,309_H1,0.0,0.0,310,CT/EC,N
747,309_P2,0.0,0.0,310,CT/EC,N
748,310_H1,9.436518303118646e-05,9.436518303118646e-05,311,CT/EC,K
749,310_P2,0.0,0.0,311,CT/EC,K
750,310_SCT,0.0,0.0,311,CT/EC,K
751,311_H1,0.0,0.0,312,CT/EC,Q
752,311_P2,0.0,0.0,312,CT/EC,Q
753,311_SCT,0.0,0.0,312,CT/EC,Q
754,312_H1,0.0,0.0,313,CT/EC,F
755,312_P2,0.0,0.0,313,CT/EC,F
756,313_H1,0.0,0.0,314,CT/EC,R
757,313_P2,0.0,0.0,314,CT/EC,R
758,313_SCT,0.0,0.0,314,CT/EC,R
759,314_H1,0.0,0.0,315,CT/EC,N
760,314_SCT,0.0,0.0,315,CT/EC,N
761,314_P2,0.0002305703819729,0.0002305703819729,315,CT/EC,N
762,315_H1,0.0,0.0,316,CT/EC,C
763,315_P2,0.0,0.0,316,CT/EC,C
764,316_H1,7.455312152160332e-05,7.455312152160332e-05,317,CT/EC,M
765,316_P2,0.0,0.0,317,CT/EC,M
766,316_SCT,0.0,0.0,317,CT/EC,M
767,317_P2,0.0006471278029493,0.0006471278029493,318,CT/EC,V
768,317_H1,0.0008689065580256,0.0008689065580256,318,CT/EC,V
769,317_SCT,0.0,0.0,318,CT/EC,V
770,318_H1,1.2050998520862777e-05,1.2050998520862777e-05,319,CT/EC,T
771,318_P2,1.7097050658776425e-05,1.7097050658776425e-05,319,CT/EC,T
772,318_SCT,0.0,0.0,319,CT/EC,T
773,319_SCT,0.0,0.0,320,CT/EC,T
774,319_P2,0.0042338701896369,0.0042338701896369,320,CT/EC,T
775,319_H1,0.0,0.0,320,CT/EC,T
776,320_SCT,0.0,0.0,321,CT/EC,L
777,320_P2,0.0,0.0,321,CT/EC,L
778,320_H1,0.0004768101498484,0.0004768101498484,321,CT/EC,L
779,321_P2,0.0,0.0,322,CT/EC,C
780,321_H1,0.0,0.0,322,CT/EC,C
781,321_SCT,0.0,0.0,322,CT/EC,C
782,322_H1,0.0,0.0,323,CT/EC,C
783,322_P2,0.0,0.0,323,CT/EC,C
784,322_SCT,0.0,0.0,323,CT/EC,C
785,323_H1,1.3631411093228962e-05,1.3631411093228962e-05,324,CT/EC,G
786,323_P2,0.0,0.0,324,CT/EC,G
787,323_SCT,0.0,0.0,324,CT/EC,G
788,324_H1,0.0,0.0,325,CT/EC,K
789,324_P2,0.0,0.0,325,CT/EC,K
790,324_SCT,0.0,0.0,325,CT/EC,K
791,325_H1,6.844311428721994e-05,6.844311428721994e-05,327,CT/EC,P
792,325_P2,0.0,0.0,327,CT/EC,P
793,326_H1,0.0003548778186086,0.0003548778186086,328,CT/EC,L
794,326_P2,0.0,0.0,328,CT/EC,L
795,326_SCT,0.0,0.0,328,CT/EC,L
796,327_H1,0.0,0.0,329,CT/EC,G
797,327_P2,0.0,0.0,329,CT/EC,G
798,327_SCT,0.0,0.0,329,CT/EC,G
799,328_H1,0.0,0.0,330,CT/EC,D
800,328_SCT,0.0,0.0,330,CT/EC,D
801,329_H1,0.0009405491291545,0.0009405491291545,331,CT/EC,D
802,329_P2,0.0001753436954459,0.0001753436954459,331,CT/EC,D
803,329_SCT,0.0,0.0,331,CT/EC,D
804,330_H1,0.001587662147358,0.001587662147358,332,CT/EC,E
805,330_SCT,0.0,0.0,332,CT/EC,E
806,330_P2,0.0001644763106014,0.0001644763106014,332,CT/EC,E
807,331_P2,4.168517261859961e-05,4.168517261859961e-05,333,CT/EC,A
808,331_H1,0.0,0.0,333,CT/EC,A
809,331_SCT,0.0009015742689371,0.0009015742689371,333,CT/EC,A
810,332_H1,0.0036670970730483,0.0036670970730483,334,CT/EC,S
811,332_P2,4.962447565048933e-05,4.962447565048933e-05,334,CT/EC,S
812,333_H1,0.0,0.0,NA,NA,-
813,333_SCT,0.0,0.0,NA,NA,-
814,334_H1,5.400122518040007e-06,5.400122518040007e-06,335,CT/EC,T
815,334_P2,0.0,0.0,335,CT/EC,T
816,334_SCT,0.0,0.0,335,CT/EC,T
817,335_H1,4.8550344217801467e-05,4.8550344217801467e-05,336,CT/EC,T
818,335_P2,0.0,0.0,336,CT/EC,T
819,335_SCT,0.0,0.0,336,CT/EC,T
820,336_P2,0.0022605275735259,0.0022605275735259,337,CT/EC,V
821,336_SCT,0.0,0.0,337,CT/EC,V
822,337_SCT,0.0,0.0,338,CT/EC,S
823,337_P2,0.0,0.0,338,CT/EC,S
824,337_H1,2.576060978753958e-05,2.576060978753958e-05,338,CT/EC,S
825,338_H1,9.78465050138766e-06,9.78465050138766e-06,339,CT/EC,K
826,338_P2,0.0,0.0,339,CT/EC,K
827,338_SCT,0.0,0.0,339,CT/EC,K
828,339_H1,4.39180075773038e-05,4.39180075773038e-05,340,CT/EC,T
829,339_P2,0.0,0.0,340,CT/EC,T
830,339_SCT,0.0,0.0,340,CT/EC,T
831,341_SCT,8.329779120685998e-06,8.329779120685998e-06,NA,NA,-
832,341_H1,0.0,0.0,NA,NA,-
833,341_P2,0.0,0.0,NA,NA,-
834,342_H1,0.0005023895646445,0.0005023895646445,NA,NA,-
835,342_P2,0.0,0.0,NA,NA,-
836,342_SCT,0.0,0.0,NA,NA,-
837,343_H1,2.21232639887603e-05,2.21232639887603e-05,NA,NA,-
838,343_P2,0.0,0.0,NA,NA,-
839,343_SCT,0.0,0.0,NA,NA,-
840,344_H1,0.0,0.0,NA,NA,-
841,344_SCT,0.0,0.0,NA,NA,-
842,344_P2,0.0,0.0,NA,NA,-
843,345_H1,0.0,0.0,NA,NA,-
844,345_P2,0.000325162342051,0.000325162342051,NA,NA,-
845,345_SCT,0.0,0.0,NA,NA,-
846,346_H1,2.518795918149408e-05,2.518795918149408e-05,342,CT/EC,T
847,346_P2,3.172387005179189e-05,3.172387005179189e-05,342,CT/EC,T
848,346_SCT,0.0,0.0,342,CT/EC,T
849,347_SCT,0.0,0.0,343,CT/EC,S
850,347_H1,0.0,0.0,343,CT/EC,S
851,347_P2,0.0,0.0,343,CT/EC,S
852,348_SCT,0.0,0.0,344,CT/EC,Q
853,348_P2,0.0,0.0,344,CT/EC,Q
854,348_H1,0.0002308191178599,0.0002308191178599,344,CT/EC,Q
855,349_H1,0.0,0.0,345,CT/EC,V
856,349_P2,0.0,0.0,345,CT/EC,V
857,349_SCT,0.0,0.0,345,CT/EC,V
858,350_H1,1.3709663107874803e-05,1.3709663107874803e-05,346,CT/EC,A
859,350_SCT,2.7365918867872097e-05,2.7365918867872097e-05,346,CT/EC,A
860,351_H1,0.0,0.0,347,CT/EC,P
861,351_P2,0.0,0.0,347,CT/EC,P
862,351_SCT,0.0,0.0,347,CT/EC,P
863,352_P2,0.0,0.0,348,CT/EC,A
864,352_SCT,0.0,0.0,348,CT/EC,A
865,352_H1,0.0,0.0,348,CT/EC,A
