feature,rf,gbr,xgb,mean
1_H1,0.00380370583016413,0.0009819028631625338,0.0001036088215187192,0.0016297391716151275
2_H3,0.0009296819083320753,1.1875523867491181e-05,0.00010697108518797904,0.0003495095057958485
3_H1,0.00214594810852513,8.510959979147436e-05,0.0002118780539603904,0.0008143119207589981
3_H3,0.0011419494646981384,0.019724652231323195,0.00015022908337414265,0.0070056102597984915
3_P1,0.0024138144934386092,0.0001249924146753882,0.00021188255050219595,0.0009168964862053978
3_NCI,0.021755724568224246,0.007286624597141738,9.273141768062487e-05,0.009711693527682202
4_H1,0.0062390715071243405,0.00029306916221162957,2.7287631382932886e-05,0.0021864761002396344
4_P1,0.009342602208758304,1.0835983248060776e-05,6.464077614509733e-06,0.003119967423206958
4_NCI,0.0030033132651726612,0.0018109236350123043,4.015849481220357e-05,0.0016181317983323899
4_PKA,0.012274880499652394,5.084175683554879e-05,0.0,0.004108574085495981
5_H1,0.025078796939643044,0.011613273737474346,0.000699179305229336,0.012463749994115576
5_NCI,0.0024171944917417863,0.0014790757997598066,9.576396405464038e-05,0.001330678085185411
6_H3,0.0002540796975792799,3.4849015036717624e-05,1.6165657143574208e-05,0.00010169812325319059
6_P1,0.012588300552369416,0.03140452929729767,0.0016689789481461048,0.015220602932604398
6_NCI,0.0022129312495301405,0.07777535991953423,0.0,0.026662763723021454
6_PKA,0.054318183879027565,0.0,0.00011497569357743487,0.018144386524201667
7_H1,0.011978992926399538,0.013829521820890561,0.00019348785281181335,0.00866733420003397
7_H3,0.028618721532154345,5.260757591745513e-05,3.207549889339134e-05,0.009567801535655064
7_P1,0.003267898387935823,0.0005987501472808321,1.1463866030680947e-05,0.001292704133749112
7_PKA,0.003137363299914177,0.002496928810241376,7.5238618592266e-05,0.0019031769095826064
8_H1,0.0065944947597831125,0.00912690938369684,9.197700273944065e-05,0.005271127048739797
8_H3,0.0020557002525754394,7.805881586612972e-05,6.596661114599556e-05,0.0007332418931958549
8_PKA,0.003148306840397849,0.06195854280936531,0.00022757430269848555,0.021778141317487214
10_H1,0.030489811774477796,4.024912667450748e-06,0.0,0.010164612229048416
10_H3,0.0021469135520939815,5.097968040576694e-05,8.974614502221812e-06,0.0007356226156673234
10_P1,0.002334961756099055,0.00029753584444052285,0.0,0.0008774992001798592
10_PKA,0.004724337047306496,0.0004371780679274694,2.3427184714819305e-05,0.001728314099982928
11_H1,0.010332217334910562,0.004044909344676347,0.0,0.004792375559862303
11_H3,0.00015161144745643788,0.00012441886428290867,0.0,9.201010391311552e-05
11_P1,0.002171800380913892,4.010074865572126e-05,0.0,0.0007373003765232044
11_NCI,0.0051484313633631115,0.008509425273414686,6.820535054430366e-05,0.004575353995774033
12_H1,0.0002781455677146624,6.606540324071268e-05,0.00030681357020512223,0.00021700818038683243
12_PKA,0.0018731070301942513,0.0,0.0,0.0006243690100647504
13_H1,0.0029737317592676976,9.400559649709611e-05,9.843653060670476e-06,0.0010258603362751546
13_NCI,0.0069032205103773505,6.157844016602197e-05,0.00013533282617572695,0.0023667105922396997
13_PKA,0.030019920912038443,0.023584026499392268,0.0,0.0178679824704769
14_H1,0.0051047159778415205,0.275331149538475,5.534620868274942e-05,0.09349707057499974
14_H3,0.001007039470168109,1.4614881256819708e-05,9.378086360811722e-06,0.0003436774792619135
14_NCI,0.003780680914711646,0.0005603626564558759,5.870939276064746e-05,0.0014665843213093898
14_PKA,0.008202741138413901,0.012407188561403335,0.00034977743052877486,0.006986569043448671
16_H1,0.007426119892761254,0.00016248639700070967,0.00011975099187111482,0.0025694524272110264
16_H3,0.002305158401937383,2.9609911019050116e-05,0.0,0.000778256104318811
16_P1,0.003696149744730363,0.0003541104036354511,0.0,0.0013500867161219381
16_NCI,0.0029193111391939714,0.00011077367764809296,0.00014738892787136137,0.0010591579149044751
16_PKA,0.0027094675367023827,0.0001807877283294805,0.00030529400100931525,0.0010651830886803928
17_H1,0.00029437838651976366,1.3190297284339528e-05,3.136473969789222e-05,0.00011297780783399847
17_PKA,0.00018211661952924644,3.998883489855723e-05,0.0,7.403515147593456e-05
18_H1,0.0021504243147872264,0.009566353578059163,0.00012184741353848949,0.003946208435461626
18_P1,0.0016418392220375758,3.0787679744166656e-05,2.1018608094891533e-05,0.0005645485032922113
18_NCI,0.02341731304658696,0.0002537293154671096,0.0002080138074234128,0.007959685389825827
19_H1,0.0008136962420474787,0.0005641912487303845,0.0004101567901670933,0.0005960147603149855
19_H3,0.0005348904680371131,0.00018247599098940675,0.0,0.00023912215300883992
19_P1,0.0019096559860826395,0.0010966360711811601,0.00011135585373267531,0.0010392159703321582
19_NCI,0.0010174956968276804,0.00020333638685403568,1.2463208804547321e-05,0.0004110984308287545
19_PKA,0.0010913681608331232,0.00031207820314140515,0.0,0.0004678154546581761
20_H3,0.00503424404435616,3.7014749613083405e-06,0.0,0.0016793151731058227
20_NCI,0.00015059647431890538,2.629879447359612e-05,2.3963726562215015e-05,6.695299845157217e-05
21_H1,0.0017760537851051273,0.002861332944569265,1.2821376003557816e-05,0.0015500693685593168
21_H3,0.00078043522907868,0.0015463164875027862,0.0,0.0007755839055271554
21_P1,0.0843820281376658,0.030556429927572754,7.73961073718965e-05,0.038338618057536814
21_NCI,0.0010219786538948309,0.004331313851189981,4.4020409404765815e-05,0.0017991043048298592
22_H1,0.01756852149838275,0.0011241083446215565,0.00018055968394037336,0.0062910631756482255
22_H3,0.00018559682855301721,8.560756968382485e-06,0.0,6.471919517379991e-05
22_P1,0.0002781063195302332,0.0002565813525004766,0.0,0.0001782292240102366
22_NCI,0.0010477101139319052,0.0011696053530442956,0.0007287263870239258,0.0009820139513333755
22_PKA,0.004142537178719622,0.15687100323849365,0.0,0.053671180139071094
23_H3,0.00025835103927124704,0.0,0.0,8.611701309041568e-05
23_PKA,0.012905259852453606,5.193582978542354e-05,0.0,0.00431906522741301
24_H3,0.00314012826770294,5.0999073679312594e-05,2.616646270325873e-05,0.0010724312680285037
24_PKA,0.00210413184983969,6.049026222935973e-06,0.0,0.0007033936253542086
25_H1,0.022872749245400562,9.338390236554913e-05,0.004314127843827009,0.00909342033053104
25_H3,0.00010708036257056194,6.172278439813415e-05,0.0,5.626771565623203e-05
25_P1,0.018961924298934205,0.0027840722541156997,0.00012683133536484092,0.0072909426294715815
25_NCI,0.0035364679271724726,0.09148033359785555,0.0,0.031672267175009344
25_PKA,0.0019539553517180924,0.00018800599995144195,0.0,0.000713987117223178
26_H1,0.0067029255076152955,0.0006192394261778444,0.0,0.002440721644597713
26_H3,0.0003162397470885418,0.0,0.0,0.00010541324902951393
26_NCI,0.03572885975820818,5.983985202120351e-06,6.0481139371404424e-05,0.011931774960927235
26_PKA,0.02865740159897731,0.00016486662579287114,0.0,0.009607422741590061
27_H1,0.06924277975671841,3.397546042861656e-05,4.94760024594143e-05,0.023108743739868817
27_H3,0.0009547551972055009,5.691594327822437e-05,0.0,0.0003372237134945751
27_P1,0.0007494616943677573,0.00020707634206831881,0.0,0.0003188460121453587
27_PKA,0.0006435418609503607,4.018266415850457e-05,4.39775685663335e-05,0.0002425673645583996
28_NCI,0.007391257962637544,0.0010446125499946693,0.0001940983347594738,0.002876656282463896
28_PKA,0.0055230835776868105,0.0001547620414314516,0.0,0.001892615206372754
29_P1,0.009676434260282914,0.0005524141471170674,0.0004949336289428174,0.0035745940121142666
29_PKA,0.003395824749786619,0.00018520524607711002,8.929074283514638e-06,0.0011966530233824145
30_H1,0.030773174095049618,0.00904766746533036,0.0,0.013273613853459992
30_H3,0.007194480725185387,8.103647742196811e-06,0.0,0.002400861457642528
30_P1,0.020615628971929905,0.0011903609978930142,0.0,0.007268663323274306
30_NCI,0.01825036910125034,7.436008829889649e-05,0.0,0.006108243063183079
30_PKA,0.0008511014028132804,2.574676833552379e-05,0.0,0.00029228272371626806
32_H3,9.523626668000016e-07,0.0,0.0,3.174542222666672e-07
32_NCI,0.017343802918234036,8.19873981648949e-06,5.9539099311223254e-05,0.005803846919120583
33_H3,0.0002174984339414732,0.0,0.0003118948370683938,0.00017646442366995568
33_NCI,0.010639282646428919,0.029644714991699458,1.2207337022118736e-05,0.013432068325050166
34_H1,0.047484075516381515,0.008054118831115668,1.390921988786431e-05,0.018517367855795015
34_H3,0.033276751017011205,0.0016593971554441237,0.013437939807772636,0.01612469599340932
34_P1,0.014993284001900992,0.0011231268840958197,0.0,0.0053721369619989376
34_NCI,0.0054479596419638975,9.827068904865435e-05,0.0010131436865776777,0.0021864580058634096
34_PKA,0.003598637670805714,0.005154909126921213,0.0,0.0029178489325756424
35_H1,0.008021294451814124,4.118667279678035e-05,1.670482561166864e-05,0.0026930619834075243
35_NCI,0.00035285034157814997,0.0002821391719253114,1.2415104720275849e-05,0.0002158015394079124
36_NCI,0.0018090956941839156,3.0003867777724628e-05,8.170404726115521e-06,0.0006157566555625853
36_PKA,0.038130197686040125,0.0191620833777255,4.535096377367154e-05,0.019112544009179767
37_H3,0.0010655496347535974,3.1627490765894616e-06,9.392915671924129e-05,0.00038754718018314273
37_P1,0.0007830311367292346,0.013608697044404327,0.0,0.00479724272704452
37_NCI,0.0012484758312665228,0.00042779874252121635,0.0,0.0005587581912625798
37_PKA,0.005326373816780065,0.00011064982827802976,0.0001080966685549356,0.00184837343787101
38_H1,0.009960748064602634,0.0001319274500796571,0.00020535945077426732,0.0034326783218188526
38_P1,0.073334019912465,0.005776459219915049,0.0003939179587177932,0.026501465697032617
39_H1,0.023432407400742605,0.0005472377235425232,0.00031881750328466296,0.008099487542523263
39_H3,0.0007292114628071957,0.0,0.0,0.00024307048760239855
39_NCI,0.0038606349083469558,0.002411756545488406,0.0005686277872882783,0.0022803397470412133
39_PKA,0.004559469192956795,0.00034131452200284455,1.3919933735451195e-05,0.0016382345495650301
40_H1,0.10583915685336395,6.620040085157003e-05,6.785307050449774e-05,0.035324403441573345
40_H3,0.0019142140775334903,1.8637997827940827e-05,0.0,0.0006442840251204771
40_P1,0.0022385630683347856,0.0009760886586464415,2.462323391227983e-05,0.0010797583202978357
40_NCI,0.0007003200276305292,1.0942149932182749e-05,0.10762627422809601,0.03611251213521958
40_PKA,0.005264752457363857,1.0014505836540793e-05,0.0,0.0017582556544001326
41_H1,0.000939267711784359,1.5161235400232037e-05,0.0008040376706048846,0.0005861555392631585
41_P1,0.0034499079894296206,6.354973795324801e-05,5.001666067983024e-05,0.0011878247960208997
41_NCI,0.005511079893727312,0.0007579585685684129,5.704519571736455e-05,0.00210869455267103
42_H1,0.00728606312536876,0.013199839558702547,0.001356041175313294,0.0072806479531282
42_P1,0.00593459747181086,0.02002488786524277,0.00028047265368513763,0.00874665266357959
42_NCI,0.004565049381177906,0.0008039108556623019,0.00023541766859125346,0.0018681259684771537
42_PKA,0.0036717302948443067,0.00015324509828911967,4.8111101023096126e-06,0.0012765955010785787
43_H1,0.0246653412255347,0.00022882110447671294,0.020875997841358185,0.015256720057123198
43_H3,0.06322416308933965,0.5593046424415349,0.0,0.20750960184362485
43_P1,0.4346045071978749,0.044354909583741255,0.0,0.1596531389272054
43_NCI,0.03262777464793716,0.0004402795873291129,0.00018252262088935822,0.011083525618718544
43_PKA,0.002560669934109396,4.778100165081591e-06,0.0,0.0008551493447581591
44_H1,0.022293591733159215,0.0001997019642588802,7.363195618381724e-05,0.007522308551200638
44_H3,6.878164336185788e-06,0.0,0.0,2.2927214453952627e-06
44_P1,0.0017744694743916524,0.006309922224692187,0.0,0.0026947972330279464
44_PKA,0.005179775198058709,0.00029193558200355993,2.417323958070483e-05,0.0018319613398809914
45_H1,0.02847749456859738,6.486802520241367e-05,0.002165393438190222,0.010235918677330005
45_P1,0.011867706156210758,0.0013668130876583963,0.0,0.004411506414623051
45_NCI,0.030411916083611396,0.0021754886490359462,0.00024169964308384806,0.010943034791910397
45_PKA,0.011615603895751732,4.606790969424802e-05,0.0,0.00388722393514866
46_NCI,0.015433565024637604,0.002350773262439493,0.0007416420849040151,0.0061753267906603715
47_P1,0.0005570302698317501,0.001079033973551049,0.0,0.0005453547477942664
47_PKA,0.001207661909487543,5.935762823543713e-05,0.0,0.00042233984590766004
48_H3,0.005006028698643729,0.0,0.0,0.001668676232881243
48_P1,0.005277402229916278,9.442974473812902e-05,0.0007691369391977787,0.0020469896379507286
48_NCI,0.008463314672840474,0.0008810956328656284,0.0007956787594594061,0.0033800296883885026
48_PKA,0.19356650253645666,0.0027160256789064722,0.13251540064811707,0.10959930962116006
49_NCI,0.00617604284855487,0.002787404754958447,0.00011853255273308605,0.003027326718748801
49_PKA,0.00862872850408443,0.0008952229678084149,5.064369906904176e-05,0.003191531723653962
51_H1,0.006771434333426593,0.0003120702516654709,0.0011260692263022065,0.0027365246037980902
51_NCI,0.0006887614150650086,0.0003107892547631945,0.0,0.000333183556609401
51_PKA,0.0006556470040122188,0.18741332159156657,0.0,0.06268965619852626
52_H1,0.002684020194551873,0.00011134424795862356,0.00011344033555360511,0.0009696015926880338
52_H3,0.001141890507688748,0.00033347244125079856,0.0,0.0004917876496465156
52_P1,0.0013738416263417578,0.002824144709989932,6.436407420551404e-05,0.0014207834701790679
52_NCI,0.004152305255831515,0.003197812361362027,0.0,0.002450039205731181
53_H1,0.003952736691669275,6.1002332539815776e-05,0.0,0.001337913008069697
53_P1,0.000740757939891871,0.0004403665018432524,0.0,0.0003937081472450412
53_NCI,0.027344497637478968,0.02160469651788118,0.00037725723814219236,0.016442150464500777
53_PKA,0.010042882691897324,0.003148086715580022,0.0,0.004396989802492449
54_H1,0.034190991707782704,0.001155721631804028,8.289233846880961e-06,0.011785000857811206
54_H3,0.0,0.0,0.0,0.0
54_P1,0.055931845596822086,0.0002852354542371175,0.0,0.018739027017019735
54_NCI,0.0003710530161432046,0.0018931058515424901,0.0,0.0007547196225618982
54_PKA,0.00032991473352673214,2.630837244591008e-05,0.0,0.00011874103532421406
56_NCI,0.0076981112678762755,5.9518707887871274e-06,7.44105000194395e-06,0.0025705013962223355
56_PKA,0.0010962484689998823,4.478993273255985e-07,0.0,0.0003655654561090693
57_H1,0.001069947715174149,0.0010905308127684029,0.00015036131662782282,0.000770279948190125
57_H3,6.648853604838768e-05,0.0,0.0,2.216284534946256e-05
57_P1,0.0011045890381523225,0.00030521862297367075,0.0,0.00046993588704199774
57_NCI,0.0020851048413116115,0.0007268547647089803,1.777284160198178e-05,0.0009432441492075245
58_P1,0.031945583563592415,3.462641710114656e-05,0.0,0.010660069993564522
59_H1,0.009986580471497608,0.0,0.0,0.0033288601571658696
60_H1,0.005881187778758044,0.00017817618325210164,8.260976028395817e-05,0.0020473245740980344
60_H3,0.0004467854314941767,0.0001534398216100153,0.0,0.00020007508436806402
60_P1,0.0034648997762918355,0.002339780742332603,3.1517804018221796e-05,0.0019453994408808867
60_NCI,0.0022013452787887173,4.161642367333717e-05,5.024592246627435e-05,0.0007644025416427763
60_PKA,0.009509949619277362,0.0012905925486592776,8.585914474679157e-05,0.0036288004375611437
61_P1,0.0011504332568543349,8.312943252739364e-07,0.0,0.00038375485039320294
61_PKA,0.002393579120040669,0.0001682753744339901,0.0,0.0008539514981582198
63_NCI,0.01751606027571207,0.00021819400858766522,0.0002241502661490813,0.005986134850149607
64_H3,0.0007680385849679056,9.19189006929862e-05,0.00013528978161048144,0.0003317490890904578
65_P1,0.02215140835901659,0.002567117265720036,0.0,0.008239508541578877
65_NCI,0.012276453499652538,6.908830773703582e-05,0.0,0.004115180602463191
65_PKA,1.0,0.018693076968756796,0.11691348999738693,0.3785355223220479
69_H1,0.000196620337077182,1.0478774872262253e-05,0.0,6.903303731648142e-05
69_H3,0.0002550549609651603,3.1491403947984234e-05,0.0,9.551545497104819e-05
70_H1,0.002683750397352859,1.8317979317099908e-06,4.095952681382187e-05,0.0009088472406994637
70_H3,1.1287199134939447e-06,0.0,0.0,3.7623997116464826e-07
70_NCI,0.0018857270086222431,7.172254220031427e-05,0.0,0.0006524831836075191
70_PKA,0.013568027204524283,2.4164238004452387e-05,0.0,0.004530730480842912
71_H1,0.010609883387221285,0.0,0.00010973370081046596,0.0035732056960105837
71_H3,0.007854703131498542,0.0,0.0,0.0026182343771661808
71_NCI,0.004675256824497168,0.0,0.0,0.0015584189414990558
74_H1,0.003417884464218887,0.0,0.0003311769978608936,0.0012496871540265935
74_P1,0.0022577601755398077,1.06419911565016e-05,0.0,0.0007561340555654364
74_NCI,0.0022594113289613176,4.391060224381231e-07,0.0,0.0007532834783279186
74_PKA,0.0004188689488857642,6.056309552412633e-05,0.0,0.00015981068146996352
75_H3,0.0,0.0,0.0,0.0
75_PKA,0.0006610821781093492,3.6298813736088024e-05,0.0002837324282154441,0.0003270378066869604
77_P1,0.0020108920381260026,4.761160128513067e-05,0.0,0.000686167879803711
77_PKA,0.000561997616234059,1.9041395528848216e-05,0.0,0.00019367967058763573
78_NCI,0.0017022628055872182,0.0001687692037290269,3.9422207919415087e-05,0.0006368180724118867
79_H1,0.11342013280596458,0.0004032061568202663,0.0,0.03794111298759495
79_P1,0.10965482234792898,1.998544310693711e-05,0.0,0.03655826926367864
79_NCI,0.001138384660097993,0.0,0.01075596734881401,0.003964784002970668
79_PKA,0.0008731102218057155,3.543017397930985e-05,0.0,0.00030284679859500843
80_H1,0.0008221461475519575,0.0,0.0,0.0002740487158506525
80_H3,0.11426200855351966,8.583131171980984e-06,0.0,0.038090197228230545
80_P1,0.012885859534687565,4.103180299375716e-06,0.0,0.00429665423832898
80_NCI,0.22671549998808047,0.0002393221886805371,0.0,0.07565160739225367
80_PKA,0.11344732311815645,0.0,0.0,0.03781577437271882
81_H1,0.0028064241895918917,1.3301656041644602e-05,1.563522710057441e-05,0.0009451203575780369
81_P1,0.0031424969297382424,0.0028469733641034566,0.0,0.0019964900979472333
81_PKA,0.002627130531762072,5.597699301644841e-05,0.0,0.0008943691749261734
82_P1,0.0401285654267989,0.11305677495271699,0.00010984484106302261,0.05109839507352631
82_NCI,0.002324051472130977,0.00023150226530158687,0.0,0.0008518512458108546
82_PKA,0.0006903421073334084,1.9349770585446317e-06,0.0,0.000230759028130651
83_H1,0.013167394276020592,0.0001815973465838357,5.3568146540783346e-05,0.004467519923048404
83_P1,0.0016501004824822233,0.02854562929891622,0.0,0.010065243260466148
84_H1,0.024123620307515126,0.0009346887382192922,0.0034503482747823,0.009502885773505573
84_NCI,0.007183098051489479,0.003330007227273942,0.0003464731271378696,0.0036198594686337633
84_PKA,0.02583194852579722,0.00034409652393208425,0.0,0.008725348349909767
85_H1,0.01714804091756026,0.0004767636793930609,0.0034631681628525257,0.007029324253268615
85_P1,0.0025293594043225664,6.183847287435714e-05,0.0,0.0008637326257323079
85_NCI,0.005602333500264269,0.036142571559265764,4.040635030833073e-05,0.013928437136612787
85_PKA,0.004376661700362899,0.0007088326411715972,0.0,0.0016951647805114988
86_H1,0.10187255663685363,0.033997207087426685,0.004011121112853289,0.046626961612377865
86_H3,0.02345169419000751,0.0004986971912336749,0.0,0.00798346379374706
86_P1,0.07382177152139044,0.009647999772059802,0.000756407214794308,0.028075392836081514
86_NCI,0.014218609775971643,0.001387123165074827,0.00014446023851633072,0.0052500643931876
86_PKA,0.06584041032865515,0.04037603045593575,0.018880371004343033,0.04169893726297797
87_H3,2.4796552920454943e-05,1.9419443505518184e-06,0.0,8.91283242366892e-06
87_P1,0.0025921427915144716,4.5463049804296505e-06,0.0,0.000865563032164967
87_NCI,0.005024218307787273,4.478423721315313e-05,0.0,0.0016896675150001419
87_PKA,0.0026642659539375863,0.001634030874720054,0.0,0.001432765609552547
88_H1,0.00690496455398889,0.0006865362913590605,5.2593819418689236e-05,0.0025480315549222133
88_H3,0.0017426103291842564,0.002328921287799609,0.00013407178630586714,0.0014018678010965775
88_P1,0.005606376796023094,0.012125134736307833,0.00079412164632231,0.006175211059551079
88_NCI,0.005698443850369993,0.0011805348483305534,0.0004427018284332007,0.002440560175711249
88_PKA,0.004681397299043701,0.0018452977515232805,6.263599789235741e-05,0.0021964436828197796
89_H1,0.012075696791183128,9.007479441946072e-05,0.0,0.004055257195200863
89_NCI,0.0006496490591549253,0.003271931264484522,0.0011152179213240743,0.001678932748321174
89_PKA,0.010652983263908624,5.098164309520253e-05,0.0,0.0035679883023346085
90_H1,0.0475839025257897,0.0,0.006435485556721687,0.01800646269417046
90_H3,0.12979647039144232,0.002393918050666133,0.0,0.04406346281403615
90_P1,0.007271185278619631,0.0007613916517099213,0.0,0.002677525643443184
90_NCI,0.0019321259221040479,0.18928306392947594,0.003412979654967785,0.06487605650218259
90_PKA,0.1482930287103897,1.0,0.0,0.38276434290346323
91_H3,0.06335714862976187,1.712179752159001e-06,0.0,0.021119620269838008
91_P1,0.056533381483383195,3.2477132908639897e-06,0.0014004303375259042,0.019312353178066653
91_NCI,0.46796627556535886,7.812947568010828e-05,0.07422466576099396,0.18075635693401096
91_PKA,0.037237846088005934,0.015085098719651037,0.0,0.017440981602552325
92_H1,0.00012722391273856673,0.005151268790147673,0.0,0.0017594975676287466
92_H3,0.00030184542395095845,3.9952577446750545e-05,0.0,0.00011393266713256968
92_NCI,0.00027755187271056626,0.0007255825625598112,0.0,0.00033437814509012587
92_PKA,0.0036142337933855097,0.0024926934048871982,0.00017967788153328001,0.002095535026601996
93_H1,0.0140154598538493,0.0071208850518264125,0.0,0.007045448301891904
93_H3,0.008779143586265907,0.021049464311872858,0.0,0.009942869299379589
93_P1,0.003587739154234468,0.028999916159124662,0.00016046086966525763,0.010916038727674797
93_NCI,0.024863445646162635,0.015241904562948926,0.010508496314287186,0.01687128217446625
93_PKA,0.01004124690408687,0.00467046054084342,7.444592483807355e-05,0.004928717789922788
94_H1,0.020530193071659486,2.4781998406444012e-05,0.037988435477018356,0.019514470182361427
94_H3,0.038287923617449385,9.83437888250412e-06,0.0,0.01276591933211063
94_P1,0.07860855994338765,0.0015512514026537003,0.00466516287997365,0.02827499140867167
94_NCI,0.23512150118975056,0.0035304803429018895,1.0697256584535353e-05,0.079554226263079
94_PKA,0.005797347719903546,0.003348593824682654,0.009041010402143002,0.0060623173155764
95_H1,0.014901618472703807,0.0004861428986069471,0.0006773113855160773,0.00535502425227561
95_P1,0.008755184084523955,0.00024073121112966735,0.00011182994057890028,0.003035915078744174
95_NCI,0.02321354882028181,0.006349396391331228,3.220611688448116e-05,0.009865050442832505
95_PKA,0.005617676081572811,6.826946743050401e-06,0.0,0.0018748343427719538
96_H1,0.007012871887690611,0.0034888528383603444,0.0,0.003500574908683652
96_H3,0.0018986841620167324,0.0006623676936279964,0.0,0.0008536839518815762
96_P1,0.009323979311624103,0.006070799332619601,0.0,0.005131592881414568
96_NCI,0.009621407651106504,0.008737397542795521,0.0008067582966759801,0.006388521163526002
96_PKA,0.0077306315209606765,4.8132797386334546e-06,0.0,0.0025784816002331033
97_H1,0.12685396614833222,0.0002647925396915082,0.0004544574476312846,0.04252440537855167
97_H3,0.0016537637454104419,0.00014354320953557573,0.0,0.0005991023183153392
97_P1,0.005636686448953414,3.712212710390928e-05,0.0,0.0018912695253524411
97_NCI,0.0018082614152920432,0.0006084738556371207,0.0,0.0008055784236430546
97_PKA,0.009715449247471175,0.00037141050210095437,0.0,0.0033622865831907096
98_H1,0.017211210525225687,0.012600531982795862,0.0,0.00993724750267385
98_P1,0.01343170058196821,0.00017307590907393548,2.074604526569601e-05,0.004541840845435947
98_NCI,0.004029944930832228,2.0107379981898915e-05,2.4026225219131447e-05,0.0013580261786777525
99_H1,0.005521913509776075,0.0008663545756358948,0.00022029421234037727,0.0022028540992507823
99_H3,0.0009223383788340532,1.3775788013883828e-07,0.0,0.0003074920455713973
99_P1,0.012914860838965819,0.0015474301561293352,2.084221523546148e-05,0.004827711070110205
99_NCI,0.003101395686763549,0.0022825647276981426,0.0007090375875122845,0.0020309993339913254
99_PKA,0.006802219984303723,0.0004592119703017136,3.4165612305514514e-05,0.0024318658556369836
100_H1,0.09856564968418624,0.011558780985835735,0.006692868657410145,0.038939099775810705
100_H3,0.013558969773453541,3.817359751577943e-05,0.0,0.00453238112365644
100_P1,0.011475050445804233,0.008225200634729537,0.00022410330711863935,0.006641451462550803
100_NCI,0.0030662486693609123,0.016855730678101796,4.20428259531036e-05,0.00665467405780527
100_PKA,0.013859931726255112,0.00012374719073823123,3.0509751013596542e-05,0.00467139622266898
101_H1,0.007824075678435476,0.002683002272757752,0.0014885208802297711,0.0039985329438076665
101_PKA,0.0041794888995625125,0.00018538433041379165,0.0,0.0014549577433254348
102_H3,0.006937772944141669,3.1462301687441067e-07,0.0003551490372046828,0.0024310788681210756
102_NCI,0.011669267078358317,0.008272589487762135,0.0,0.00664728552204015
102_PKA,0.054519104593586484,0.01199141424943323,7.848761742934585e-05,0.022196335486816352
103_H1,0.0007353236878882468,0.003548879347408665,0.0,0.001428067678432304
103_P1,0.012186745415055466,1.999390091595041e-05,0.0,0.004068913105323806
103_PKA,0.03582798317866954,0.0,0.0,0.011942661059556513
104_H1,0.027127432307357886,0.0007170878730161349,0.006970757618546486,0.011605092599640168
104_P1,0.040836384750949375,0.006869840539846562,3.49988549714908e-05,0.015913741381922475
104_NCI,0.018989714096312355,0.0006820188999883729,0.0,0.0065572443321002425
104_PKA,0.0027991166855764393,0.0008174628571838628,3.0182824048097245e-05,0.0012155874556027998
105_P1,0.0017482460008689255,0.00027908188671507846,0.0,0.0006757759625280013
105_PKA,0.003911209860366249,0.0005173173756834621,6.739357922924682e-05,0.0014986402717596528
106_H3,3.198705745658696e-05,0.0,0.0,1.0662352485528986e-05
106_NCI,0.0041538474344243745,0.0,0.0,0.0013846158114747915
107_H1,0.003452565129077826,0.004526333992969982,8.814480679575354e-05,0.0026890146429478534
107_NCI,0.0020891024024380553,0.00012290741386056011,3.0370332751772366e-05,0.0007474600496834627
107_PKA,0.004297369421809923,0.0016258508041579012,0.0,0.001974406741989275
108_H3,0.019011328953706122,0.0002637232710702946,0.0,0.006425017408258806
108_P1,0.006109174098702936,0.01352167816152336,2.7529957151273265e-05,0.0065527940724591895
108_NCI,0.03289019301733859,7.199530961805727e-05,1.3131612831784878e-05,0.01099177331326281
109_H1,0.005473463418187677,0.0001806182640550487,8.34368693176657e-05,0.001912506183853464
109_H3,0.00023151711967335249,0.0,0.0,7.717237322445083e-05
109_PKA,0.010228683205235537,0.01180984817607165,0.010310420766472816,0.010782984049260001
111_H1,0.017400555512847735,0.000729920355562933,0.0,0.006043491956136889
111_H3,0.0004058065944546071,0.0003632456027257426,0.0,0.0002563507323934499
111_P1,0.01460743552645631,0.023908944705300333,6.535951797559392e-06,0.012840972061184735
111_NCI,0.005213053528485564,0.0020846557451256603,0.0,0.0024325697578704082
111_PKA,0.0030829842417421935,0.001238161113189305,0.0,0.001440381784977166
113_H3,9.561634062046412e-06,8.266807034695256e-08,0.0,3.2147673774644547e-06
113_PKA,0.024616698919887037,0.0,0.0,0.008205566306629013
114_H3,0.00043342131082560714,0.027016662555113643,0.0,0.009150027955313084
114_P1,0.0016815265003154052,0.0006189810841225155,0.0,0.0007668358614793068
114_NCI,0.000871958798301853,6.5334960268696114e-06,0.0,0.00029283076477624087
115_H1,0.002881527555462964,0.010500102377707673,0.00032348447712138295,0.00456837147009734
115_H3,0.000706562019893004,0.0007875461139771753,0.0,0.0004980360446233931
115_NCI,0.0036133556928958778,0.0015074548942570344,0.00012675102334469557,0.0017491872034992027
116_H1,0.018724570137979686,0.0007040201174580647,0.00041596294613555074,0.0066148510671911005
116_H3,0.008013995344406721,1.0942414071176525e-05,7.897618161223363e-06,0.0026776117922130403
116_P1,0.018842211091538805,0.0015029774067767195,4.731006993097253e-05,0.006797499522748832
116_NCI,0.010354257033684889,0.016403851392234176,0.00019308198534417897,0.008983730137087748
116_PKA,0.007672393027504743,0.0022047324791602103,1.1742859896912705e-05,0.003296289455520622
117_H1,0.004288670533102943,0.0005153321209118221,0.0,0.0016013342180049219
117_P1,0.00035715508948031417,0.0,0.0,0.00011905169649343806
117_NCI,0.031448102151351055,0.00017717111204741367,0.0,0.010541757754466157
118_H1,0.0377906078240174,1.0719412503026107e-05,0.00012838277325499803,0.01264323666992514
118_H3,0.0024162535437920085,0.0005015745740279989,0.0,0.0009726093726066692
118_P1,0.08162158875422396,0.0022953055122397034,0.0,0.02797229808882122
118_NCI,0.008316791936373144,0.0012161142660019368,2.8443013434298337e-05,0.0031871164052697932
118_PKA,0.05292958201821556,0.021119106164847246,0.00023307549417950213,0.0247605878924141
119_H1,0.009820912233661187,0.0031194445139041765,0.00020819737983401865,0.004382851375799794
119_H3,0.003026380717597466,0.0016949859104945977,0.0,0.0015737888760306879
120_H1,0.015666899362882902,0.0,0.0,0.005222299787627634
120_H3,0.0008160912187661999,0.0,0.0,0.00027203040625539996
120_P1,0.02656057920472267,5.344640923020351e-05,0.0,0.008871341871317625
120_PKA,0.026702847728428774,0.0001642515439104006,0.0,0.008955699757446391
122_H1,0.014491792213038169,0.006783712285018079,0.00027245760429650545,0.007182654034117585
122_H3,0.0004861410047640733,0.0,0.0,0.00016204700158802443
122_P1,0.031991960424162816,0.0015980531964118903,3.0190862162271515e-05,0.011206734827578993
122_NCI,0.11943955393407303,0.23862960688104917,0.0003021266602445394,0.11945709582512225
122_PKA,0.028490074467379233,0.0013052773306488296,4.323261237004772e-05,0.009946194803466037
123_H1,0.0018264639750951819,0.0046621912467155685,9.065465746971313e-06,0.002165906895852574
123_H3,0.00012511995640135964,0.00019936501597452881,0.0,0.00010816165745862949
123_P1,0.022685250605248963,0.0005640449372093718,0.0,0.007749765180819445
123_NCI,0.0077259410138913786,0.00025727048143822526,0.0,0.0026610704984432014
123_PKA,0.0009418723783060587,0.0021456944606376397,0.0,0.001029188946314566
124_H1,0.003192194498796064,0.0035087398117478316,0.002988051623106003,0.003229661977883299
124_H3,0.0004909665876156201,0.00014574176209294107,0.0,0.0002122361165695204
124_NCI,0.11932862913872702,0.00013466090630093113,4.523950701695867e-05,0.039836176517348304
124_PKA,0.2589151923680071,4.140839942414388e-05,0.0,0.08631886692247707
125_H1,0.41348212428302156,2.001878385558331e-05,2.8477748855948448e-05,0.13784354027191104
125_H3,3.943465974014106e-06,0.0,0.0,1.314488658004702e-06
125_P1,5.6002496742225577e-05,0.006160690588396199,1.0,0.3354055643617128
125_NCI,0.005563444390729381,3.159713104741207e-05,0.0,0.0018650138405922644
125_PKA,0.7065198082012956,0.0,0.0,0.2355066027337652
126_H3,0.005904788706209301,0.0,0.0,0.001968262902069767
126_P1,0.0038772502177581835,0.0009522034343114456,0.0,0.0016098178840232098
126_PKA,0.0050583551243650725,1.427440706011373e-05,0.0,0.0016908765104750622
128_H1,5.079230295554389e-06,0.0,0.0,1.6930767651847964e-06
128_H3,0.0011929448542123532,7.961424165523201e-06,0.0,0.0004003020927926255
129_H3,0.0012900293160630787,3.30199943294747e-05,0.0,0.0004410164367975178
129_P1,0.00017864338990161138,1.976850472313352e-07,0.0,5.9613691649614236e-05
129_NCI,0.05412243072651226,3.867508221326965e-07,0.0,0.018040939159111462
129_PKA,0.001495232979886945,7.848639095102202e-05,0.0,0.0005245731236126557
130_H1,0.0005409491789511401,7.571454060170466e-06,0.0,0.0001828402110037702
130_PKA,0.00026878931214742766,3.678362552140022e-05,0.0,0.00010185764588960929
131_H1,0.011259234778775086,0.05240868281707784,0.0,0.02122263919861764
131_NCI,0.0,4.210831406125893e-06,0.0,1.403610468708631e-06
131_PKA,0.0002495736241615836,0.0,0.0,8.319120805386119e-05
132_H1,9.131756191441876e-05,9.031232482557684e-06,0.0,3.344959813232548e-05
132_P1,5.02572496431833e-05,4.836747305906516e-06,0.0,1.8364665649696603e-05
132_NCI,0.0003587546218651721,2.3673432349555596e-06,0.0,0.00012037398836670923
132_PKA,0.00035370600897546834,1.1472308720740711e-05,0.0,0.00012172610589873635
133_H3,0.003197854985412774,0.0,0.0,0.001065951661804258
133_PKA,0.09114756877687938,0.0009443335824572887,0.0001571412867633626,0.030749681215366673
136_H1,0.002723669689245948,8.10192875730219e-06,5.1807994168484583e-05,0.0009278598707239115
136_H3,0.0020946736501435514,0.0,0.0,0.0006982245500478505
136_P1,0.0009170572778749083,0.0009301853294436406,0.0,0.0006157475357728496
136_NCI,0.001969126503328166,0.0002475173192884355,0.0,0.0007388812742055339
136_PKA,0.002064713013251033,0.001758489166961088,1.9173005057382397e-05,0.0012807917284231678
137_PKA,0.0026992013136242655,0.0674719096194777,8.968460315372795e-05,0.023420265178751898
138_H1,0.000449237980641248,0.0002288651040782812,0.0,0.0002260343615731764
138_H3,0.0,1.8551657348556977e-06,0.0,6.183885782852326e-07
138_P1,0.00022975781970867358,5.845562604345844e-05,0.0,9.607114858404402e-05
138_NCI,0.006111975830265432,2.7453675637184718e-05,0.0,0.002046476501967539
139_H1,0.00015915015111776903,0.0,0.0,5.305005037258968e-05
139_NCI,0.0001307056002889908,0.0,0.0,4.35685334296636e-05
139_PKA,0.00016605630321945853,0.00020717656348485713,0.0,0.00012441095556810523
140_H1,0.0035436658615937097,4.404741704231263e-07,0.0,0.0011813687785880442
140_H3,0.0,0.0,0.0,0.0
140_P1,0.03429218183182246,0.0013339607837861225,0.0,0.011875380871869528
140_NCI,0.005733812287957547,0.0,0.0,0.0019112707626525156
141_H3,0.0019072206514198218,0.0001328847922459855,0.0,0.0006800351478886024
141_P1,0.0029628036686320794,2.0677094359203958e-05,0.0,0.0009944935876637611
141_PKA,0.0006463122433385242,0.0003120590567554372,0.0,0.00031945710003132045
142_H1,0.0,0.0,9.256077464669943e-05,3.085359154889981e-05
142_H3,5.8189618208869657e-05,3.8858779445901113e-07,0.0,1.9526068667776224e-05
142_P1,9.608781452702286e-05,0.0,0.0,3.202927150900762e-05
142_NCI,2.4592821825178007e-05,0.0,0.0,8.197607275059335e-06
142_PKA,0.0001910414215447613,1.0824955666530936e-06,0.0,6.40413057038048e-05
143_P1,0.003201983064891989,0.00028466107180276677,0.0,0.0011622147122315853
143_NCI,0.0027169958080354223,0.00020403853974039363,1.59453757078154e-05,0.0009789932411612104
143_PKA,0.0004640945985991014,8.95016441172125e-05,0.0,0.00018453208090543798
144_P1,0.0013489529536633157,0.00015035066211599598,0.0,0.0004997678719264372
144_NCI,0.004217291062662601,6.277760947768044e-05,4.545437332126312e-05,0.0014418410151538481
145_H1,0.0025291147014870944,8.282662706877388e-05,0.0,0.0008706471095186228
145_H3,7.144270895555675e-06,6.94283748737812e-08,0.0,2.4045664234764853e-06
145_NCI,0.00151470898588107,0.0016841000175725656,0.0,0.0010662696678178784
145_PKA,0.0012475663765793455,0.032112006048801114,0.0,0.011119857475126818
147_P1,0.006195155210228394,0.0018934102426151156,0.0,0.00269618848428117
149_P1,0.005355547909844986,0.0004575458639537598,1.3244506590126548e-05,0.0019421127601296241
149_PKA,0.001666026343201667,6.534013971263787e-06,7.195361831691116e-06,0.0005599185730015406
150_H1,0.027680232239665675,0.0012506838021146345,0.0002643427287694067,0.009731752923516572
150_H3,0.0005725417207803184,0.00100745093750943,0.0,0.0005266642194299161
150_PKA,0.0052702349743839775,0.002217338454736203,6.74298862577416e-05,0.002518334438459307
151_H1,0.0031533508315566695,0.0003658783250209088,0.0,0.0011730763855258594
151_P1,0.01039431176070024,0.0004506625321311414,7.126216951292008e-05,0.003638745487448101
151_NCI,0.005806578620200167,0.0014355932991621033,2.771391700662207e-05,0.002423295278789631
151_PKA,0.005545075382414987,8.075229194916356e-05,0.00016661279369145632,0.001930813489351869
152_H1,0.040498103777971216,0.1350008945863189,0.0,0.05849966612143004
152_H3,0.048965470801018963,8.14020600671032e-06,0.0,0.01632453700234189
152_P1,0.025367789638115132,1.4237255455284023e-05,0.0,0.00846067563119014
152_NCI,0.0025074600972728304,0.003947835671547983,0.0,0.0021517652562736047
152_PKA,0.09688449609931479,0.00015893694052830998,8.83948159753345e-05,0.032377275951939476
154_P1,0.006049915003572445,0.0008088791262944564,3.709180964506231e-05,0.002298628646503988
156_H1,0.24453284833268038,1.7211263153652005e-05,0.0,0.08151668653194467
156_H3,4.1198240102703305e-05,0.0,0.0,1.3732746700901101e-05
156_P1,0.13881794596363675,0.027571490774773562,0.0,0.0554631455794701
156_NCI,0.0011587708366200195,0.0023286429925947387,0.0,0.0011624712764049196
156_PKA,0.0036276909547964913,0.04657125040760258,0.0,0.01673298045413302
157_H1,0.005929700911873544,0.0005217534085080686,0.0,0.0021504847734605376
157_P1,0.005793123267166793,3.888600237606666e-05,3.4926473745144904e-05,0.0019556452477626682
157_PKA,0.006601841188836503,7.234054992118895e-05,0.0,0.002224727246252564
158_PKA,0.00577826869234846,0.0008044107908641827,7.178851228673011e-05,0.002218155998499791
159_H1,0.008530045356891901,0.00029173355452892676,0.0004195527289994061,0.003080443880140078
159_P1,0.003523170851067786,0.0024174701951472774,1.839888318500016e-05,0.0019863466431333542
159_NCI,0.004293832008602585,0.003264762362437783,0.00020422067609615624,0.002587605015712175
159_PKA,0.0032406257794047005,0.005138284587832542,0.001824058243073523,0.003400989536770255
160_PKA,0.03388735611026136,0.001744660274775085,0.0,0.01187733879501215
162_H1,0.011864844658087641,0.00025980954819023285,6.599570042453706e-05,0.004063549968900804
162_H3,0.0006511369153811038,1.9678322242242906e-05,0.0,0.00022360507920778224
162_NCI,0.007306909232162621,9.387076705774876e-05,3.112840568064712e-05,0.0024773028016336724
162_PKA,0.0028883482062998724,0.0019791682393628636,0.0003489844093564898,0.001738833618339742
163_H1,0.0004860980535308504,0.01687460017303966,0.0,0.005786899408856836
163_H3,2.028165845289103e-05,0.016716310881795114,0.0,0.005578864180082668
163_P1,0.003818947217200821,2.519279123381808e-05,1.7118405594374053e-05,0.001287086138009671
163_PKA,0.006343043720386866,0.0007686707112810197,7.154780178098008e-06,0.0023729564039486613
164_H1,0.004658731332632376,0.00010267427314110189,0.004844447132200003,0.0032019509126578268
164_H3,0.003211141160761293,0.0,0.0,0.001070380386920431
164_P1,0.0015318246367037754,0.0020514565654803692,1.4684049347124528e-05,0.001199321750510423
164_NCI,0.2132578638624034,0.29002673690884256,0.0,0.16776153359041532
164_PKA,0.001937140307085241,0.00033953255026529126,0.0,0.0007588909524501773
165_H1,0.0030628475556595583,0.0017558769807773564,4.483387237996794e-05,0.0016211861362722942
165_H3,0.00042268752691288354,0.0012583754004953616,0.00036150499363429844,0.0006808559736808479
165_P1,0.0012978457950770103,0.00258512565346356,0.00011362883378751576,0.001332200094109362
166_H1,0.005222962576023963,0.028499266734301677,4.688526678364724e-05,0.011256371525703095
166_P1,0.015544326022555064,0.0008466429016232888,2.2233487470657565e-05,0.005471067470549671
166_NCI,0.21432492933660158,0.06646517484368987,0.0,0.09359670139343047
166_PKA,0.008446273545026669,0.00014951493434958856,1.7040441889548674e-05,0.0028709429737552687
167_H1,0.020784287640889614,1.1185311342276776e-05,0.0,0.0069318243174106295
167_H3,0.12596327975977253,0.0,0.15724609792232513,0.09440312589403255
167_P1,0.06488015155363958,0.0009518758790075185,0.0,0.0219440091442157
167_NCI,0.04610304960758282,6.080540860277285e-05,0.0,0.015387951672061863
167_PKA,0.026771624820356624,0.0,0.0,0.008923874940118875
168_P1,0.016429781753233206,0.00014523459570898935,0.0,0.005525005449647399
168_NCI,0.0635151087308946,0.0016435426196552522,0.0,0.021719550450183284
168_PKA,0.004339661790775117,0.00036307897594119697,7.494188594137086e-06,0.001570078318436817
169_H1,0.004113801489937577,0.0038834919862935882,2.337678597541526e-05,0.00267355675406886
169_H3,6.310549507992587e-05,0.00022111679942559624,0.0,9.474076483517404e-05
169_P1,0.003647103706290707,0.0004699065290229286,0.0004869581898674369,0.0015346561417270241
169_PKA,0.0012355155028339875,0.0011571102226978801,9.230570867657661e-05,0.0008283104780694815
170_H3,3.841210178787448e-05,5.461302966582009e-05,0.0,3.100837715123152e-05
170_P1,0.00016391610219787848,3.776771431120948e-05,3.0796109058428556e-05,7.74933085225055e-05
171_P1,0.0,0.0,0.0,0.0
172_H1,0.024992896096061295,0.0009381037799381973,2.2702828573528677e-05,0.008651234234857674
172_H3,5.7291528294562486e-05,0.00019103015619427214,0.0,8.277389482961153e-05
172_P1,0.02373282957758589,4.4345738146874316e-06,6.632858912780648e-06,0.00791463233677112
172_PKA,0.007153252319414611,4.22464279019967e-06,0.0,0.00238582565406827
173_H3,3.1403835979944954e-05,2.0885659192437385e-05,0.0,1.7429831724127445e-05
173_NCI,0.002180496430741777,2.451647113620016e-05,3.6762542094948003e-06,0.0007362297186958239
174_H1,0.002564204700346509,5.074058223294603e-05,0.0,0.0008716484275264851
174_H3,7.9362973368072e-06,9.042424340106335e-06,0.0,5.6595738923045115e-06
174_P1,0.017268700516798234,0.0,0.0,0.005756233505599412
174_NCI,0.001744033088083125,0.0,0.0,0.000581344362694375
174_PKA,0.04535268283098666,2.7701920888592944e-06,0.0,0.015118484341025173
175_H1,0.0016028506648270112,0.0,0.0,0.0005342835549423371
176_H1,0.00442688811864219,2.4709685668546785e-06,0.0,0.0014764530290696815
176_H3,0.006690310985756765,0.0,0.0,0.002230103661918922
176_P1,0.0047987799155699475,0.0003243140065207141,0.0,0.0017076979740302204
176_PKA,0.007776889620819968,0.0,0.0,0.0025922965402733226
178_P1,0.002582495708688825,0.002654986232473413,0.0,0.001745827313720746
179_H1,0.01193371403966704,0.010023035631130519,3.784569707931951e-05,0.0073315317892922935
179_H3,0.0,0.00010647145885238735,0.0,3.5490486284129115e-05
179_PKA,0.00786173339842728,0.0004389590926382815,1.6768786736065522e-05,0.0027724870926005424
181_H3,0.005571469916536721,0.00013124328931834707,2.843775655492209e-05,0.0019103836541366633
181_P1,0.002833460583132475,0.001031224963292629,0.0003100857138633728,0.0013915904200961589
181_NCI,0.0033184176763509294,0.0016713304080908748,0.0056525664404034615,0.003547438174948422
181_PKA,0.005856988975644611,0.008662768465265697,0.0,0.004839919146970103
183_H1,0.007742112302840225,0.0007608895405855929,0.0003299244854133576,0.0029443087762797255
183_H3,0.005376869779654339,0.0,0.0,0.0017922899265514463
183_P1,0.0011755465278816713,0.0,0.0,0.0003918488426272238
183_NCI,0.0006634894013463668,0.0005559805743343226,0.0,0.0004064899918935631
184_H1,0.0001641252080622316,2.117272463303163e-06,0.0,5.541416017517826e-05
184_H3,0.00538320307849466,1.5609129482167138e-05,0.0,0.001799604069325609
184_P1,0.0003566567403399854,0.00040877280296769056,0.0,0.00025514318110255867
184_NCI,0.0668304386548498,0.004407697269191883,0.0,0.023746045308013896
184_PKA,0.0277416317556949,5.096851423976434e-06,0.0,0.009248909535706293
185_H1,0.0017427081210699485,0.0003897464537705101,0.00029904788243584335,0.0008105008190921006
185_H3,0.0017005889706129338,0.00025757772278255244,0.0,0.0006527222311318287
185_P1,0.0016070265067282307,0.0006182900696515554,0.0,0.0007417721921265954
185_NCI,0.008002242183562639,0.0031910870084695844,0.00010043570364359766,0.0037645882985586072
185_PKA,0.007907564025711085,0.009596503665786333,0.0,0.00583468923049914
186_H1,0.0016593705196315813,0.00949342527933505,0.00010265288437949494,0.0037518162277820418
186_H3,0.001840959486169429,0.0003224255712757372,0.0,0.000721128352481722
186_PKA,0.0019936517173854036,0.0004470832918828743,4.568446456687525e-05,0.0008288064912783844
188_H1,0.010957770153955057,0.0,0.0,0.0036525900513183526
188_PKA,7.182891330039331e-05,0.00046989600354216334,0.0,0.00018057497228085223
189_H3,0.0002631090827882157,0.0,0.0,8.770302759607191e-05
189_NCI,0.0006109550554110992,0.01284273452357413,0.0,0.004484563192995076
189_PKA,0.025654039882500427,9.44771245368059e-05,0.0,0.008582839002345745
191_H1,0.0036070188770468046,2.5197743593274597e-05,0.0,0.001210738873546693
191_H3,5.27707423298243e-05,4.321050187366792e-06,0.0,1.903059750573036e-05
191_P1,0.11966617917480894,6.894785133181098e-05,0.0,0.03991170900871358
191_PKA,0.021335730516893723,6.737212082707911e-05,0.0,0.007134367545906934
192_H1,6.740626903465814e-05,5.21818661037155e-06,0.0,2.4208151881676567e-05
192_P1,0.03308464239209869,5.1965952825570554e-06,0.0,0.011029946329127084
192_NCI,0.09778240163377519,2.4956321197519763e-05,0.0,0.03260245265165757
192_PKA,0.0,0.0007303546011706756,0.0,0.00024345153372355854
193_H1,0.10940119056756757,0.021474077453745476,0.011312729679048061,0.0473959992334537
193_P1,0.0632801196711825,0.008769624360196107,0.003095518331974745,0.02504842078778445
193_PKA,0.030839064135240554,3.138603950094978e-05,0.0,0.010290150058247167
194_NCI,0.00267899715280072,0.00024256142824154116,1.844974758569151e-05,0.0009800027762093175
195_H1,0.016506348297961552,5.423788393476293e-05,1.346331828244729e-05,0.005524683166726254
195_H3,0.00031092914403580655,7.432281649507237e-05,1.9209837773814797e-05,0.00013482059943489792
195_NCI,0.013512938171628368,0.004107431367150083,0.0006030809599906206,0.00607448349958969
196_H3,0.0031324141456660656,1.0655874751438861e-06,1.2491598681663163e-05,0.0010486571106076241
196_NCI,0.0006466477237261848,0.0006255606546067506,0.0,0.00042406945944431176
196_PKA,0.008818941578628054,0.00010760158881032881,0.0,0.0029755143891461275
197_H1,0.0011717932741893966,0.016170736639839596,0.0,0.005780843304676331
197_H3,0.002306575271273124,1.4595257733557774e-05,0.0,0.0007737235096688939
197_P1,0.0015204910369217353,0.00023181565814945243,0.0,0.0005841022316903959
197_PKA,0.003915212067333858,6.060753091450828e-05,0.0,0.001325273199416122
198_H1,0.008908131147873904,0.0013518599184877416,0.0013295408571138978,0.003863177307825181
198_H3,0.0013629062026676222,1.0069149247423564e-05,0.0,0.0004576584506383486
198_NCI,0.0010782168817980423,0.0013980223043204994,0.0,0.0008254130620395138
199_H1,0.16077598407979982,7.20019190760068e-06,0.04951072856783867,0.07009797094651536
199_H3,8.302379792438236e-05,0.0013266802513403118,0.0,0.00046990134975489806
199_P1,0.008659198958268936,0.0004437964087397537,4.056637408211827e-05,0.003047853913696936
199_NCI,0.10150102881170131,5.437126208278418e-06,0.002404567087069154,0.034637011008326245
199_PKA,0.05479478594321021,0.004482079268913261,0.0001997972431126982,0.01982555415174539
200_H1,0.0037694979957738346,0.013493913648012841,0.0,0.005754470547928892
200_H3,0.00046563414078292,0.0,0.0,0.00015521138026097333
200_NCI,0.00020966557380669974,0.00046270190917458597,0.0,0.00022412249432709523
201_P1,0.038461600975089216,0.00020408291946739376,0.00017089213361032307,0.01294552534272231
201_NCI,0.0631701706181207,0.0007385847894394797,3.532075061229989e-05,0.021314692052724165
201_PKA,0.001131269986610898,0.00047855254887248575,4.921561048831791e-05,0.0005530127153239006
202_H1,0.014766042507852016,0.03814069711337993,0.0,0.017635579873743982
202_H3,0.06253540342553691,0.057423513070440524,0.0,0.03998630549865915
202_P1,0.1328425209596477,0.24961754661859525,0.0,0.12748668919274764
202_NCI,0.018732980999973208,1.0288799678495101e-05,0.0,0.0062477565998839005
202_PKA,0.04343220655862514,0.005582008552553724,0.0,0.016338071703726288
204_H1,0.015215011421549997,0.7140778719359269,0.0,0.24309762778582564
204_H3,3.331482996714368e-05,1.4327516220652428e-05,0.0,1.5880782062598702e-05
204_P1,0.030370418324635367,0.003142480922798405,0.000479798560263589,0.011330899269232454
204_NCI,0.025112672734202576,0.17948007171276137,0.0,0.06819758148232132
204_PKA,0.0007767193334229286,4.132454665813105e-05,0.0,0.0002726812933603532
205_H1,0.01511728698258296,0.009718129071517697,0.0005669250967912376,0.008467447050297299
205_H3,9.354266102160317e-05,3.3194891567635746e-06,0.00026379289920441806,0.0001202183497942616
205_P1,0.024305547206946547,0.021438681767312066,0.00212465925142169,0.015956296075226768
205_NCI,0.0147756240704748,0.005560052894141045,0.0007558622746728361,0.007030513079762894
205_PKA,0.01762414139136702,0.0023737121134767697,0.0042365253902971745,0.008078126298380322
206_H1,0.019497449414451737,0.011848598923865356,0.0,0.01044868277943903
206_H3,0.002429510238412839,2.352046971391679e-06,0.0,0.0008106207617947437
206_P1,0.3716087715433856,0.012950450300367114,0.0006266608834266663,0.12839529424239313
206_NCI,0.01032913676714185,0.0027368353272956723,0.0004991387249901891,0.0045217036064759035
206_PKA,0.5906497653071688,0.0010749362296680219,0.0592910535633564,0.21700525170006443
207_H1,0.03293594940833626,2.193748036914824e-05,0.0,0.010985962296235136
207_H3,0.0025975924073622773,0.0,0.0,0.0008658641357874257
207_P1,0.053163437613829405,0.08031535602862368,0.0,0.04449293121415102
207_NCI,0.018445834721122926,0.00021020483673736784,0.0,0.006218679852620098
207_PKA,0.016476310854106786,0.014890144751083864,0.0,0.010455485201730216
208_H1,0.18920254858129823,0.00034309652535923196,0.0,0.06318188170221915
208_H3,1.6930798702286089e-06,0.026715556207910985,0.0,0.008905749762593737
208_P1,0.1466637037381672,0.47493903140240007,0.0,0.20720091171352242
208_NCI,0.11006811312757883,4.657115347167206e-05,0.13062576949596405,0.08024681792567152
208_PKA,0.10126533089894915,0.0022888114638824624,0.0,0.0345180474542772
209_H1,0.012185335893077943,0.010006269803322419,0.0030182248447090387,0.008403276847036468
209_NCI,0.009733036663154927,3.584567032478219e-05,0.00032562011620029807,0.0033648341498933357
209_PKA,0.004402179464063887,0.003043727242708134,0.0034523210488259792,0.0036327425851993334
210_H1,0.005741514338046497,0.0002844369149938037,1.7055155694833957e-05,0.0020143354695783783
210_H3,0.00253856169868551,1.265549959175442e-05,0.0,0.0008504057327590881
210_P1,0.002967873248473874,0.00015077223232587766,1.264401180378627e-05,0.0010437631642011794
210_PKA,0.0029661011204144497,0.001556036536739151,0.0,0.0015073792190512002
211_H1,0.03455808722496492,0.003707337917578361,0.0005263793864287436,0.012930601509657342
211_H3,4.4028837355565053e-05,0.0,0.0,1.4676279118521684e-05
211_P1,0.02956522265510086,0.10754492737579016,0.0,0.04570338334363034
211_NCI,0.025711535775901944,4.094761152551294e-05,0.0,0.008584161129142487
211_PKA,0.004469512469911395,0.000893541217932852,0.0,0.0017876845626147487
212_H1,0.02592493422069036,0.0,0.0,0.008641644740230119
212_P1,0.02622567903984783,0.0,0.0,0.00874189301328261
212_NCI,0.0008966190432576392,0.0,0.0,0.00029887301441921307
212_PKA,0.0031158822739702037,4.488325946991553e-06,0.0,0.0010401235333057318
213_H3,0.0006392232087049016,0.000430036525750293,6.957784353289753e-05,0.0003796125259960307
213_PKA,0.019544150892214063,0.001318134971361305,0.0017827379051595926,0.007548341256244987
214_H1,0.005182799974994917,0.006123862624757092,0.00042949928320012987,0.003912053960984047
214_P1,0.002079269700478242,0.0006561535445286346,0.0001134443300543353,0.000949622525020404
216_H1,0.004135552927248258,0.0012272069840554573,0.0,0.0017875866371012386
216_P1,0.0015834156411536845,0.0038257086695978972,0.0,0.001803041436917194
216_NCI,0.003138586365419784,0.0001673107996844622,0.0,0.0011019657217014153
216_PKA,0.003212619958530672,0.00010278471486282553,0.01439712569117546,0.005904176788189653
217_H1,0.03278309062558653,0.0024964209628161585,0.0010162818944081664,0.012098597827603618
217_H3,0.02072393558843203,0.00017330148921582234,0.0012027029879391193,0.007366646688528991
217_P1,0.020518194186410387,0.001858389562373578,0.000449289393145591,0.007608624380643185
217_NCI,0.02662668025844647,0.01684867381593496,9.989501268137246e-05,0.014525083029020933
218_H1,0.007483230710047473,0.004652466381125516,1.540951052447781e-05,0.0040503688672324884
218_PKA,0.010553222169736812,0.003324474200556963,0.0001991108583752066,0.004692269076222994
220_H1,0.003746554330895892,0.004148858762951754,0.00020823421073146164,0.0027012157681930355
220_NCI,0.0013306175565148003,0.0007743880265490359,2.801530536089558e-05,0.0007110069628082439
221_P1,7.7398150552644e-05,0.00028712263704610484,0.0,0.00012150692919958294
221_NCI,6.691687395584016e-05,0.0,0.0,2.230562465194672e-05
221_PKA,0.0019021686575334763,0.07013281080905111,0.0,0.024011659822194862
222_H1,0.0021221920021595605,0.0002664812549262743,0.0,0.0007962244190286116
222_H3,2.0478575985014834e-05,0.0005482178134402042,0.0,0.0001895654631417397
222_P1,0.001701635142249589,0.00032268073476442074,0.0,0.0006747719590046698
222_NCI,0.0005679298659568918,4.5627765119581274e-05,0.0,0.00020451921035882437
222_PKA,0.0019697988048826337,0.0013300733612599783,0.0,0.001099957388714204
224_H1,0.49228883367664866,0.1593920379112571,0.04671831801533699,0.23279972986774758
224_H3,0.19061139007051403,4.903044446585304e-05,0.0,0.0635534735049933
224_P1,0.37601524583854523,0.0002148786191062277,0.0,0.12541004148588383
224_NCI,0.1259299617041007,0.11083351569193531,0.0,0.078921159132012
224_PKA,0.1311320606608219,7.634504234658413e-05,0.0,0.04373613523438949
225_H3,0.00026105101896501,3.7066819194929628e-06,0.0,8.825256696150099e-05
225_P1,0.024789161882427878,3.304769476978777e-05,0.0,0.008274069859065888
225_NCI,0.0038306582979181028,1.9033306498822117e-05,0.0,0.0012832305348056416
225_PKA,0.0027712150704251857,0.00041452967061517826,4.114361945539713e-05,0.001075629453498587
226_P1,0.0011494015979392094,3.802243376444241e-06,0.0,0.0003844012804385512
226_PKA,0.0,0.00015065799276778397,0.0,5.021933092259466e-05
227_H1,0.0003129621714088179,1.4327458902234364e-05,0.0,0.00010909654343701742
227_H3,2.645432445604453e-06,0.0,0.0,8.818108152014843e-07
227_P1,0.004228293358247777,4.608676368212649e-06,0.0,0.0014109673448719966
227_NCI,0.01042114564454659,1.906150374290692e-05,0.0,0.0034800690494298323
227_PKA,0.0004479587969922215,9.965628588889802e-06,0.0,0.00015264147519370377
228_H1,0.006307709700776754,0.000716578911083314,0.0003001123259309679,0.0024414669792636786
228_H3,0.0007624580599319531,0.00019709876421010374,0.0,0.000319852274714019
228_P1,0.004004625661376712,4.56047510266631e-05,1.671827703830786e-05,0.0013556495631472274
228_NCI,0.0019297642664397848,0.0026033099687001807,0.0008829867001622915,0.0018053536451007523
229_PKA,0.010317054459259296,8.213458014273174e-05,0.0,0.0034663963464673427
230_H1,0.019849185087767493,0.10679585509714125,0.0,0.04221501339496958
230_P1,0.11960040515091229,7.45883690022908e-06,0.0,0.03986928799593751
230_NCI,0.0,1.1849492986878352e-05,1.349137346551288e-05,8.44695548413041e-06
230_PKA,0.04969709134011035,0.0,0.0,0.016565697113370116
231_H1,0.0012415643603482308,1.4550848582372422e-05,1.9425147911533713e-05,0.00042518011894737896
231_H3,0.0019095291544025817,2.9495614778588224e-05,0.0,0.0006463415897270567
231_P1,0.017863022735984873,0.0018863686251213232,1.5616145901731215e-05,0.006588335835669309
231_NCI,0.009055309306906525,0.0033700662709797253,0.00016189264715649188,0.0041957560750142476
231_PKA,0.0015190487313806104,0.0007236802152372303,0.0003579109034035355,0.0008668799500071255
232_H1,0.004134030110291852,0.0033960209435555068,5.552366928895935e-06,0.0025118678069254185
232_H3,0.005936307249915029,0.0,0.0,0.0019787690833050096
232_P1,0.0061168977941878444,5.335292091089256e-05,0.0,0.0020567502383662456
233_H1,0.00017371705195146474,0.0,0.0,5.790568398382158e-05
233_P1,0.00014024426154322721,7.89769591175448e-05,0.0,7.307374022025733e-05
233_NCI,1.410903203920351e-05,0.009358705397190638,0.0,0.003124271476409947
235_PKA,0.0005527177492067316,1.9498600006605126e-05,7.799434570188168e-06,0.0001933385945945083
237_NCI,7.053158658098187e-05,0.00029859465709406157,0.0,0.0001230420812250145
238_H1,0.0451718274427137,0.021240847428434063,0.0,0.022137558290382584
238_P1,0.0033110043664388005,0.0011929211700646987,0.0,0.0015013085121678331
238_PKA,0.005930024302105933,0.0012693476995484854,0.0,0.0023997906672181394
241_P1,0.002934716632253662,0.00012194330574980642,0.0,0.001018886646001156
241_NCI,0.001655467170907703,0.0006965220052401747,0.0,0.0007839963920492926
241_PKA,0.0030970147002042543,0.00012926548486993182,1.7598040358279832e-05,0.001081292741810822
242_PKA,0.0022808552144911423,2.140127870874261e-06,0.0,0.0007609984474540055
245_H3,0.0008298718743473054,3.042315023524272e-07,0.0,0.0002767253686165526
245_NCI,0.00012130459064068788,0.0,0.0,4.043486354689596e-05
248_H3,0.0010261046919866977,8.083132406866215e-06,2.992855797856464e-06,0.0003457268933971401
248_NCI,0.004223272947999607,0.00012922325307208684,0.0005194690893404186,0.0016239884301373709
248_PKA,0.0027876356759053973,3.98461899014674e-05,0.0,0.000942493955268955
249_H1,0.005094260027224727,0.0,0.0,0.0016980866757415755
249_H3,4.2326919129671234e-07,0.0,0.0,1.4108973043223745e-07
249_NCI,0.0004174845123490098,9.376376954022671e-05,0.0,0.00017041609396307883
250_H1,0.0013962990327088583,7.456918176338587e-07,0.0,0.00046568157484216407
250_NCI,0.0,1.179404589830177e-06,0.0,3.9313486327672565e-07
251_P1,0.0002970566500557049,0.00011260079175097442,0.0,0.00013655248060222646
251_PKA,0.002119831543736937,0.00012589744823142336,0.0,0.0007485763306561201
252_H1,7.058037211712313e-05,0.0012299710526001229,0.0,0.0004335171415724153
252_NCI,0.0005410724177545328,4.423583974852862e-05,0.0,0.00019510275250102046
252_PKA,0.0002416313590112817,0.0,0.0,8.05437863370939e-05
253_H1,0.002605174243278024,4.5454963414758204e-05,0.0,0.000883543068897594
253_P1,0.0005771349415261332,1.9135753515060202e-05,0.00254036788828671,0.0010455461944426344
255_P1,0.0025974555275269594,0.00034230171487011047,5.002501347917132e-05,0.0009965940852920804
255_PKA,0.0038619499455347043,0.00011499539443486108,0.0,0.001325648446656522
256_H1,0.002092455607255053,0.00012032988390805606,2.1815632862853818e-05,0.0007448670413419876
256_H3,0.000414071270441005,0.0,0.0,0.00013802375681366832
256_P1,0.004588981347731461,4.365176465714257e-05,0.0,0.0015442110374628679
256_NCI,0.0011669816605630408,5.625782803350814e-05,0.0,0.00040774649619884965
256_PKA,0.0014052619068113822,0.00011674801639362356,3.109701719949953e-05,0.0005177023134681684
257_H1,0.03352934728922043,0.0,0.0,0.011176449096406811
257_P1,1.3191901503980456e-05,0.0003441323168856693,0.0,0.00011910807279654993
257_NCI,0.029994565175643084,0.0015937529094060133,0.0,0.010529439361683032
257_PKA,0.04592514995893936,0.0,0.004116049502044916,0.016680399820328092
258_H1,0.01850580116349138,0.04331045067449145,0.025600316002964973,0.029138855946982598
258_P1,0.002122037357567549,8.911529633891137e-06,0.0,0.0007103162957338135
258_NCI,0.04035426541264274,0.001825781146744533,0.04803754389286041,0.03007253015074923
258_PKA,0.0022898718382974876,0.000544435960933341,0.0,0.0009447692664102761
259_H1,0.005296490159987178,0.00035339079065974067,0.0,0.0018832936502156394
259_H3,0.0005697467812737707,0.0007358610383434433,0.0,0.00043520260653907134
259_P1,0.046537203544891804,0.000646924583993276,3.94955714000389e-05,0.01574120790009504
259_NCI,0.008773997020694813,0.00018042314423401316,0.00015543756308034062,0.003036619242669722
260_H1,0.007390456303217029,2.090302683849568e-05,0.0,0.0024704531100185083
260_H3,0.0004085352544440222,5.981401450506688e-05,0.0,0.00015611642298302969
260_P1,0.0001769079235557514,0.0014456092180505074,0.0,0.0005408390472020863
260_PKA,0.00027388714446181355,6.0595704618833067e-05,6.034721081960015e-06,0.00011350585672086887
261_H1,0.003280202360017401,0.00026513961781270536,0.002004349837079644,0.0018498972716365835
261_H3,0.0031062244276131687,0.00033176350147269746,5.337444235919975e-05,0.0011637874571483553
261_P1,0.003961300318160334,0.011587893604699289,5.6068987760227174e-05,0.00520175430353995
261_NCI,0.0015913493690643547,0.001688644561076816,0.0,0.001093331310047057
261_PKA,0.001996890307863021,0.0006745324628535628,0.0,0.000890474256905528
262_P1,0.0010679889493786703,0.008200156300334731,0.0,0.003089381749904467
263_H1,0.006878922777451278,0.0070044505193577675,5.2792453061556444e-05,0.0046453885832902
263_H3,0.0001520254695139442,0.0,0.0,5.067515650464807e-05
263_P1,0.0037083467896016414,9.140194899579255e-05,2.1777537767775357e-05,0.0012738420921217365
263_PKA,0.00825068092543912,9.673989216356785e-05,1.4324458788905758e-05,0.002787248425463864
264_H1,0.0034686012153083983,0.0010407956009940056,0.0030100690200924873,0.0025064886121316304
264_H3,0.005828530056269831,2.0799983701911752e-05,0.00047825256478972733,0.0021091942015871567
264_PKA,0.001360181084049717,0.0005799860136781758,0.0,0.0006467223659092976
265_H1,0.36089147145103667,0.0,6.523785123135895e-05,0.120318903100756
265_P1,0.13720974671383732,0.00010102245854939985,0.0,0.04577025639079557
265_NCI,0.17872356016970403,0.4899972766902443,0.0,0.22290694561998278
265_PKA,0.26629173833069936,1.2477831782298923e-06,0.0,0.08876432870462586
266_H1,0.0020832117106481833,0.0015761271678028691,0.00010793178080348298,0.0012557568864181785
266_P1,0.0028500678055208067,0.0015913044067093136,0.00024734417092986405,0.0015629054610533282
266_NCI,0.0254604103194493,5.277226182966649e-05,0.0,0.008504394193759654
269_H1,0.0037260249799867125,0.011286052452116686,0.0005831890739500523,0.005198422168684483
269_H3,0.0037258619652999563,0.00023241127334313724,0.0,0.001319424412881031
269_P1,0.002739597175637792,7.264893728811096e-05,0.0,0.000937415370975301
269_NCI,0.004554953726525675,0.011330246856271847,2.0935623979312368e-05,0.005302045402258944
269_PKA,0.0093603619579371,0.001046298609042116,0.00012845598394051194,0.003511705516973243
270_H3,0.0007983601928245178,0.0004965150114862495,0.0,0.00043162506810358905
270_NCI,0.0023239593534540473,0.00457755694909492,2.880569445551373e-05,0.002310107332334827
270_PKA,0.001842789660261736,9.180761316480857e-06,0.016601361334323883,0.006151110585300701
271_H1,0.021892864267399448,0.007309365652623759,0.0,0.009734076640007736
271_H3,0.0013859399125248763,0.004237442630615817,0.0,0.0018744608477135642
271_P1,0.015384160447016956,0.00018416508009394647,0.0020309071987867355,0.005866410908632547
271_NCI,0.00976120571980294,0.012392309026997615,0.0,0.007384504915600185
271_PKA,0.0073232143735208165,0.00012346410143798588,0.0,0.0024822261583196006
272_H1,3.154225579449549e-05,0.010382322130487443,0.0,0.003471288128760646
272_H3,0.0003247885596490707,0.0,0.0,0.0001082628532163569
272_P1,0.005800057968040994,0.0,0.0,0.0019333526560136646
272_NCI,0.00023114695063720155,0.0,0.0,7.704898354573386e-05
272_PKA,0.00033074637435069224,0.0006868326792486792,0.0,0.0003391930178664572
273_H1,0.0075272147032251395,0.0008014433126186759,2.50362263614079e-05,0.002784564747401741
273_H3,0.00023969458856312322,7.114142759218619e-06,0.0,8.226957710744727e-05
273_PKA,0.002240761947972895,0.0017589645411005702,4.1437560867052525e-05,0.001347054683313506
274_H1,0.000610599354417567,0.00047670615523928565,0.00012170540139777586,0.0004030036370182095
274_H3,0.0021752940343411904,0.0005939124597198333,0.0,0.0009230688313536746
274_NCI,0.006864869749295832,0.0009338626323763899,0.0,0.0025995774605574074
274_PKA,0.0016758227575823278,0.09672442801927235,9.979588503483683e-05,0.032833348887296505
275_H1,0.007624191488771532,0.005350532942414875,0.0003289820742793381,0.004434568835155248
275_P1,0.03072154943059145,0.10274051077810696,0.0,0.04448735340289947
275_PKA,0.1277980586384352,0.0001335098358665265,0.0,0.042643856158100575
276_NCI,0.006295157128524811,5.234063497758647e-06,0.00018885944155044854,0.0021630835445243394
276_PKA,0.0047497534575676745,0.05003130909922063,0.0,0.0182603541855961
277_H1,0.0016605035137277104,0.0008577035734545931,1.8637379980646074e-05,0.0008456148223876499
277_H3,0.003218912889552981,3.01949201058828e-07,0.0,0.0010730716129180133
277_P1,0.0020846557179567326,0.00016435888190332714,0.0,0.0007496715332866866
277_PKA,0.0028287647766191033,0.0004199215788344536,0.002005790127441287,0.001751492160964948
278_H1,0.012841452511901162,0.0010210947601248753,0.0003035753616131842,0.0047220408778797405
278_H3,3.733234267222713e-05,0.0,0.0,1.244411422407571e-05
278_P1,0.0026252488241158296,0.0019382734750397492,0.0,0.0015211740997185263
278_NCI,0.0029304624417823806,0.0007673279652230811,3.9326216210611165e-05,0.0012457055410720244
278_PKA,0.012875069309977496,0.0007730367858708422,0.0,0.004549368698616113
279_H1,0.08172243640310718,0.0014933506916920325,0.012984705157577991,0.0320668307507924
279_H3,0.0004771941745938263,1.6790980292727842e-05,0.0,0.00016466171829551806
279_P1,0.10184429735020689,0.00010528272127232255,0.0,0.033983193357159734
279_NCI,0.04522037085049923,6.527403196285944e-06,0.0,0.01507563275123184
280_H1,0.30570891122000227,0.0,0.0,0.10190297040666742
280_H3,0.0015042097610568218,0.0,0.0,0.0005014032536856072
280_P1,0.3247675593701846,0.016323975456490804,0.0021350074093788862,0.11440884741201808
280_NCI,0.013945233282115636,0.0008430764434049088,9.211254655383527e-05,0.004960140757358127
280_PKA,0.2903960185673097,0.0021331917317445903,0.0,0.09750973676635143
281_H1,0.11484523134470415,0.0004715925286352811,0.001233259099535644,0.038850027657625026
281_H3,0.0028660233552444216,2.0787968965975815e-05,0.0,0.0009622704414034658
281_P1,0.0541192288265785,0.03335601276325877,0.0,0.02915841386327909
281_PKA,0.0020588703789280495,0.002468499643494253,0.0003041480958927423,0.0016105060394383485
282_H1,0.003788569874415629,0.00015361715436644933,1.7283357010455802e-05,0.0013198234619308448
282_NCI,0.0024766077487766193,0.00316477899374223,8.517292735632509e-05,0.0019088532232917248
282_PKA,0.07202730543188199,2.8907733041524877e-05,0.0,0.024018737721641172
283_H1,0.0011642396603814293,1.4141806391683854e-05,0.0025514671579003334,0.001243282874891149
283_P1,0.0014967260287655764,1.2258892520485602e-05,0.0,0.0005029949737620207
283_PKA,0.0021747207012775393,3.5509258055107985e-05,0.0,0.0007367433197775492
284_H1,0.2665403879231467,1.4333835804369223e-05,0.0,0.08885157391965036
284_H3,0.00027137149085023834,1.55674048432298e-05,0.0,9.564629856448939e-05
284_P1,0.04100888764646767,0.0011561102598328103,0.0,0.014054999302100161
284_PKA,0.0006559586270664137,4.060069071988408e-06,0.0,0.00022000623204613404
285_H1,0.0009506032851607482,1.0625296174190573e-05,0.0,0.00032040952711164623
285_H3,2.469078045176519e-07,4.361044778028505e-09,0.0,8.375628309856014e-08
285_P1,0.37362631446011013,0.03567730513527609,0.0,0.13643453986512874
285_NCI,8.370108963389833e-05,0.0001541383668070886,0.0,7.927981881366231e-05
285_PKA,3.4616295009029516e-05,1.1096532003236586e-05,0.0,1.52376090040887e-05
286_H1,0.5339261125789854,0.0023835017270830722,0.0,0.17876987143535616
286_H3,0.00038373643732405395,0.0,0.0,0.00012791214577468466
286_P1,0.12650538205502687,0.00022809437016459012,0.0,0.04224449214173048
286_NCI,0.00974951392873608,0.00018290668810904868,1.9606521163950674e-05,0.00331734237933636
286_PKA,0.02449240584839604,0.0028221263001685423,0.0,0.009104844049521527
287_H1,0.004059831067521825,0.0012227515367624793,0.0008303365902975202,0.002037639731527275
287_H3,0.0005016941122468724,2.6353956099875425e-05,0.0,0.00017601602278224926
287_P1,0.0960463142198063,0.0021669409536115574,0.0,0.03273775172447262
287_NCI,0.009179481131898507,0.14037455047396472,3.658116838778369e-05,0.049863537591417005
287_PKA,0.09589410968368213,0.00038291429092076836,0.0005767245311290026,0.03228458283524397
288_H1,0.005259022097164645,2.755370843473735e-06,0.0,0.0017539258226693729
288_P1,0.0013084613585625645,0.023482715654410548,0.0,0.008263725670991038
288_NCI,0.11219985662792938,1.2689215475764603e-05,0.0,0.037404181947801714
289_H1,0.001929704962891608,0.003952990895465501,2.71715489361668e-05,0.0019699558024310923
289_H3,0.002316765489776236,0.0015433754051962614,0.0,0.0012867136316574992
289_NCI,0.03455802665560598,0.0029023011095196654,0.00015824181900825351,0.0125395231947113
289_PKA,0.004076352985354508,0.000702409267357539,0.0037737127859145403,0.0028508250128755296
290_H1,0.036661591040952075,4.76269425467252e-05,1.2388992217893247e-05,0.01224053565857223
290_H3,5.399337523645993e-05,0.0,0.0,1.7997791745486644e-05
290_NCI,0.001550020022791916,0.00025861237497391707,1.555569178890437e-05,0.0006080626965182458
290_PKA,0.03036670504890554,2.7985714776920202e-05,0.0,0.010131563587894153
291_H1,0.0030335821785483063,0.0005976464104271561,0.0,0.0012104095296584874
291_H3,2.6454372972322033e-06,0.0,0.0,8.818124324107344e-07
291_P1,0.0006490191134548525,0.0,0.0,0.00021633970448495083
291_NCI,0.002921171792656134,0.04888458597244087,0.0,0.017268585921699
291_PKA,0.0008648968400970505,0.005544223880796315,0.0,0.0021363735736311218
293_H1,0.020279720810678345,3.198738908261574e-05,0.0,0.00677056939992032
293_H3,6.454856202264899e-06,7.4544106710159585e-06,0.0,4.636422291093619e-06
293_P1,0.02315539357528338,0.013533604713993175,0.0,0.012229666096425519
293_NCI,0.04032758047444042,0.00383454202263231,0.0,0.014720707499024243
293_PKA,0.0018420877913643261,0.0001325379745250055,0.0,0.0006582085886297773
294_H1,0.0014857407622666618,2.2252443807064966e-06,0.0,0.0004959886688824561
294_H3,4.5854278830973605e-07,5.991549009916623e-06,0.0,2.1500305994087865e-06
294_P1,0.0035935262098686607,0.07763099776122959,0.0,0.027074841323699417
294_NCI,0.00038186229309203313,0.00018827081337975584,0.0,0.00019004436882392965
294_PKA,0.005941824108788653,0.007642784336765197,0.0,0.004528202815184616
295_H1,0.1116840665197217,0.04166759972837537,0.0,0.051117222082699025
295_H3,0.0018099286649837967,0.04802903644498355,0.0,0.016612988369989114
295_P1,0.00010034495357389701,0.00032792385486331765,0.0,0.00014275626947907156
295_NCI,0.019545006368966913,0.007079207562444227,0.0,0.008874737977137047
295_PKA,0.054677796677880725,1.496603275028783e-05,0.0,0.01823092090354367
297_P1,0.003310314583296631,0.00010570118857282466,3.943224874092266e-05,0.0011518160068701262
298_H3,0.0008440196735720882,0.002047695437889726,6.434245005948469e-05,0.0009853525205070995
298_P1,0.009196549391704313,1.9750548242360193e-05,4.448842810234055e-05,0.003086929456016338
298_NCI,0.009803785515318382,0.008922417856249063,0.0003853730158880353,0.0063705254624851606
299_H3,0.001797167351750638,0.0007651465346761344,0.0,0.0008541046288089242
299_P1,0.02361082003933251,0.002157768518429106,4.112769238417968e-05,0.008603238750048599
299_NCI,0.020753032969331335,0.13429895054376795,3.575724986148998e-05,0.051695913587653596
299_PKA,0.13243563751822623,3.110071288406425e-05,0.00018197990721091628,0.04421623937944041
300_H1,0.0016588081446936086,5.875315386896174e-05,5.169349242351018e-05,0.0005897515969953602
300_P1,0.0003770827881903046,0.0658755602077246,3.142756759189069e-05,0.022094690187835598
300_NCI,0.001546394500369199,0.00016846022392904907,2.090842644975055e-05,0.0005785877169159995
300_PKA,0.005815937494679278,9.27239231888532e-05,0.00018933560932055116,0.0020326656757295608
301_H1,0.0056879373092651115,7.511819823034771e-06,9.506675269221887e-06,0.0019016519347857894
301_H3,0.003570784585657904,1.3740219853497184e-06,0.0,0.0011907195358810848
301_P1,0.0009825387974709801,0.0004612444132797456,0.0,0.00048126107025024185
301_NCI,0.0008438961192273729,7.264487648918156e-05,0.0,0.00030551366523885146
302_H1,0.034182302864362274,0.00014828059368122664,0.0,0.011443527819347835
302_P1,0.10429827431761839,0.0,0.0,0.03476609143920613
302_NCI,1.058172978241774e-07,0.0,0.0,3.527243260805913e-08
302_PKA,0.0069290254049416385,0.0,0.0,0.002309675134980546
304_H1,0.0030839564499655606,0.00015180884870321477,2.1344711058191024e-05,0.0010857033365756555
304_H3,0.00850810919136347,0.003322889676681065,0.0,0.003943666289348178
304_P1,0.0011837888124928348,0.0004987310400055577,4.7832480049692094e-05,0.0005767841108493616
307_H1,0.010216744214361424,1.3267881925860639e-05,0.0,0.0034100040320957617
307_H3,5.041488792670397e-05,2.0518642699769675e-05,0.0,2.3644510208824546e-05
307_P1,0.0008515286829259653,1.0487342339199164e-05,2.6655026886146516e-05,0.000296223684050437
307_NCI,0.04012880048174154,7.683575393364066e-05,0.0,0.013401878745225061
307_PKA,0.002374350248767557,0.0038229514248073284,0.0,0.002065767224524962
308_NCI,0.0020311939089886983,0.000684501701683347,2.928053800133057e-05,0.0009149920495577919
308_PKA,0.0013889254022149582,6.185809780645323e-05,0.0005006538704037666,0.0006504791234750593
311_H1,0.0003656189149601315,0.00035947262803326196,0.002069829497486353,0.0009316403468265822
311_H3,6.654156481908522e-05,1.330369238541461e-06,1.1620914847298991e-05,2.6497616301641893e-05
312_H1,0.0020711863755893374,8.007575728276268e-06,0.0,0.0006930646504392045
312_P1,0.002091430612026162,0.0,0.0,0.000697143537342054
314_H1,0.0038839800898533257,0.0006301362289558982,6.797551031922922e-05,0.0015273639430428178
314_H3,2.8570722810230976e-06,0.004692070404624795,0.0,0.0015649758256352727
314_P1,0.003322977690504348,0.0005432428745004765,0.0,0.0012887401883349416
314_NCI,0.0009280867618611204,0.002400400794179604,0.0,0.0011094958520135748
314_PKA,0.0017863407368581927,0.00019704325691377445,0.0,0.0006611279979239891
315_H1,0.0025314998540033407,0.00047333684963769205,0.00023955795040819794,0.0010814648846830769
315_H3,1.119855146155528e-06,0.0004903449919696468,0.0,0.00016382161570526745
315_P1,0.001535540137426581,1.8161630685072903e-05,0.0,0.0005179005893705513
315_NCI,0.005919724127650817,0.0018548212649262868,0.0,0.002591515130859035
315_PKA,0.0002540552369843018,0.33547247138332764,0.0,0.11190884220677065
316_H1,0.010767681949676077,0.02946908994722422,0.0,0.013412257298966765
316_H3,2.0486266429739084e-05,0.0,0.0,6.8287554765796945e-06
316_P1,0.004060449010404515,0.0,0.0,0.0013534830034681717
316_PKA,0.0011434851514885386,1.318232221959564e-05,0.0,0.0003855558245693781
317_H1,0.03638984465574837,0.0009735179819616998,0.0,0.012454454212570023
317_NCI,0.0017174091027091021,0.0,0.0,0.000572469700903034
317_PKA,0.03088325260769347,0.0,0.0002678246528375894,0.01038369242017702
318_H1,0.037096997118559405,0.00047196075602090484,0.0,0.012522985958193436
318_H3,0.031772105226853774,0.0,0.0,0.01059070174228459
318_P1,0.07265942285621514,1.9544760728836283e-05,1.2870042155554984e-05,0.024230612553033177
318_PKA,0.034322584368446804,1.3684998968940866e-05,6.048046998330392e-06,0.011447439138138026
319_H1,0.023254548716236632,7.42667081834317e-05,4.4422486098483205e-05,0.007791079303506182
319_H3,0.0006759186256961497,0.0,0.0,0.00022530620856538324
319_P1,0.12171259475646849,0.0008846177299175162,1.6708680050214753e-05,0.04087130705547874
319_NCI,0.00671350844509593,0.001436826994775747,0.0,0.002716778479957226
319_PKA,0.015759901446132814,0.013853058963827367,0.0,0.00987098680332006
320_H1,0.009941205477560416,0.00012302688332557275,0.0,0.0033547441202953295
320_H3,0.002004769573086865,0.0,0.0,0.0006682565243622883
320_NCI,0.00016638149202093547,0.000408105021970186,0.0,0.00019149550466370717
320_PKA,0.0004974349938010834,0.00015958620962804097,0.0,0.00021900706780970808
321_P1,0.002885565429231163,0.00015353337612489978,5.770696225226857e-05,0.001032268589202777
321_NCI,0.003194612543441685,0.001775026756131076,0.0,0.0016565464331909205
321_PKA,0.004923251846437168,7.526146212820307e-06,0.0,0.0016435926642166627
322_H3,0.026366512565292793,0.0,0.0,0.008788837521764264
322_NCI,0.0009730978278242751,1.2377281207221615e-05,0.0,0.0003284917030104989
322_PKA,0.004095429687983698,6.761290605751635e-06,0.0,0.0013673969928631499
323_H1,0.0007514203256180789,0.00017576000663533053,0.0,0.00030906011075113645
323_P1,0.001250223208545646,0.00025973728991196364,0.0,0.0005033201661525365
323_NCI,0.0008012646266533994,0.0005387806280690654,0.0,0.0004466817515741549
323_PKA,0.0008683855697538437,0.0,0.0,0.00028946185658461457
324_H1,0.0015258140275163075,0.0001395516986064838,0.0,0.0005551219087075971
324_H3,0.003654811386469981,4.661064093270448e-06,0.0,0.0012198241501877505
324_NCI,0.002439965195611469,0.004826592142741958,0.0,0.0024221857794511424
325_H3,0.0013996897094162926,0.0011418688333312396,0.0,0.000847186180915844
325_PKA,0.009163183236757239,3.7142737896270885e-05,0.0,0.0030667753248845033
326_H3,3.459296917851551e-05,0.0,0.0,1.1530989726171835e-05
326_P1,0.0010875156233771674,3.2475613885136896e-06,0.0,0.000363587728255227
326_PKA,0.0006792452860852497,2.4961928462063858e-05,0.0,0.00023473573818243783
327_H1,0.0008201324002680241,0.014275412671499363,0.0,0.0050318483572557955
327_H3,0.00023561720111412983,3.6672132091728326e-06,0.0,7.976147144110089e-05
327_P1,0.003391609454945377,0.0037740297846998306,0.0,0.0023885464132150694
327_NCI,0.0015464879725823593,0.706752199475506,0.0,0.23609956248269615
327_PKA,0.001881239868681016,0.07789636704702871,0.0,0.02659253563856991
328_H3,0.0010287475466387976,1.2404503866009768e-05,0.0,0.0003470506835016025
328_P1,0.0018154392969200715,0.0002809243807836004,0.00013138326175976545,0.0007425823131544791
328_NCI,0.0011439703427801565,0.00016252707470696523,0.0,0.0004354991391623739
328_PKA,0.00846462810767097,2.5058162801118465e-05,0.0,0.002829895423490696
329_H3,0.0002022873823152383,5.929082103918535e-05,0.0,8.719273445147455e-05
329_NCI,0.0010946685533597884,0.00016917779883226426,0.0,0.00042128211739735083
330_H1,0.001819569937159159,0.0002462455781318224,0.0,0.0006886051717636604
330_H3,0.000661502411547137,2.378158489362101e-05,0.0,0.000228427998813586
330_P1,0.002978786102518552,2.6944338841423007e-05,0.0,0.0010019101471199917
330_NCI,0.006737782773818337,0.00014074993439489565,0.0,0.0022928442360710777
331_H1,0.23545988752936542,1.930341811769111e-05,0.0,0.07849306364916103
331_P1,0.004720811631820812,0.00035254164130322705,0.0,0.001691117757708013
331_PKA,0.002908518711716134,0.01907484575847907,0.03896947205066681,0.020317612173620672
332_H1,0.0020210879249591253,0.0005640828968934183,3.4504242648836225e-05,0.00087322502150046
332_H3,0.00030790540768306436,6.731451096849813e-05,1.5414723748108372e-05,0.00013021154746655696
332_P1,0.0012240664983488973,1.3330009433756428e-05,2.4472559744026512e-05,0.0004206230225088934
333_H1,0.01594859376486481,0.006036016021587622,3.270942761446349e-05,0.007339106404688965
333_H3,0.000479498610497266,0.00012809355629383348,0.0,0.00020253072226369983
333_P1,0.007084897690943734,0.00010883314452150743,0.0043467385694384575,0.0038468231349678994
333_NCI,0.008628813179583915,0.00023986670453688782,7.326139893848449e-05,0.0029806470943530955
334_H3,0.004406760871617967,1.589369267261684e-05,0.0,0.0014742181880968612
334_P1,0.0026431118302928367,0.00046385410268427117,0.0,0.0010356553109923694
334_NCI,0.007283015708266868,6.649886706920151e-05,0.0,0.00244983819177869
335_H1,0.003600203231635123,0.00014098357741482512,0.0003146395902149379,0.0013519421330882954
335_H3,0.0017103396684449998,2.1010020242007042e-05,0.0,0.0005771165628956689
335_P1,0.0025688370732175774,6.692596429299063e-05,1.3471502825268544e-05,0.0008830781801119456
335_NCI,0.002055485511430998,8.853448608040111e-05,9.828205293160863e-06,0.0007179494009348533
336_H3,0.0005333973437404608,2.5769417232974837e-05,0.0,0.00018638892032447855
336_P1,0.0034803275939632155,0.00010597499181048694,8.79201979842037e-06,0.001198364868524041
336_PKA,0.0007090431769027983,0.0013606626890271462,0.0,0.0006899019553099815
337_H3,0.0021395850764529558,0.00023926645369132534,0.00035983644193038344,0.0009128959906915549
337_P1,0.010336612429049508,0.0003876611369782004,4.41046868218109e-05,0.0035894594176165066
337_NCI,0.014248859127938763,0.009967393813909839,1.9395332856220193e-05,0.008078549424901606
337_PKA,0.008208022716337993,0.0018858389251920904,0.0001982547400984913,0.0034307054605428582
338_H1,0.001601449937813035,1.2063632635191838e-05,0.0,0.0005378378568160757
338_NCI,0.0005848385682669528,7.940925205977871e-05,0.0,0.00022141594010891048
339_H3,0.0015501764628634317,7.585237633508844e-05,0.00010672837379388511,0.0005775857376641351
340_H1,0.001680534083276282,1.975794946394263e-05,0.0,0.0005667640109134082
340_PKA,0.00021789760141364002,0.00014118321770919404,0.0,0.00011969360637427801
341_H1,0.001482641304448387,0.00011023034933548816,2.5121733415289782e-05,0.0005393311290663882
341_H3,0.00046189613396182953,9.286040171071566e-06,0.0,0.00015706072471096704
342_H3,0.014484160876077325,6.987349599112363e-06,9.953564585885033e-05,0.004863561290511762
343_H3,0.0003937313434297753,0.00028219603270337426,0.0,0.00022530912537771652
343_P1,0.00673499888557452,2.1342787468737407e-05,0.0,0.002252113891014419
343_PKA,0.00410026282767211,0.00013722338429154654,0.0,0.0014124954039878854
344_P1,0.025022820912995805,5.310149677100297e-05,0.0008446700521744788,0.008640197487313763
344_PKA,0.0029841688158472068,0.022660914746259836,2.6606239771354012e-05,0.008557229933959467
345_H1,0.000484986559560118,9.681908559736132e-06,0.0,0.00016488948937328472
345_H3,0.0004925290738875729,5.733375878325204e-05,0.0,0.000183287610890275
345_P1,0.0006833215261513438,3.712509528581994e-05,0.0,0.00024014887381238793
345_NCI,0.0007567625447131692,0.0004203446208828593,0.0,0.0003923690551986762
345_PKA,0.0007974101093660176,7.799008387230812e-05,0.0,0.00029180006441277524
346_H1,0.007095299314858497,5.327435507233445e-06,0.0,0.002366875583455244
346_H3,0.00031709792498200935,2.297372551582312e-05,0.0,0.00011335721683261082
346_P1,0.004653095665629431,5.874780637688781e-05,0.0,0.0015706144906687729
346_NCI,0.0005465562619453082,3.0919067670486744e-06,0.0,0.00018321605623745232
346_PKA,0.004557412261066843,4.064949723396024e-05,0.0,0.0015326872527669344
347_H1,0.0024381914487581575,0.008235363848582327,0.00017775804735720158,0.0036171044482325616
347_P1,0.0009093173409417146,0.0002751835705238669,1.0535682122281287e-05,0.0003983455311959543
347_PKA,0.0025210200743026466,0.00143901243989068,0.0,0.0013200108380644422
348_H1,0.000253520091221577,0.003629142404087309,0.0,0.0012942208317696287
348_H3,0.00037352463688843134,0.0,0.0,0.00012450821229614378
348_P1,0.0025349827174576517,0.00043372614533865783,0.0,0.0009895696209321033
348_NCI,0.001937306386184813,0.0008722852573570969,0.0,0.0009365305478473033
348_PKA,0.0027060050025077605,9.523564879419304e-06,6.726712854288053e-06,0.000907418426747156
349_H1,0.0014686283747555886,0.00017683264593062204,0.0,0.0005484870068954035
349_H3,0.0013018152073413585,6.295037916577736e-06,0.0,0.0004360367484193121
349_P1,0.001711008134714373,1.6362876678594855e-05,0.0,0.0005757903371309893
349_PKA,0.0017125231666296602,0.00037293851995576135,0.0,0.0006951538955284739
350_H1,0.004340547982515202,0.00020244265967754292,0.0,0.0015143302140642485
350_H3,0.00027088979398510457,0.0027588335156401287,0.0,0.0010099077698750777
350_P1,0.008836419431168845,0.00013892175427972033,0.0,0.002991780395149522
350_NCI,0.0016478174264689155,5.638699368514079e-05,0.0,0.000568068140051352
350_PKA,0.002495105218804395,6.813950825460853e-05,0.0,0.0008544149090196678
351_H3,0.001982926361898963,0.000726315176566926,1.7586362446309067e-05,0.0009089426336373993
351_NCI,0.008207754721916028,0.0016855154658329571,6.715436757076532e-05,0.003320141518439917
351_PKA,0.0065721731608683895,0.0004220647375060792,2.7739970391849056e-05,0.002340659289588773
352_NCI,0.00031684184670871063,0.0013541393585326336,0.0,0.000556993735080448
353_H1,0.0011493453111657836,0.006793705198002741,0.0,0.0026476835030561745
353_H3,0.003982490186594688,0.0,0.00033130854717455804,0.0014379329112564152
12_P1,0.0018731070301942513,0.0,0.0,0.0006243690100647504
17_P1,0.00029437838651976366,1.3190297284339528e-05,3.136473969789222e-05,0.00011297780783399847
83_PKA,0.0016501004824822233,0.02854562929891622,0.0,0.010065243260466148
92_P1,0.00012722391273856673,0.005151268790147673,0.0,0.0017594975676287466
114_PKA,0.00043342131082560714,0.027016662555113643,0.0,0.009150027955313084
128_P1,5.079230295554389e-06,0.0,0.0,1.6930767651847964e-06
128_PKA,5.079230295554389e-06,0.0,0.0,1.6930767651847964e-06
132_H3,9.131756191441876e-05,9.031232482557684e-06,0.0,3.344959813232548e-05
138_PKA,0.0,1.8551657348556977e-06,0.0,6.183885782852326e-07
139_P1,0.00015915015111776903,0.0,0.0,5.305005037258968e-05
171_H1,0.0,0.0,0.0,0.0
171_NCI,0.0,0.0,0.0,0.0
171_PKA,0.0,0.0,0.0,0.0
216_H3,0.0,0.0,0.0,0.0
175_H3,0.0016028506648270112,0.0,0.0,0.0005342835549423371
175_PKA,0.0016028506648270112,0.0,0.0,0.0005342835549423371
176_NCI,0.006690310985756765,0.0,0.0,0.002230103661918922
20_H1,0.00503424404435616,3.7014749613083405e-06,0.0,0.0016793151731058227
20_P1,0.00503424404435616,3.7014749613083405e-06,0.0,0.0016793151731058227
20_PKA,0.00503424404435616,3.7014749613083405e-06,0.0,0.0016793151731058227
178_H1,0.002582495708688825,0.002654986232473413,0.0,0.001745827313720746
178_H3,0.002582495708688825,0.002654986232473413,0.0,0.001745827313720746
178_NCI,0.002582495708688825,0.002654986232473413,0.0,0.001745827313720746
178_PKA,0.002582495708688825,0.002654986232473413,0.0,0.001745827313720746
181_H1,0.002833460583132475,0.001031224963292629,0.0003100857138633728,0.0013915904200961589
188_H3,0.010957770153955057,0.0,0.0,0.0036525900513183526
188_NCI,0.010957770153955057,0.0,0.0,0.0036525900513183526
192_H3,6.740626903465814e-05,5.21818661037155e-06,0.0,2.4208151881676567e-05
257_H3,0.0025975924073622773,0.0,0.0,0.0008658641357874257
241_H1,0.002934716632253662,0.00012194330574980642,0.0,0.001018886646001156
241_H3,0.002934716632253662,0.00012194330574980642,0.0,0.001018886646001156
284_NCI,0.00027137149085023834,1.55674048432298e-05,0.0,9.564629856448939e-05
312_H3,0.002091430612026162,0.0,0.0,0.000697143537342054
312_NCI,0.002091430612026162,0.0,0.0,0.000697143537342054
312_PKA,0.002091430612026162,0.0,0.0,0.000697143537342054
323_H3,0.001250223208545646,0.00025973728991196364,0.0,0.0005033201661525365
347_H3,0.0009093173409417146,0.0002751835705238669,1.0535682122281287e-05,0.0003983455311959543
347_NCI,0.0009093173409417146,0.0002751835705238669,1.0535682122281287e-05,0.0003983455311959543
21_PKA,0.0843820281376658,0.030556429927572754,7.73961073718965e-05,0.038338618057536814
37_H1,0.0010655496347535974,3.1627490765894616e-06,9.392915671924129e-05,0.00038754718018314273
51_H3,0.006771434333426593,0.0003120702516654709,0.0011260692263022065,0.0027365246037980902
58_H1,0.031945583563592415,3.462641710114656e-05,0.0,0.010660069993564522
58_H3,0.031945583563592415,3.462641710114656e-05,0.0,0.010660069993564522
58_NCI,0.031945583563592415,3.462641710114656e-05,0.0,0.010660069993564522
58_PKA,0.031945583563592415,3.462641710114656e-05,0.0,0.010660069993564522
71_P1,0.007854703131498542,0.0,0.0,0.0026182343771661808
215_H1,0.0,0.0,0.0,0.0
215_H3,0.0,0.0,0.0,0.0
215_P1,0.0,0.0,0.0,0.0
215_NCI,0.0,0.0,0.0,0.0
215_PKA,0.0,0.0,0.0,0.0
83_H3,0.013167394276020592,0.0001815973465838357,5.3568146540783346e-05,0.004467519923048404
83_NCI,0.013167394276020592,0.0001815973465838357,5.3568146540783346e-05,0.004467519923048404
