feature,p_value,score,gbr
p1_H2,7.056132691803652e-05,16.221996618299347,1.5066849459952717e-07
p1_P2,0.005964410951502839,7.664115988300885,4.687997119981238e-07
p1_V,0.007653201894418343,7.204742203787475,4.687997119981238e-07
p1_MASS,0.009929028855295995,6.7284733317856755,0.0
p2_H2,1.3037159333396879e-08,34.087494277588206,2.789481106451659e-05
p2_P2,0.4028474234555979,0.7016902902121614,0.0
p2_V,0.42085313089201226,0.6496189961555491,0.0
p2_MASS,0.7935311220000978,0.0686171213351202,0.0
p3_H2,4.5853819485298306e-23,114.79549631469831,1.0019767489914238e-05
p3_P2,1.219307464125589e-13,60.134352026738135,7.568950859780324e-05
p3_V,1.3650780685820106e-10,44.08536585750653,9.755323910787295e-06
p3_MASS,4.6856151454843387e-07,26.476641697017552,5.850814201668137e-07
p4_H2,6.576799851750517e-08,30.62139970154581,2.1293290694924207e-08
p4_P2,2.6094558430712304e-16,74.83196957315376,4.137709115825526e-06
p4_V,1.4332864443966524e-21,105.59963902618597,5.224994499567819e-06
p4_MASS,1.0930104611438334e-33,186.33119285074088,9.340723794972537e-06
p5_H2,4.1284540502233484e-19,90.9104408776264,5.684785381547023e-06
p5_P2,5.481166099292399e-38,218.61162437996538,6.0468669607064145e-06
p5_V,1.2010301062013328e-29,157.79292523128677,4.885959746462075e-06
p5_MASS,1.246793778205694e-36,208.20434199482307,0.0
p6_H2,2.3998988730961825e-23,116.54807738474273,7.928903093558472e-08
p6_P2,4.1583359952285493e-13,57.27325823313761,7.275398782274241e-06
p6_V,1.19560247393133e-07,29.35260745778567,0.09924237990871859
p6_MASS,3.2252999914114005e-10,42.1740083592939,8.298441101623697e-05
p7_H2,3.862466381794717e-14,62.83701639685331,0.000202066062226502
p7_P2,0.000555256528287422,12.166730879438813,6.218208141235988e-05
p7_V,0.013664393480100444,6.14946289063965,0.0006043011246242814
p7_MASS,7.457617488215227e-06,20.75479262853138,1.3299327321856335e-05
p8_H2,6.799550616048682e-14,61.50475099459524,2.5047592933623215e-06
p8_P2,0.7996050964411957,0.06455229038725728,0.0
p8_V,0.6295021666065896,0.2331895451275047,0.0
p8_MASS,0.09436746295638843,2.8150863357233495,0.0
p9_H2,1.3357926597064808e-08,34.03510892235175,0.0
p9_P2,1.4460594747030667e-09,38.86725668522085,0.0
p9_V,8.68941999474613e-07,25.187169540570405,0.0
p9_MASS,1.2850536020915683e-06,24.373864843565354,0.0
p10_H2,0.720116249156947,0.12861007917242512,0.0
p10_P2,0.011056007791452657,6.5328721095482125,0.00028940013054769574
p10_V,0.04586715629438806,4.018003794010574,0.00028940013054769574
p10_MASS,0.0038197091855389637,8.492540963446054,0.0
p11_H2,1.4300028130766078e-18,87.75982830460246,5.20971148029353e-07
p11_P2,8.355408641531847e-18,83.32708535512174,0.0
p11_V,1.4151319056223914e-16,76.32840345085626,0.0
p11_MASS,2.4286627858975427e-05,18.3596022370921,3.4922469870290105e-05
p12_H2,3.91899999199e-07,26.850947629820343,0.0
p12_P2,3.918999991990078e-07,26.850947629820293,0.0
p12_V,3.9189999919901553e-07,26.850947629820187,0.0
p12_MASS,3.91899999199e-07,26.850947629820343,0.0
p13_H2,2.1293252738372654e-08,33.03209053503202,5.138162467839921e-06
p13_P2,1.9134742674456295e-13,59.08063491844819,7.650763628670874e-07
p13_V,7.675229045355539e-13,55.852929955598924,7.650763628670874e-07
p13_MASS,2.8897059942458266e-13,58.11954882399265,7.650763628670874e-07
p14_H2,5.509013839950945e-51,329.47969650842487,0.0
p14_P2,1.1324156571289054e-36,208.5217794350348,1.8727975867917103e-05
p14_V,5.984669117395603e-27,139.6643334734979,9.56705103080541e-06
p14_MASS,2.19358850600071e-53,352.3488946458749,3.757963715006498e-05
p16_H2,3.940618638501383e-26,134.30442183965167,1.018911624926217e-05
p16_P2,3.8072286331511196e-08,31.787222355112455,0.0001565706839391084
p16_V,8.469258206099001e-10,40.0421233897014,1.833361927638973e-06
p16_MASS,0.5513027132706155,0.3557483483757497,0.0
p17_H2,0.0033868073430568,8.717651322333959,1.237755943341475e-07
p17_P2,3.509833349496641e-95,910.1111107261339,3.165949224374792e-06
p17_V,2.5818880843089706e-91,843.1554875273242,2.4200890081373962e-06
p17_MASS,5.554560996384949e-87,772.4668375571569,0.0
p18_H2,3.6072156303275863e-06,22.242326536276728,7.406337810763483e-06
p18_P2,1.300036550409053e-12,54.6364593830196,6.877324385889045e-10
p18_V,4.109746714378197e-15,68.1652829203712,6.877324385889045e-10
p18_MASS,1.5885906033742213e-12,54.17489285520742,1.2442003875175436e-06
p19_H2,1.2842947238411566e-10,44.22142427579075,3.826506246665385e-06
p19_P2,0.036186211506768234,4.425838240297168,5.98068913151153e-07
p19_V,0.00309070582350898,8.889272199089087,6.961362110493474e-07
p19_MASS,0.7428990915634832,0.10778306345286968,0.0
p20_H2,1.5254206484556215e-18,87.59671832088705,0.0
p20_P2,1.2394573598733195e-18,88.12117935081974,0.0
p20_V,1.104102452734244e-18,88.41363783399069,0.0
p20_MASS,7.126433679461719e-19,89.52286854669347,0.0
p21_H2,4.132624131137668e-89,806.6361787395766,0.0
p21_P2,5.780319165408101e-90,820.650591305535,0.0
p21_V,7.972190158270089e-89,801.9936031718565,0.0
p21_MASS,1.286386904914315e-87,782.5550455450128,0.0
p22_H2,1.136054496711943e-09,39.3965511904196,0.0
p22_P2,2.24076351702832e-14,64.12449354357497,3.576585707483527e-05
p22_V,6.298550034813305e-14,61.68475043912139,3.576585707483527e-05
p22_MASS,4.11005532894618e-16,73.72492479965359,3.6060745011720036e-07
p24_H2,5.521840490069042e-43,258.76517409299436,1.6651456285792325e-06
p24_P2,4.528949196442407e-52,339.7206027246866,6.040583218285465e-06
p24_V,6.60397476881693e-53,347.72372095254724,6.040583218285465e-06
p24_MASS,3.0164965180403616e-38,220.62454968614696,0.00011534255742877306
p25_H2,2.480410769145814e-05,18.317100395467204,0.0
p25_P2,2.860301713203757e-14,63.54669413734201,1.1734975061373283e-06
p25_V,7.341908508212358e-08,30.387316680410983,8.633628611494379e-06
p25_MASS,9.211340454306789e-26,131.91077926193387,0.0
p26_H2,1.9722799702140603e-12,53.677459705096695,2.160401807580768e-05
p26_P2,2.0940569437544903e-16,75.36936958494886,0.0
p26_V,2.2754042980903558e-15,69.58465970388889,0.0
p26_MASS,4.798695881084636e-17,78.98796814671097,0.0
p27_H2,0.8794336453521763,0.02304616755304838,0.0
p27_P2,0.25142043169907774,1.3202107999762673,0.0
p27_V,0.9273549303583986,0.008325792315359046,0.0
p27_MASS,0.9868310356472471,0.00027286494929055377,0.0
p28_H2,8.052648245008683e-18,83.41924173213968,0.0919012168720174
p28_P2,7.91495593918955e-18,83.4623134475109,0.0
p28_V,2.1432158053975592e-16,75.31266116866817,0.0
p28_MASS,1.536143439452812e-14,65.01999529680273,0.0
p29_H2,0.010142268892177574,6.689762153868836,0.0
p29_P2,0.0058849256333815825,7.688922484787537,0.0
p29_V,0.027480906610123777,4.905572941886932,3.4593541030168855e-06
p29_MASS,0.03604104492377301,4.432798685331175,0.0
p30_H2,4.2632850914221627e-13,57.215379032437866,0.0
p30_P2,4.263285091406945e-13,57.215379032446165,0.0
p30_V,4.2632850914201816e-13,57.21537903243893,0.0
p30_MASS,4.263285091447376e-13,57.21537903242413,0.0
p31_H2,0.01339930006907969,6.1848109873585155,1.3125829343871592e-05
p31_P2,0.004547510967728464,8.167257346299007,3.5522330603306466e-05
p31_V,0.08015402047426443,3.081485974721351,0.0
p31_MASS,0.005156819010492019,7.933582043346819,3.5522330603306466e-05
p32_H2,1.3856176798650565e-07,29.04045185399488,0.0
p32_P2,1.2368271963524738e-06,24.453247195041698,1.478369258504882e-06
p32_V,2.1455353285733776e-07,28.11732315685361,1.478369258504882e-06
p32_MASS,2.5236064421229732e-06,22.9778004081404,1.478369258504882e-06
p33_H2,4.5696778878514315e-10,41.40287616237237,2.2412480638139396e-08
p33_P2,0.4323389575737395,0.6181068473687619,0.0
p33_V,0.0021876531287258923,9.540551737561126,0.0001285756451624412
p33_MASS,1.8596240590981248e-07,28.41889294844929,6.516025615912316e-05
p34_H2,3.3619872835791994e-31,168.56059683703418,6.536561108474313e-08
p34_P2,0.5294815018784773,0.3962580795900789,0.0
p34_V,0.8147009557184685,0.055018836339483436,0.0
p34_MASS,5.684402296477112e-07,26.07246339736205,2.598764297038918e-06
p35_H2,0.18023307334642838,1.803646140286071,0.0
p35_P2,0.08244826573516391,3.03516225257723,0.0
p35_V,0.1701083634462798,1.8905726862444148,0.0
p35_MASS,0.064813341624787,3.433562079579769,8.991540123511953e-07
p36_H2,0.16432623586583342,1.9429377748614647,0.0
p36_P2,7.732271220363338e-11,45.35542464234291,1.3387213524102256e-05
p36_V,1.375215815239937e-11,49.245610171649695,1.3387213524102256e-05
p36_MASS,2.5592666573989206e-09,37.618715579585974,5.7374805403326915e-06
p37_H2,5.2093086844136415e-27,140.06149642124095,0.00031850774048729013
p37_P2,5.209308681668145e-27,140.06149642275022,0.00031850774048729013
p37_V,5.209308678702641e-27,140.0614964243804,0.00031850774048729013
p37_MASS,5.2093086843246e-27,140.0614964212899,0.00031850774048729013
p38_H2,1.544482971708895e-13,59.58116453309609,0.0
p38_P2,2.715597135549815e-21,103.91489098059344,8.568362311616038e-05
p38_V,3.128912259134734e-20,97.53499343590762,0.0005403625653979184
p38_MASS,1.9729175371735983e-24,123.380255867785,0.0003719794482795566
p39_H2,0.018615774901782466,5.59477981555068,0.0013694385056399927
p39_P2,0.00014798645836512582,14.753315399910772,4.71018440514169e-06
p39_V,0.0015872826626336242,10.14922817082034,6.4994931016588295e-06
p39_MASS,2.8276605412185114e-05,18.05318437687034,4.71018440514169e-06
p40_H2,2.7415281630461146e-28,148.5734705081361,0.0
p40_P2,5.603553065787275e-11,46.07722610954989,0.0
p40_V,0.0011680437904441243,10.734564437660888,4.784096528352997e-07
p40_MASS,6.648533172201709e-55,367.2365922070302,0.13156768025024926
p41_H2,1.201660343213871e-05,19.783520192449373,0.00013399213225309564
p41_P2,2.752985621131807e-05,18.107062168226907,5.159174614468053e-06
p41_V,5.486918918287393e-07,26.146373773351716,0.0
p41_MASS,0.0014815394776173032,10.280520825411108,0.0
p42_H2,0.0010668831913373672,10.908071806047024,5.773957330864043e-06
p42_P2,0.0002833267720341135,13.476860252497366,7.124809336617898e-05
p42_V,0.00037819001246388613,12.912935489717585,0.00045948810534613966
p42_MASS,0.00011266587471030102,15.292497811067452,7.124809336617898e-05
p43_H2,5.884663956300983e-07,26.000112320834287,0.0
p43_P2,1.2047662437533123e-25,131.15675793499815,0.002628486328912281
p43_V,9.819015194735873e-29,151.57957838731,0.002628486328912281
p43_MASS,1.0720323923145126e-80,677.5159745455154,0.0
p44_H2,0.2718275187031023,1.2117168968197312,0.0
p44_P2,0.3053603563982089,1.0540438067743743,0.0
p44_V,0.5660358724123309,0.33005209428039717,0.0
p44_MASS,0.279931449239213,1.1714239865095433,0.0
p45_H2,5.5758566953768865e-58,398.42779715640427,0.00016882246618242383
p45_P2,5.479256572627107e-51,329.5017221026294,0.00016882246618242383
p45_V,1.291396330314265e-65,482.1517122633888,0.00016882246618242383
p45_MASS,5.119017766467001e-49,311.3128639967425,0.00016882246618242383
p46_H2,0.2079254652326255,1.592300217901598,0.0
p46_P2,0.45749204460563586,0.5533772658974345,0.0
p46_V,0.76997885571069,0.08564578122509665,0.0
p46_MASS,0.5145637263281507,0.4257315761479009,0.0
p47_H2,7.585874328763181e-10,40.28461025260405,0.0
p47_P2,1.688926949115979e-12,54.033995169445184,0.0
p47_V,2.032298982569515e-12,53.60859193609143,0.0
p47_MASS,1.8620379095134475e-12,53.8096385700715,0.0
p48_H2,1.0565242127273442e-71,555.8926618698471,9.159878983301174e-07
p48_P2,4.332405595714458e-78,640.6163010518384,4.740259136003739e-06
p48_V,7.392691490565112e-73,570.6374205277174,5.4488144903243705e-06
p48_MASS,3.112898631269138e-76,615.1750080572557,4.740259136003739e-06
p49_H2,2.0788820583382953e-17,81.05821524869413,0.0013172347065109075
p49_P2,3.6578239092719024e-23,115.40644053979494,3.7500124865575626e-05
p49_V,4.274203540330438e-11,46.68554539121522,0.00014730759683854834
p49_MASS,3.276608902643687e-24,121.98414292914929,4.714530680222841e-07
p50_H2,0.3486917759587841,0.8808197569633169,0.0
p50_P2,0.3962253823285353,0.7217078943028389,0.0
p50_V,0.5008394395841168,0.4541975373887506,0.0
p50_MASS,0.11706599009532251,2.4695866942510403,0.0
p51_H2,3.245791890137748e-05,17.775809908511256,0.0
p51_P2,3.5449862290167903e-12,52.33303563907077,0.0
p51_V,4.009390666935212e-14,62.7489129972316,0.0
p51_MASS,1.1426719548150029e-14,65.72345646251257,0.0
p52_H2,1.7078637994781843e-25,130.17849310108232,0.002314973178962334
p52_P2,1.3920114331610411e-14,65.25406526254885,0.0
p52_V,9.724921367928527e-19,88.73489153712258,0.0007881773040948615
p52_MASS,1.4730481480008482e-09,38.82673116617764,2.666777602849638e-07
p53_H2,5.483767354402651e-12,51.33629343224707,0.0
p53_P2,6.819282725020565e-16,72.49503986803607,4.02946819389273e-05
p53_V,1.5636744041817196e-13,59.55229196210799,8.506098376654107e-06
p53_MASS,4.3087554332259815e-16,73.61006661591338,4.02946819389273e-05
p54_H2,1.0310461644753723e-19,94.45904989230704,0.0
p54_P2,1.2291941976300326e-19,94.00763619860798,2.7444002192672e-06
p54_V,3.8487607702885194e-20,96.99916010600197,2.7444002192672e-06
p54_MASS,9.1370798689801e-15,66.25598647181249,0.0
p56_H2,0.03213614344788496,4.631972870564943,0.0010979652686997608
p56_P2,0.006846281443817662,7.4096545172957695,0.0010979652686997608
p56_V,0.12691992793980503,2.3420634119696837,0.0
p56_MASS,0.004813527797792738,8.061517760018239,0.0010979652686997608
p57_H2,2.5656479518745382e-08,32.63213532807905,3.1981139349983654e-06
p57_P2,1.6026425531933017e-11,48.89890486663706,0.00012626803986717447
p57_V,4.58020372315007e-11,46.53010820045374,8.648524104009468e-07
p57_MASS,9.135743097650839e-07,25.08289883749336,5.475130644436998e-07
p58_H2,2.974071548362616e-12,52.73509905528176,0.0
p58_P2,3.403254034165024e-13,57.73893339776635,0.0
p58_V,5.408823439046356e-13,56.663228988119506,0.0
p58_MASS,0.18428721533035694,1.7704137438088392,0.0
p59_H2,0.15294042093717247,2.0525146402261245,0.0
p59_P2,0.15294042093734045,2.0525146402244703,0.0
p59_V,0.15294042093671972,2.052514640230616,0.0
p59_MASS,0.15294042093903887,2.052514640207457,0.0
p60_H2,0.0007794270925773059,11.511447868380325,6.142192641709659e-06
p60_P2,1.5679545559473846e-06,23.961381100536027,1.0460647764121503e-06
p60_V,0.0004345471000911358,12.64253270039255,6.929890644188228e-07
p60_MASS,3.0686291988794986e-08,32.24858051890218,1.0460647764121503e-06
p61_H2,0.06245738103755906,3.4955039207234533,0.0
p61_P2,0.32636866849897284,0.9662426528975666,0.0
p61_V,0.03840699897316018,4.322875188931045,0.0
p61_MASS,0.751705169753929,0.1002776161793199,0.0
p63_H2,0.011272183222378947,6.497711944490407,0.0005848156475299649
p63_P2,0.3257335065244794,0.9687870243957962,0.0
p63_V,0.09238792952604546,2.849463726157489,0.0
p63_MASS,0.49317648997949126,0.47067885766654505,0.0
p64_H2,0.352854434379523,0.8657074122452322,0.0
p64_P2,7.921444162399861e-09,35.16346251517292,0.0
p64_V,9.725093543776998e-08,29.7903287712358,4.4393488599544065e-06
p64_MASS,0.00013117518213340816,14.991515153931935,6.436542387946199e-06
p65_H2,5.735867218977909e-09,35.86285377306946,0.0
p65_P2,1.2979297856529911e-11,49.37673900496711,3.699284226109089e-07
p65_V,1.3145223759597527e-16,76.50916591184375,2.0140041401114584e-06
p65_MASS,3.223156312341875e-28,148.10143236487815,0.0
p66_H2,1.0,0.0,0.0
p66_P2,0.04220248019273416,4.1606405106135105,1.4980985963790523e-05
p66_V,0.04220248020298967,4.160640510196322,1.4980985963790523e-05
p66_MASS,0.04220248019281063,4.160640510610434,1.4980985963790523e-05
p67_H2,0.7039924168592084,0.14461271310994311,0.0
p67_P2,0.7039924168598267,0.14461271310933366,0.0
p67_V,0.7039924168600327,0.14461271310909285,0.0
p67_MASS,0.7039924168696832,0.14461271309918208,0.0
p68_H2,0.7039924168595519,0.14461271310959364,0.0
p68_P2,0.7039924168599296,0.1446127131092239,0.0
p68_V,0.70399241685756,0.1446127131116293,0.0
p68_MASS,0.7039924168696488,0.14461271309924187,0.0
p69_H2,0.07913133914555513,3.102600172512407,0.0
p69_P2,0.9999996336401018,2.1651488424854017e-13,0.0
p69_V,0.07913133914558514,3.10260017251184,0.0
p69_MASS,0.07913133914574635,3.1026001725084233,0.0
p70_H2,5.664092021372487e-10,40.928661140039274,0.0
p70_P2,0.16944293115011871,1.8964939980527105,0.0
p70_V,0.06612771727973307,3.400045467048208,0.018175896436230802
p70_MASS,0.5663802660406497,0.32946679092169784,0.0
p71_H2,0.004086573070925637,8.366428478995601,0.0
p71_P2,0.00010703206472650389,15.394133649559306,0.0
p71_V,7.272081312483463e-05,16.161958875687407,0.0
p71_MASS,7.978882044416665e-05,15.977361575563574,0.0
p72_H2,0.9516066094749551,0.0036890333134043433,0.0
p72_P2,0.9516066094749551,0.003689033313401592,0.0
p72_V,0.951606609474494,0.0036890333134101767,0.0
p72_MASS,0.9516066094749551,0.0036890333133694415,0.0
p74_H2,1.8524140588663255e-17,81.34456271770505,0.0
p74_P2,1.147024885331066e-16,76.84347931273531,0.0
p74_V,1.264481101736493e-16,76.60432993426608,0.0
p74_MASS,1.2337177345677732e-09,39.21552931914545,0.0
p75_H2,0.8287539068103288,0.04686300651456348,0.0
p75_P2,0.6267099896336695,0.23701066779055813,0.0
p75_V,0.6139744045783355,0.2549318991656336,0.0
p75_MASS,0.6615924922289002,0.19195542447911473,0.0
p76_H2,0.5049838790275242,0.4454611276819389,0.0
p76_P2,0.9059811031465056,0.013972120282784281,0.0
p76_V,0.9998335018212742,4.361378366414315e-08,0.0
p76_MASS,0.33061686251670386,0.9493926869429427,0.0
p77_H2,1.1392544274306427e-07,29.45486006067924,0.0
p77_P2,1.8869314928060907e-09,38.28459746720925,0.0
p77_V,2.298256981746998e-09,37.85356834086936,0.0
p77_MASS,1.7123275443824658e-09,38.497064682662455,0.0
p78_H2,0.8661684231742325,0.028447578846111068,0.0
p78_P2,0.8661684231748066,0.028447578845894328,0.0
p78_V,0.8661684231746426,0.028447578845948472,0.0
p78_MASS,0.8661684234409468,0.028447578731611804,0.0
p79_H2,9.481118383182616e-16,71.69676594481466,0.0
p79_P2,5.4106168434513704e-14,62.042397504766804,2.0847394479872506e-09
p79_V,3.39617479138882e-18,85.58134571423778,0.0
p79_MASS,1.2517777567582346e-10,44.27864056342257,0.0
p80_H2,3.77237093010906e-58,400.1893141954869,3.647740864300172e-06
p80_P2,9.091036440563378e-08,29.933383657183093,1.1231563947035763e-05
p80_V,0.4038312217419531,0.6987572390815248,0.0
p80_MASS,2.3902096154679546e-40,237.21488406296513,1.755209203143321e-06
p81_H2,8.914973092825235e-10,39.92928630467543,0.0
p81_P2,3.757390290576006e-13,57.5088020165781,0.0
p81_V,5.285563821185408e-13,56.71667180455961,0.0
p81_MASS,4.179655140757565e-13,57.26138262559559,0.0
p82_H2,2.3749186836921174e-22,110.37629608965962,0.0
p82_P2,4.5845425247425106e-12,51.74513075066279,0.0
p82_V,6.08152604760829e-19,89.92536945502533,0.0
p82_MASS,0.027348136815796682,4.914072254498407,0.0
p83_H2,3.911227111039744e-37,212.04185390158582,0.0
p83_P2,2.1581914178556582e-22,110.63213565454582,0.0002345132270321409
p83_V,1.4716267956676928e-18,87.68736765213092,0.0002345132270321409
p83_MASS,6.598313876609863e-31,166.5113304092986,0.00011393712023500943
p84_H2,9.002591377448093e-23,112.9770796049296,0.0007498966952512775
p84_P2,7.168900062058075e-46,283.33195223830825,0.0006589752599317324
p84_V,1.8087174919794295e-23,117.31591404987302,0.00022612112379561094
p84_MASS,7.264121817048496e-49,309.93140018901573,0.0002183607517664165
p85_H2,0.5876653523469921,0.2946059296652355,0.0
p85_P2,0.9913192039677388,0.00011856082275519473,0.0
p85_V,0.003669945628024891,8.567326114947036,0.010537041414405833
p85_MASS,0.9115324659193315,0.012364221387372767,0.0
p86_H2,6.329883785966433e-30,159.70355786367213,0.21514514433927187
p86_P2,9.635712577145128e-13,55.3272810807673,0.0013571785553714107
p86_V,4.11917957325162e-13,57.29523047910563,0.00011037506120278436
p86_MASS,0.01756822994315429,5.698195547717829,0.0003408045585568918
p87_H2,0.820303509722458,0.0516848862376573,0.0
p87_P2,0.7929321051869355,0.06902517919917626,0.0
p87_V,5.50689363863375e-05,16.71651863256819,0.00010344365036119908
p87_MASS,0.2255101501262115,1.474695586343418,0.0
p88_H2,5.775308319755168e-07,26.03930712896468,0.0018061037737012824
p88_P2,0.0003319351659519552,13.167387691630925,1.1862398701514216e-05
p88_V,0.008857102835054347,6.9370252229177325,9.971560409681999e-05
p88_MASS,0.0022823940747913143,9.460400056333008,1.1862398701514216e-05
p89_H2,3.415731408228002e-12,52.418037368628596,0.0
p89_P2,3.490435339248676e-13,57.680115771852805,0.0
p89_V,5.989621164916978e-11,45.92773762729466,0.0
p89_MASS,1.3812236516337957e-13,59.84247554585237,0.0
p90_H2,3.028010475605322e-51,331.9180543411373,0.0
p90_P2,4.436369683173621e-22,108.70954794370353,0.0
p90_V,6.863885748498613e-14,61.48261015089799,0.0
p90_MASS,1.5661702325390775e-39,230.70787564249324,0.0
p91_H2,0.2571367785160297,1.2887460271761229,0.0
p91_P2,2.6846656371336966e-07,27.645357929853944,8.922882790381498e-08
p91_V,0.0016824884368381505,10.038428254068714,8.922882790381498e-08
p91_MASS,6.627666439157088e-12,50.90436690959251,8.922882790381498e-08
p92_H2,1.657251623388041e-42,254.8018145180234,4.427012731690632e-08
p92_P2,4.148362019812301e-47,294.1853063314962,4.427012731690632e-08
p92_V,1.7694911179906336e-42,254.56636490857096,4.427012731690632e-08
p92_MASS,9.944085301740644e-45,273.48811043288066,4.427012731690632e-08
p93_H2,1.4876528403766608e-18,87.66001753613476,0.001576781871667615
p93_P2,6.862693817418517e-09,35.47407117078308,0.0003456538920914371
p93_V,7.29833780614511e-11,45.48476868282405,2.4316502449755476e-06
p93_MASS,0.027023321804446398,4.935048621915349,4.2338120665202934e-05
p94_H2,7.923639843704741e-134,1833.4040855832372,1.0
p94_P2,9.785028805496468e-37,209.00408451417545,0.5379410159798895
p94_V,7.077285901265031e-45,274.75190461540717,0.0
p94_MASS,0.12208609775523054,2.403186888521495,0.0
p95_H2,9.772921352827057e-40,232.33303190241259,0.0006825095244596754
p95_P2,4.593496030372546e-48,302.7019807172104,0.0012085134135505595
p95_V,4.875168577395069e-37,211.3104349547115,0.0014675360384457591
p95_MASS,2.58326108791016e-44,269.9550274834496,0.0007969669445280324
p96_H2,0.9763435608660727,0.0008807071450337153,0.0
p96_P2,0.0003474245020665147,13.078376891340085,0.0035533212854908084
p96_V,0.07637630380239568,3.160982784297108,0.0
p96_MASS,2.151727412256185e-06,23.30679086392122,0.004298380856877616
p97_H2,9.165431505771474e-13,55.44283495334124,0.0007112912179118018
p97_P2,8.149956337344447e-40,232.96013814513896,0.0
p97_V,7.870224914712203e-41,241.0967993686634,0.0011682060360316052
p97_MASS,5.188879540169052e-58,398.75173212534986,1.5454323691444497e-06
p98_H2,0.00469767564281806,8.106813211109118,2.564418871743556e-06
p98_P2,0.755400421184032,0.09721683754100496,0.0
p98_V,0.2117300371552898,1.5658729463930774,0.0
p98_MASS,0.3406033231061578,0.9108985906751986,0.0
p99_H2,1.8907514941577163e-35,199.3141650597312,3.499753279784319e-05
p99_P2,6.302908090149917e-29,152.883568961235,4.004242724296164e-06
p99_V,2.59491471638439e-47,295.99104460905846,8.075502410097306e-06
p99_MASS,1.1930794696222154e-20,100.03948292280363,2.478026149862895e-05
p100_H2,0.00045411968329177804,12.556886942048935,1.5207149239084826e-06
p100_P2,0.007865212009467057,7.154584173274863,0.005786691298544446
p100_V,0.6373829205158035,0.22261007163377966,0.0
p100_MASS,0.34333303348731303,0.9006402056303612,0.0
p101_H2,0.007939939438763003,7.137235606762861,0.0
p101_P2,0.0001892120484442479,14.269031757759203,0.0
p101_V,0.00016806410295925204,14.502405106995553,0.0
p101_MASS,0.00014683984916094374,14.768668916650038,0.0
p102_H2,0.49142072539616843,0.4745160491214891,0.0
p102_P2,0.4914207253145554,0.47451604930034946,0.0
p102_V,0.4914207252139722,0.4745160495208513,0.0
p102_MASS,0.4914207253952828,0.4745160491234193,0.0
p103_H2,0.00017940834048481782,14.373745953143159,0.0
p103_P2,0.003985420576939063,8.413210633291564,0.0
p103_V,0.005165202662329248,7.930567946662516,0.0
p103_MASS,0.8777043975849121,0.02371730238032938,0.0
p104_H2,0.12090414139130998,2.418543489362743,0.0
p104_P2,0.00012097127625634539,15.151684066352393,3.7584820661955524e-06
p104_V,0.02756914444495536,4.899948075951734,0.0008596712584302692
p104_MASS,1.1017935007501106e-05,19.959824140288543,0.0005038789955330536
p105_H2,0.0005248024555353035,12.276065036769074,4.5616059383590856e-07
p105_P2,1.9238164789336319e-07,28.34729946755874,4.4525736579022375e-07
p105_V,0.00017168900096131863,14.460360956576146,0.0
p105_MASS,1.5130211655158096e-07,28.854471791645295,4.4525736579022375e-07
p107_H2,4.4203250088712754e-13,57.131397619752136,0.0
p107_P2,0.3669789999681077,0.8162018829852846,0.0
p107_V,1.7416144204281092e-05,19.031213706036777,5.9174171232115956e-05
p107_MASS,0.0009821887022014627,11.066733005257658,9.23605157721791e-05
p108_H2,0.24381197339894448,1.3634847262906813,0.0
p108_P2,1.3000943357850343e-14,65.41644999005744,8.096783450843754e-06
p108_V,3.7078583898402786e-07,26.96709321939516,2.7764308971677095e-06
p108_MASS,1.9284552662691557e-31,170.25645156604315,2.145811813742144e-05
p109_H2,0.0001449055226733695,14.794847578751064,4.05359713617065e-07
p109_P2,0.19423584992919482,1.6923533862762627,0.0
p109_V,0.0062302936682741865,7.583535266940291,0.0016718987151557458
p109_MASS,0.41022191875013003,0.6799559624190997,0.0
p110_H2,0.9613791976404207,0.0023484886410668044,0.0
p110_P2,0.2995248137037619,1.0798421624961023,0.0
p110_V,0.4471171546687793,0.5793905650642339,0.0
p110_MASS,0.3424692938756748,0.9038742179794488,0.0
p111_H2,0.056335225273794094,3.6689311839922443,0.0006788452886606043
p111_P2,8.422893355937689e-07,25.2520447458131,3.5386385571366636e-06
p111_V,5.182802817706617e-07,26.265611075695954,0.0001411631412706402
p111_MASS,1.9045929353598167e-06,23.558894681275145,0.00012466661194159226
p112_H2,0.8697036597435507,0.026951072068681203,0.0
p112_P2,0.47097003253957115,0.5209470100486931,0.0
p112_V,0.020559891877975692,5.4179522309804895,9.560220149192277e-06
p112_MASS,0.5311245024302172,0.39310225940593846,0.0
p113_H2,1.0,0.0,0.0
p113_P2,0.16256443719189406,1.9593151248173641,0.0
p113_V,0.16256443719028627,1.9593151248323672,0.0
p113_MASS,0.1625644371999416,1.9593151247421625,0.0
p114_H2,5.6654272203401667e-39,226.30177541664344,0.00045632864249903947
p114_P2,7.419853181878083e-70,532.8299989068065,0.00015484924833097195
p114_V,3.604836095116712e-71,549.1718078754293,0.00015484924833097195
p114_MASS,3.4442847782000235e-58,400.6001222696548,0.00043519653117582517
p115_H2,1.9489846225314605e-06,23.511263164424243,0.0
p115_P2,1.6590006666061854e-11,48.82066055989151,0.0
p115_V,1.4719014695725168e-11,49.09164223682872,0.0
p115_MASS,1.9537427096951875e-18,86.9724372991249,0.0
p116_H2,0.22827060779785296,1.4572346102653073,0.0
p116_P2,1.4429930393808624e-05,19.41215210727634,0.00013587333748802272
p116_V,0.018409272331081177,5.614679956476183,1.71350831005597e-05
p116_MASS,5.4804975176950186e-09,35.96165760602335,0.0018758723243998872
p117_H2,5.620341651927614e-51,329.39834303861767,1.1847938185264764e-07
p117_P2,5.600299556576795e-48,301.93014674716363,1.1847938185264764e-07
p117_V,3.321858426109354e-64,465.978515899133,1.1847938185264764e-07
p117_MASS,5.087842349408723e-44,267.45950541199295,1.1847938185264764e-07
p118_H2,0.006687583438888042,7.452867077965719,0.0
p118_P2,1.3343981903998743e-05,19.57082640119928,0.0024865225206013005
p118_V,7.681515809425725e-07,25.444021967246787,0.0018142239657019685
p118_MASS,2.3979846885525202e-08,32.777073305646546,0.001648903417665122
p119_H2,0.9888858656837906,0.0001943499299546694,0.0
p119_P2,1.3386885546182938e-07,29.11333859553561,2.755962957331087e-07
p119_V,1.3933597408250297e-05,19.483121832674662,1.8650620733614635e-05
p119_MASS,1.7000727552233517e-10,43.59637899595081,1.2660048298453453e-06
p120_H2,0.17308799876040076,1.864382253999017,0.0
p120_P2,0.1765074132528465,1.8349606028288372,0.0
p120_V,0.05217029415760465,3.7988267251329533,0.0005049900812824628
p120_MASS,0.07677146601365246,3.152470202592948,0.0
p121_H2,0.3200809946420001,0.9917237073650876,0.0
p121_P2,0.3200809946420001,0.9917237073650845,0.0
p121_V,0.3200809946420001,0.991723707365084,0.0
p121_MASS,0.32008099464201745,0.9917237073650638,0.0
p122_H2,3.850674140128631e-17,79.53156574940371,0.001463950132397747
p122_P2,8.43738922605494e-13,55.63405855832176,0.0019048439349381508
p122_V,8.666033695430525e-17,77.53204331198995,0.001463950132397747
p122_MASS,1.2780409814597956e-10,44.23231407480521,0.0
p123_H2,2.3953765851655285e-06,23.085365685924188,0.0
p123_P2,0.09129964088426984,2.868707752462346,0.0
p123_V,0.5143036916149237,0.4262586836966994,0.0
p123_MASS,8.776994484273825e-07,25.166290518525347,0.0
p124_H2,0.9096682190367525,0.012893081995966511,0.0
p124_P2,2.218429561433847e-65,479.4338640227577,0.00096116744877273
p124_V,1.5196326625928695e-46,289.216027771103,9.760035334109472e-05
p124_MASS,4.021743495578749e-76,613.6721028919857,0.003929276754404145
p125_H2,1.7152827717866275e-79,660.2956823695828,0.0
p125_P2,5.016013269513946e-79,653.7115552962637,0.0
p125_V,2.948693297114896e-78,642.9401593346649,0.0
p125_MASS,3.028829673769326e-78,642.778025406793,0.0
p127_H2,0.7056779919036338,0.1428896917081309,0.0
p127_P2,0.7463920659613331,0.10477018517253647,0.0
p127_V,0.7358255806469294,0.11402981422602983,0.0
p127_MASS,0.8175509076117661,0.0533091793105989,0.0
p128_H2,0.3200809946420001,0.9917237073651233,0.0
p128_P2,0.32008099464229345,0.9917237073639275,0.0
p128_V,0.3200809946409735,0.9917237073693057,0.0
p128_MASS,0.32008099464600315,0.9917237073486838,0.0
p129_H2,7.921677588508216e-17,77.75289389675712,0.0
p129_P2,1.5029684908580154e-21,105.474245177011,0.0
p129_V,5.510454371359006e-21,102.0574302288845,0.0
p129_MASS,1.6040787511114898e-23,117.64232816069762,0.0
p130_H2,7.982875450094973e-35,194.6666703997499,0.0
p130_P2,3.7195396564572726e-32,175.3130761320478,0.0
p130_V,2.6060295042176496e-22,110.12816865375109,1.219680806965188e-07
p130_MASS,6.467352226083557e-33,180.74682788133683,0.0
p131_H2,0.004358330403794816,8.24638387386657,0.0
p131_P2,0.006935964335566313,7.385687050284253,0.0
p131_V,0.003506947926631072,8.65235261488375,0.0
p131_MASS,0.013281117087846949,6.200803440373632,0.0
p132_H2,3.2353767108831236e-07,27.253190579571488,0.0
p132_P2,3.235376710883699e-07,27.253190579571054,0.0
p132_V,3.2353767110024404e-07,27.253190579494003,0.0
p132_MASS,3.2353767108862566e-07,27.25319057956944,0.0
p133_H2,0.49268353873794957,0.47175387729104634,0.0
p133_P2,0.2190302882935819,1.5167138610802626,0.0
p133_V,0.2442118279988251,1.3611694754051016,0.0
p133_MASS,0.2475397840174383,1.3420783071628173,0.0
p136_H2,2.083375844541213e-11,48.3054766417731,0.0
p136_P2,9.201709053528317e-12,50.157643536662796,0.0
p136_V,9.94913425679255e-12,49.980176537084695,0.0
p136_MASS,1.7247005238016467e-11,48.73275745936578,0.0
p137_H2,0.05978713508406352,3.5688070274478574,0.0016084960630230458
p137_P2,0.6596364107697386,0.19433126310628637,0.0
p137_V,0.019566791581133523,5.505998367288078,7.550066759583726e-05
p137_MASS,0.9026324433954754,0.014990223809313181,0.0
p138_H2,0.6313746056730932,0.23064852916512474,0.0
p138_P2,0.8861377969230532,0.020537252720475636,0.0
p138_V,0.9802810430623667,0.0006118734565176036,0.0
p138_MASS,0.3727565553934127,0.7967078604834846,0.0
p139_H2,4.209282768314754e-71,548.3266141348661,0.0
p139_P2,4.209282768619808e-71,548.3266141344711,0.0
p139_V,4.2092827681954465e-71,548.3266141350206,0.0
p139_MASS,4.209282769145753e-71,548.3266141337901,0.0
p141_H2,0.04861402639752132,3.918787766015015,0.0
p141_P2,0.048614026397724094,3.9187877660079784,0.0
p141_V,0.048614026397836824,3.9187877660040717,0.0
p141_MASS,0.04861402640152534,3.918787765874787,0.0
p142_H2,0.042497615068124925,4.148676993073996,7.705364700971349e-06
p142_P2,0.04249761506570499,4.148676993171769,7.705364700971349e-06
p142_V,0.04249761506652083,4.148676993138792,7.705364700971349e-06
p142_MASS,0.042497615089677504,4.148676992203541,7.705364700971349e-06
p143_H2,1.908642657553371e-05,18.84601198284612,6.658701382260409e-05
p143_P2,0.001572995340328385,10.166437894526466,0.0
p143_V,0.0001731056297909932,14.444173797721371,0.0
p143_MASS,0.016204182569259963,5.842886935395836,2.730521350352432e-07
p144_H2,0.0007484008470932379,11.589749276584113,1.4414121363069118e-05
p144_P2,3.0226156290628873e-09,37.25579116759735,1.741825454399124e-05
p144_V,2.0451974995904934e-09,38.108474463491824,1.741825454399124e-05
p144_MASS,2.8926157969269796e-09,37.35162721871393,1.741825454399124e-05
p145_H2,0.004398861764023737,8.229139119141351,0.0
p145_P2,0.01042359728932907,6.639954502649631,0.0
p145_V,0.022585589067329426,5.251318569872937,0.0
p145_MASS,0.0015859221933251122,10.15086010552368,0.0
p146_H2,3.3313871263226675e-07,27.19178398348768,2.077743339864835e-09
p146_P2,3.046332410404592e-07,27.37966397390954,2.077743339864835e-09
p146_V,3.412113621177507e-08,32.021512708075626,2.077743339864835e-09
p146_MASS,4.1110719264133683e-07,26.75064808557348,2.077743339864835e-09
p147_H2,3.571609374803721e-05,17.583665170022968,9.76576565556107e-05
p147_P2,5.874062677076997e-07,26.0038796903822,0.0
p147_V,1.403024820260571e-05,19.46910372874773,9.186335154894045e-08
p147_MASS,0.007412502999340003,7.263448702504953,7.710803249565832e-09
p148_H2,0.9575477853408246,0.0028380343680793098,0.0
p148_P2,0.9575477853408246,0.0028380343680949878,0.0
p148_V,0.9575477853402986,0.002838034368132074,0.0
p148_MASS,0.9575477853408246,0.0028380343681194495,0.0
p149_H2,0.8745332325872909,0.024973699451245855,0.0
p149_P2,3.735586630029659e-05,17.49356861833299,0.0
p149_V,2.556054474673982e-06,22.951456006902234,0.0
p149_MASS,0.005500555698510672,7.8139430868590125,3.2297007000867204e-05
p150_H2,8.992783669174126e-05,15.739596593587967,0.0019060723001662228
p150_P2,0.03428409529570366,4.519457892799526,0.0
p150_V,0.04962061504527446,3.8839110751500776,1.86111625809064e-05
p150_MASS,0.1092580695802693,2.579403896576898,0.0
p151_H2,0.0011391899697314205,10.782444887988202,0.0001300257562367714
p151_P2,0.0010192026828905747,10.995745950873719,0.0006940146608858777
p151_V,0.0006029414348304441,12.00720920079212,0.0029204022814211276
p151_MASS,0.0010420636540243151,10.953200441706915,3.880584993153404e-06
p152_H2,1.6250096945752003e-11,48.867524941591036,0.0
p152_P2,0.0016087682116540335,10.12364271299049,5.704962325647455e-07
p152_V,9.935137096298884e-07,24.908379969977716,0.0
p152_MASS,1.206604558432387e-08,34.254392082345156,8.86518581627929e-07
p153_H2,0.27769989769161246,1.1823710479675058,0.0
p153_P2,0.25777638931790464,1.2852792599995753,0.0
p153_V,0.3608745927081016,0.8372686870072911,0.0
p153_MASS,0.12023347641743944,2.427331598800969,0.0
p154_H2,0.02396900835350342,5.146234075710353,0.0
p154_P2,0.003300838416173802,8.765847441440082,0.0029453186917687466
p154_V,0.0026336127445281336,9.190312301688929,2.563343243165031e-06
p154_MASS,0.0018013593593493443,9.90872990373217,0.00036844768165483375
p155_H2,0.032875628425659977,4.592368390411129,0.00011676610559387163
p155_P2,0.2458362342761057,1.351811309028064,0.0
p155_V,0.1221287938681988,2.40263525929977,0.0
p155_MASS,0.2761882055607476,1.1898501270332809,0.0
p156_H2,5.319648634028385e-60,419.68569711368895,0.0
p156_P2,3.8029811003862777e-53,350.0357187156175,0.0
p156_V,3.4241652355208e-60,421.73134144187514,0.0
p156_MASS,2.8243708619040935e-50,322.8672427164792,0.0
p157_H2,2.007016243436892e-14,64.38556743531775,0.0
p157_P2,6.315538346154577e-19,89.8294825930191,0.0
p157_V,1.583741130065391e-16,76.05266741512982,0.0
p157_MASS,1.4730932330811342e-16,76.23005177038553,0.0
p158_H2,2.774655350315584e-05,18.091276815612876,0.00010108791534947665
p158_P2,8.267168044477715e-05,15.906778371239735,0.00015173580251722106
p158_V,4.3750279397050675e-05,17.176789104904927,0.00015173580251722106
p158_MASS,0.00035692176133582084,13.025769594888999,0.00020237671650246507
p159_H2,6.016114221996562e-34,188.220905082128,4.575263116305835e-07
p159_P2,8.460769312765773e-38,217.153206488035,2.0828793446524454e-05
p159_V,1.3932835481923229e-37,215.48243434852697,3.721919330340511e-05
p159_MASS,9.183543193494526e-39,224.65575801325272,2.0828793446524454e-05
p160_H2,2.210213346599655e-17,80.906221129787,0.0
p160_P2,2.4640845015466883e-16,74.97189006634802,1.450080832418239e-06
p160_V,1.1336979214409512e-16,76.87215794263388,1.450080832418239e-06
p160_MASS,5.388718654034896e-15,67.51666385044055,1.450080832418239e-06
p162_H2,0.0010421086231961198,10.95311769065934,1.3392446573759285e-05
p162_P2,0.6941551361912297,0.15490585668945794,0.0
p162_V,0.05711027795351739,3.6458909204221164,0.0006580721598354225
p162_MASS,0.4237277680974816,0.6416115889182693,0.0
p163_H2,0.04090397899387276,4.214347348718657,2.697818772502358e-05
p163_P2,2.2815870905933866e-07,27.987788925116543,2.412685929668718e-05
p163_V,0.009933931946765511,6.72757364674373,3.4344113449629267e-06
p163_MASS,4.95932734933676e-09,36.17856268161494,2.412685929668718e-05
p164_H2,5.774658531206715e-12,51.218402651111056,6.931491083425009e-05
p164_P2,4.631453009433184e-78,640.2137361639327,0.0
p164_V,4.8333727144216834e-83,711.9438345229747,0.00010576141114598308
p164_MASS,8.478772172659021e-74,582.8269425992405,7.382288217184904e-06
p165_H2,2.8937057436591666e-08,32.37427203111072,0.0009234343524493172
p165_P2,1.2573729010218493e-08,34.165518727597565,0.0
p165_V,7.372178232316335e-10,40.347544498037486,1.0763232389225144e-06
p165_MASS,7.784403043660121e-08,30.262919667235927,1.5171247997117805e-05
p166_H2,6.849368779543502e-09,35.47828114757063,3.690472330610043e-05
p166_P2,4.7243117252032975e-15,67.83152026575965,5.3923865026507676e-06
p166_V,1.185049524727391e-21,106.10238555894963,8.894104451222772e-07
p166_MASS,3.1171741928268656e-12,52.62745011851219,1.9030852788390376e-05
p167_H2,1.070101722038735e-08,34.513440480356735,2.0315234221416375e-07
p167_P2,1.3539262713566566e-17,82.12391833312722,0.0
p167_V,1.063361839823273e-06,24.767120278806747,2.0315234221416375e-07
p167_MASS,2.568311480824934e-23,116.36414575403342,0.0
p168_H2,4.290158445432026e-29,154.01812036823796,5.689595765684089e-06
p168_P2,9.00191310904741e-07,25.113615065225655,0.0
p168_V,1.556886534139527e-11,48.96449567199651,1.0047063042813114e-07
p168_MASS,0.29619788148475396,1.0948427071970246,0.0
p169_H2,6.3980829857810745e-34,188.02575007460553,0.00010894013206191541
p169_P2,1.7146577856901373e-42,254.67945259280668,0.00102116558401727
p169_V,5.620465060853937e-41,242.27869523428822,0.00102116558401727
p169_MASS,3.384325254094324e-44,268.9592841103809,0.00102116558401727
p170_H2,0.04529697617684966,4.039387026576361,0.0
p170_P2,1.3018255649676112e-08,34.09062189406222,0.0
p170_V,1.629788618585849e-07,28.697395377252573,0.0
p170_MASS,1.311016026281489e-08,34.07545901820812,0.0
p172_H2,3.539766924549504e-63,454.4015682075271,0.0
p172_P2,2.6795510439321956e-63,455.7548118928475,0.0
p172_V,9.105940481010386e-63,449.8266736592357,0.0
p172_MASS,3.038740658601614e-63,455.14308492635826,0.0
p173_H2,0.029049507120860876,4.808290600799395,5.281431813415729e-06
p173_P2,0.033229859239098956,4.573726878167263,5.281431813415729e-06
p173_V,0.029866324914777132,4.759787299025893,5.281431813415729e-06
p173_MASS,0.03589223887524345,4.439964313133293,5.281431813415729e-06
p175_H2,0.32008099464197426,0.9917237073652018,0.0
p175_P2,0.32008099464197426,0.9917237073652299,0.0
p175_V,0.32008099464195694,0.9917237073652763,0.0
p175_MASS,0.32008099464197426,0.9917237073652423,0.0
p178_H2,9.984848913624337e-19,88.6681084899521,3.141050528309407e-05
p178_P2,9.984848894202398e-19,88.66810849487648,3.141050528309407e-05
p178_V,9.984848878665752e-19,88.66810849881578,3.141050528309407e-05
p178_MASS,9.98484891346294e-19,88.668108489993,3.141050528309407e-05
p179_H2,9.837542950288294e-19,88.70573779627911,0.0
p179_P2,1.322807177357316e-18,87.95668170885163,0.0
p179_V,2.9416158481515855e-19,91.77445227954733,0.0
p179_MASS,2.3293048168656434e-18,86.52952352093465,0.0
p180_H2,0.9999996655606993,1.474236340248725e-13,0.0
p180_P2,0.6007339873557999,0.2744413375407766,0.0
p180_V,0.6007339873558466,0.2744413375407091,0.0
p180_MASS,0.6007339873561506,0.2744413375402996,0.0
p181_H2,9.037104729003469e-16,71.81284027282024,3.4856114857864656e-06
p181_P2,3.716659698205885e-14,62.92785053735387,3.4856114857864656e-06
p181_V,2.3494572496851335e-09,37.80544837274173,5.764807965967479e-07
p181_MASS,1.06295256077291e-08,34.52791128613504,5.764807965967479e-07
p183_H2,1.642106171125285e-10,43.67362479943422,2.9041620782118086e-09
p183_P2,9.460817112100822e-12,50.094528599096606,0.0
p183_V,1.8332299344868575e-05,18.927514719748928,0.0
p183_MASS,5.8789582675706915e-12,51.17758398118706,0.0
p184_H2,1.067087304145755e-18,88.4999196524251,0.0
p184_P2,1.421402121905231e-20,99.58345695246838,0.0
p184_V,9.39233472977939e-21,100.66334207350737,0.0
p184_MASS,3.4790367853907105e-10,42.00623348683101,0.0
p185_H2,1.3519675035405234e-07,29.09245659235259,3.329255619232603e-05
p185_P2,0.0001893149926237248,14.267961613304614,0.0
p185_V,0.30002095061519596,1.0776235844725286,0.0
p185_MASS,0.06332897909555558,3.4723009491212244,3.827503887447911e-05
p186_H2,0.8430146526631387,0.039283735936561995,0.0
p186_P2,0.20208753787998382,1.6339876081190017,0.0
p186_V,0.26439886010582786,1.250000957229717,0.0
p186_MASS,0.13145451273587247,2.2870431001343716,0.0
p187_H2,0.3200809946420001,0.9917237073651217,0.0
p187_P2,0.32008099464195694,0.991723707365267,0.0
p187_V,0.32008099464195694,0.991723707365267,0.0
p187_MASS,0.32008099464205186,0.9917237073648909,0.0
p189_H2,1.364425807586079e-09,38.99464182596866,1.3242541661714749e-05
p189_P2,8.616007124631824e-06,20.460334440085283,0.0
p189_V,9.41578905476943e-09,34.789787206580044,4.696173930637403e-06
p189_MASS,1.5246783692222573e-05,19.300555478664172,0.0
p191_H2,1.800877054598664e-111,1237.3989473873041,0.0
p191_P2,1.897752941502901e-85,748.4938936103592,0.0
p191_V,1.2189630936761851e-77,634.3963285329418,0.0
p191_MASS,4.362377390028473e-53,349.46006390939203,0.0
p192_H2,7.914955939253451e-18,83.46231344749069,0.0
p192_P2,7.914955930718593e-18,83.46231345018384,0.0
p192_V,7.914955924470488e-18,83.46231345215539,0.0
p192_MASS,7.914955939213224e-18,83.46231344750343,0.0
p193_H2,7.914955939190976e-18,83.46231344751045,0.0
p193_P2,7.914955939190441e-18,83.46231344751062,0.0
p193_V,7.914955939174601e-18,83.46231344751564,0.0
p193_MASS,7.91495593954875e-18,83.46231344739756,0.0
p194_H2,0.0001873346157350627,14.288652570157064,2.361074759171608e-08
p194_P2,0.0006196261605016646,11.9544039763329,6.5291440569021956e-06
p194_V,0.025441149210799163,5.041141245874301,9.081090457550398e-07
p194_MASS,0.5905677877275948,0.29004793030619874,0.0
p195_H2,0.20750783229137706,1.5952361358081073,0.0
p195_P2,1.3886437443057034e-09,38.956066889054135,0.006186623479923603
p195_V,7.281211939035886e-13,55.97482672528007,0.006186623479923603
p195_MASS,4.153427390528925e-09,36.563905800244896,0.004477127067522756
p196_H2,0.07457826884113869,3.200326168829543,0.0
p196_P2,0.4926755166025607,0.47177138675769426,0.0
p196_V,6.284137114622151e-10,40.6994858068044,3.9023327326530023e-07
p196_MASS,0.0634627490975039,3.4687701297878704,5.587763210867841e-07
p197_H2,6.629192642374184e-13,56.19192819753388,0.0
p197_P2,2.176604932718293e-09,37.972376493785674,0.0
p197_V,1.2727134254529844e-13,60.033975019486356,0.0
p197_MASS,0.001240505730365389,10.619436021719425,2.822848520669334e-06
p198_H2,7.0755802676826e-21,101.40323839179192,7.205598941121977e-07
p198_P2,4.716170311000208e-22,108.54677322464791,2.7346987700753434e-06
p198_V,2.8304521745702794e-26,135.2407826364601,4.5672448442185986e-06
p198_MASS,6.515998627203926e-30,159.61694256851214,1.4315854221319142e-06
p199_H2,7.218555514121239e-16,72.35708276527222,0.0
p199_P2,1.2977147369398068e-22,111.99474004062097,0.0
p199_V,1.4732933500475164e-40,238.90242058588444,9.564289643890265e-05
p199_MASS,3.2629928727490126e-31,168.65163428040387,7.836451549325372e-07
p200_H2,0.16611815500425994,1.9264858288930626,0.0
p200_P2,2.089191853424415e-66,491.36993843943105,0.0
p200_V,7.387910192492193e-93,869.4312425311194,7.486333510205174e-07
p200_MASS,4.8389056188798113e-26,133.7243330745382,0.0
p201_H2,5.858139432286998e-06,21.248048091427414,0.0
p201_P2,1.0487946270956713e-17,82.75998497260085,0.0
p201_V,1.3836923084888282e-19,93.70388613449968,3.7029043831646734e-05
p201_MASS,3.0791051841740484e-06,22.567912319778987,2.292287666045855e-05
p202_H2,1.5976095158591254e-38,222.77518596957418,0.0
p202_P2,8.377858605111442e-41,240.87764922653824,0.0
p202_V,1.0087804548497922e-40,240.22695986265722,0.0
p202_MASS,1.180047010747573e-39,231.6827899394797,0.0
p203_H2,2.6953492322015144e-08,32.526418829364516,0.00019224773005664208
p203_P2,2.6953492317171164e-08,32.526418829749694,0.00019224773005664208
p203_V,2.6953492315162442e-08,32.5264188299094,0.00019224773005664208
p203_MASS,2.695349232188384e-08,32.52641882937496,0.00019224773005664208
p204_H2,3.5707885299829293e-51,331.24536727623746,3.2947199547284273e-06
p204_P2,5.866613696419409e-39,226.18269407359205,0.0
p204_V,2.749841396839627e-59,412.1079192237233,6.859380749605983e-07
p204_MASS,9.935521914570126e-12,49.983286928798734,0.0
p205_H2,3.471800619560817e-22,109.3626781140249,0.0044346546953351485
p205_P2,2.2229336528512476e-64,467.96117776652693,0.0031531794651344517
p205_V,1.8111561669030302e-49,315.4320770090606,0.0031196244484378356
p205_MASS,6.996369276346623e-69,520.9063222463413,0.0031531794651344517
p206_H2,7.48617514910188e-38,217.56393788150484,0.18327839233785792
p206_P2,1.1303673613548287e-13,60.31177194548411,0.0
p206_V,9.15001895730397e-13,55.44672231562972,0.0
p206_MASS,0.005894001869134437,7.686072562993898,1.0934551163006352e-05
p207_H2,7.503035619464813e-12,50.62185979340314,0.0
p207_P2,5.427780464730776e-19,90.21432436697243,5.573158691142264e-07
p207_V,0.0007853900390877169,11.496762550227142,0.0
p207_MASS,2.3856366907306464e-19,92.30943359279675,5.573158691142264e-07
p208_H2,1.159434156983177e-07,29.417666084251564,0.0
p208_P2,7.434146151985605e-05,16.118075179860202,0.0
p208_V,4.889705418889225e-06,21.61803061916871,0.0
p208_MASS,0.0014748470833643736,10.289148719032607,0.0
p209_H2,0.934873916335532,0.006687835551949689,0.0
p209_P2,0.25355274508628156,1.3083714003853852,0.0
p209_V,0.7068455573764635,0.14170310525901245,0.0
p209_MASS,0.08007085485431867,3.0831920805338826,0.0
p210_H2,1.3339162305234378e-36,207.98163032348793,0.0
p210_P2,2.884585820067084e-51,332.11616020548865,0.0
p210_V,2.073285461962234e-36,206.52982207000744,4.04268876649994e-05
p210_MASS,4.500570076445622e-52,339.7465722762125,9.326558064051165e-08
p211_H2,3.774171599845438e-17,79.58116772974873,0.0
p211_P2,3.3032279915774135e-18,85.65104286051545,0.0
p211_V,2.1267167447293702e-18,86.7586729867357,0.0
p211_MASS,1.842603843264611e-18,87.12008656636381,0.0
p212_H2,9.51532249212074e-17,77.30227266595915,0.0
p212_P2,2.5981802120477205e-16,74.84253821822583,0.0
p212_V,2.8052664718278593e-17,80.3152677756183,0.0
p212_MASS,6.42471144443287e-16,72.63960409944886,0.0
p213_H2,0.8283710666883407,0.04707610902051566,0.0
p213_P2,0.0314586984285948,4.669103011016114,0.0064460308422833006
p213_V,0.33345268825158947,0.9383046478198032,0.0
p213_MASS,0.0009005229661458297,11.23348912690277,0.005171663597757487
p214_H2,1.374043780758343e-08,33.974272607790404,0.00029290141135022117
p214_P2,3.8267135221823665e-10,41.795341504580136,0.0
p214_V,1.7027295877223008e-13,59.353173729989386,0.0005725731789966061
p214_MASS,2.917082444957081e-09,37.33326312325948,9.270226720470046e-05
p216_H2,1.4608370645587701e-05,19.387238500051353,3.492179214108743e-05
p216_P2,0.00412678766953761,8.348157942563223,0.0
p216_V,0.0009911696452506867,11.04926197758441,0.0
p216_MASS,0.02138237785540357,5.348318108999926,0.0
p217_H2,4.951976013554202e-12,51.5690797625194,0.00025002047933881234
p217_P2,4.091447482610588e-06,21.98359528398259,8.418754343075778e-05
p217_V,6.390883343946498e-08,30.682428754626514,6.1000969972437696e-05
p217_MASS,0.0010329981100459294,10.969957226755659,0.0019107639896691856
p218_H2,0.6527822362229112,0.20279473154437444,0.0
p218_P2,0.016597698601891468,5.799885883031895,3.828463941279829e-06
p218_V,0.08794359127294003,2.92966573625482,0.0
p218_MASS,4.2331702734578324e-05,17.242825199874996,1.5937680615473896e-05
p219_H2,0.058257593257018375,3.6123896751307156,0.0
p219_P2,0.004118801067970051,8.351771920803232,0.0
p219_V,0.005746236956695026,7.733040261616563,1.6850363245569088e-05
p219_MASS,0.003972236310864961,8.419397577771516,0.0
p220_H2,4.090743104317786e-10,41.647705492936836,0.0005213141541318787
p220_P2,2.10762602124866e-14,64.26962982209957,0.0
p220_V,1.1652844440173458e-17,82.49751604407325,3.171433973081291e-06
p220_MASS,4.7329858565101316e-14,62.3576326919778,0.0
p221_H2,2.7217665134387575e-06,22.82197144158845,0.0
p221_P2,7.764731855496146e-10,40.23329408076334,0.0
p221_V,3.7186399741760742e-06,22.17981074696986,0.0
p221_MASS,5.529434171808241e-11,46.10710971905927,0.0
p222_H2,1.8163310240113838e-26,136.49922232952954,8.059594582432569e-06
p222_P2,1.7820119669318165e-29,156.61978147628338,8.059594582432569e-06
p222_V,2.4436477600197903e-29,155.68310181721083,1.8592498939708706e-06
p222_MASS,8.10975906331657e-32,172.91145501753678,5.973416100011851e-06
p223_H2,0.3200809946420001,0.9917237073651192,0.0
p223_P2,0.32008099464191386,0.9917237073654419,0.0
p223_V,0.3200809946418708,0.9917237073656419,0.0
p223_MASS,0.32008099464195694,0.9917237073652634,0.0
p224_H2,7.359994426141288e-08,30.382085772106286,3.6315677990258115e-06
p224_P2,0.41215404043535653,0.6743563372329925,0.0
p224_V,0.7339711486484064,0.11569994555037297,0.0
p224_MASS,0.0011971470826228868,10.687474100933496,0.0
p225_H2,4.169138027160169e-07,26.72125502279381,1.0958577492876096e-07
p225_P2,0.010667335216842697,6.5979099716459935,0.0
p225_V,0.8922283211916755,0.0183857290208414,0.0
p225_MASS,0.298403030757512,1.0848759797504488,0.0
p226_H2,1.7978778305315238e-15,70.15174119685075,0.0
p226_P2,1.7978778305484066e-15,70.15174119682816,0.0
p226_V,1.7978778305016358e-15,70.15174119689085,0.0
p226_MASS,1.797877830648176e-15,70.15174119669446,0.0
p227_H2,1.1826906623654994e-10,44.40534322194325,0.0
p227_P2,7.281252573730538e-09,35.34586029998788,0.0
p227_V,0.00012455875872286918,15.093863078549402,0.0
p227_MASS,2.680818110407958e-09,37.51746815182548,0.0
p228_H2,4.235554959407293e-36,204.1867225206467,6.456082145064347e-07
p228_P2,7.066466078071473e-14,61.41423287921605,4.793854999247812e-06
p228_V,6.207445092910646e-08,30.744424275590188,9.239990741461855e-07
p228_MASS,1.025094219743538e-05,20.106559229927417,5.767772692521919e-06
p229_H2,0.08141526957068157,3.0558445713181794,0.0
p229_P2,0.6998545420312412,0.14889277672811285,0.0
p229_V,0.6572664818602276,0.197233183475347,0.0
p229_MASS,0.46731021903191994,0.5296048020282251,0.0
p230_H2,8.966442273497902e-06,20.379104564159594,0.0
p230_P2,1.5057890380588573e-10,43.866677315925706,0.0
p230_V,2.0467113792136166e-09,38.10685692433217,0.0
p230_MASS,8.818392775947426e-11,45.061272073296244,0.0
p231_H2,0.45239970605804136,0.566028475304414,0.0
p231_P2,2.5525022218402366e-10,42.692901299089634,1.2534483545227605e-07
p231_V,3.0112806880024566e-05,17.926591251151738,0.0
p231_MASS,3.5456470662701756e-10,41.96423154084237,1.2534483545227605e-07
p232_H2,3.8845951009949324e-11,46.90052970568622,4.564433373353188e-06
p232_P2,2.7085058454793138e-08,32.51598299925978,0.0
p232_V,1.5461837842847287e-07,28.808651335516913,0.0
p232_MASS,1.045217856271489e-09,39.57958441650991,8.864868851918527e-07
p233_H2,1.6062780538317417e-12,54.14941593663171,6.807826927974227e-07
p233_P2,3.2918781541468444e-14,63.214494540117805,0.0
p233_V,4.9384191608860085e-14,62.25750198253904,0.0
p233_MASS,1.494918773854162e-14,65.0846072593583,0.0
p234_H2,0.9255708712385371,0.008740964921229617,0.0
p234_P2,0.011169335560443331,6.514352179748696,0.0
p234_V,0.007716614550947874,7.189591585271953,0.0
p234_MASS,0.031856313638984377,4.647209633034535,0.0
p235_H2,0.3955395647133957,0.7238087600341339,0.0
p235_P2,0.01851953934066234,5.604025124786203,0.0
p235_V,0.03096796803712356,4.69652701000051,0.0
p235_MASS,0.02410745768966703,5.136067450463843,0.0
p236_H2,0.3485244289859796,0.8814324468885485,0.0
p236_P2,0.10814034626603279,2.595832198332074,0.0
p236_V,0.10347782009863854,2.6664406950610764,0.0
p236_MASS,0.11886813059808143,2.4453921786000516,0.0
p238_H2,5.0853552841189624e-14,62.18842339352629,0.0
p238_P2,1.7283480149385195e-18,87.28153138616553,0.0
p238_V,6.155624098113279e-19,89.89461161017647,0.0
p238_MASS,1.0486683925830713e-10,44.67392923111899,0.0
p239_H2,0.08220802702580964,3.039947061246433,0.0
p239_P2,0.003053133843538329,8.912242047924416,4.729683188057579e-07
p239_V,0.0029486326208295645,8.977680964985224,4.9609732817926276e-06
p239_MASS,0.011643287409866863,6.438945268311674,6.7217325220182785e-06
p240_H2,0.3993256527661856,0.7122761305033266,0.0
p240_P2,0.3993256527658817,0.7122761305041998,0.0
p240_V,0.39932565277733434,0.7122761304696161,0.0
p240_MASS,0.3993256527669803,0.712276130500914,0.0
p241_H2,5.830927789692997e-20,95.9263215159232,0.0
p241_P2,1.1311126863067625e-18,88.3524953859593,0.0
p241_V,3.814444800819015e-18,85.28976705308268,0.0
p241_MASS,3.46204791500913e-19,91.35895748579968,0.0
p242_H2,0.008169500983127511,7.084972762152464,0.0
p242_P2,0.008169500983126866,7.084972762152603,0.0
p242_V,0.008169500983127511,7.084972762152442,0.0
p242_MASS,0.008169500983141008,7.084972762149394,0.0
p243_H2,0.6007339873560337,0.27444133754042704,0.0
p243_P2,0.6007339873566415,0.2744413375395484,0.0
p243_V,0.6007339873557764,0.2744413375408729,0.0
p243_MASS,0.6007339876563711,0.2744413370875056,0.0
p244_H2,0.3103865029508398,1.0323316210910949,0.0
p244_P2,0.6007339873563375,0.27444133753996913,0.0
p244_V,0.3290183695875679,0.9556989052620882,0.0
p244_MASS,0.47999862277289174,0.5000477936937664,0.0
p245_H2,1.0,0.0,0.0
p245_P2,0.0002187819940964365,13.983616724666552,0.0
p245_V,0.00021878199410768328,13.983616724565604,0.0
p245_MASS,0.00021878199409641402,13.983616724666723,0.0
p246_H2,0.6007339873560337,0.27444133754045724,0.0
p246_P2,0.6007339873560804,0.2744413375403959,0.0
p246_V,0.6007339873561037,0.27444133754032685,0.0
p246_MASS,0.6007339873562206,0.27444133754017214,0.0
p247_H2,1.0,0.0,0.0
p247_P2,0.3869713423645734,0.7505058335123148,0.0
p247_V,0.3869713423634339,0.7505058335158892,0.0
p247_MASS,0.386971342370528,0.7505058334934495,0.0
p248_H2,0.5414257248627271,0.37371242485212425,0.0
p248_P2,2.3684687885929613e-08,32.80364269718153,1.724636960485627e-05
p248_V,0.00019492974743497968,14.210469885814348,3.3910170359421406e-05
p248_MASS,4.755578450019564e-09,36.269674992611186,1.2812846963321738e-05
p249_H2,1.0,0.0,0.0
p249_P2,0.04529697617716711,4.039387026564354,0.0
p249_V,0.04529697617666059,4.039387026583509,0.0
p249_MASS,0.04529697618044229,4.039387026440718,0.0
p250_H2,0.5270878442647704,0.400887357889947,0.0
p250_P2,0.5270878442661694,0.40088735788719776,0.0
p250_V,0.5270878442628443,0.400887357893703,0.0
p250_MASS,0.5270878443894158,0.40088735764786365,0.0
p251_H2,8.90752954426625e-20,94.83504392331122,0.0
p251_P2,8.907529544269538e-20,94.83504392331025,0.0
p251_V,8.907529544259045e-20,94.83504392331332,0.0
p251_MASS,8.907529544495021e-20,94.83504392324517,0.0
p252_H2,5.275351892089145e-11,46.212704187514795,0.0
p252_P2,6.118675709752449e-06,21.159051245083567,3.4872601163959915e-06
p252_V,2.3948074457652783e-10,42.83449581500448,7.571533129963548e-08
p252_MASS,1.1454304109183598e-05,19.880880664565712,0.0
p253_H2,0.9706088734892265,0.0013596739686333097,0.0
p253_P2,0.9706088734899869,0.0013596739685933345,0.0
p253_V,0.9706088734839036,0.0013596739691616126,0.0
p253_MASS,0.9706088734899869,0.0013596739686060847,0.0
p254_H2,0.02120978388351042,5.362696633946069,0.0
p254_P2,7.838689400129491e-05,16.01262430499831,0.0
p254_V,0.0004836533121263021,12.434498507727314,0.0
p254_MASS,0.0035803229287746864,8.613587546901835,0.0
p255_H2,0.31596086418615443,1.0087819655678871,0.0
p255_P2,0.009835858749670558,6.745656987154315,1.4190232232169636e-05
p255_V,0.004246277836661266,8.294926685348278,4.4968766561453035e-06
p255_MASS,0.007177914084883272,7.322581423231928,1.4190232232169636e-05
p256_H2,0.012233937219287576,6.349287679777586,0.0008776524150418859
p256_P2,2.2889782968270542e-08,32.87689213418452,7.186891747372308e-06
p256_V,1.0313114846025564e-10,44.711219011894684,0.00017099191151275994
p256_MASS,2.9498449392523077e-07,27.44730130887623,3.0658671438754054e-07
p257_H2,0.5802868106533219,0.30640181895594776,0.0
p257_P2,0.5802868106589842,0.30640181894681856,0.0
p257_V,0.5802868102703117,0.3064018195761537,0.0
p257_MASS,0.5802868106493583,0.3064018189623927,0.0
p258_H2,1.5846531813393198e-11,48.924464694841156,0.02240235220862703
p258_P2,1.2445701119212988e-11,49.47194563623304,1.521841914676078e-06
p258_V,1.5555110464263086e-12,54.223316513074,6.0898521278580765e-05
p258_MASS,9.229900103134498e-11,44.95926595926846,1.521841914676078e-06
p259_H2,8.444191491030244e-54,356.38126656195755,0.0009003436835146013
p259_P2,9.408587616647844e-57,385.8175866791665,7.950648698158282e-05
p259_V,2.3526294088712194e-60,423.47861739002934,1.1884271670168675e-05
p259_MASS,3.400285401068618e-55,370.1296249949785,7.950648698158282e-05
p260_H2,1.7410651117148944e-19,93.11514623100504,5.653469594249271e-06
p260_P2,0.0266261230478171,4.961060594571227,2.884585180029497e-08
p260_V,0.39646259175165965,0.7209824740876506,0.0
p260_MASS,1.99550399529541e-07,28.270140168528098,4.1982160805141386e-07
p261_H2,2.7378640080830362e-14,63.65017631242774,0.00031926181231036935
p261_P2,2.73786400662714e-14,63.650176313685755,0.00031926181231036935
p261_V,2.7378640051896847e-14,63.65017631492782,0.00031926181231036935
p261_MASS,2.7378640079665758e-14,63.65017631252842,0.00031926181231036935
p262_H2,4.493421495656822e-09,36.3928726636957,8.762376833842643e-07
p262_P2,8.624915656634242e-11,45.110900853138276,0.0
p262_V,8.359095389449672e-10,40.070934359032634,0.0
p262_MASS,4.6225886253272714e-11,46.509407106839156,0.0
p263_H2,7.076582111430444e-08,30.465585478897875,2.3205394327577205e-06
p263_P2,0.0011041509983781069,10.842276320767379,0.0
p263_V,0.01741917109232118,5.713429199271886,0.0
p263_MASS,0.010222960149967335,6.675331966523318,7.097432828375782e-08
p264_H2,0.08682308082779377,2.950584184255356,0.0
p264_P2,0.017527430792803833,5.702351807343153,0.0
p264_V,0.03455256623092299,4.505917731951722,3.37981736790596e-08
p264_MASS,0.014557684187168499,6.0353666615619925,0.0
p265_H2,7.449759087499529e-75,596.7165343067653,0.06406167391643544
p265_P2,3.2517880436586474e-62,443.70669257613355,0.06406167391643544
p265_V,5.093839819851324e-62,441.5604250992092,0.06406167391643544
p265_MASS,8.975021440024538e-40,232.6270491219563,0.05577754155022225
p266_H2,7.467802632008589e-05,16.109083193942556,0.0008283902845475268
p266_P2,0.00026051568032047986,13.641195843759094,0.002379258346725995
p266_V,0.00021887568850486547,13.98277596473642,0.002379258346725995
p266_MASS,0.0008227749760305904,11.407198201025304,5.97802760943528e-08
p269_H2,0.29832430210773725,1.0852301782246734,0.0
p269_P2,3.125705377860899e-14,63.336903067584316,0.00016722514484778715
p269_V,1.2049295985994546e-14,65.59723247908704,0.00016722514484778715
p269_MASS,2.3525142640568924e-13,58.598711462929785,0.00016722514484778715
p270_H2,0.05243719429235895,3.790176747396293,0.00018561339239273842
p270_P2,3.190587742977115e-08,32.165149238200954,0.0
p270_V,5.156481538624833e-05,16.847914081741695,0.0
p270_MASS,1.0712714348940846e-11,49.812230896739514,0.0
p271_H2,5.9489396820197875e-05,16.562335810659683,1.9479567446443496e-05
p271_P2,0.05892363135094312,3.593263167172936,1.1390464689176653e-07
p271_V,0.23442123346922109,1.4192308892974295,0.0
p271_MASS,0.13635943228767716,2.229874848908264,0.0
p273_H2,0.00824546671701493,7.068010186543183,2.9159381762428963e-06
p273_P2,0.5831509736852099,0.30178715139970114,0.0
p273_V,0.07831044090185271,3.1197631826053747,0.0
p273_MASS,0.6072751934581295,0.2646892870769031,0.0
p274_H2,0.30819954864745364,1.0417222373027304,0.0
p274_P2,0.5399358390976798,0.37647499647963456,0.0
p274_V,0.42268003376037366,0.6445206285228567,0.0
p274_MASS,0.00017677919910870815,14.402814957967012,4.799682952937967e-06
p275_H2,0.0033511050289683508,8.737513281874785,7.826231568584084e-06
p275_P2,7.649134763824829e-30,159.1380091973125,3.2661266672893063e-07
p275_V,1.0122049608695612e-15,71.53852026807148,1.3155170232202254e-07
p275_MASS,4.495982518272977e-40,235.01925021697204,3.2661266672893063e-07
p276_H2,0.0017127375317377202,10.004558383848433,0.0
p276_P2,3.211304590705038e-08,32.151296987667926,0.0
p276_V,8.712973103981337e-05,15.80238988100764,0.0
p276_MASS,1.1780101697093212e-09,39.31693567055996,0.0
p277_H2,1.4751992265464305e-28,150.38547341639432,5.337643625206585e-06
p277_P2,3.613395874644797e-10,41.92231923410035,0.0
p277_V,3.793238626221206e-07,26.919342983244032,0.0
p277_MASS,4.832811329992045e-24,120.91771415760158,1.1058392040302363e-09
p278_H2,0.0033443513749104896,8.741294804336063,0.0
p278_P2,3.9805964548233374e-08,31.692062869081788,4.4723576171877765e-05
p278_V,5.471173757007235e-10,41.005149425105955,4.4723576171877765e-05
p278_MASS,4.904027019288603e-09,36.202913500183314,4.4723576171877765e-05
p279_H2,7.757018180830003e-20,95.19089677619351,3.274577900864985e-05
p279_P2,0.9989554941454111,1.7164331388988397e-06,0.0
p279_V,1.3064374706809416e-20,99.80303717522129,0.003218423538256139
p279_MASS,5.0216984517684176e-36,203.62987354805364,0.04147274437919944
p280_H2,2.027841490187964e-76,617.6949558832616,0.0
p280_P2,8.245213529791107e-78,636.7422583544063,5.138782999221291e-05
p280_V,8.260229033093704e-75,596.1223829036342,5.138782999221291e-05
p280_MASS,6.291179343120188e-82,695.4419396885869,0.0
p281_H2,4.429180554748443e-10,41.47191166003038,1.1862974778995295e-05
p281_P2,4.7220744619932755e-05,17.023952530787085,1.385542155745846e-05
p281_V,0.017928501770306565,5.661923136903446,1.0841560953915343e-05
p281_MASS,2.9908464133292752e-05,17.940287538568718,1.2387834719642526e-05
p282_H2,0.00010860160198884964,15.365284205209983,4.264042005190904e-06
p282_P2,2.549137154319935e-10,42.695829741661235,0.0
p282_V,2.475007050567008e-16,74.96109193518893,4.258573487099115e-06
p282_MASS,6.062444995070473e-11,45.900630664731544,7.0935730180834636e-06
p283_H2,1.8720662136904973e-25,129.9215074666953,0.0
p283_P2,3.7773280808411974e-74,587.4211199684966,0.0
p283_V,1.3462743141002627e-69,529.6475896979906,0.0
p283_MASS,2.679432388135033e-65,478.4876696268178,0.0
p284_H2,7.665598648989687e-60,417.9936165675327,9.924164870075133e-09
p284_P2,0.12071541692837265,2.4210109609522346,0.0
p284_V,0.030679865071456064,4.712840424514312,3.9436846786928874e-08
p284_MASS,1.3600243287575854e-07,29.079887277232714,3.4924925314629895e-08
p285_H2,1.967745045941196e-94,896.8513877286352,0.0
p285_P2,3.016508213172166e-33,183.13471062911964,0.0
p285_V,2.867744699395259e-83,715.3335253504063,0.0
p285_MASS,3.157165725847038e-32,175.8196661629993,0.0
p286_H2,1.1082284911704351e-94,901.2513632723953,8.183078935027981e-06
p286_P2,0.6540777018224888,0.2011784991521773,0.0
p286_V,4.369660387394821e-08,31.492892308147187,1.3169571617354388e-05
p286_MASS,1.0591700246683546e-47,299.4548398647775,0.0003338022985840657
p287_H2,0.38253904218018164,0.7646505873097553,0.0
p287_P2,0.3652273607510669,0.8221968732181617,0.0
p287_V,0.0632719985725386,3.4738073601930557,4.538927854501121e-08
p287_MASS,0.0720351137152519,3.2577569742754706,0.0
p288_H2,1.3025725535984723e-16,76.53155539990065,4.041175121058132e-06
p288_P2,0.4985601602425581,0.4590549462676582,0.0
p288_V,0.4084348277172276,0.6851699931257638,0.0
p288_MASS,0.1315294393460018,2.28615191034075,0.0
p289_H2,0.48680854177905386,0.4847059703226895,0.0
p289_P2,6.480088246245953e-13,56.24459392134898,0.00037372279281584384
p289_V,9.953780689301131e-12,49.979115817952604,0.00037372279281584384
p289_MASS,5.735219405952955e-14,61.90522538721448,8.375788505286371e-05
p290_H2,0.010689258478376061,6.5941769041508005,3.1043710949882505e-06
p290_P2,0.27023035544901775,1.219836523728207,0.0
p290_V,0.11177385679604915,2.543096089121645,0.0
p290_MASS,0.4672395710290699,0.5297730035008905,0.0
p292_H2,0.051477115725164946,3.8215136311645104,0.04078112740268879
p292_P2,0.7309767680878034,0.1184253815111576,0.0
p292_V,0.31726573530168045,1.003347978038175,0.0
p292_MASS,0.4458056479537671,0.5827462058633318,0.0
p293_H2,0.0012193524741086735,10.652321889208133,4.137765055942636e-08
p293_P2,1.4162120081943464e-06,24.172299332872168,2.8579370611987228e-05
p293_V,9.487659630052083e-07,25.0042451888255,0.0
p293_MASS,1.9226968588915194e-11,48.48691748504117,0.0
p294_H2,0.01739205285666961,5.716215189789831,3.0131372432991636e-05
p294_P2,0.020701357389550847,5.40577121527136,0.0
p294_V,0.022546230604444693,5.254405553573033,0.0
p294_MASS,0.029404270867879154,4.787051230737376,0.0
p295_H2,5.890270374743752e-56,377.75177820950177,0.0
p295_P2,5.890270374808096e-56,377.7517782094539,0.0
p295_V,5.890270376429871e-56,377.75177820825024,0.0
p295_MASS,5.890270374874829e-56,377.75177820940434,0.0
p297_H2,0.5859321290873314,0.2973497682502807,0.0
p297_P2,0.9528024616885556,0.003508754669950583,0.0
p297_V,0.5486960359337905,0.3604307860222749,0.0
p297_MASS,0.7751496512836318,0.08173268080221913,0.0
p298_H2,0.01931920231422723,5.528672986940909,3.26565323586948e-05
p298_P2,0.05464119991275205,3.7204889913584527,4.002426446976369e-06
p298_V,0.2180184276554223,1.52340977963566,0.0
p298_MASS,0.0018331458384496472,9.875525128526451,3.171280783013537e-05
p299_H2,6.430444917246383e-26,132.92232836293664,0.0002526520028108019
p299_P2,1.7349686685595887e-28,149.91053468457505,5.485072520316545e-07
p299_V,2.9472767785876858e-09,37.31081271882925,5.9816601931118445e-06
p299_MASS,1.774622397264779e-16,75.77412568016491,3.429592762818952e-06
p300_H2,2.717190213844406e-58,401.6718202135653,4.945738755761548e-06
p300_P2,1.3945778847751885e-60,425.9200303634254,4.945738755761548e-06
p300_V,3.801186475511259e-66,488.32921879038946,4.945738755761548e-06
p300_MASS,1.524997002388692e-59,414.8184362569331,4.945738755761548e-06
p301_H2,0.8373061204858526,0.042234082799456445,0.0
p301_P2,0.669880741997504,0.1820807987980681,0.0
p301_V,0.6690969211435245,0.1830014202678266,0.0
p301_MASS,0.6068566116057722,0.2653066421216025,0.0
p303_H2,0.19964650461861966,1.6518428040827853,0.0
p303_P2,0.10940997933501682,2.5771854531883855,0.0
p303_V,0.5665270118222183,0.32921760365173175,0.0
p303_MASS,0.10722340765524337,2.6094498569527493,0.0
p304_H2,9.977757286679672e-06,20.16151738119116,3.6957266993967014e-05
p304_P2,0.0002846825806381666,13.467519565575424,1.4608012850657893e-05
p304_V,2.812295757922662e-05,18.064151553685182,0.0
p304_MASS,0.0012752058562320908,10.566706277353358,1.4608012850657893e-05
p305_H2,0.6007339873561506,0.27444133754030114,0.0
p305_P2,0.6007339873563375,0.27444133753997435,0.0
p305_V,0.6007339873535089,0.27444133754426686,0.0
p305_MASS,0.6007339873585584,0.2744413375366674,0.0
p307_H2,1.6387891500967687e-31,170.75419624958303,0.0
p307_P2,7.026129170186383e-14,61.42768913849857,0.0
p307_V,3.726583012560481e-31,168.24711380118478,5.830970876523042e-07
p307_MASS,2.4192110190206224e-05,18.367463975020083,1.1728907381574847e-06
p308_H2,6.922655084299446e-11,45.60316641821302,0.0
p308_P2,1.9479658979510533e-11,48.4573935435005,4.331029990504903e-06
p308_V,3.444418914992661e-09,36.971198486998524,0.0
p308_MASS,1.489933656766156e-11,49.0640569825549,1.796761202242148e-06
p309_H2,0.6062028439506717,0.266272688549096,0.0
p309_P2,0.6894613868330488,0.15996143843210908,0.0
p309_V,0.8067773653351782,0.059922176135534404,0.0
p309_MASS,0.659460610779691,0.19454564313471476,0.0
p311_H2,0.8712948576596338,0.02629104841348304,0.0
p311_P2,6.92461978508327e-08,30.511756507221754,0.0
p311_V,0.2786813110812054,1.1775429897262755,0.0
p311_MASS,2.5086957184011703e-11,47.88590401229655,0.0
p313_H2,0.7486783191092572,0.10282370252620916,0.0
p313_P2,0.7486783191090493,0.10282370252636962,0.0
p313_V,0.7486783191081761,0.1028237025271222,0.0
p313_MASS,0.7486783191084672,0.10282370252691436,0.0
p314_H2,9.57605327839873e-05,15.61482812254545,8.294047518869414e-11
p314_P2,0.004461775773054549,8.202690937811079,0.0
p314_V,4.43487655405779e-09,36.421373764392754,0.0
p314_MASS,7.273358709241821e-10,40.37727123970796,0.0
p315_H2,2.5399190063267385e-22,110.19681053781696,3.886980777641616e-06
p315_P2,6.605335204275702e-38,217.9843908268198,6.787680458828319e-08
p315_V,1.3979180176711122e-44,272.2251702671722,1.771820833769916e-05
p315_MASS,4.960460636358506e-56,378.50328459798857,7.1873235150418405e-06
p316_H2,0.951606609474494,0.0036890333134212538,0.0
p316_P2,0.951606609474494,0.003689033313434886,0.0
p316_V,0.951606609474494,0.003689033313444996,0.0
p316_MASS,0.951606609474494,0.003689033313435479,0.0
p317_H2,4.345503991206443e-10,41.514083436983135,0.0
p317_P2,2.378128515108173e-08,32.79491071910191,0.0
p317_V,0.09596314182259583,2.787944014802977,0.0
p317_MASS,4.179669414096763e-11,46.735838923239356,0.0
p318_H2,1.070101699531619e-08,34.51344052576046,0.0
p318_P2,8.11672146178574e-15,66.53831201512497,8.814524016254214e-06
p318_V,4.6469944623958256e-05,17.056031452153785,0.0
p318_MASS,2.4413792548532494e-19,92.25041473668875,0.0
p319_H2,1.4487999626729351e-66,493.23520004558503,2.0060484087903163e-05
p319_P2,8.165819494350623e-06,20.569727954331885,8.972512607823379e-05
p319_V,0.010650859909111148,6.600720578588135,1.6906723111207566e-06
p319_MASS,3.778157167814571e-13,57.49599331357539,1.4442755670904018e-05
p320_H2,0.3351640520131397,0.9316741235833004,0.0
p320_P2,0.000192354202720158,14.236630719147097,0.0
p320_V,0.036235283449692644,4.423491981166945,1.1898810374016233e-07
p320_MASS,1.8949012650714153e-08,33.28264956466683,0.0
p321_H2,1.2056060150070525e-06,24.506321643545007,9.782706255255874e-06
p321_P2,2.3091654523772247e-11,48.073014702221926,0.0
p321_V,5.152614058711029e-06,21.510732195838223,6.7493049466498e-05
p321_MASS,0.0022948692796864005,9.45009963870238,0.0
p322_H2,0.002369487245225251,9.389658124455096,1.1173192101246748e-05
p322_P2,0.0002722780212597118,13.554713143444314,1.1173192101246748e-05
p322_V,0.000724880810013183,11.65133788636535,1.1173192101246748e-05
p322_MASS,7.941894228503137e-07,25.37454675511672,0.0
p323_H2,3.3846034983543886e-22,109.43050217787135,0.0
p323_P2,1.3034108667372733e-16,76.52997798471563,3.70275779116993e-08
p323_V,1.0472880403340196e-13,60.490685914405674,0.0
p323_MASS,3.631588970849366e-18,85.4130660094392,0.0
p324_H2,1.9457216594545643e-09,38.21749449476767,2.5585145258554853e-06
p324_P2,9.99861583246642e-11,44.78042567577911,0.0
p324_V,2.402961627275965e-10,42.826946845537876,0.0
p324_MASS,7.066528186644981e-10,40.44082920989492,0.0
p325_H2,0.49676375266189743,0.4629099259567452,0.0
p325_P2,0.9670065311131154,0.0017136008299743829,0.0
p325_V,0.8656596546445887,0.028666369269146497,0.0
p325_MASS,0.06283739517018613,3.485345128947143,0.0
p326_H2,1.9941994829116333e-08,33.17290155830479,1.044623741027887e-05
p326_P2,2.382218464404792e-06,23.09673048483395,0.0
p326_V,2.487809140950387e-06,23.00726366192237,0.0
p326_MASS,5.936651701586534e-07,25.981736021102314,0.0
p327_H2,4.338710975436775e-07,26.637723532648966,4.0532161978766255e-06
p327_P2,1.087505640902186e-09,39.49246095596632,4.736710347880829e-05
p327_V,8.775307916098125e-11,45.07222818567582,1.2377729808275867e-05
p327_MASS,1.0951515887123138e-10,44.57704601104131,6.348030817248793e-05
p328_H2,0.28064831190913936,1.16793076834483,0.0
p328_P2,2.149267028844279e-06,23.30915369328298,2.113081395665005e-06
p328_V,7.367746920729162e-07,25.530970338280653,8.39682509088943e-06
p328_MASS,3.70067260641057e-09,36.8149849760931,8.39682509088943e-06
p329_H2,0.7814077227199163,0.07712884726839243,0.0
p329_P2,2.6818031314703564e-11,47.7353357541049,0.00013421387651085307
p329_V,4.052884889884596e-14,62.72345446975504,0.00013421387651085307
p329_MASS,2.273314916790672e-16,75.16867754609858,1.6753425895540911e-06
p330_H2,0.0018324491973041878,9.876246543770725,1.819638828087321e-05
p330_P2,7.355892209211443e-09,35.323779560984974,0.0
p330_V,3.4409582011386036e-11,47.17350780632502,0.0
p330_MASS,0.7149092883719526,0.13366151746100388,0.0
p331_H2,1.9341612780270666e-16,75.56355310280395,0.007636712286995657
p331_P2,0.8543753760478493,0.03374141528759018,0.0
p331_V,0.012105262304556691,6.368433270892583,0.003986121378261785
p331_MASS,0.0004951985072158045,12.388705614261093,0.0
p332_H2,7.924091286721748e-29,152.2098110799754,0.0
p332_P2,6.4403621373010675e-09,35.61168574945125,1.4036701929015565e-05
p332_V,2.109347632879933e-05,18.644014621874923,1.4036701929015565e-05
p332_MASS,0.0018673620311022289,9.840431832915337,8.811691304860925e-06
p333_H2,2.6991342053778293e-10,42.56893335462049,0.00020357692909107961
p333_P2,2.1470082100757914e-08,33.01433347761804,6.385581572912378e-05
p333_V,3.5574254603338683e-06,22.270894676755386,0.00032831678674977236
p333_MASS,5.010288273852774e-08,31.20096675408177,5.428976732239142e-06
p334_H2,1.701247929074735e-26,136.68521017794768,1.0792317575766555e-05
p334_P2,4.545052960937379e-37,211.54311031901813,0.0
p334_V,1.3019122639907647e-46,289.8057363311793,6.04415125426641e-07
p334_MASS,5.577466259361616e-10,40.96267666614339,8.882955130918878e-05
p335_H2,1.3125732782875302e-06,24.329902854983438,5.595551035441221e-05
p335_P2,0.589575283404834,0.291601396962093,0.0
p335_V,0.25142804703224336,1.3201682967230481,0.0
p335_MASS,0.0739762090818636,3.2137292852884234,0.0
p336_H2,3.436448417556831e-27,141.25437878832025,1.6755039364611097e-07
p336_P2,3.8887320057059307e-10,41.75976083318586,2.9458498364482594e-05
p336_V,7.167262587396143e-11,45.52536560546528,2.9458498364482594e-05
p336_MASS,0.28499269708389674,1.1470002941413076,0.0
p337_H2,8.86666144660847e-07,25.14512926056195,1.9409316619286365e-05
p337_P2,0.06037413382808251,3.5523966161320097,0.0
p337_V,0.08062618092406619,3.07183601274602,0.0
p337_MASS,0.0012889219271886466,10.546265225222081,0.0
p338_H2,0.005433491810336904,7.836671738254742,6.749067538505916e-05
p338_P2,0.5094626333644737,0.4361572810318885,0.0
p338_V,0.64825657941882,0.20850224736246883,0.0
p338_MASS,0.10536913457844947,2.637384637858195,0.0
p339_H2,0.012755803944076553,6.273715127958767,1.563472956871479e-05
p339_P2,5.099784217236499e-28,146.765843392484,1.3744473560894674e-06
p339_V,4.1627202088619687e-26,134.14945671742265,1.3744473560894674e-06
p339_MASS,1.2839791127411974e-07,29.20163389573509,0.0
p340_H2,0.15581597240185976,2.02398166699972,0.0
p340_P2,0.750249360517058,0.1014978049264355,0.0
p340_V,0.8561092480852609,0.03293386348904471,0.0
p340_MASS,0.4718896203300986,0.5187886544805396,0.0
p341_H2,0.013360800084595609,6.190004713886352,0.0
p341_P2,0.007180040014854535,7.322036672728629,0.0
p341_V,0.008893547647789952,6.929516817774467,0.0
p341_MASS,0.02030809915844606,5.439850305201501,4.1866003411436685e-07
p342_H2,0.9494759396773517,0.004021473563736105,0.0
p342_P2,0.08220838063793216,3.039940007252459,0.0
p342_V,0.0664287018091631,3.392470931121389,6.284319261685649e-05
p342_MASS,0.09268426920137318,2.844266442918171,0.0
p343_H2,2.1889992297738017e-13,58.76670734517872,0.0
p343_P2,1.713674385677683e-09,38.49534362665971,4.119792009667955e-05
p343_V,1.3291289679084555e-09,39.05211691952606,4.119792009667955e-05
p343_MASS,8.147346283965057e-05,15.935807947490822,0.0
p344_H2,0.005079771372821536,7.961519760470998,0.0
p344_P2,0.005079771372821536,7.9615197604709635,0.0
p344_V,0.00507977137282189,7.9615197604708685,0.0
p344_MASS,0.005079771372821968,7.961519760470839,0.0
p345_H2,0.05305469869302624,3.77034224058415,0.0
p345_P2,2.0064105380957023e-08,33.15978738145819,3.529675596019203e-06
p345_V,1.591991847379382e-08,33.65724518620335,3.529675596019203e-06
p345_MASS,4.084063630535766e-05,17.31469313562541,8.208622784982491e-06
p346_H2,0.003283134357471345,8.775931965465324,5.299512053428404e-06
p346_P2,0.0024476768382551096,9.32837285388398,5.299512053428404e-06
p346_V,0.002082796691693362,9.633497482661145,5.299512053428404e-06
p346_MASS,0.0013574257453230834,10.44738041581158,0.0
p347_H2,1.4666293162996647e-05,19.37921749091541,3.4402407591780174e-06
p347_P2,1.0463187582450837e-05,20.064872351325754,8.355657049917035e-07
p347_V,2.5963834459733404e-05,18.22501671573767,8.355657049917035e-07
p347_MASS,1.3985981858370606e-05,19.475511911833838,8.355657049917035e-07
p348_H2,0.6907484824118779,0.15856576318894566,0.0
p348_P2,0.4165974725889825,0.6616246768326769,0.0
p348_V,0.5591458620353102,0.3419080418051879,0.0
p348_MASS,0.03445736405481149,4.510706503397024,5.362566780127862e-05
p349_H2,0.0016944545331946737,10.024956219264652,6.324902264060378e-06
p349_P2,0.1991431310170948,1.6555568203454278,0.0
p349_V,0.28597747506919174,1.1423121414905897,0.0
p349_MASS,0.9154176408575001,0.01129806153995128,0.0
p350_H2,0.0005700129527297387,12.115924856659465,0.0
p350_P2,5.127786572616427e-07,26.28793379408633,0.0
p350_V,6.873645979388641e-07,25.675765234070308,0.0
p350_MASS,0.024819164506110977,5.084748530475804,0.0
p351_H2,0.4721481346721813,0.5181831237254727,0.0
p351_P2,0.4721481346721813,0.5181831237254703,0.0
p351_V,0.4721481346721813,0.5181831237254841,0.0
p351_MASS,0.4721481346721813,0.5181831237254741,0.0
p352_H2,0.027226996550581115,4.921864819873957,9.32472632343641e-06
p352_P2,0.02742988137512309,4.908834253443506,0.0
p352_V,0.0038893193237289846,8.4587960150331,0.0
p352_MASS,0.9561108504791711,0.0030336094467605873,0.0
p353_H2,9.352614573247549e-06,20.29322423047419,0.0
p353_P2,0.046704513065267864,3.9871057182431695,0.0
p353_V,0.0077157681261330845,7.189792969952794,1.5500385950791946e-07
p353_MASS,0.11430726192630583,2.507435985772304,0.0
p354_H2,3.374700144611703e-23,115.62443365385225,0.002070894182767742
p354_P2,5.5832711973665525e-18,84.33489063801092,1.6915764481325588e-07
p354_V,6.582526653523289e-10,40.597200436089935,0.0
p354_MASS,3.3537439244422375e-09,37.029295423903775,1.8590365179705563e-06
