feature,xgb,gbr,rf,BayesianRidge,mean
1_H1,0.000918826088309288,0.002928993987090559,0.01006551891756084,0.321049263767139,0.08374065069002493
1_NCI,1.576803879288491e-05,6.587474177088883e-05,0.006475914781301369,0.3717846515909608,0.09458555228820649
2_H3,4.301066655898467e-05,0.004447879326533222,0.008629041302646844,0.033133746647543545,0.01156341948582065
3_H1,0.0004465886449906975,0.0014325378799223132,0.009734231966632294,0.20911622453899517,0.055182395757635117
3_H3,0.0,0.0008647244790475531,0.015611586839404537,0.038621215093472196,0.013774381602981072
3_NCI,6.327963637886569e-05,0.000689256182322006,0.015566683507904442,0.1006818678436264,0.02925027179255793
4_H1,0.0001229888730449602,0.015756290751980897,0.017615190413896382,0.07152515093652587,0.026254905243862026
4_H3,0.0,0.00022258313709671426,0.0012085234315515705,0.12004782984960008,0.03036973410456209
4_NCI,8.788361446931958e-05,0.00028613204131926147,0.0061916913596324315,0.23459842447106727,0.06029103287162207
5_H1,0.008809075690805912,0.01781412036169866,0.053320374208121475,0.17229887030955285,0.06306061014254472
5_NCI,0.0019141673110425472,0.0017986572070524713,0.009617294710063303,0.4346693112177556,0.11199985761147847
6_H3,7.75545140641043e-06,1.420252640923558e-05,0.033394016836177584,0.0505150316207304,0.020982751608680905
7_H1,0.0001732395467115566,0.0012893715030566385,0.02401416288734255,0.12566614874370316,0.03778573067020348
7_H3,0.0,0.06440785560186203,0.06903925000231581,0.09167644000716094,0.05628088640283469
8_H1,0.000181200637598522,0.0005588205270968927,0.008173366480849664,0.01972100013157695,0.007158596944280507
8_NCI,0.0,0.006473933141315661,0.007278811181554553,0.016599320277955163,0.007588016150206344
9_H1,0.0006534362328238785,5.628430296812273e-05,0.0018388082284286358,0.02102957737564599,0.005894526534966657
9_H3,0.0,9.44051664794946e-06,6.077762869533307e-05,0.08262823333218791,0.020674612869382797
10_H1,0.0,0.0001065269115572748,0.02505032442890617,0.44893077016277966,0.11852190537581078
10_H3,0.0,0.0008833598725922847,0.00223011859302348,0.006319760924545994,0.0023583098475404396
10_NCI,0.0,0.00010590202979626244,0.011527314952250558,0.6229112839455774,0.15863612523190604
11_H1,0.00285190436989069,0.005977939536317957,0.009694061251234072,0.40899548428546867,0.10687984736072785
11_H3,0.0,1.6666684845431635e-05,0.0010785982911005654,0.15764972320679088,0.03968624704568422
11_NCI,0.0001309166691498831,0.00178143792667116,0.05025813879742211,0.07081969579070242,0.030747547295986395
12_H1,0.0,0.01009302290792789,0.00371619126220476,0.08857463228908621,0.025595961614804714
12_H3,0.0,4.0089466185671116e-05,0.0032061566921710756,0.04225274762277012,0.011374748445281717
13_H1,9.534111086395569e-06,0.0001665933585789139,0.01931520243588483,0.6950177452036528,0.17862726877730073
13_H3,0.0,7.894005466339681e-05,0.057943682340373365,0.030040731108119785,0.02201583837578914
13_NCI,0.00014101268607191741,0.0006806984542144076,0.03293730829920705,0.12175302562490696,0.03887801126610008
14_H1,8.208175131585449e-05,0.0001422859570556759,0.039049082593485655,0.7122215541384544,0.1878737511100779
14_H3,1.4126869245956186e-05,8.101391838815446e-05,0.0010680925790702742,0.4580425942085606,0.11480145689381624
16_H1,0.0,0.0010585945564818668,0.1372309265353833,0.37350645051453585,0.12794899290160025
16_H3,2.6419773348607123e-05,8.174853926441654e-06,0.0021929729440725142,0.08139515445287189,0.020905680506054864
16_NCI,1.0411578841740265e-05,0.021373997188878693,0.01983406237351062,0.19478749444093235,0.05900149139554085
17_H1,0.00020923357806168497,7.689128073833446e-08,0.033267745540227885,0.26244696515677796,0.07398100529158706
17_NCI,0.0,4.6967922750991856e-06,0.01732920259436657,0.03340133274978971,0.012683808034107845
18_H1,6.882278830744326e-05,0.003729668924050424,0.017188959354079564,0.44125638983031473,0.11556096022418805
18_H3,0.0,0.06099972103374717,0.0016931612889661866,0.18159386375214334,0.061071686518714176
18_NCI,0.00015006479225121439,0.0005266679661399429,0.019139110324054433,0.1308091514533313,0.03765624863394422
19_H1,8.852963946992531e-05,0.00016142556877974317,0.008855994232358128,0.014190170564262465,0.005824030001217565
19_H3,0.0,0.00012339267942648762,0.0009440299647804804,0.11448714131600203,0.02888864099005225
19_NCI,0.00010836773435585201,0.0003488494541351773,0.015325074997081214,0.3935161225865282,0.10232460369302511
20_H1,0.0,1.6666600451187746e-05,0.004444927561271429,0.10661621693567049,0.027769452774348276
20_H3,0.0,0.0037323857047185066,0.0173456372536871,0.10128539401381371,0.03059085424305483
21_H1,5.889058957109228e-05,3.541975150056787e-05,0.02634959486526993,0.18975911627617492,0.05405075537062913
21_NCI,0.0,9.213888558773813e-05,0.049409648118665335,0.012836396443416569,0.01558454586191741
22_H1,8.434669871348888e-05,0.0002755502871172372,0.006892609639609128,0.4988191427351978,0.1265179123401594
22_H3,0.0,0.0002551995670606736,0.0022998529726671246,0.25373776450825497,0.0640732042619957
22_NCI,6.093576303101145e-05,2.1041374302609344e-05,0.005461534428356771,0.36900063759171825,0.09363603728935216
23_H1,0.0,0.0010490599233303742,0.002217643443537929,0.1925118923849076,0.04894464893794397
23_NCI,0.0,0.0,0.0013959030676830694,0.06396798591980367,0.016340972246871685
24_H3,0.022646548226475716,0.0020996093292631876,0.008260365956388183,0.3909107039309413,0.10597930686076709
25_NCI,6.361959094647318e-05,0.00023525911612337237,0.04172392818300792,0.29478173428820326,0.08420113529457025
26_H1,0.0,0.004707164599068708,0.02986494073615814,0.076990716626438,0.027890705490416213
26_H3,0.0,0.0004809954436898105,0.01865711214796985,0.03512947414262406,0.013566895433570932
26_NCI,0.0,8.549934148547075e-05,0.037065182412641826,0.2097868089755056,0.06173437268240822
27_H1,0.0002240773173980415,0.0013296079887362624,0.011362276954491823,0.19462461207516224,0.051885143583947094
27_H3,0.0,1.5343678669129672e-05,0.011584347630855389,0.2570493014831107,0.06716224819815882
28_H1,0.00016184702690225095,0.003055555469156224,0.03363969144358157,0.14672335542056478,0.045895112340051204
28_NCI,0.0,0.0023721015305989183,0.0019232330065651908,0.003909394210170344,0.002051182186833613
30_H1,0.0005025753052905202,0.0,0.044929748500597215,0.25224144148584127,0.07441844132293225
30_H3,0.0,0.00018018145331902033,0.04686920588306984,0.016750845696301853,0.015950058258172677
30_NCI,0.0,1.1457764654301361e-05,0.029824232887426763,0.03267681130529606,0.01562812548934428
31_H1,0.00043895962880924344,0.022495604365091022,0.016070990614688765,0.04713332269763503,0.021534719326556016
32_H3,0.0,0.0002119864673876013,0.0027719263434691542,0.043040956220405005,0.01150621725781544
32_NCI,0.0,5.595109583950871e-05,0.02077254982426189,0.04947566640910041,0.01757604183230045
33_H1,0.003759350161999464,0.001450201511785754,0.034631773723844336,0.3589563101097934,0.09969940887685574
33_H3,0.0,1.7777953255666168e-06,0.0009761553168381127,0.2890733925108176,0.07251283140574531
33_NCI,0.0,2.3608020512589204e-05,0.0346614285403325,0.19160460276024815,0.05657240983027331
34_H1,3.387602555449121e-05,0.0017944291825722374,0.06394521872198683,0.24194079689055106,0.07692858020516616
34_H3,0.0,1.1303187871730105e-05,0.013400418299132457,0.09095380791072462,0.0260913823494322
34_NCI,0.0,5.891354786571407e-06,0.005765256596749851,0.2130846011698537,0.05471393728034753
35_H1,0.0,0.0018545751960430128,0.021440079765876186,0.02103563069947453,0.011082571415348432
35_H3,0.0,0.0009376109492774452,0.004178233162449461,0.20915252083852648,0.05356709123756335
35_NCI,0.0,0.00040378250975196166,0.003574535502692629,0.7933452096233624,0.19933088190895176
36_NCI,0.00012175281881354749,1.7385366217873908e-05,0.03620493165161899,0.6400824498480004,0.1691066299211627
37_H3,4.1282575693912804e-05,3.581775035274156e-05,0.0015436756645719229,0.0283498174995556,0.007492648372543545
37_NCI,0.0,0.039177870085812305,0.0022346456503043732,0.10288968588586243,0.036075550405494775
38_H1,1.876364513009321e-05,0.0031030037065790483,0.01827554896179478,0.0024535379537362185,0.005962713566810034
39_H3,0.0,0.0003648801776520255,0.0019478367550369237,0.1755444911823331,0.04446430202875551
39_NCI,0.0003330055042169988,0.005846111421702593,0.012109084349247541,0.39064426818090825,0.10223311736401884
40_H1,0.0,0.06275251061744086,0.2438393350349977,0.10785527833249349,0.10361178099623301
40_H3,0.0,1.5005805507801784e-06,0.023336573914112226,0.016044116252253666,0.009845547686729168
40_NCI,0.0,9.55257131859128e-05,0.006133175371376553,0.011713451677667887,0.004485538190557588
41_H1,1.8641942006070167e-05,0.00017278078508453914,0.004699191223704638,0.22188535967280298,0.056693993405899555
41_NCI,0.0,0.0005213542277584632,0.005621738354922638,0.07018915002569893,0.01908306065209501
42_H1,0.0013461875496432185,0.00203710888844203,0.015159172698560562,0.08830248810498958,0.02671123931040885
42_NCI,0.00010476876923348755,0.0016311337695137512,0.01145805266105131,0.16682524349597372,0.045004799673943066
43_H1,0.04246767982840538,0.037878169909362505,0.24936986172560108,0.12559746298572536,0.11382829361227359
43_H3,0.0,0.0044858387225815205,0.060581067612798946,0.08005590490037025,0.03628070280893768
43_NCI,0.00012154001888120547,0.039507049361540376,0.036735242231917306,0.16810687623291767,0.06111767696131414
44_H1,0.0,0.0011812547585144826,0.023243818205477277,0.012887131110017923,0.00932805101850242
44_H3,0.0,0.0,0.003208759106873415,0.037880162372575694,0.010272230369862276
44_NCI,0.0,0.000506988598957405,0.004582890833011011,0.0938267509690101,0.024729157600244626
45_H1,9.36642536544241e-05,6.257892116195299e-05,0.04314478639369194,0.07922483114469593,0.03063146517830106
45_H3,0.0,5.874548061223572e-09,0.013837349710604498,0.1479896989456415,0.04045676363269852
45_NCI,0.0005458201048895717,0.0003213092726407974,0.10612151885884877,0.4985191621525292,0.15137695259722708
48_H1,0.0,9.15500703755619e-05,0.021653099787003735,0.8087985785737409,0.20763580710778007
48_H3,0.0,0.0,0.001822299344575849,0.09054482096968541,0.023091780078565317
48_NCI,0.001367031829431653,0.0010811246283723246,0.0727096996330557,0.6689031899933824,0.18601526152106052
49_H1,0.0,0.0006005685753893187,0.023895552216589715,0.15111340923342714,0.04390238250635155
49_H3,0.0,4.663642500433046e-06,0.0003702990936324729,0.16024516207252257,0.04015503120216387
49_NCI,0.0005432951147668064,0.0006188849546681094,0.016771666603004966,0.07320698932970658,0.022785209000536617
50_H1,0.0009239520295523107,0.0098041811515176,0.015182635617052138,0.326254942565715,0.08804142784095927
50_H3,0.0,2.119229635650785e-05,0.002043520083058723,0.22709341557218357,0.0572895319878997
50_NCI,0.00022746063768863678,0.0007719664972589778,0.016596680612772932,0.18547413587954711,0.050767560906816916
51_H1,0.011576520279049873,0.027204100410851258,0.009413345853295816,0.10249191380707284,0.03767147008756745
51_NCI,3.510594615363516e-05,0.0002224118697039973,0.010335707836557172,0.15344409889106592,0.04100933113587018
52_H1,0.00013263456639833748,0.0002601861604480559,0.035547656882697024,0.0819149818593237,0.029463864867216777
52_H3,0.0,4.697989392168037e-06,0.006896179469263359,0.05946678487646188,0.01659191558377935
52_NCI,0.0,0.012808766979325278,0.048598216008737545,0.19798284282044432,0.06484745645212678
53_H1,0.0,0.000289743557056032,0.013745145831235326,0.2968664213551084,0.07772532768584993
53_NCI,0.0,1.8427084417577082e-06,0.02018631938124549,0.1294981735271874,0.03742158390421866
54_H1,8.11249265098013e-05,0.006156336631962049,0.031660859556832746,0.41485566086963127,0.11318849549623397
54_H3,0.0,4.535137544811902e-07,0.02346410783242967,0.04772939318041368,0.017798488631649456
56_H3,0.0,1.1417472873675946e-05,0.00016195230506747233,0.23151395540455416,0.057921831295623824
56_NCI,0.0,1.0303506151557605e-05,0.01837070255024513,0.07590227484732494,0.023570820225930406
57_H1,8.595891267759725e-05,0.001731797901349292,0.13505495696668743,0.12047499282834499,0.06433692665226483
57_H3,0.0,3.9782060531790036e-05,5.321342171982191e-07,0.1680770865069553,0.04202935017542607
57_NCI,0.0004984912229701877,0.0010183206896386976,0.015560850900342439,0.11324665228265128,0.03258107877390065
58_H1,0.0,0.00034169627383952707,0.03879882295758205,0.03790339566689033,0.01926097872457798
58_NCI,0.0,7.515038272004596e-07,0.04959082907556308,0.1655611879899683,0.053788192142339646
60_H1,0.01491470541805029,0.0004218224209626134,0.008854899177764204,0.38478546871094976,0.10224422393193172
60_H3,0.0,3.481467329476897e-05,0.0028694544526367606,0.10357503440982249,0.026619825883938505
60_NCI,0.00018397116218693554,0.00046810510118324073,0.009488195902648837,0.3857258696632853,0.09896653545732609
62_NCI,0.0,0.0,0.001378920419728315,0.03150920887009965,0.00822203232245699
63_H1,0.0007988313445821404,7.166465963257232e-05,0.00876489645181714,0.14614987802959367,0.03894631762140638
63_NCI,0.0,0.00046433011923872506,0.012163566366184077,0.6227764776858874,0.15885109354282756
64_H1,5.8055753470398486e-05,0.0009284401319283634,0.006254453329004816,0.09161664977670067,0.02471439974777606
64_H3,0.0,0.0005128795233339577,0.012452636610376216,0.4130891879308986,0.10651367601615219
64_NCI,0.00019538516062311828,0.003772079434506491,0.016518097694923742,0.37822640743736863,0.09967799243185549
65_NCI,0.005889574531465769,0.0012214055866837117,0.05771434421417886,0.2395078907567284,0.07608330377226419
67_H1,0.0014265619684010744,0.007926420717865265,0.007376313600440541,0.3628449065623459,0.0948935507122632
67_H3,0.0,3.441739823038398e-07,0.0009842216428875145,0.47410917014924414,0.1187734339915285
69_H1,0.0,1.3815222881961964e-07,0.001248683884889616,0.07968355563879286,0.02023309441897782
69_H3,0.0,0.0061648074389083,3.693344617266821e-05,0.002541313646825591,0.0021857636329766397
70_H1,0.0,0.00019814116047190027,0.0025916878023219633,0.22067058980757862,0.05586510469259312
70_H3,0.0,0.0,2.1818705376121682e-05,0.15392681333571137,0.038487158010271874
70_NCI,0.0,0.1888428479813638,0.023068165601587837,0.05176924460315691,0.06592006454652714
71_H1,0.0,1.5065033230302128e-05,0.02174807813789838,0.08000613610058817,0.025442319817929212
71_H3,0.0,0.0,0.024789128825213023,0.015845923413675553,0.010158763059722145
71_NCI,0.0,1.563998728466827e-06,0.03083199549458239,0.40635818014556935,0.10929793490972005
72_H1,0.0,5.902275989967858e-06,0.018193840023493217,0.03878465991629688,0.014246100553945016
72_H3,0.0,0.0,0.003528077124760615,0.07859624351196892,0.020531080159182383
74_H1,0.0,3.857591911724398e-05,0.006647005998681125,0.20346210778627083,0.0525369224260173
74_NCI,0.0062970733270049095,0.0007426524771180227,0.004873856936408598,0.14936103053695313,0.040318653319371164
75_H1,0.00018180655024480075,0.0007102546911761461,0.012133359900389395,0.1605323498289215,0.043389442742682964
75_H3,0.0,0.0,0.0015074781163315798,0.0475811912395011,0.012272167338958171
75_NCI,0.000187715093488805,0.0014946628480009669,0.002975119497687755,0.3206945531703498,0.08133801265238183
77_H1,0.0,0.0012989647888303044,0.005736198356528585,0.02317847359319718,0.007553409184639017
79_H1,9.736116226122249e-06,0.005635125825348641,0.31699575976414335,0.021449788505894508,0.08602260255290316
79_NCI,0.0,5.159673921666548e-05,0.002754776920370867,0.2219782915716712,0.05619616630781468
80_H1,0.0,0.016386236752669557,0.6591252637941298,0.037566329406488234,0.1782694574883219
80_H3,0.0,0.4132786992286167,0.6339396016226555,0.0610148498877644,0.27705828768475915
80_NCI,0.0,2.5540379227531894e-05,0.40059122797562,0.12438464167329834,0.13125035250703648
81_H1,0.0008565246826037765,0.0016412866510561617,0.009198862846352306,0.3575232873650662,0.09230499038626962
82_NCI,0.006217282731086016,0.00397489211550311,0.005295777193457623,0.12465376052881055,0.035035428142214324
83_H1,2.2850077584735118e-05,0.00014043866408766775,0.01616438207592076,0.7851310144615924,0.20036467131979638
84_H1,0.0002581434091553092,0.0012679075608723728,0.011560597513081455,0.8553156606749782,0.21710057728952184
84_NCI,0.0,0.0030887721542434154,0.009972939983395213,0.14334964380261425,0.03910283898506322
85_H1,0.019934285432100296,0.001316939835809804,0.021414823381024004,0.09790240795644546,0.03514211415134489
85_H3,0.0,0.0007779215832283451,0.0024011833986184146,0.18231086969577698,0.046372493669405934
85_NCI,0.0010727347107604146,0.00019424704860972685,0.006595909799101666,0.019341139029410776,0.006801007646970646
86_H1,0.045079052448272705,0.007899862087393619,0.10399138345075731,0.5144469751690223,0.1678543182888615
86_H3,0.0,0.0030185648693338797,0.027752352498658206,0.2766701314068405,0.07686026219370815
86_NCI,0.0,0.6772929717341039,0.0653159433315406,0.056766874761737605,0.1998439474568455
87_H3,0.0,0.0,0.004988352150571165,0.09055324068044843,0.0238853982077549
87_NCI,0.07130448520183563,5.8101916957404726e-05,0.03292379563208272,0.0909091921096,0.04879889371511894
88_H3,0.0,0.0015312812201578243,0.0036314260416147512,0.2848053279554237,0.07249200880429907
88_NCI,0.00010927944094873965,0.0013474683458383166,0.004736795531064672,0.5933124447811855,0.1498764970247593
89_NCI,0.0,0.00035819231745631505,0.006646265244441916,0.3773693495405194,0.09609345177560441
90_H1,0.0,0.0037381623805900427,0.1295892238233649,0.1724107416934032,0.07643453197433954
90_H3,0.0,1.3742888658703773e-05,0.1832012213679138,0.1403375682079552,0.08088813311613194
90_NCI,0.009565915912389755,0.0012209829293305255,0.01833223900092125,0.5442198917607263,0.14333475740084195
91_H1,4.951715254719602e-06,0.005309388025961335,0.03901677136361839,0.15139614856093528,0.04893181491644243
91_H3,0.0,1.3354747570580378e-06,0.0030044934497142407,0.20998346045761745,0.05324732234552219
91_NCI,0.0009243202512152493,6.427190208941735e-05,0.32496231031426376,0.25650026897602424,0.14561279286089818
92_H1,0.0,0.0003541975301129151,0.036728282640373554,0.4899445130899757,0.13175674831511555
92_H3,0.0,1.041124327086335e-06,0.0027859106855818894,0.3062686966291689,0.07726391210976946
93_H1,0.00012467868509702384,0.042599926734388296,0.036611180461819263,0.3754101314588645,0.11368647933504226
93_H3,0.0,0.000207225397536759,0.018971010746012897,0.2583624142446643,0.06938516259705348
93_NCI,0.0042938366532325745,7.941302000802355e-05,0.02843602143576139,0.5273546974880824,0.1400409921492711
94_H1,0.16681578755378723,0.01068174211993193,0.27869078455563434,0.1699860423348381,0.15654358914104788
94_H3,0.0,4.3039321792061746e-05,0.04717713352720977,0.4727746364727791,0.12999870233044525
94_NCI,0.0025084204971790314,1.0,0.2511952367820039,0.2597731614121389,0.3783692046728304
95_H1,0.019632060080766678,0.0025544912068269183,0.017681275752107532,0.1186463002050356,0.039628531811184184
95_NCI,5.430374585557729e-05,0.005048760121602484,0.014283962619026216,0.3676561537135731,0.09676079505001434
96_H1,6.516568828374147e-05,0.0026804958033697173,0.017163212521068113,0.100062402574071,0.02999281914669814
96_H3,0.0,1.9558988321553203e-05,0.004795558286360534,0.10105480145854856,0.026467479683307663
96_NCI,0.005565576255321503,0.0019131444725163057,0.01647030869496768,0.5653282318669408,0.14731931532243658
97_H1,0.000311945826979354,0.00011896982700619956,0.028712478642574778,0.3066380643897409,0.0839453646715753
97_H3,0.0,0.0010906475755531441,0.0018990816378057459,0.2821711052788949,0.07129020862306344
97_NCI,0.0,0.0002956036160586266,0.0047571370037939095,0.049406311339300533,0.013614762989788268
98_H1,1.9999764845124446e-05,0.004715100014489064,0.030682926930429892,0.005819851723501329,0.010309469608316352
98_NCI,0.0,0.0006990233025435637,0.0466453535135424,0.19631463708334468,0.06091475347485766
99_H1,3.8805428630439565e-05,0.0008766522669957227,0.013065154227074932,0.22862464272050034,0.06065131366080036
99_H3,0.0,0.0004474943419404524,0.005494685876038256,0.6564232583262781,0.1655913596360642
99_NCI,0.0001523649407317862,0.0024748702785372194,0.007324539228627244,0.19350019153123643,0.05086299149478317
100_H1,0.0035621807910501957,0.1140630083064644,0.059018467873612174,0.13903368585820508,0.07891933570733296
100_H3,4.724684913526289e-05,3.7965154080457784e-05,0.012922929223147663,0.016259480765153173,0.007316905497879139
100_NCI,1.3260577361506876e-05,0.0033370910584808893,0.09517493433222539,0.005910447158085277,0.026108933281538266
102_H3,0.0,0.003292851143222904,0.0036739948574122,0.1072453948021,0.028553060200683777
102_NCI,0.0,2.1704026122939848e-05,0.008497518027283468,0.21772479302386172,0.05656100376931703
103_H1,0.0,0.002690038382399861,0.01754828992775762,0.04524055691741667,0.01636972130689354
103_H3,0.0,0.0,0.005921306591634972,0.10570058232226066,0.02790547222847391
104_H1,0.00047495620674453676,0.07336441999628399,0.07553389973497901,0.13550903234889888,0.0712205770717266
104_NCI,8.120154961943626e-05,0.029683770853142357,0.060847497700659045,0.18877598071284593,0.0698471127040667
107_H1,1.2211420653329697e-05,0.0001099164743720858,0.01151385339046676,0.17202207272148287,0.04591451350174376
108_H1,0.0008253409760072827,0.005259936460864019,0.05049290673147843,0.3516614189523297,0.10205990078016987
108_H3,0.0,2.7072200383915798e-05,0.010394245410668369,0.10475326026541944,0.028793644469117932
108_NCI,9.30314308789093e-06,0.008735110334602725,0.021897950486518502,0.21948687385803423,0.06253230945556083
109_H1,3.607050530263223e-05,0.15529444356971106,0.07323412608757228,0.004128979150448248,0.05817340482825856
111_H3,0.0,5.203795357796543e-06,0.004303031794051243,0.10802329922875212,0.02808288370454029
111_NCI,2.5604165784898214e-05,0.0011494037470379933,0.013057373477561286,0.1146984727568485,0.03223271353680817
112_H1,5.407838398241438e-05,0.0004417745676590934,0.02215161661912488,0.4910537211255318,0.12842529767407454
114_H1,0.00010550289880484343,0.006459659207410044,0.01617725808097877,0.07118108607354533,0.023480876565184744
114_H3,0.0,0.0,0.0004900814993871785,0.07415514866092643,0.0186613075400784
114_NCI,0.0,2.6792411072151047e-06,0.01864521667894202,0.18079938795020992,0.049861820967564786
115_H1,5.914389475947246e-06,0.0001997062987871554,0.005296925885426548,0.11531720872798365,0.030204938825418325
115_H3,0.0,0.0010505502009788403,0.0018734499943705663,0.01432196109617951,0.004311490322882229
115_NCI,0.0,5.887253676447626e-06,0.004184990259483344,0.21096131884759262,0.053788049090188104
116_H1,0.0024903956800699234,0.0005925346144759615,0.024839100509891472,0.3429658554453956,0.09272197156245823
116_H3,0.0,1.714108725253067e-05,0.010875166215166914,0.3542556740119723,0.09128699532859794
116_NCI,0.0,0.0002463812429637677,0.016450404759989136,0.41413829241361866,0.10770876960414288
117_H1,0.0,0.00016536762856589817,0.031752683499741044,0.17894305162243154,0.05271527568768462
117_NCI,0.0,0.0001154124730382286,0.027770499459993356,0.14825064629070858,0.04403413955593504
118_H1,0.018657300621271133,4.197908778162603e-05,0.028736465877434357,0.543258383634376,0.14767353230521577
118_H3,0.0,0.0002562241333784952,0.006031136307835422,0.49617489430631234,0.12561556368688157
118_NCI,0.0,0.0002540317853269229,0.032308095452358625,0.18452607457480544,0.05427205045312275
119_H1,0.0001235910167451948,0.3466974074738407,0.03560714765523796,0.3800933238138819,0.19063036748992646
119_H3,0.0,0.007687031870396103,0.006889101311180305,0.13910486662908794,0.03842024995266609
119_NCI,0.0,0.01002945926784528,0.021121644643796473,0.07754117390805594,0.027173069454924426
120_H3,0.0,0.00020262098316137288,0.0041274683173648085,0.22215945950998636,0.05662238720262813
122_H1,7.13818080839701e-05,0.004994788870322542,0.05755195314051851,0.23801669729836716,0.07515870527932304
122_H3,0.0,0.0,0.005636809253389258,0.1948481064827733,0.05012122893404063
122_NCI,0.0028411459643393755,0.018575877859470007,0.6427451778377647,0.2846762566887663,0.2372096145875851
123_H1,0.0,0.07362892501122,0.02626261112331008,0.45473146113093965,0.13865574931636743
123_H3,0.0,1.0245532451252635e-05,0.005426432247184269,0.19146007109812843,0.04922418721944099
123_NCI,0.0,2.654449414284809e-06,0.1308780249815527,0.09652367538457635,0.05685108870388583
124_H1,6.247575220186263e-05,0.00012832789361971376,0.011936894581752256,0.06085397069133618,0.018245417229727504
124_H3,0.0,0.009467307327688482,0.011294066258780409,0.024235177776098855,0.011249137840641937
124_NCI,0.0001341278839390725,0.6980970360682954,0.3486308370592065,0.26928588728365965,0.3290369720737752
125_H1,0.0,0.2784415178607851,0.3213484313396281,0.09114426939064557,0.1727335546477647
125_NCI,0.0,0.428615250242361,0.40866885560489385,0.16642872385995408,0.2509282074268022
127_H1,0.0001351635582977906,0.00032722053254664174,0.0035263066174393027,0.15870484661482587,0.0406733843307774
128_H3,0.0,0.0,0.0018285806859119106,0.008967425566447862,0.002699001563089943
129_H3,0.0,0.0,0.001317510969459158,0.34518644222112166,0.0866259882976452
129_NCI,4.7738674766151235e-05,3.236944634208545e-05,0.035403120525897926,0.050288285956844626,0.0214428786509627
130_NCI,6.007003321428783e-05,0.025129086037239578,0.00280121375601085,0.5208153628061312,0.13720143315814898
131_H1,0.0,3.2411675515754387e-06,0.013921828780702937,0.043053756545256325,0.01424470662337771
131_NCI,0.0,0.04572864590983568,0.01482033256228757,0.05198382327771293,0.028133200437459045
132_H1,0.0,0.06159268496503086,0.026587896993864962,0.1436827353309512,0.057965829322461755
132_NCI,0.0,2.502438079704528e-06,0.014013598732635161,0.0005232096989108266,0.003634827717406423
133_H1,0.002564385300502181,0.0005117854900604358,0.015629895476679135,0.36529952931942244,0.09600139889666605
133_H3,0.0,0.005315639644871529,0.03888960323702907,0.04938193341111121,0.02339679407325295
134_H1,0.0,9.159898449793993e-05,0.001414126473154887,0.005616376707306776,0.0017805255412399008
136_H1,0.0,0.0013442420701466362,0.004369297899520637,0.08176395681386073,0.021869374195882002
136_H3,0.0,5.037135850285485e-05,0.0032705217407466448,0.011986441293045094,0.0038268335980736483
136_NCI,0.0,3.571836154141502e-05,0.002086259864887283,0.03245487578448865,0.008644213502729337
137_H1,0.0,0.0012135549306873843,0.018415301815868198,0.6275501811626832,0.1617947594773097
137_H3,0.0,0.000621768350417294,8.886785773300164e-05,0.25314973417248027,0.06346509259515765
137_NCI,0.00020036325440742075,0.0013859870728797736,0.004646091687036426,0.2353562522808327,0.060397173573789084
138_H1,0.0,1.207728457508146e-05,0.007691294846563772,0.00019596989830236646,0.001974835507360305
138_H3,0.0,1.0002120460454335e-05,0.002458121174568071,0.005457603571369363,0.001981431716599472
138_NCI,0.0,4.847536098921523e-06,0.004031643039662229,0.004945344581059142,0.0022454587892050733
139_H1,0.0,3.328664373774075e-05,0.005556478083697547,0.0139275966087996,0.004879340334058722
139_NCI,0.0,5.25318338203187e-06,0.007666291695678301,0.01437205907956722,0.0055109009896568886
140_H1,0.0,0.0,0.004066098524092171,0.03410652807737142,0.009543156650365897
140_NCI,0.0,0.0,0.0009000436798678294,0.04969820984492584,0.012649563381198417
141_H1,0.0,0.00033727063817367615,0.0021824943779862444,0.13292893634781375,0.033862175340993415
141_H3,0.0,0.0004269087248016097,0.004215020446796521,0.0578400995374508,0.015620507177262231
142_H3,0.0,2.2999255341886318e-05,5.743873313616865e-05,0.06643927404472483,0.01662992800830072
142_NCI,0.0,1.7274232436897702e-06,0.008289636638309218,0.30109631547484117,0.07734691988409852
143_NCI,0.00017018943617586046,0.0006424451427564484,0.01202334926765146,0.3568633637950067,0.09242483691039761
144_H3,0.0,9.21120229222909e-08,0.0002744479268838992,0.04583382725012917,0.011527091822258997
144_NCI,0.0,0.00016919266695531007,0.002820803376299372,0.0958118215470121,0.024700454397566695
145_NCI,0.0,1.2975662300628144e-05,0.006700855902915573,0.08213347626996087,0.022211826958794267
146_H1,0.0,7.476519744993542e-05,0.01354088943783238,0.13698135109639034,0.03764925143291816
146_H3,0.0,0.0,0.001985229379330902,0.13452785179739948,0.0341282702941826
146_NCI,0.0,0.0002253379303585717,0.011261160690478049,0.022655268041218986,0.008535441665513902
147_H3,0.0,0.0062099840909930785,0.004615871846392977,0.24048984788018118,0.06282892595439181
147_NCI,0.0,2.2328566847903384e-05,0.006583432680997593,0.16072019830246692,0.04183148988757811
148_H1,0.0,3.4578091368093064e-05,0.003191933300189796,0.01075054152177676,0.003494263228333662
150_H1,3.6579298466676846e-05,0.006121135909368059,0.03789338933333074,0.2768618644848979,0.08022824225651584
150_H3,0.0,4.696379582038132e-07,0.00266828920265368,0.23679067410035348,0.05986485823524134
150_NCI,7.61972978580161e-06,0.00638060005283621,0.007863336962246486,0.1289486174875942,0.035800043558115675
151_H3,0.003073560306802392,4.358870459300821e-06,0.00044726983057142466,0.2906413423763973,0.07354163284605761
151_NCI,0.0,4.5676462271547424e-05,0.014293034248714089,0.3251597327771093,0.08487461087202373
152_H1,0.0,0.004578210405102628,0.0850004347934227,0.012104926040954443,0.025420892809869942
152_H3,0.0,0.0007714411999843122,0.012173191262112176,0.016503150991963637,0.007361945863515031
152_NCI,0.0,0.000154540746199158,0.07010992868469204,0.06497319575290565,0.03380941629594921
154_H1,0.0002207520738011226,0.005497917490089355,0.00885865677276438,0.27215751393098647,0.07168371006691034
154_H3,0.0,0.00016640184873538267,0.0007391576117145838,0.12490698827215538,0.031453136933151334
155_NCI,0.0003100183675996959,0.0012896597752869957,0.01597830104208903,0.03842582309653322,0.014000950570377235
156_H1,0.0,0.0011532530259175998,0.27771756808297066,0.4988789771604632,0.19443744956733788
156_H3,0.0,0.0,0.00472206115782454,0.046635406852978206,0.012839367002700686
156_NCI,0.0,0.009048943892112797,0.04422450168477809,0.2977323346662274,0.08775144506077957
157_H1,0.0002787023549899459,0.0835311399717172,0.04142128392541675,0.15547195975145683,0.07017577150089518
159_H1,0.0,0.0017045437001030363,0.01000784031319569,0.17907046535914783,0.04769571234311164
159_NCI,0.001031881314702332,0.0018537278349854923,0.044458679001667466,0.6688721506773161,0.17905410970716784
160_H1,0.0,0.00994769774320579,0.0035016324167110764,0.16640601381045694,0.04496383599259345
160_H3,0.0,8.64133374672279e-06,0.0013916323435147035,0.17246827029496054,0.04346713599305549
162_H1,0.00014865081175230443,0.0007350870680252216,0.01251489428388948,0.011725538000567285,0.006281042541058573
162_H3,0.0,0.00013654322175971008,0.0014915847602747073,0.2615532174768925,0.06579533636473173
162_NCI,5.4935568186920136e-05,0.0002353891410325878,0.01151044482431916,0.04250635603445888,0.013576781391999387
163_H1,0.0007100474322214723,0.0022722766549273096,0.11867769436345478,0.3299860361417028,0.11291151364807658
163_H3,0.0,0.003897179429347612,0.019649385799942454,0.2638747795886398,0.07185533620448246
164_H1,0.0,0.00040854679219890443,0.030531061172382336,0.04400368453553297,0.018735823125028552
164_H3,0.0,1.0732225200608134e-05,0.013469972849135176,0.06054213010299435,0.018505708794332533
164_NCI,0.0,0.013150430763799814,0.3797400826145898,0.5954270202792039,0.2470793834143984
165_H1,4.568831718643196e-05,0.0006678776501300525,0.03689587417625276,0.07907652832553975,0.02917149211727725
166_H1,1.1066200386267155e-05,0.014922986320548733,0.007857191382767543,0.13106729103614298,0.03846463373496138
166_NCI,0.0005235167336650193,0.00024930066444975687,0.010362386233991813,0.07754154896861483,0.022169188150180354
167_H1,0.0,1.6403824982340344e-05,0.04016452873538966,0.027867468827627074,0.017012100346999768
167_H3,0.201506569981575,0.03345802909775922,0.11947648362541799,0.023898999546383692,0.09458502056278398
167_NCI,0.0,0.2103044239457553,0.11469537965147023,0.004282657868091463,0.08232061536632924
168_NCI,2.5536406610626727e-05,0.005761843349101187,0.012069684041799388,0.6191553297378898,0.15925309838385024
169_H1,0.00015677695046178997,0.009040050936539935,0.006950777389539223,0.7929687431446769,0.20227908710530446
169_H3,0.0,0.0004430847708778376,0.00017386068147733042,0.0027145760245096675,0.0008328803692162089
170_H3,0.0,0.000152129465784421,9.832821037927438e-05,8.482803236881151e-05,8.382142713312673e-05
170_NCI,0.0,0.00012975564177132587,0.004860907220352551,0.018877619583356427,0.005967070611370076
172_H1,0.0,0.002063954018361828,0.08654262556915623,0.20603255358400616,0.07365978329288106
172_H3,0.0,0.0,0.00012808590505232844,0.0936841825367667,0.023453067110454758
173_H3,0.0,0.0,0.00048435948523815165,0.024740822317954908,0.006306295450798265
174_H1,0.0,0.003978928868623996,0.01561849454070714,0.20949417167234072,0.05727289877041796
174_H3,0.0,0.0,0.01880948089012363,0.19762325236496509,0.05410818331377218
174_NCI,0.0,0.0,0.007505866320711741,0.25182119665915537,0.06483176574496678
176_H1,0.0,0.008184210286688184,0.005094001171001531,0.06904151497459801,0.020579931608071932
178_H1,0.0,8.747328758134827e-06,0.0014400650180579444,0.3265574954890493,0.08200157695896634
179_H1,0.0003741937398444861,0.004698857075549935,0.024197422925423793,0.27956939595056746,0.07720996742284642
179_H3,0.0,2.2926892644605355e-05,0.0005029243838329505,0.0013157362012693977,0.0004603968694367384
179_NCI,6.323933484964073e-05,0.0009422466593438928,0.009271465370370295,0.15128983487739792,0.04039169656049044
180_H3,0.0,0.0,0.0018879884498345127,0.03532989839827808,0.009304471712028148
181_H1,0.0002246874792035669,0.0016578098865565126,0.03915773417111758,0.6592530896229439,0.1750733302899554
181_NCI,3.1095300073502585e-05,0.0003099189706049301,0.047809980578132634,0.46135751618199417,0.1273771277577013
183_H1,4.8268568207276985e-05,0.002132740329653739,0.03401094785346941,0.07908066615108232,0.028818155725603187
183_H3,0.0,0.0,0.01969770917004779,0.11264982851019124,0.03308688442005976
183_NCI,3.2487150747329e-05,2.9467402062574126e-05,0.02686441192750432,0.023402029769814946,0.012582099062532291
184_H1,0.0,2.126829918698334e-06,0.019131101213906137,0.09271791028389458,0.027962784581929852
184_H3,0.0,5.286519139856184e-05,0.008058575544458562,0.1621026551413275,0.04255352396929615
184_NCI,0.0,0.00017471259029754749,0.20121111001952435,0.23042135887526086,0.1079517953712707
185_H1,0.0008734252769500017,0.001880679152428066,0.005209001726171611,0.1388511111521623,0.036703554326928
185_H3,0.0,1.306517942948958e-05,0.0027035565062220584,0.19519635267490845,0.04947824359014
185_NCI,0.00023824050731491297,0.0008590495525585581,0.007101267623939497,0.12170969274691101,0.032477062607681
186_H1,5.39888787898235e-06,0.060463819510021666,0.0040834362010614056,0.11180481378038687,0.044089367094837226
186_H3,0.0,2.4266491591219664e-05,0.0018889724480290236,0.4531427055210349,0.11376398611516379
188_H1,0.0,0.0,0.007115705129709533,0.016005250452049164,0.005780238895439674
189_H1,0.0001548501750221476,0.013447487693655048,0.010394303858476825,0.45039242521970685,0.11859726673671522
189_H3,0.0,0.0,0.0005669077288098577,0.04523387658355032,0.011450196078090044
189_NCI,0.0,0.0005139791926047254,0.020420429715663855,0.5198710308715208,0.13520135994494734
191_H1,0.0,0.00015610952832808962,0.032686729958918456,0.093079144217782,0.03148049592625714
191_H3,0.0,1.895754421001075e-06,0.001321370392654026,0.029016959516935253,0.00758505641600257
192_H1,0.0,0.0,0.04742194972598483,0.02200824557293048,0.017357548824728827
192_NCI,0.0,5.459202594943871e-05,0.0068782695128349084,0.012262970156334482,0.004798957923779707
193_H1,0.0,0.0004246060873792025,0.10177639767647732,0.24981596504234332,0.08800424220154997
194_H1,0.0,0.0003682498737255642,0.1348581701104073,0.32728483450318446,0.11562781362182933
194_NCI,0.0,5.7009347049273945e-05,0.011701091142240987,0.1297056191895136,0.035365929919700966
195_H1,0.00013801653403788805,0.00015828955779833575,0.005785428640444494,0.095217595643744,0.02532483259400618
195_NCI,0.0,0.005818128084591763,0.030531671371565393,0.3867480368990189,0.10577445908879402
196_H1,0.0003870457876473665,0.003330955709095931,0.015542078801906762,0.32323017530517356,0.0856225639009559
196_H3,0.0,0.0008951762130998561,0.01064167701497517,0.06635620881049838,0.019473265509643352
196_NCI,0.0,0.00043087077801432243,0.02865872358484678,0.2599629380687975,0.07226313310791466
197_H1,0.0,3.55214956022341e-05,0.058867102937221596,0.33426172198272563,0.09829108660388737
197_H3,0.0,0.00018990525478588144,0.002864947736440955,0.021330762764206895,0.006096403938858433
198_H1,1.6712450815248303e-05,0.0015198001730739375,0.0031547842504481044,0.07362398498878325,0.019578820465780137
198_H3,0.0,3.253429531763297e-08,0.0035292195538901457,0.10556465844791056,0.027273477634024008
198_NCI,9.975632565328851e-06,7.981699635391589e-05,0.015867561648197585,0.30826318803516495,0.08105513557807044
199_H1,7.22096228855662e-05,0.000424613527796797,0.16842993742856205,0.18962001921311641,0.0896366949480902
199_H3,0.0,0.0776995548507594,0.07876372646626435,0.1328087116814031,0.07231799824960672
199_NCI,0.0,0.028939352787979378,0.04274896060966704,0.012747317889048867,0.021108907821673822
200_H1,0.0,0.005649111015644318,0.037445933543629545,0.4628909654528978,0.12649650250304292
200_H3,0.0,0.0,0.0024514094669659966,0.15771098837146144,0.04004059945960686
200_NCI,0.00021225026284810156,0.007909476123996253,0.025657735431329296,0.05133256286244282,0.021278006170154115
201_NCI,1.4647033822257072e-05,4.980283800598301e-05,0.13620031532933882,0.010379552905302885,0.036661079526617485
202_H1,0.0,0.0003849866210240035,0.05606344188981529,0.05196662002966678,0.027103762135126518
202_H3,0.0,0.0,0.07226586968326275,0.04241527434331498,0.02867028600664443
202_NCI,2.9532244298025034e-05,0.07339900723282289,0.07023236259360689,0.36675522291379914,0.12760403124613173
203_H3,0.0,0.0005642874009735357,0.00480765174283695,0.6168597616159412,0.15555792518993794
204_H1,0.0,0.18054179842554857,0.21889506129205138,0.12816710293190345,0.13190099066237584
204_H3,0.0,0.0,0.2461980668702572,0.226221393293703,0.11810486504099005
204_NCI,0.0,0.00011071775011486413,0.04546190767918485,0.146970525865464,0.04813578782369093
205_H1,0.0088893361389637,0.06861926381113333,0.1010353840725358,0.5266074564604721,0.17628786012077624
205_H3,0.0,4.5257623652374334e-07,0.07763981208619934,0.15689557934390816,0.05863396100158601
205_NCI,0.009169832803308964,0.009960996506921796,0.05759588797849546,0.49157454239183446,0.14207531492014017
206_H1,0.0,0.028815173449113735,0.1772815307947669,0.08016449628445924,0.07156530013208498
206_H3,0.0,4.6960376838526835e-06,0.02043528863553786,0.20358274707202043,0.05600568293631054
207_H1,0.036035455763339996,0.0003429496146607321,0.13624670431112357,0.054011265580289056,0.056659093817353345
207_H3,0.0,0.0,0.008419671617808374,0.06535716967725227,0.018444210323765163
207_NCI,5.279870038066292e-06,0.013829762475855998,0.06136325056715512,0.02722116455150734,0.02560486436613913
208_H1,0.33003824949264526,0.029742423987581604,0.21269967935139208,0.028010047583416277,0.1501226001037588
208_NCI,0.6085261106491089,0.00012923142186071438,0.15354014079468073,0.07539813594070967,0.20939840470159
209_NCI,0.004356968216598034,0.0004570077622836968,0.051457390292009006,0.23677527427803094,0.07326166013723041
210_H1,3.436590122873895e-05,0.028934054055547682,0.005344073661882149,0.23223584787621343,0.066637085373718
210_H3,0.0,0.0,0.010648595918405453,0.11850550569672036,0.03228852540378145
210_NCI,6.094224954722449e-05,0.001327392630239384,0.003467434390081734,0.21350717971700542,0.05459073724671844
211_H1,0.0,0.2011311210639783,0.03853041515447569,0.15202390511509142,0.09792136033338636
211_H3,0.0,0.00022290997818656468,0.041762116012803226,0.054148399194617766,0.024033356296401888
211_NCI,0.0,0.0004006013460254294,0.024008950086597886,0.2596148527011763,0.0710061010334499
212_H1,0.0,2.119773561370112e-05,0.009309682634577062,0.017637157904976587,0.006742009568791838
212_H3,0.0,0.0,0.002546357218525729,0.03071995847093473,0.008316578922365115
212_NCI,0.0,0.0010608441555309538,0.032055691728107856,0.006748272054630693,0.009966201984567376
213_H3,5.394107574829832e-05,3.5178611079548515e-05,0.0010193313165055204,0.4350734097976782,0.10904546520025289
214_H3,4.6460441808449104e-05,0.0014744585055745001,0.0006391420429443148,0.04822313164936086,0.01259579815992203
214_NCI,0.00040937704034149647,0.0005779261685077318,0.007670482705097912,0.3438030855686506,0.08811521787064942
216_NCI,3.7177993363002315e-05,0.00022844178373832442,0.007988084455790917,0.16127236425769667,0.042381517122647226
217_H1,0.003796322038397193,0.007367488399581539,0.0265221931186481,0.26197460357035485,0.07491515178174542
217_H3,0.0,0.003788890910304383,0.01288184205789284,0.50502795551982,0.13042467212200431
217_NCI,0.018778830766677856,0.0014349949426888675,0.02979949628946897,0.040682306042797545,0.02267390701040831
218_H1,0.00010226295853499323,0.0016684081359143483,0.020732429909735187,0.466271453707988,0.12219363867804313
218_H3,0.0,0.00031400459049519397,0.009952243773959037,0.4027148999748152,0.10324528708481735
219_NCI,0.0,0.00019539560730386893,0.0019541961684705783,0.20895485462564314,0.0527761116003544
220_H1,4.135617200518027e-05,0.010289787631229985,0.0039691998902525935,0.4470649645812164,0.11534132706867604
220_NCI,0.0005682886112481356,0.0002126222117431255,0.01139621274426246,0.25987804468789505,0.06801379206378719
221_H1,0.0,0.001109248533230315,0.003194932527807424,0.12293377360782295,0.031809488667215176
221_NCI,0.0,9.870522403646996e-05,0.0008830618061010041,0.04633915257956549,0.011830229902425741
222_H1,0.0,0.0027807990319715973,0.007951519760908753,0.0470973189061202,0.014457409424750137
222_H3,0.0,0.00023854016054511453,0.0004669690619808459,0.17996781456886443,0.0451683309478476
222_NCI,0.0,5.857744147628863e-05,0.004691028217702673,0.06900205785495653,0.018437915878533873
224_H1,0.002000827109441161,0.13038646740760007,0.2103955357670081,0.3043733501620496,0.16178904511152473
224_H3,0.0,1.791795507413161e-05,0.16205215865569897,0.5460500808303608,0.17703003936028347
224_NCI,0.0,0.16238725522841502,0.2983418093367462,0.26259520462879665,0.18083106729848947
225_H3,0.0,5.9645048567538645e-06,0.0031746009768085968,0.17999606941716473,0.04579415872470752
226_H1,0.0,0.0037418883265964865,0.017689126272564925,0.006334111256458639,0.006941281463905013
227_H1,0.0,0.00010931439173298018,0.03826234288764565,0.09122436106151935,0.032399004585224496
227_H3,0.0,1.8011781917351045e-06,0.011210932432342089,0.030255165594881592,0.010366974801353854
227_NCI,0.0,0.0002812073796049983,0.0012178206938810712,0.2734385388841301,0.06873439173940404
228_H1,8.695652650203556e-05,0.0005785243998595801,0.015753131716869002,0.09612146181667132,0.028135018614975485
228_H3,0.0,0.0008002919546756185,0.001931325471326805,0.3637184034335071,0.09161250521487738
228_NCI,5.486235750140622e-05,0.0036345788647923994,0.03578364401709418,0.278869980919229,0.07958576653965424
230_NCI,0.0,0.0,0.029687809442426837,0.12056005506436862,0.03756196612669886
231_H1,0.0,0.000598970010132906,0.014021322023224373,1.0,0.25365507300833934
231_H3,0.0,0.04613374684185102,0.0006607075867628218,0.479149791235442,0.13148606141601396
231_NCI,0.000550661061424762,0.003070191182523435,0.01353467811102885,0.20326810571645387,0.05510590901785773
232_H1,0.0,0.00018173804557424327,0.013836208858744104,0.25216394884216103,0.06654547393661985
232_H3,0.0,9.409202497566518e-05,0.012509073444540386,0.7277956162867948,0.1850996954390777
233_H1,0.0,3.439097940139572e-06,0.015201664062699634,0.23132801856418414,0.06163328043120598
233_H3,0.0,0.0,0.014428488804536807,0.19557525178116114,0.05250093514642449
233_NCI,0.0,7.192016764346179e-05,0.0003154548360143268,0.24503733017064294,0.06135617629357518
234_H3,0.0,3.6884097253927786e-07,0.004548660197515165,0.09863996180681035,0.025797247711324515
234_NCI,0.0,0.039780294885027746,0.003488232138312614,0.0001619028167424377,0.010857607460020699
235_H1,0.0,0.00017488482303806244,0.03637804628943589,0.13821703785116982,0.04369249224091094
235_H3,0.0,3.8755941791067805e-05,0.002344281617017565,0.16261167773530993,0.041248678823529644
235_NCI,0.0,5.489708880309234e-06,0.017821787380140355,0.07802995432244651,0.023964307852866795
236_H1,0.0,0.0,0.004653352180561207,0.43295637282171257,0.10940243125056845
236_H3,0.0,7.66092992775902e-05,0.000904153372878714,0.15929756094705544,0.040069580904802934
236_NCI,0.0,0.006366064011220388,0.0068342354492772735,0.17226419930760914,0.0463661246920267
237_H1,0.0,0.0,0.0047268808726524305,0.21872104532782727,0.05586198155011993
238_H1,0.0,1.595372337777815e-05,0.04639627383783984,0.07466452932198682,0.03026918922080111
238_H3,0.0,0.0,0.0022794861728458364,0.0863519274757152,0.022157853412140258
239_NCI,0.0,5.433734676526089e-06,0.006857059318427049,0.10456983940417441,0.027858083114319497
240_H1,0.0,1.1955302083253283e-06,5.376236592899708e-05,0.014702547521073781,0.0036893763543027758
241_H1,0.0,7.903881836571121e-05,0.003075070631006654,0.6343356170643215,0.15937243162842346
241_NCI,0.0,0.000571334355778729,0.003559515819564918,0.04967211781848066,0.013450741998456077
242_H1,0.0,1.3715002673377973e-06,0.0025465783998589956,0.09579290324696958,0.024585213286773978
242_NCI,0.0,0.04074656509304268,0.004265162836843442,0.059079037482164795,0.02602269135301273
244_H1,0.0,0.0001221224151772829,0.007708041333979057,0.5941003619593008,0.1504826314271143
245_H3,0.0,2.568801688198397e-06,0.0032961708554252248,0.03689155253570568,0.010047573048204776
245_NCI,0.0,1.8736988585567698e-06,0.0007709799672826496,0.0948881389907771,0.023915248164229574
248_H1,0.0,0.0006498421846750041,0.0037834943343121614,0.042883963579237364,0.011829325024556133
248_H3,0.0,0.002023583549104869,0.002127493995792023,0.30537202441879724,0.07738077549092354
248_NCI,0.0,0.0015731154420990897,0.004736028072053006,0.24417439306486693,0.06262088414475475
249_H3,0.0,0.0,0.0009201335360369359,0.015073120262639786,0.00399831344966918
251_H1,0.0,0.0005685384553433682,0.007910794695145149,0.04819254013132783,0.014167968320454086
252_H3,0.0,1.03770650751104e-06,0.0008741428867490172,0.3876227337091259,0.09712447857559561
253_H1,0.0,5.027015144838778e-07,0.007656297461390711,0.1048683884365685,0.028131297149868423
253_NCI,0.0,0.0,0.003464080615147297,0.15155341978787817,0.03875437510075637
254_H1,0.0,7.364083211056096e-05,0.0049253552112378,0.08622135404432318,0.022805087521917886
254_NCI,0.0,6.90370262524714e-05,0.013777897627036895,0.028997746980615004,0.010711170408476092
256_NCI,0.0,2.2980891294780538e-05,0.004306540210418092,0.09154615567406307,0.023968919193943988
257_H1,0.0,0.003566356979542487,0.03841183217382061,0.030379016872739403,0.018089301506525626
258_H1,0.0,0.0010322406846360395,0.024265867296551277,0.06774823218757461,0.02326158504219048
258_NCI,0.0,2.676463640251058e-07,0.008018252756233824,0.11828801076055868,0.031576632790789136
259_H1,0.004726618528366089,0.0004470597773249034,0.023843112364840838,0.04854994430193227,0.019391683743116027
259_H3,0.0,0.028941800869145586,0.0006603937959305089,0.2530811480684033,0.07067083568336985
259_NCI,0.0003318359376862645,0.002519916055608601,0.1154561458305226,0.34715234706797043,0.11636506122294697
260_H1,7.322517194552347e-05,0.003697382085960988,0.009981528918379997,0.14729080065002204,0.04026073420657714
260_H3,0.0,3.20408569969259e-05,0.010956826799681301,0.14913537588848313,0.04003106088629034
261_H1,0.026719706133008003,0.00202864130226511,0.0341133121497949,0.6624755067078179,0.18133429157322145
261_H3,0.0,0.0009856265375713456,0.07026341065125757,0.3681530650471,0.10985052555898223
261_NCI,0.0,0.10164713439866163,0.0023252120448609523,0.13283685333720568,0.05920229994518207
262_H1,2.1368015950429253e-05,0.0015295368500845606,0.009529545006289766,0.3853410051553126,0.09910536375690934
262_NCI,0.0,0.0002903363044718565,0.05836290376190626,0.3482783261256848,0.10173289154801574
263_H1,0.0,0.00139765577309441,0.008980255110312719,0.8419515025665583,0.21308235336249134
263_H3,0.0,0.0005345123426660743,0.0010871680349455008,0.10143125631492594,0.02576323417313438
263_NCI,2.66423485300038e-05,4.928243239477958e-05,0.009849140835538029,0.164967166614164,0.0437230580576567
264_H1,0.0,0.007807255516257107,0.004174173176004491,0.3185522086827155,0.08263340934374427
264_H3,0.0,0.00014938196210492294,0.0014179424802721705,0.33295887353667575,0.08363154949476322
264_NCI,0.0,0.04456908073813359,0.0043415936582983225,0.08732309185471702,0.034058441562787235
265_H1,0.0,0.004858423915448203,0.6861412544912368,0.1177418993038307,0.20218539442762892
265_NCI,0.0,0.0034680798297529623,0.809312991505734,0.05822461945509425,0.2177514226976453
266_H1,4.6502784243784845e-05,0.00039814965850994523,0.012577600327251344,0.13926055283906663,0.038070701402267926
266_H3,0.0,2.6102494220454924e-06,0.0024307308795061154,0.06207551641291823,0.016127214385461597
266_NCI,0.0,0.0011446774248863934,0.013238522579456664,0.2144830835355569,0.05721657088497499
269_H1,0.0,7.358021446378036e-05,0.0070319096857114835,0.24688754962723597,0.06349825988185281
269_H3,0.0,0.0005478383029810083,0.0049752754206936305,0.5410182154565665,0.13663533229506028
270_H3,0.0,1.803120446068036e-06,0.0020484551561824322,0.1688126694462539,0.0427157319307206
270_NCI,8.626667113276199e-05,0.0004302797887349846,0.004055032114297028,0.017409374360861422,0.005495238233756549
271_H1,0.0,0.00469685044943552,0.0791127849171307,0.451202294006918,0.13375298234337107
272_H1,0.0,0.0,0.0123040784809305,0.2644280113273979,0.0691830224520821
272_H3,0.0,0.0,0.00023801755549711297,0.2797104488833531,0.06998711660971256
273_H1,0.0017396658658981323,0.0003126137294724588,0.08351153531715597,0.3615470694622492,0.11177772109369394
273_H3,0.0,1.1764096953522016e-05,0.0049517131814471255,0.11582337181806049,0.030196712274115283
274_H1,3.409176133573055e-05,0.0004900182652830723,0.01514926652116935,0.2718887008764115,0.07189051935604991
274_H3,0.0,0.004795839152945459,0.0023694880466944438,0.10649002114632737,0.028413837086491818
274_NCI,1.5854480807320215e-05,0.0015727081622052216,0.010970917369583572,0.04114439851729475,0.013425969632472716
275_H1,0.007057543378323317,0.00019194468508859479,0.014265867750933607,0.8302246254767969,0.2129349953227856
275_NCI,0.0,0.00016341419625867854,0.06383388609254664,0.13403676756085584,0.04950851696241529
276_NCI,0.0,0.00032036709374474537,0.017934139934979373,0.32594050868306673,0.08604875392794771
277_H1,8.65421025082469e-05,0.08497888581710199,0.23207408952205658,0.10913235360596402,0.1065679677619077
277_H3,0.0,0.00014172307630034748,0.005963269970637679,0.05748971102194302,0.015898676017220264
277_NCI,0.0,0.0022824215802254868,0.013242920786645193,0.3266574536385488,0.08554569900135488
278_H1,0.014313687570393085,0.00036387751002857723,0.0121229449639972,0.351371741228885,0.09454306281832596
278_H3,0.0,0.0,0.00025528949489869935,0.033207973438266404,0.008365815733291275
278_NCI,0.0,0.002096973363520017,0.018297490733193787,0.11783181503286046,0.03455656978239356
279_H1,0.06997227668762207,0.017817739478933697,0.19968458908345357,0.07680675643926532,0.09107034042231867
279_H3,0.03316482901573181,1.019527047708584e-05,0.015438339834972156,0.19985898796767732,0.06211808802221459
279_NCI,0.02683383598923683,0.0014299394749304967,0.07075055783523933,0.17990763227412318,0.06973049139338246
280_H1,0.3702344596385956,0.0005130624063479129,0.570333129925279,0.23920027678150593,0.2950702321879321
280_H3,0.0,1.0879329280316767e-06,0.08564376102688208,0.03858610972646477,0.03105773967156872
280_NCI,0.0012481947196647525,0.0017667364523434252,0.043710108121857626,0.0608313551118472,0.02688909860142825
281_H1,0.0036714861635118723,0.0556081489833734,0.19286582711501538,0.621204538500086,0.21833750019049664
281_H3,0.0,2.0846250900738052e-05,0.0032279888351863617,0.2882104739942883,0.07286482727009384
281_NCI,6.249806756386533e-05,0.009476459080922216,0.044298039593829774,0.1935470603922995,0.06184601428365384
282_H1,0.00021478129201568663,0.00043413448371122675,0.016587275715907176,0.34679125311713127,0.09100686115219134
282_NCI,0.0,0.010391473375245066,0.08884037602951149,0.14059276858648054,0.05995615449780928
283_H1,0.0,0.002377662679083783,0.030303823783730303,0.0957696876431356,0.032112793526487424
283_NCI,0.005420409142971039,0.005242965898864752,0.014751751966833274,0.3782498103408261,0.10091623433737379
284_H1,0.0,0.0002903055492775613,0.8468805961112033,0.079627779672906,0.2316996703333467
284_H3,0.0,1.492824090327008e-07,0.00153404680095903,0.006923576234130225,0.0021144430793745717
285_H1,0.0,6.789982615464054e-06,0.07799690623030701,0.043578400948637575,0.030395524290390014
285_H3,0.0,0.0,0.0010241870130315036,0.0791781463943081,0.020050583351834902
285_NCI,0.00331691256724298,8.732822255948842e-06,0.006292511243370928,0.44430030983636326,0.11347961661730828
286_H1,1.0,0.010169278302483927,1.0,0.23804150642012092,0.5620526961806511
286_H3,0.0,7.186017765748281e-07,0.038183907121181825,0.21080721436177485,0.06224796002118331
286_NCI,0.0,0.00018323669697899013,0.00423659978735499,0.16372515958823713,0.04203624901814278
287_H1,0.0,0.003591570401167165,0.015673860448834596,0.22563773129829193,0.06122579053707342
287_NCI,0.00030737597262486815,0.00721220989729048,0.020686382875979927,0.6477416143407073,0.16898689577165066
288_H1,0.0,0.2681175799085969,0.13140388511427958,0.2250515484413013,0.15614325336604445
288_H3,0.0,6.8740800117285e-06,0.00014901382893635037,0.28859300572202284,0.07218722340774274
288_NCI,0.0,0.0,0.36390699860992687,0.0025157181001084585,0.09160567917750884
289_H1,0.0,0.005765271246724777,0.017998184741452494,0.22002998583616287,0.06094836045608504
289_H3,0.0,0.0014637555820752783,0.005256804766772277,0.31684984303822017,0.08089260084676693
289_NCI,0.004879563581198454,0.003337044503986379,0.03768815054914068,0.5209528386013829,0.1417143993089271
290_H1,9.08460424398072e-05,0.0010997268810267581,0.006944275699590846,0.5230891391586475,0.13280599694542622
290_NCI,8.430609887000173e-05,0.0002021699673593206,0.003429337836050463,0.5515452857916734,0.1388152749234883
291_H1,0.0,0.0006775402648449121,0.004164217280247,0.017461788544268563,0.005575886522340119
291_H3,0.0,0.0,0.002010908615428422,0.10425604247036911,0.026566737771449384
291_NCI,0.0,0.0034383409667584873,0.010023797949470097,0.22572355046546155,0.05979642234542253
293_H1,0.0,0.00018915229134721043,0.022613717410262166,0.4293945828011828,0.11304936312569805
293_H3,0.0,4.4246577341361984e-05,0.00588742123646349,0.18087552083981862,0.04670179716340587
295_H1,0.0,3.209988453876378e-05,0.2886248764792441,0.1326366277698383,0.1053234010334053
295_H3,0.0,0.018341606466760692,0.15866211914768566,0.08358810988549972,0.06514795887498652
295_NCI,0.0,0.2670240812812161,0.2755151756902402,0.12399176470361631,0.16663275541876812
298_H3,7.418725726893172e-05,0.0007167017390207311,0.006742202994865473,0.5096430119336215,0.12929402598119416
298_NCI,0.0,3.3866649391096924e-05,0.01741822114899525,0.005985377065765555,0.005859366216037976
299_H3,7.586328592878999e-06,0.00022556716300379664,0.0015984051663211494,0.027235086980665082,0.007266661409645727
299_NCI,5.147732008481398e-05,0.00011180209638990554,0.4129660758938057,0.04698392112488163,0.11502831910879051
300_H1,0.00011507942690514028,0.0031866024744168216,0.008101359624916808,0.051555500267755724,0.015739635448498622
300_NCI,0.0,0.0001904537749240933,0.022113798539257726,0.23297096892694322,0.06381880531028127
301_H1,0.0,0.0010578676270978184,0.010150152939731575,0.3179191716562889,0.08228179805577958
302_H1,0.0,1.454587967067649e-05,0.007286905280914389,0.00038392022515614335,0.001921342846435302
302_NCI,0.0,8.521260662502995e-08,0.00928547560541088,0.03821648090256058,0.011875510430144521
304_H3,0.0,0.0,0.011961754812457925,0.04975612326806697,0.015429469520131224
305_H1,0.0,4.403719324955379e-07,0.00560471502887312,0.03849878973467686,0.01102598628387062
305_NCI,0.0,0.0,0.0005166257470364311,0.06793681319738334,0.017113359736104942
307_H1,0.0,0.0002173915913809054,0.03438523530624482,0.10015610993179398,0.03368968420735493
307_H3,0.0,4.649016605936044e-05,0.00037095269220858746,0.09471772225237562,0.023783791277660893
307_NCI,0.0,0.0003409403350747583,0.10649100655791888,0.3376826314788344,0.11112864459295702
308_H1,0.0,0.05757807973460211,0.004304939952601608,0.3995546645276388,0.11535942105371064
308_NCI,0.0,9.634178946248122e-05,0.010198174700565556,0.2549924050194933,0.06632173037738033
310_H1,0.0,0.00019801441830933437,0.009208505758468679,0.0041882324653766565,0.003398688160538668
311_H1,0.0,5.822157929040118e-06,0.0030255521833966723,0.2712265042972365,0.06856446965964055
311_H3,0.0,9.493050613306783e-06,0.0008504799551215591,0.30023460423452103,0.07527364431006398
311_NCI,0.0,0.0009829905837470047,0.0033946468532953557,0.1397147813468123,0.03602310469596367
312_H3,0.0,0.00015450048646719445,0.013914911294235085,0.052255525171011466,0.016581234237928438
313_H3,0.0,0.0,0.0011660991892612797,0.09754758344427646,0.024678420658384433
313_NCI,0.0,2.1971543848119578e-05,0.007292934020016733,0.14266548736986218,0.03749509823343176
314_H3,0.0,0.00040181844756802005,0.0013137013254770993,0.004031279149549112,0.0014366997306485578
314_NCI,0.0,0.0010045960460414965,0.010629017050925591,0.029145305195547856,0.010194729573128735
315_H1,3.4093623980879784e-05,0.002745416767724582,0.016050076674681064,0.27181013669567056,0.07265993094051428
315_H3,0.0,0.009950073464349249,0.010023739122813865,0.06919668765067262,0.022292625059458934
315_NCI,1.4532953173329588e-05,0.003212643387706757,0.006624841003442355,0.17685331064972465,0.046676331998511775
316_H1,0.0,0.0,0.0330994971013259,0.1695836607502356,0.05067078946289037
316_NCI,0.0,1.3922458056930639e-05,0.023853220268107503,0.05277013585145529,0.019159319644404933
317_H1,0.0,9.083447104277514e-05,0.032851160450587946,0.03445009620888947,0.01684802278263005
318_H1,0.004317052662372589,0.0033958819125111304,0.08591208482311528,0.2255039559676697,0.07978224384141717
318_NCI,0.0001951289887074381,0.0003905081254859406,0.007256674368677405,0.0911286387590848,0.0247427375604889
319_H1,6.68439970468171e-05,0.00968869110412448,0.04258722573956428,0.18795675902134343,0.06007487996551975
319_NCI,4.866034942097031e-06,0.1858636259586429,0.025897258741280228,0.6886098693990129,0.22509390503346954
320_H3,0.0,9.002862462795351e-05,0.0046106199706265494,0.12946447693100716,0.03354128138156542
320_NCI,0.0,6.458138263616175e-05,0.015488600291234039,0.11187244342713448,0.03185640627525117
321_NCI,5.7997749536298215e-05,0.003744010666942649,0.009494935708631575,0.1639817867058613,0.044319682707742954
322_H3,0.0,0.00020286187042053421,0.004047813701007874,0.17643980760717054,0.04517262079464974
322_NCI,0.0,0.00017223166062412662,0.0022556582996776,0.3974344735023433,0.09996559086566126
323_H1,0.0,8.785783090051545e-05,0.0012177496675833486,0.03816070995307211,0.009866579362888993
323_H3,0.0,4.2864922595838047e-07,0.006408194447003642,0.11009787463932673,0.02912662443388908
323_NCI,0.0,1.504848716052717e-06,0.007064361677081076,0.1282941725504472,0.03384000976906108
324_H3,0.0,6.648831120078868e-05,0.008563246355084275,0.034261570281641895,0.01072282623698174
325_H3,0.0001850520638981834,0.0002451396685262459,0.0023329378527047733,0.49171494966556434,0.12361951981267338
326_H3,0.0002831153105944395,1.285482849205586e-05,0.004429390334983509,0.18253072884638732,0.046814022330114335
327_H1,0.00016379510634578764,0.00011059821067263601,0.0039508040770310305,0.23099185863622246,0.058804264007567976
327_H3,0.0,0.000578836430732531,0.006377068895188775,0.06081998872647013,0.01694397351309786
327_NCI,2.0529636458377354e-05,0.00018594542949003438,0.05311492907675435,0.18009766540156388,0.05835476738606666
328_H3,0.0,0.00020324622791547805,0.0028142288080557714,0.41278840680441997,0.10395147046009781
328_NCI,0.0,0.2523025717991733,0.13320491941942827,0.26748794641498375,0.16324885940839634
329_H3,0.0,3.880945943895427e-07,0.011397598171570716,0.0757668049645724,0.021791197807684376
329_NCI,0.0,0.005548898090438396,0.007109383745391264,0.3985996533190698,0.10281448378872488
330_H1,0.0,0.0014619986315203752,0.018319063525933096,0.4897348557738063,0.12737897948281496
330_H3,0.0,0.01943425610452822,0.007660453409175973,0.0258077545651726,0.013225616019719198
330_NCI,0.0,7.943632243675884e-05,0.008066403265062623,0.006693270260638213,0.0037097774620343986
331_H1,0.3432046175003052,0.1670938646518389,0.4911568438981294,0.062031775253500156,0.2658717753259434
332_H1,9.613679139874876e-05,0.00026502160515766735,0.008203881692127378,0.3133434634460124,0.08047712588367405
332_H3,0.0,8.418020864195062e-05,0.002105622000991822,0.20458743348230327,0.05169430892298426
332_NCI,0.0,0.00017392109844931029,0.007439115915095753,0.43803123082902673,0.11141106696064294
333_H1,0.0036148226354271173,0.028780972431479746,0.17013358114829766,0.24955082130725256,0.11302004938061427
333_H3,9.218064406013582e-06,0.00016106077423673614,0.008471943387380927,0.0896301193217355,0.024568085386939793
333_NCI,1.6653302736813203e-05,0.0017170882257932958,0.03136473223787168,0.1202363074737514,0.0383336953100383
334_H3,1.856329254223965e-05,0.00015863636647818935,0.0013663162052249367,0.26182406221536914,0.06584189451990363
334_NCI,0.00012694242468569428,0.0006417892536524292,0.007873169477716466,0.3057484875917793,0.07859759718695847
335_H1,0.002002981025725603,0.0006306263848604814,0.0071671222928637954,0.10904833695774478,0.029712266665298664
335_H3,0.0,0.0004208287202631568,0.004396834951417853,0.017735053201347183,0.005638179218257048
335_NCI,1.3424691132968292e-05,0.005384342702896053,0.013082382513479915,0.29246634854296744,0.0777366246126191
336_H3,6.182155630085617e-05,0.00015544007505729156,0.00037502025653054545,0.013903964660981646,0.0036240616372175847
336_NCI,0.0,0.04163769687422331,0.004724403562719908,0.013931130016819131,0.015073307613440586
337_H3,0.0006711745518259704,0.0038942709329419867,0.0036659640073183996,0.18475188114103405,0.048245822658280105
337_NCI,2.749907253019046e-05,0.0013419887218198308,0.006760540359920538,0.5002740669220057,0.12710102376906907
338_H1,4.487707337830216e-05,3.822532430501601e-05,0.027855434522480724,0.3157652567858206,0.08592594842649617
338_NCI,3.3585329219931737e-05,0.0003801115267505252,0.0060914029130950745,0.10019518212173584,0.026675070472700343
340_H1,0.0,8.9706465004111e-05,0.0035644408687067614,0.20172726069308308,0.051345352006698486
340_H3,0.0,0.0001032760355824213,0.002416679354196323,0.05868660012122186,0.01530163887775015
340_NCI,0.0,0.011613842488150086,0.0087583188963765,0.10797148582588273,0.03208591180260233
341_H1,5.18938250024803e-05,0.008551234001085574,0.0036416689381066074,0.29075884219204806,0.07575090973906068
341_H3,0.0,2.714958357171528e-06,0.001752637118893822,0.08932422682623306,0.022769894725871015
342_H1,0.0,0.00026660771111824234,0.004172030172328037,0.05413998991565351,0.014644656949774947
342_H3,0.0,3.377980610762636e-05,0.002986450347216213,0.1486247272554842,0.03791123935220201
343_H3,0.0,1.472182637967154e-06,0.001960439011841344,0.18714469408327153,0.04727665131943771
343_NCI,0.0006012635421939194,7.042936711233946e-05,0.008113469203328135,0.3924433984101448,0.1003071401306948
344_H1,0.0,3.643609971335979e-05,0.006449499462622868,0.06522306858661567,0.017927251037237975
345_H1,4.118196011404507e-05,0.0010280507856930202,0.001783994101008511,0.06445817329468376,0.016827850035374833
345_H3,0.0,0.00018275761079088914,0.006779315718835609,0.011448761175989827,0.004602708626404081
345_NCI,0.0,0.00010678831513805565,0.0014361634431910909,0.060165711790638905,0.015427165887242012
346_H1,0.0,0.004396454856537407,0.012511166708909187,0.16026130569247315,0.044292231814479936
346_H3,0.0,0.0002289617211663914,0.0030294617417044234,0.23459865831810411,0.05946427044524373
346_NCI,8.44174501253292e-05,0.0013119432347722183,0.006922234396061676,0.17078471570604653,0.04477582769675144
347_H1,0.00047915405593812466,0.0005466853188315312,0.00308995213834789,0.23613553392033187,0.06006283135836236
347_H3,0.0,2.1773760474593006e-05,0.002938593639836716,0.18102505620869305,0.04599635590225109
348_H1,0.0,0.0004143075776404442,0.006595227484369641,0.1326523822410633,0.03491547932576834
349_H1,0.0,0.0026993829405012643,0.0054987867668105815,0.020445316821862364,0.007160871632293553
350_H3,0.0,0.0018303580356444314,0.0012350118221677846,0.04097973506091902,0.01101127622968281
350_NCI,0.0,1.7868947383787616e-05,0.004716151355115271,0.08012706461149031,0.021215271228497343
351_NCI,0.00013962942466605455,0.0001899563539992374,0.006896289670543134,0.14484533887078502,0.03801780357999836
353_H1,0.0003889809304382652,0.0001019234156336611,0.00818143023507729,0.31221890770703753,0.0802228105720467
353_H3,0.0,0.0008566817872848133,0.10799019782763429,0.3679744115404889,0.119205322788852
20_NCI,0.0,0.0037323857047185066,0.0173456372536871,0.10128539401381371,0.03059085424305483
21_H3,5.889058957109228e-05,3.541975150056787e-05,0.02634959486526993,0.18975911627617492,0.05405075537062913
140_H3,0.0,0.0,0.0018285806859119106,0.008967425566447862,0.002699001563089943
256_H3,0.0,0.0,0.0018285806859119106,0.008967425566447862,0.002699001563089943
132_H3,0.0,0.06159268496503086,0.026587896993864962,0.1436827353309512,0.057965829322461755
134_NCI,0.0,9.159898449793993e-05,0.001414126473154887,0.005616376707306776,0.0017805255412399008
309_H3,0.0,9.159898449793993e-05,0.001414126473154887,0.005616376707306776,0.0017805255412399008
310_NCI,0.0,9.159898449793993e-05,0.001414126473154887,0.005616376707306776,0.0017805255412399008
242_H3,0.0,7.476519744993542e-05,0.01354088943783238,0.13698135109639034,0.03764925143291816
243_H1,0.0,7.476519744993542e-05,0.01354088943783238,0.13698135109639034,0.03764925143291816
243_H3,0.0,7.476519744993542e-05,0.01354088943783238,0.13698135109639034,0.03764925143291816
243_NCI,0.0,7.476519744993542e-05,0.01354088943783238,0.13698135109639034,0.03764925143291816
244_H3,0.0,7.476519744993542e-05,0.01354088943783238,0.13698135109639034,0.03764925143291816
178_H3,0.0,8.747328758134827e-06,0.0014400650180579444,0.3265574954890493,0.08200157695896634
178_NCI,0.0,8.747328758134827e-06,0.0014400650180579444,0.3265574954890493,0.08200157695896634
188_H3,0.0,0.0,0.007115705129709533,0.016005250452049164,0.005780238895439674
188_NCI,0.0,0.0,0.007115705129709533,0.016005250452049164,0.005780238895439674
208_H3,0.0,0.0,0.0005669077288098577,0.04523387658355032,0.011450196078090044
237_NCI,0.0,0.0,0.0005669077288098577,0.04523387658355032,0.011450196078090044
192_H3,0.0,0.0,0.04742194972598483,0.02200824557293048,0.017357548824728827
203_H1,0.0,0.0005642874009735357,0.00480765174283695,0.6168597616159412,0.15555792518993794
203_NCI,0.0,0.0005642874009735357,0.00480765174283695,0.6168597616159412,0.15555792518993794
257_H3,0.0,0.0,0.008419671617808374,0.06535716967725227,0.018444210323765163
290_H3,0.0,0.0,0.008419671617808374,0.06535716967725227,0.018444210323765163
251_H3,0.0,0.0,0.0013959030676830694,0.06396798591980367,0.016340972246871685
234_H1,0.0,3.6884097253927786e-07,0.004548660197515165,0.09863996180681035,0.025797247711324515
237_H3,0.0,0.0,0.0047268808726524305,0.21872104532782727,0.05586198155011993
240_NCI,0.0,0.0,0.0047268808726524305,0.21872104532782727,0.05586198155011993
241_H3,0.0,7.903881836571121e-05,0.003075070631006654,0.6343356170643215,0.15937243162842346
284_NCI,0.0,1.492824090327008e-07,0.00153404680095903,0.006923576234130225,0.0021144430793745717
316_H3,0.0,0.0,0.011961754812457925,0.04975612326806697,0.015429469520131224
312_NCI,0.0,0.00015450048646719445,0.013914911294235085,0.052255525171011466,0.016581234237928438
313_H1,0.0,0.0,0.0011660991892612797,0.09754758344427646,0.024678420658384433
347_NCI,0.0,2.1773760474593006e-05,0.002938593639836716,0.18102505620869305,0.04599635590225109
28_H3,0.0,0.0037418883265964865,0.017689126272564925,0.006334111256458639,0.006941281463905013
37_H1,4.1282575693912804e-05,3.581775035274156e-05,0.0015436756645719229,0.0283498174995556,0.007492648372543545
51_H3,0.011576520279049873,0.027204100410851258,0.009413345853295816,0.10249191380707284,0.03767147008756745
58_H3,0.0,0.00034169627383952707,0.03879882295758205,0.03790339566689033,0.01926097872457798
128_NCI,0.0,0.0,0.003528077124760615,0.07859624351196892,0.020531080159182383
215_H1,0.0,0.0,0.0015074781163315798,0.0475811912395011,0.012272167338958171
215_H3,0.0,0.0,0.0015074781163315798,0.0475811912395011,0.012272167338958171
215_NCI,0.0,0.0,0.0015074781163315798,0.0475811912395011,0.012272167338958171
83_H3,2.2850077584735118e-05,0.00014043866408766775,0.01616438207592076,0.7851310144615924,0.20036467131979638
83_NCI,2.2850077584735118e-05,0.00014043866408766775,0.01616438207592076,0.7851310144615924,0.20036467131979638
