,feature,xgb,gbr,rf,BayesianRidge,mean,feat_pos,true_position,TMD,amino_acid
0,1_H1,0.0004677023971453,0.0041873707446814,0.0009326965951132,0.3577799469681302,0.0908419291762675,1,1,CT/EC,M
1,1_H3,0.0,0.0029155289721264,0.0003630762953303,0.0245627199474388,0.0069603313037239,1,1,CT/EC,M
2,2_NCI,0.000663764309138,2.6089700750846317e-05,0.0003922993069541,0.0325424770513552,0.0084061575920495,2,2,CT/EC,N
3,3_H1,0.0001771218230715,2.4204973383208323e-05,0.000494880102384,0.2760356526700551,0.0691829648922234,3,3,N-Termina,G
4,3_H3,0.0,5.3737474372532335e-05,1.4326389284063006e-05,0.1626460717398001,0.0406785339008641,3,3,N-Termina,G
5,4_H1,0.0002683069615159,9.064286273339616e-05,0.0008168483055236,0.0748354447738919,0.0190028107259162,4,4,N-Termina,T
6,4_H3,0.0,2.1884613117708345e-06,2.58918661624394e-06,0.0618226497917816,0.0154568568599274,4,4,N-Termina,T
7,4_NCI,0.0,1.0665846474081028e-05,1.318788537573818e-05,0.0566288763835962,0.0141631825288615,4,4,N-Termina,T
8,5_H3,4.7821897169342265e-05,1.4632290233808076e-09,8.380506016325544e-05,0.0161310181547252,0.0040656616438217,5,5,N-Termina,E
9,5_NCI,0.0,2.071101766519592e-05,0.0002934400838507,0.090077185297861,0.0225978340998442,5,5,N-Termina,E
10,5_H1,0.0,8.092350268409952e-06,0.0001115699585337,0.0453274894956101,0.011361787951103,5,5,N-Termina,E
11,6_H3,2.493797001079656e-05,0.0,2.4462217081854605e-05,0.0902156505920353,0.022566262694782,6,6,N-Termina,G
12,6_NCI,5.068300743005239e-05,0.0011541260112812,7.0650347215532135e-06,0.1614523638236899,0.0406660594692806,6,6,N-Termina,G
13,7_H1,3.442806701059453e-05,0.0002069962009335,0.0005544402720766,0.0009556354024859,0.0004378749856266,7,7,N-Termina,P
14,7_H3,0.0,2.2906049563566567e-06,2.236396487314233e-05,0.3449258776784119,0.0862376330620603,7,7,N-Termina,P
15,7_NCI,6.041730739525519e-05,2.49869043524946e-05,0.0002015083968774,0.0249640012227097,0.0063127284578337,7,7,N-Termina,P
16,8_H1,0.0001792813272913,0.0001058082075593,0.0003724776066104,0.162892674145464,0.0408875603217313,8,8,N-Termina,N
17,9_H3,0.0,1.222735978540171e-05,0.0,0.014540658946559,0.0036382215765861,9,9,N-Termina,F
18,10_NCI,0.0,6.082696319757824e-06,3.257496663229251e-05,0.0415947964364363,0.0104083635248471,10,10,N-Termina,Y
19,10_H1,9.646438411436976e-05,1.2433419226881589e-05,0.0088631332846666,0.2640702887293231,0.0682605799543327,10,10,N-Termina,Y
20,10_H3,0.0,0.0,0.0001367375548072,0.0901635811322869,0.0225750796717735,10,10,N-Termina,Y
21,11_H3,0.0,0.0,2.7527092749318465e-05,0.1093484984504006,0.0273440063857874,11,11,N-Termina,V
22,11_NCI,0.0,7.230039837064694e-05,7.648353618038165e-05,0.2343620786995919,0.0586277156585357,11,11,N-Termina,V
23,11_H1,2.3851061996538192e-05,4.871163891358633e-05,0.0001549652397262,0.1637033769137877,0.040982726213606,11,11,N-Termina,V
24,12_NCI,0.0,3.3871695711330263e-06,1.5942751271840818e-07,0.0672625883208495,0.0168165337294833,12,12,N-Termina,P
25,12_H1,0.0,3.3871695711330263e-06,1.5942751271840818e-07,0.0672625883208495,0.0168165337294833,12,12,N-Termina,P
26,12_H3,0.0,3.3871695711330263e-06,1.5942751271840818e-07,0.0672625883208495,0.0168165337294833,12,12,N-Termina,P
27,13_NCI,0.0001175202487502,4.178863462447941e-05,0.0001040765657193,0.1908636067118307,0.0477817480402312,13,13,N-Termina,F
28,13_H3,0.0,1.2759972272753394e-05,1.724252945121033e-07,0.0462984172151468,0.0115778374031785,13,13,N-Termina,F
29,13_H1,0.0001869606785476,1.5577216966939837e-05,0.0004180272072972,0.2422418468573083,0.06071560299003,13,13,N-Termina,F
30,14_H1,6.376682449626969e-06,4.8231848171423015e-05,0.000186022946147,0.1833525309582288,0.0458982906087492,14,14,N-Termina,S
31,14_H3,0.0,4.726224585030887e-06,8.10595356707914e-06,0.3110434894927322,0.0777640804177211,14,14,N-Termina,S
32,14_NCI,4.096755583304912e-05,0.0002134410553125,0.0001209198286056,0.0905910334201769,0.022741590464982,14,14,N-Termina,S
33,16_H1,1.9399867596803236e-05,3.67347798570486e-05,0.0011512774782926,0.0193441828156209,0.0051378987353418,16,16,N-Termina,K
34,16_H3,0.0,2.773574366512912e-09,4.387988365081426e-06,0.0303575703105221,0.0075904902681154,16,16,N-Termina,K
35,16_NCI,9.814479562919588e-05,4.391726214943248e-05,0.000175908176892,0.0737743482790577,0.0185230796284321,16,16,N-Termina,K
36,17_NCI,0.0,0.0,8.316452798642042e-05,0.0131937444996299,0.0033192272569041,17,17,N-Termina,T
37,17_H1,0.000240024717641,1.5167525823026352e-07,0.000226645271397,0.0633747411470352,0.0159603907028329,17,17,N-Termina,T
38,18_H1,0.000350122427335,2.4395233638415787e-05,0.000271331842218,0.130154825315217,0.0327001687046021,18,18,N-Termina,G
39,18_NCI,0.000154542576638,0.000744194211209,0.0005575844312925,0.0486611321578106,0.0125293633442375,18,18,N-Termina,G
40,19_H1,0.0001523390528745,0.0001027172590789,0.0003920821697411,0.009427934275308,0.0025187681892506,19,19,N-Termina,V
41,19_NCI,1.4536640264850575e-05,3.836648774743307e-05,0.0001193000525853,0.041491724177234,0.0104159818394579,19,19,N-Termina,V
42,19_H3,0.0,0.0,0.0,0.0241512252919787,0.0060378063229946,19,19,N-Termina,V
43,20_H1,0.0,0.0,7.239710203558049e-08,0.1627909555281997,0.0406977569813254,20,20,N-Termina,V
44,20_NCI,0.0,5.816238503929804e-07,6.280905199935014e-07,0.0443513303703,0.0110881350211675,20,20,N-Termina,V
45,20_H3,0.0,0.0,7.239710203558049e-08,0.1627909555281997,0.0406977569813254,20,20,N-Termina,V
46,21_H3,0.000105103754322,0.0003795757119562,7.172802723900218e-06,0.2520474671899645,0.0631348298647416,21,21,N-Termina,R
47,21_NCI,6.589967961190268e-05,0.0001653772857951,0.0001240906573625,0.3243529156861537,0.0811770708272308,21,21,N-Termina,R
48,21_H1,0.000105103754322,0.0003795757119562,7.172802723900218e-06,0.2520474671899645,0.0631348298647416,21,21,N-Termina,R
49,22_H3,0.0,3.224546509953327e-07,7.506266015840808e-07,0.0070444815561183,0.0017613886593427,22,22,N-Termina,S
50,22_H1,5.870017412235029e-05,8.66456605349064e-05,7.35108677266616e-05,0.1309433523794975,0.0327905522704703,22,22,N-Termina,S
51,22_NCI,0.0,6.496080276458952e-06,1.496275200667916e-05,0.2408389946579506,0.0602151133725584,22,22,N-Termina,S
52,24_H1,0.0018695325125008,4.755420489237371e-05,0.0001574516135207,0.1594496211791156,0.0403810398775074,24,24,N-Termina,F
53,24_H3,0.0,0.0111013295633097,0.002009089798274,0.2554464015989371,0.0671392052401302,24,24,N-Termina,F
54,25_H1,0.000456041918369,9.810204008969124e-05,6.847175823683746e-05,0.0099394678575314,0.0026405208935567,25,25,N-Termina,E
55,25_H3,0.0,7.290274439959827e-06,0.0043913520956454,0.0321600392140167,0.0091396703960255,25,25,N-Termina,E
56,25_NCI,0.0,8.823453965359815e-06,3.559858149532683e-05,0.0829235314216614,0.0207419883642805,25,25,N-Termina,E
57,26_NCI,0.0,1.2759972272753394e-05,1.724252945121033e-07,0.0462984172151468,0.0115778374031785,26,26,N-Termina,A
58,26_H3,0.0,2.2647170412127987e-05,2.1277428313332274e-06,0.0564239155061119,0.0141121726048388,26,26,N-Termina,A
59,26_H1,1.7420223230146803e-05,4.73835377332806e-05,6.41696554083664e-05,0.1396906797945787,0.0349549133027376,26,26,N-Termina,A
60,28_NCI,0.0,0.0,0.0,0.0241512252919787,0.0060378063229946,28,28,N-Termina,Q
61,29_H1,4.91923674417194e-06,1.8237825074829464e-05,3.449920426705994e-05,0.264406544979879,0.0661160503114912,29,29,N-Termina,Y
62,30_H1,0.0,0.0,7.482857859461238e-07,0.0897071154931041,0.0224269659447225,30,30,N-Termina,Y
63,30_NCI,0.0,0.0,7.482857859461238e-07,0.0897071154931041,0.0224269659447225,30,30,N-Termina,Y
64,30_H3,0.0,0.0,7.482857859461238e-07,0.0897071154931041,0.0224269659447225,30,30,N-Termina,Y
65,32_H1,1.595604953763541e-05,3.694123064198896e-06,0.0005342821350015,0.0531985623947993,0.0134381236756006,32,32,N-Termina,A
66,32_NCI,1.0494148227735424e-05,5.954358964289054e-07,3.681762068786822e-06,0.2014132309871603,0.0503570005833383,32,32,N-Termina,A
67,33_H1,0.000319866288919,0.0013836858518241,0.0011380370145752,0.0212751968124156,0.0060291964919335,33,33,N-Termina,E
68,33_H3,0.0,0.0,0.0001398203218543,0.0617669962727582,0.0154767041486531,33,33,N-Termina,E
69,33_NCI,4.116110176255461e-06,5.014036240775311e-05,6.984727078942693e-05,0.0428493302323001,0.0107433584939184,33,33,N-Termina,E
70,34_NCI,0.0,8.078992644922248e-06,1.334055567276754e-05,0.2018152479223637,0.0504591668676703,34,34,N-Termina,P
71,34_H3,0.0,0.0,8.481304765135984e-05,0.0438234172229838,0.0109770575676588,34,34,N-Termina,P
72,34_H1,0.0,6.727181028137288e-05,3.0244412162107643e-05,0.2547741115176707,0.0637179069350285,34,34,N-Termina,P
73,35_NCI,0.0,1.627577854568683e-05,7.13083392433764e-05,0.4265409388955201,0.1066571307533272,35,35,N-Termina,W
74,35_H1,0.0004715616232715,1.7851043435959167e-05,0.0003182317901792,0.231973805680091,0.0581953625342444,35,35,N-Termina,W
75,36_NCI,2.343271262361668e-05,7.617415147758523e-05,0.0004797420390624,0.0271474591977801,0.0069317020252359,36,36,N-Termina,Q
76,37_H1,0.0001217909302795,0.0015064625143991,0.0001658315999152,0.1432357406814049,0.0362574564314997,37,37,1,F
77,37_H3,0.0001217909302795,0.0015064625143991,0.0001658315999152,0.1432357406814049,0.0362574564314997,37,37,1,F
78,37_NCI,0.0001217909302795,0.0015064625143991,0.0001658315999152,0.1432357406814049,0.0362574564314997,37,37,1,F
79,38_NCI,2.9198587071732615e-05,0.000648091835287,0.0009836366766011,0.0883244732747076,0.0224963500934168,38,38,1,S
80,38_H1,0.0001636419765418,1.6064519275960628e-05,0.0003374743843713,0.0882594348675707,0.0221941539369399,38,38,1,S
81,39_NCI,3.1683473935117945e-05,0.0010594090400672,0.000344496200773,0.1236033547065818,0.0312597358553393,39,39,1,M
82,39_H3,0.0,0.0,5.6110117609535e-05,0.2020563992430347,0.050528127340161,39,39,1,M
83,40_H3,0.0,4.087708121594284e-07,3.169148716044646e-06,0.2223593613525653,0.0555907348180233,40,40,1,L
84,40_H1,0.0001745154295349,4.156085772830461e-06,0.0006110533197404,0.304651501989845,0.0763603067062233,40,40,1,L
85,40_NCI,0.0,0.0,5.123308434860413e-05,0.1309825334917733,0.0327584416440304,40,40,1,L
86,41_H1,0.0019112559966742,0.0030467923765069,0.0015538728789752,0.1634543763351645,0.0424915743968302,41,41,1,A
87,42_NCI,2.0580351701937616e-05,4.099367742197853e-05,0.0007331233165148,0.0612537932099571,0.0155121226388989,42,42,1,A
88,42_H3,0.0,5.732437174125261e-07,0.0004444262973479,0.1997951333435912,0.0500600332211641,42,42,1,A
89,42_H1,0.0001567535800859,0.0045153139747766,0.00188606452481,0.1196671998395661,0.0315563329798096,42,42,1,A
90,43_NCI,0.0,0.0,2.344201010769584e-05,0.0678843893701126,0.016976957845055,43,43,1,Y
91,43_H3,0.0,0.783260685635148,1.0,0.1004338745076785,0.4709236400357066,43,43,1,Y
92,43_H1,1.0,0.9744229907460638,0.9551985113164948,0.1393435139371197,0.7672412539999196,43,43,1,Y
93,45_NCI,7.821767212590203e-05,0.000166436790939,0.0058327956421261,0.1690783573328946,0.0437889518595214,45,45,1,F
94,45_H1,0.0004998900112695,0.0005063239884128,0.0053475100218672,0.3313328101730543,0.084421633548651,45,45,1,F
95,49_NCI,0.0006433427333831,0.0041826756635394,0.0032869165699131,0.1128520458280716,0.0302412451987268,49,49,1,M
96,49_H1,0.0005275824805721,0.001895666876662,0.001070852644184,0.2888012559479146,0.0730738394873332,49,49,1,M
97,50_H1,0.0003960399481002,4.5209881492987904e-05,0.0005996300554162,0.0558097508837578,0.0142126576921918,50,50,1,L
98,50_NCI,9.04392436495982e-05,0.0017016913788604,0.0018916819320552,0.1611762027064976,0.0412150038152657,50,50,1,L
99,51_H1,0.0,1.2465992009321445e-07,0.0001023059372404,0.0999952682243479,0.0250244247053771,51,51,1,G
100,51_H3,0.0,1.2465992009321445e-07,0.0001023059372404,0.0999952682243479,0.0250244247053771,51,51,1,G
101,51_NCI,0.0,7.275519242684524e-07,4.540698700518032e-05,0.1058509781075267,0.026474278161614,51,51,1,G
102,52_H1,4.791339597431943e-05,2.4649587507556087e-05,0.0002665643515743,0.2295432420597467,0.0574705923487007,52,52,1,F
103,52_H3,0.0,1.834042681078066e-06,3.701151477007572e-06,0.2424383062197576,0.0606109603534789,52,52,1,F
104,52_NCI,0.0005701195914298,0.0001766803241173,0.0006561401738839,0.0439457410408692,0.0113371702825751,52,52,1,F
105,53_H1,0.0,6.927343218468476e-07,6.817159246296284e-05,0.3657329355743465,0.0914504499752828,53,53,1,P
106,53_H3,0.0,0.0,0.0,0.1968079266093506,0.0492019816523376,53,53,1,P
107,53_NCI,0.0,1.4513428028009027e-06,1.9002716161697164e-05,0.2597325190495319,0.0649382432771241,53,53,1,P
108,54_H3,0.0,0.0,0.0,0.0241512252919787,0.0060378063229946,54,54,1,I
109,54_H1,3.903466858901084e-05,8.988385414866664e-06,6.009683949050929e-05,0.0652901476808738,0.016349566893592,54,54,1,I
110,54_NCI,2.991567043864052e-06,0.0001223390759494,3.4187247055689054e-05,0.0887264707873052,0.0222214971693385,54,54,1,I
111,56_NCI,0.0035310485400259,2.41081500847402e-05,0.0054667473830597,0.0746345566464736,0.020914115179911,56,56,1,F
112,57_H3,0.0,3.1152150947329844e-06,2.322804539512946e-06,0.0549527415706977,0.0137395448975829,57,57,1,L
113,57_H1,0.0001067008706741,0.000257545396909,3.787526025313714e-05,0.2286106463798903,0.0572531919769316,57,57,1,L
114,57_NCI,1.7282492990489118e-05,0.0002908423170684,0.0002323737076897,0.1653109066228258,0.0414628512851436,57,57,1,L
115,58_H3,0.0,1.2759972272753394e-05,1.724252945121033e-07,0.0462984172151468,0.0115778374031785,58,58,1,T
116,58_H1,0.0,1.2759972272753394e-05,1.724252945121033e-07,0.0462984172151468,0.0115778374031785,58,58,1,T
117,58_NCI,0.0,3.624567107598007e-08,6.626420654252356e-07,0.0727809365470539,0.0181954088586976,58,58,1,T
118,59_H1,0.0019938147161155,0.0,1.0504123397472465e-05,0.0531201474391846,0.0137811165696744,59,59,1,L
119,59_NCI,0.0,0.0,3.728545948737019e-05,0.0954198729897127,0.0238642896123,59,59,1,L
120,60_H1,5.779886123491451e-05,0.0001323828828857,0.0004955102190183,0.2897237084459405,0.0726023501022698,60,60,1,Y
121,60_H3,0.0,0.0,7.706959865145323e-05,0.1147031431287562,0.0286950531818519,60,60,1,Y
122,62_H1,0.0,0.0,7.934744867363397e-08,0.0307333176223874,0.007683349242459,62,62,CT/EC,T
123,62_NCI,0.0,0.0,7.934744867363397e-08,0.0307333176223874,0.007683349242459,62,62,CT/EC,T
124,62_H3,0.0,0.0,7.934744867363397e-08,0.0307333176223874,0.007683349242459,62,62,CT/EC,T
125,63_NCI,2.227081495220773e-05,0.0004381801654993,0.0002309631857807,0.165388522978654,0.0415199842862215,63,63,CT/EC,V
126,63_H1,0.0004885470843873,1.0390135229190672e-06,0.0004313180535512,0.0155974727054187,0.00412959421422,63,63,CT/EC,V
127,63_H3,4.253897714079358e-05,0.0001484403289395,1.175611686156168e-05,0.1711183127782991,0.0428302620503102,63,63,CT/EC,V
128,64_H1,0.0006785955047234,2.6865228267017376e-06,0.0001824026340552,0.288565935905889,0.0723574051418736,64,64,CT/EC,Q
129,64_H3,0.0,0.0,8.34720347125195e-05,0.1456412406290144,0.0364311781659317,64,64,CT/EC,Q
130,65_NCI,0.0,2.019991929346226e-05,0.0001391093924267,0.1486521390924036,0.0372028621010309,65,65,CT/EC,H
131,70_H1,0.0007312748930417,0.0,0.0001146053989983,0.2350396627074062,0.0589713857498615,70,70,CT/EC,T
132,70_NCI,0.0045336564071476,0.0,6.327006253527605e-05,0.0571986820437845,0.0154489021283668,70,70,CT/EC,T
133,70_H3,0.0,0.0,3.3344799022630217e-06,0.1388459860219006,0.0347123301254507,70,70,CT/EC,T
134,71_H1,0.0,0.0,0.0,0.0352548488485204,0.0088137122121301,71,71,CT/EC,P
135,71_NCI,0.0,0.0,1.2814066143145724e-05,0.0259768649376149,0.0064974197509395,71,71,CT/EC,P
136,71_H3,0.0,5.700177089934561e-09,3.664604766734985e-08,0.0289145697496881,0.0072286530239782,71,71,CT/EC,P
137,74_NCI,0.0,0.0,8.185691975613518e-05,0.0248206538336413,0.0062256276883493,74,74,2,Y
138,74_H1,0.0,0.0,8.73921142024556e-07,0.1344028872122192,0.0336009402833403,74,74,2,Y
139,79_NCI,0.007060270756483,2.8048099089085777e-06,0.0043886672333313,0.1124600011730785,0.0309779359932004,79,79,2,L
140,79_H1,0.0,2.31992860428562e-08,0.0001235650911988,0.0903161374378022,0.0226099314320717,79,79,2,L
141,80_NCI,0.0,4.223700680487471e-06,1.0224930255631214e-06,0.0320418866142338,0.0080117832019849,80,80,2,A
142,80_H3,0.0,0.0,7.064104996991188e-08,0.0997505669914493,0.0249376594081248,80,80,2,A
143,80_H1,0.0,2.042875467627155e-05,3.7877300584151255e-05,0.017330086024192,0.0043470980198631,80,80,2,A
144,81_H1,0.0001672352664172,2.622088992623297e-05,0.0003353106707414,0.0110037525999118,0.0028831298567491,81,81,2,V
145,82_H3,0.0,3.8494646018479486e-06,3.36086561801506e-05,0.0377778306424871,0.0094538221908172,82,82,2,A
146,82_H1,0.0,3.763864163898429e-07,0.0007697253009046,0.0149951218222138,0.0039413058773837,82,82,2,A
147,82_NCI,0.0,3.8034091767213453e-08,0.0001892005162399,0.0257430355153065,0.0064830685164095,82,82,2,A
148,83_H3,0.0001473030279157,0.0004300977337264,0.0001704231879422,0.2257498174825223,0.0566244103580267,83,83,2,D
149,83_NCI,0.0001473030279157,0.0004300977337264,0.0001704231879422,0.2257498174825223,0.0566244103580267,83,83,2,D
150,83_H1,0.0001473030279157,0.0004300977337264,0.0001704231879422,0.2257498174825223,0.0566244103580267,83,83,2,D
151,84_H1,3.259089498897083e-05,0.0017185977800048,0.001847950767225,0.2149830811361594,0.0546455551445945,84,84,2,L
152,84_NCI,0.0,0.0018765253614555,0.0015967831500154,0.0544407794162875,0.0144785219819396,84,84,2,L
153,85_H1,2.67006234935252e-05,0.0003416651457053,0.0013452151436579,0.3580554345758041,0.0899422538721652,85,85,2,F
154,85_H3,0.0,3.937860350337758e-05,0.0,0.2263699392088057,0.0566023294530772,85,85,2,F
155,85_NCI,5.2630883146775886e-05,0.0004980309437334,0.0008577212089563,0.0219370274651246,0.0058363526252403,85,85,2,F
156,86_H1,0.0230965912342071,0.3686723202305588,0.3883973560980699,0.7681879203299564,0.387088546973198,86,86,2,M
157,86_H3,0.0,9.620607151097084e-06,0.0003968718346008,0.5303015826000076,0.1326770187604398,86,86,2,M
158,86_NCI,4.180251926300116e-05,5.115913297287568e-06,0.0003061939541796,0.1742997141282332,0.0436632066287432,86,86,2,M
159,87_NCI,6.029711221344769e-05,2.6608485855129112e-05,2.791581819498192e-05,0.1771619844616547,0.0443192014694795,87,87,2,V
160,87_H3,0.0,0.0,5.297924878748648e-05,0.2150893296103603,0.0537855772147869,87,87,2,V
161,88_H1,0.0003504305786918,1.3619812943996864e-06,0.0007598028626779,0.2132168776987303,0.0535821182803486,88,88,2,F
162,88_H3,0.0,9.366335603936792e-08,1.6966827755276662e-06,0.1440286864742304,0.0360076192050905,88,88,2,F
163,88_NCI,8.79235376487486e-05,0.0006145668187399,0.0003137789024904,0.2934908227032955,0.0736267729905436,88,88,2,F
164,89_H1,0.0,2.500930972062343e-06,0.0003135303098614,0.2281774823890245,0.0571233784074645,89,89,2,G
165,89_NCI,3.9164922782219946e-05,0.0004020753768684,2.605453955909096e-05,0.1895448885425227,0.0475030458454331,89,89,2,G
166,90_H3,0.0,0.0,5.794723058407842e-07,0.6051302849859838,0.1512827161145724,90,90,2,G
167,90_NCI,0.0014308171812444,0.023929928187997,0.0068901241761296,0.5660044749241718,0.1495638361173857,90,90,2,G
168,90_H1,8.937664097175002e-05,0.0,0.0,0.2629565956272185,0.0657614930670475,90,90,2,G
169,91_H3,0.0,0.0,0.0025237765026537,0.1861325280228967,0.0471640761313876,91,91,2,F
170,91_H1,0.0,0.0,0.0025237765026537,0.1861325280228967,0.0471640761313876,91,91,2,F
171,91_NCI,0.0,2.3416039621604587e-07,0.0002384015452463,0.23502629065308,0.0588162315896806,91,91,2,F
172,92_H1,0.0,0.0,5.229023970638973e-06,0.278875698890228,0.0697202319785496,92,92,2,T
173,92_NCI,3.076399298151955e-05,2.4230218487718484e-05,4.105760621977432e-06,0.119759651884396,0.0299546879641218,92,92,2,T
174,92_H3,0.0,4.984124913315978e-07,6.905020667106759e-07,0.1336735584170494,0.0334186868329018,92,92,2,T
175,93_H1,9.314709313912316e-05,0.0025901226943483,0.0003407762379197,0.1872615330281479,0.0475713947633887,93,93,2,T
176,93_H3,0.0,4.411227452243244e-06,0.0008911464634556,0.6748817379305693,0.1689443239053693,93,93,2,T
177,94_H1,0.0753862708806991,0.0807925001086707,0.0786523049946418,0.2234578656703577,0.1145722354135923,94,94,2,T
178,94_H3,0.0,0.5381788294546608,0.0844018574586195,0.3924182178139129,0.2537497261817983,94,94,2,T
179,94_NCI,0.0008824229589663,0.00146920506951,0.0005643912759411,0.1646208873436666,0.041884226662021,94,94,2,T
180,95_H1,0.0001019447008729,0.0004665843906626,0.0004069535810043,0.0101419912096416,0.0027793684705454,95,95,2,L
181,96_H1,0.0,1.9927113354746248e-05,0.0015440260222673,0.1832453981058842,0.0462023378103765,96,96,CT/EC,Y
182,96_H3,0.0,3.910437169782123e-06,0.0002571390936403,0.0081939499945881,0.0021137498813495,96,96,CT/EC,Y
183,96_NCI,0.0056988107971847,0.0112196592625457,0.0283595995023998,0.0158499330204601,0.0152820006456476,96,96,CT/EC,Y
184,97_H1,0.0001651530037634,0.0022656441152583,0.0017414987169191,0.2060264200397045,0.0525496789689113,97,97,CT/EC,T
185,97_H3,0.0,0.001952478305495,0.0007270358560008,0.2612989904213285,0.0659946261457061,97,97,CT/EC,T
186,97_NCI,0.0,1.083763699272788e-05,0.0002286965881907,0.1033768651910648,0.025904099854062,97,97,CT/EC,T
187,98_NCI,0.0,2.4088937616509466e-06,0.0073049107689375,0.0775434926241936,0.0212127030717232,98,98,CT/EC,S
188,98_H3,0.0,0.0,0.0001790633332393,0.0207597480149227,0.0052347028370405,98,98,CT/EC,S
189,98_H1,0.0006405506283044,3.712261216009249e-07,0.0001496904974958,0.0303786681797749,0.0077923201329242,98,98,CT/EC,S
190,99_H1,0.0005125619354657,0.0001812556028809,0.0008840185552816,0.1521854638437079,0.038440824984334,99,99,CT/EC,L
191,99_H3,0.0,0.0,5.952821319274045e-06,0.4351428844718808,0.1087872093233,99,99,CT/EC,L
192,99_NCI,4.185285069979727e-05,0.0005335470672335,0.0026146000278817,0.0964099313616403,0.0248999828268638,99,99,CT/EC,L
193,100_H1,0.0001192635900224,6.830225353372467e-05,0.0002677566777762,0.0141361894138975,0.0036478779838075,100,100,CT/EC,H
194,100_NCI,0.0,0.0007169855329422,0.0009090433554965,0.1287147498134541,0.0325851946754732,100,100,CT/EC,H
195,100_H3,0.0,7.04456132824217e-07,3.2816120548977544e-05,0.1609962264007391,0.0402574367443552,100,100,CT/EC,H
196,101_NCI,0.0010328245116397,0.0005597337621857,2.5026107033733192e-05,0.0116942245998353,0.0033279522451736,101,101,CT/EC,G
197,101_H3,0.0,1.191892532358951e-06,6.788449091752392e-08,0.0430930483289408,0.010773577026491,101,101,CT/EC,G
198,101_H1,0.000261942128418,1.480564239022016e-05,8.437839114127243e-06,0.0310169925317654,0.0078255445354219,101,101,CT/EC,G
199,103_H3,0.0,4.217433066752358e-11,0.0,0.0352279930760233,0.0088069982795494,103,103,CT/EC,F
200,103_NCI,0.0,0.0,6.808049915866388e-06,0.0784919833419728,0.0196246978479721,103,103,CT/EC,F
201,103_H1,0.0,1.0855360510270831e-08,6.978094420970122e-05,0.1383575074278749,0.0346068248068612,103,103,CT/EC,F
202,104_H1,0.0070900171995162,0.0229217914455766,0.0112352401124746,0.2005785778943046,0.060456406662968,104,104,CT/EC,V
203,105_NCI,8.314597653225064e-05,3.378869619361222e-05,0.0003244796289046,0.0493185022460519,0.0124399791369206,105,105,CT/EC,F
204,107_H1,6.144155486254022e-05,0.0001539584722796,5.8154352735445256e-05,0.0684185035387942,0.0171730144796679,107,107,CT/EC,P
205,108_NCI,0.0001174409480881,0.0001433525515266,0.0003163639349472,0.0522621141964578,0.013209817907755,108,108,CT/EC,T
206,108_H3,0.0,2.650907067617959e-06,8.221026292164021e-06,0.0268008497040728,0.0067029304093581,108,108,CT/EC,T
207,108_H1,8.737605821806937e-05,0.0011971043431633,0.0010202217852343,0.1998270129582074,0.0505329287862058,108,108,CT/EC,T
208,109_NCI,0.003701138542965,6.667780353358379e-07,0.0034245120382643,0.0771946119566376,0.0210802323289755,109,109,CT/EC,G
209,109_H1,0.0,0.0001882803589526,0.0010640711424443,0.0859098259902567,0.0217905443729134,109,109,CT/EC,G
210,111_NCI,0.0,0.0002638359239501,0.0001248740679918,0.0834137432901465,0.0209506133205221,111,111,3,N
211,111_H3,0.0,2.4938171967236066e-05,0.0001691257610028,0.2881287961429142,0.072080715018971,111,111,3,N
212,112_H1,3.4676842915359885e-05,0.0002672694008191,0.001203733921768,0.1376670228865291,0.0347931757630079,112,112,3,L
213,114_H1,0.0003594868758227,0.0005440377250843,0.0003250236587201,0.0843095564863177,0.0213845261864862,114,114,3,G
214,114_H3,0.0,0.0005462651638683,0.0003526137982969,0.0973739843812199,0.0245682158358463,114,114,3,G
215,114_NCI,0.0,6.273581635493676e-05,0.0005989268724828,0.0751619366848863,0.018955899843431,114,114,3,G
216,115_H1,0.0,8.526512904895592e-06,0.0001004286205194,0.3636871944351479,0.090949037392143,115,115,3,F
217,115_H3,0.0,0.0,0.0002793893247475,0.256059720356503,0.0640847774203126,115,115,3,F
218,116_NCI,1.0799870324262884e-05,1.8794543607190908e-05,0.0008436184130537,0.1642013883079834,0.0412686502837421,116,116,3,F
219,116_H1,0.0010095180477946,0.0006309981325635,0.0015173964435515,0.3664233090664344,0.092395305422586,116,116,3,F
220,116_H3,0.0,3.7426368332740273e-07,0.0009832545720408,0.3919271250266562,0.0982276884655951,116,116,3,F
221,117_NCI,0.0,0.0,5.5552026573813495e-05,0.0970111154772375,0.0242666668759528,117,117,3,A
222,117_H1,0.0,0.0148541860878907,0.0003243267115427,0.1165151723326431,0.0329234212830191,117,117,3,A
223,118_H1,0.0139380823820829,0.0099450815112756,0.0179935540114127,0.3186754517856004,0.0901380424225929,118,118,3,T
224,118_H3,0.0,7.53642728600791e-06,0.0029748217276786,0.2670180565440839,0.0675001036747621,118,118,3,T
225,118_NCI,0.0015851305797696,0.0941630777508187,0.0534781038023275,0.3596390178786026,0.1272163325028796,118,118,3,T
226,119_H1,0.0003784878645092,0.001182169378972,0.002123808946784,0.2557008112784196,0.0648463193671712,119,119,3,L
227,120_H1,0.0,4.5683965433895205e-05,0.0039350156220977,0.0159516735171863,0.0049830932761795,120,120,3,G
228,120_H3,0.0,4.987789034210235e-07,0.0,0.135814553931085,0.0339537631774971,120,120,3,G
229,122_H3,0.0,6.41223163399485e-08,0.0,0.0841951071875608,0.0210487928274693,122,122,3,E
230,122_NCI,0.0001022322467179,0.0041314224284416,0.0005880746749452,0.4730468393643638,0.1194671421786171,122,122,3,E
231,122_H1,0.0012841277057304,0.0026354693118636,0.0003808643287382,0.0040861270705652,0.0020966471042243,122,122,3,E
232,123_H3,0.0,0.0,9.18028490142867e-05,0.003196219157339,0.0008220055015883,123,123,3,I
233,123_NCI,0.0,9.222027875714982e-06,3.774585046625861e-05,0.3093261247889692,0.0773432731668278,123,123,3,I
234,123_H1,0.0,1.942395308770108e-05,0.0002343065410981,0.1593656510152186,0.0399048453773511,123,123,3,I
235,124_NCI,1.1285163964203092e-05,0.0033014576801888,0.0001417474292331,0.046570668715036,0.0125062897471055,124,124,3,A
236,124_H1,0.000959885190241,0.0061658845637244,0.0004227414016395,0.1239590365549802,0.0328768869276463,124,124,3,A
237,124_H3,0.0,0.0032096744846723,0.0001430877603298,0.1713708801351063,0.0436809105950271,124,124,3,A
238,125_NCI,0.0,0.0,2.2175503667856727e-07,0.1578580820108388,0.0394645759414688,125,125,3,L
239,125_H3,0.0,0.0,0.0,0.0795896942393863,0.0198974235598465,125,125,3,L
240,125_H1,0.0,0.0,0.0420086667911809,0.1076266413440293,0.0374088270338025,125,125,3,L
241,129_H1,0.0,1.7145913024008895e-06,6.798037142765788e-06,0.0576574968552911,0.014416502370934,129,129,3,V
242,129_H3,0.0,1.1770027027588189e-06,4.760542764231051e-05,0.283777373804222,0.0709565390586417,129,129,3,V
243,129_NCI,0.0,1.7007502339536453e-06,0.0001790667387921,0.1855017201002594,0.0464206218973213,129,129,3,V
244,130_H1,0.0,1.8699569149241664e-06,2.2452092365969505e-05,0.1368175138565489,0.0342104589764574,130,130,3,V
245,130_NCI,0.0,1.7928136822431384e-05,4.510010671032349e-05,0.0113039922044578,0.0028417551119976,130,130,3,V
246,131_H1,0.0,0.0,6.179445261938455e-07,0.0081728064395833,0.0020433560960273,131,131,3,L
247,131_NCI,0.0,2.572888012497847e-07,5.520150852523338e-06,0.0298823134992653,0.0074720227347297,131,131,3,L
248,132_H1,0.0,0.0,0.0,0.0182050241118529,0.0045512560279632,132,132,3,A
249,132_NCI,0.0,0.0,0.0,0.0182050241118529,0.0045512560279632,132,132,3,A
250,132_H3,0.0,0.0,0.0,0.0182050241118529,0.0045512560279632,132,132,3,A
251,133_H1,8.046014954743441e-06,3.705912491165961e-05,0.0001092530518663,0.1192280292143422,0.0298455968515187,133,133,CT/EC,I
252,133_H3,0.0,0.0,0.0,0.0241512252919787,0.0060378063229946,133,133,CT/EC,I
253,136_H3,0.0,0.0,2.035917778690967e-06,0.1250532999647652,0.0312638339706359,136,136,CT/EC,Y
254,136_H1,0.0,0.0,2.924454996465878e-05,0.0223938424390768,0.0056057717472603,136,136,CT/EC,Y
255,136_NCI,0.0,1.1765824319535406e-05,1.0874811117874607e-05,0.0978373071999077,0.0244649869588362,136,136,CT/EC,Y
256,137_H1,0.0001667299802647,6.45131992958892e-05,0.0014510229403847,0.121222179624045,0.0307261114359976,137,137,CT/EC,V
257,137_NCI,2.562330155342352e-05,0.000141260439849,0.0013191891335345,0.0690131065851342,0.0176247948650178,137,137,CT/EC,V
258,139_NCI,0.0,0.0,0.0,0.1151085412558678,0.0287771353139669,139,139,CT/EC,V
259,139_H1,0.0,0.0,0.0,0.1151085412558678,0.0287771353139669,139,139,CT/EC,V
260,142_H1,0.0,0.0,1.2242587710599304e-05,0.0039784222731909,0.0009976662152253,142,142,CT/EC,P
261,142_H3,0.0,0.0,1.2242587710599304e-05,0.0039784222731909,0.0009976662152253,142,142,CT/EC,P
262,142_NCI,0.0,0.0,1.2242587710599304e-05,0.0039784222731909,0.0009976662152253,142,142,CT/EC,P
263,143_NCI,0.0,1.1333963752403243e-06,1.9271794531490648e-05,0.1791363788995677,0.0447891960226186,143,143,CT/EC,M
264,144_NCI,0.0,1.5463414004565785e-05,7.53491858758775e-07,0.1346853768391654,0.0336753984362571,144,144,CT/EC,S
265,144_H1,3.388346885913052e-05,3.417680866384971e-05,0.0001401444884597,0.047361649212554,0.0118924634946341,144,144,CT/EC,S
266,144_H3,0.0,5.999532952005524e-07,9.134392041597784e-07,0.0045675936297499,0.0011422767555623,144,144,CT/EC,S
267,145_H3,0.0,0.0,2.9109778282168783e-06,0.2451883246708611,0.0612978089121723,145,145,CT/EC,N
268,145_H1,0.0,0.0006960583110912,0.0003650075664,0.1505964176752599,0.0379143708881878,145,145,CT/EC,N
269,146_NCI,0.0,2.243090229008918e-06,9.973182627378576e-05,0.0527829758579842,0.0132212376936217,146,146,CT/EC,F
270,146_H1,0.0,0.0001934047553389,7.89846795157366e-05,0.039318877150751,0.0098978166464014,146,146,CT/EC,F
271,147_H1,0.0,2.151078545769616e-05,0.0003668750345352,0.1472660187278237,0.0369136011369541,147,147,CT/EC,R
272,150_H3,0.0,2.518733497022786e-06,0.0020226680891356,0.121759455452422,0.0309461605687636,150,150,CT/EC,E
273,150_H1,0.0,2.1452350636903854e-05,0.0019195401919899,0.0457932511645532,0.011933560926795,150,150,CT/EC,E
274,150_NCI,0.0020843700040131,0.0080097090459057,0.0048686914858992,0.1935266074053561,0.0521223444852935,150,150,CT/EC,E
275,151_NCI,0.003093303181231,4.550180821710598e-05,0.0014113519230625,0.1087862792947353,0.0283341090518115,151,151,CT/EC,N
276,152_H1,0.0,3.0152049849649787e-05,7.812922381517425e-06,0.0018112004142762,0.0004622913466268,152,152,CT/EC,H
277,152_H3,0.0,0.0,0.0,0.0233866742363371,0.0058466685590842,152,152,CT/EC,H
278,152_NCI,0.0,0.0,0.0001017944456878,0.0783779223329038,0.0196199291946479,152,152,CT/EC,H
279,155_H3,0.0,4.054788278485445e-06,2.97135254671396e-07,0.1996418518201025,0.0499115509359089,155,155,4,M
280,156_H1,0.0,1.535860624783141e-05,0.0009496756618642,0.1649023762892541,0.0414668526393415,156,156,4,G
281,156_NCI,0.0,5.7070592450630936e-08,2.1139399244641804e-05,0.1835026906419037,0.0458809717779352,156,156,4,G
282,157_H1,0.0,4.2843979416691055e-08,0.0004290767175565,0.0509350173614821,0.0128410342307545,157,157,4,V
283,158_NCI,8.266983059002087e-05,0.0002038007178774,0.0009633829138445,0.0154760510555242,0.004181476129459,158,158,4,A
284,158_H1,0.0002787174598779,0.0005285534995627,0.0014281989364607,0.0340107417464111,0.0090615529105781,158,158,4,A
285,159_NCI,0.0002956497773993,0.0011162436626388,0.0005215102004331,0.040516604573463,0.0106125020534836,159,159,4,F
286,159_H1,0.0,0.0003928260397815,0.0008250018856079,0.016368206316716,0.0043965085605263,159,159,4,F
287,160_H1,0.0,5.134613107903823e-07,3.5720507979119277e-06,0.1698441903966675,0.042462068977194,160,160,4,T
288,162_H1,6.506602221634239e-05,0.0002945265981319,0.0014523735245834,0.1118195684125986,0.0284078836393826,162,162,4,V
289,162_H3,0.0,0.0,3.47656174677688e-05,0.0666942079708444,0.016682243397078,162,162,4,V
290,162_NCI,0.0001768907095538,0.0004226533313083,0.0016536401181628,0.1331378893723787,0.0338477683828509,162,162,4,V
291,163_H1,5.667970981448889e-05,0.0001933601162099,0.0001244979630735,0.2598330176662197,0.0650518888638294,163,163,4,M
292,163_H3,0.0,0.0,9.876161937358718e-05,0.0550993078106233,0.0137995173574992,163,163,4,M
293,164_H1,0.0007133082835935,8.287905667717505e-06,0.0031868372263936,0.0806120205409188,0.0211301134891434,164,164,4,A
294,164_H3,0.0,0.003817962722421,0.0013720215555191,0.153608293342294,0.0396995694050585,164,164,4,A
295,164_NCI,0.0002550318604335,0.0007537223210345,0.0015741467796485,0.151441033071983,0.0385059835082749,164,164,4,A
296,165_H1,6.828481855336577e-05,4.385299458763317e-05,0.0002817065576712,0.1615622030977166,0.0404890118671322,165,165,4,L
297,165_NCI,2.0085275536985137e-05,0.0008958798658339,0.0004293188645999,0.2933982235261111,0.0736858768830205,165,165,4,L
298,166_H1,0.0001791010290617,0.0006244128743995,0.0007723412169723,0.1831452454621717,0.0461802751456513,166,166,4,A
299,166_NCI,4.043966328026727e-05,0.0007171992075215,0.0004919607760107,0.094650847433154,0.0239751117699916,166,166,4,A
300,167_H3,0.0,0.0,0.0,0.0241512252919787,0.0060378063229946,167,167,4,C
301,167_NCI,0.0,0.0,0.0,0.0156910054576068,0.0039227513644017,167,167,4,C
302,167_H1,0.0,0.0,0.0,0.0156910054576068,0.0039227513644017,167,167,4,C
303,168_H1,0.0035809900145977,0.0036125599038136,0.0005642596625328,0.1828831339745333,0.0476602358888694,168,168,4,A
304,168_H3,0.0,0.0,0.0004841793074781,0.0172346454218966,0.0044297061823437,168,168,4,A
305,168_NCI,0.0,1.975514374260668e-05,1.2443202694146557e-05,0.1069444498952081,0.0267441620604112,168,168,4,A
306,169_H1,0.0014092293567955,0.0003497748377109,0.0061229559712726,0.2127909585352181,0.0551682296752493,169,169,4,A
307,169_H3,0.0,4.4358183071383815e-08,5.332893426944217e-06,0.3954799188602943,0.098871324027976,169,169,4,A
308,172_H1,0.0,0.0,1.3504367121095517e-05,0.0291624684950463,0.0072939932155418,172,172,4,L
309,172_H3,0.0,3.389698550279939e-05,5.2503366616741525e-08,0.0278726003596523,0.0069766374621304,172,172,4,L
310,173_H3,0.0,0.0,0.0,0.026786093467888,0.006696523366972,173,173,4,V
311,178_H1,0.0004698428092524,0.0030140132443398,0.0007898321399204,0.4724008348207665,0.1191686307535698,178,178,CT/EC,Y
312,178_NCI,0.0004698428092524,0.0030140132443398,0.0007898321399204,0.4724008348207665,0.1191686307535698,178,178,CT/EC,Y
313,178_H3,0.0004698428092524,0.0030140132443398,0.0007898321399204,0.4724008348207665,0.1191686307535698,178,178,CT/EC,Y
314,179_NCI,0.0,4.278461493182013e-05,0.0002669092953204,0.0585454872498592,0.0147137952900278,179,179,CT/EC,I
315,179_H3,0.0,0.0,0.0,0.0241512252919787,0.0060378063229946,179,179,CT/EC,I
316,179_H1,1.2169807632744778e-05,4.0847411481426105e-06,0.0001605269425012,0.3323045915246969,0.0831203432539947,179,179,CT/EC,I
317,181_H1,0.0026329404208809,6.990390043157456e-06,0.0002660369283916,0.3423394742005346,0.0863113604849625,181,181,CT/EC,E
318,181_NCI,0.0542536303400993,0.1322584283917627,0.2166348847619285,0.2753884024041796,0.1696338364744925,181,181,CT/EC,E
319,181_H3,0.0,8.340905670579505e-06,2.1976091036571877e-05,0.2637958142640294,0.0659565328151841,181,181,CT/EC,E
320,183_NCI,0.0,4.774556982556667e-06,7.317011640171276e-05,0.0062218808067511,0.0015749563700338,183,183,CT/EC,M
321,183_H1,0.0,0.0001418849931302,6.672021220561327e-05,0.0163229420429731,0.0041328868120772,183,183,CT/EC,M
322,184_H1,0.0,1.0557033864149152e-06,0.0001907401314246,0.0346595306296792,0.0087128316161225,184,184,CT/EC,Q
323,184_H3,0.0,0.0,6.625043598414799e-05,0.0462583967278797,0.0115811617909659,184,184,CT/EC,Q
324,184_NCI,0.0,1.8718049353492574e-07,7.010407441562003e-06,0.0260619485180483,0.0065172865264958,184,184,CT/EC,Q
325,185_H1,0.0,3.9609371101104354e-05,0.0002086243416344,0.1514772331091143,0.0379313667054624,185,185,CT/EC,C
326,185_H3,0.0,0.0,4.522107132136781e-07,0.0963663490173876,0.0240917003070252,185,185,CT/EC,C
327,185_NCI,3.484225453576073e-05,9.242028669562808e-06,0.0001607119799357,0.0113547546680129,0.0028898877327884,185,185,CT/EC,C
328,189_H1,0.0001528131833765,2.118533839786509e-06,2.6934766794045587e-05,0.0493256707038907,0.0123768842969752,189,189,CT/EC,I
329,189_NCI,0.0001528131833765,2.118533839786509e-06,2.6934766794045587e-05,0.0493256707038907,0.0123768842969752,189,189,CT/EC,I
330,191_NCI,0.0,8.653935920909324e-12,8.460645862433678e-06,0.0178193199599756,0.004456945153623,191,191,CT/EC,Y
331,191_H3,0.0,0.0,2.4419277090340985e-06,0.0123330520147998,0.0030838734856272,191,191,CT/EC,Y
332,191_H1,0.0,7.1988685159397124e-09,6.219700948245324e-06,0.101966581735399,0.0254932021588039,191,191,CT/EC,Y
333,192_NCI,0.0,0.0,0.0,0.0241512252919787,0.0060378063229946,192,192,CT/EC,Y
334,192_H1,0.0,0.0,0.0,0.0241512252919787,0.0060378063229946,192,192,CT/EC,Y
335,192_H3,0.0,0.0,0.0,0.0241512252919787,0.0060378063229946,192,192,CT/EC,Y
336,193_H1,0.0,0.0,0.0,0.0241512252919787,0.0060378063229946,193,193,CT/EC,T
337,193_NCI,0.0,0.0,0.0,0.0241512252919787,0.0060378063229946,193,193,CT/EC,T
338,194_NCI,7.768842624500394e-05,4.416236821117697e-05,0.0001490229948804,0.0142713830157119,0.0036355642012621,194,194,CT/EC,P
339,195_NCI,0.0001816642470657,0.0009081278181099,0.0001910308956371,0.1689432507227325,0.0425560184208863,195,195,CT/EC,H
340,195_H3,0.0,2.266187479919088e-07,7.0808431967372215e-06,0.0090111114340866,0.0022546047240078,195,195,CT/EC,H
341,195_H1,0.0001435413432773,0.000235548514571,0.0017265907102903,0.0457288022918863,0.0119586207150062,195,195,CT/EC,H
342,196_H3,0.0,0.0,3.447207984863714e-05,0.0355593664785107,0.0088984596395898,196,196,CT/EC,E
343,196_NCI,0.0,0.0,3.447207984863714e-05,0.0355593664785107,0.0088984596395898,196,196,CT/EC,E
344,197_H3,0.0,0.0,3.540070403572724e-05,0.1687624668457947,0.0421994668874576,197,197,CT/EC,E
345,197_H1,2.6645870093489062e-05,3.644077669486023e-05,2.534904174723673e-05,0.1557379987850213,0.0389566086183892,197,197,CT/EC,E
346,198_H3,0.0,4.252029249313789e-05,0.0002759569623736,0.0361136486272997,0.0091080314705416,198,198,CT/EC,T
347,198_NCI,4.142404577578418e-05,8.536013869686887e-05,0.0001239977611942,0.0335424581355184,0.0084483100202963,198,198,CT/EC,T
348,199_H3,0.0,3.159298236490935e-07,0.0002475743157882,0.1026287759793406,0.0257191665562381,199,199,CT/EC,N
349,199_H1,0.0002531706995796,0.0,0.0004907490428148,0.1681961917869757,0.0422350278823425,199,199,CT/EC,N
350,199_NCI,0.0,0.0002508990757939,0.0004851905786144,0.0329272113673266,0.0084158252554337,199,199,CT/EC,N
351,200_H1,0.0,0.0,7.966538754513635e-06,0.046031143186045,0.0115097774311998,200,200,CT/EC,N
352,200_H3,0.0,0.0,9.253115006302214e-07,0.0543070903533912,0.0135770039162229,200,200,CT/EC,N
353,200_NCI,0.0,0.0,0.0001720357795211,0.0422629938095994,0.0106087573972801,200,200,CT/EC,N
354,201_NCI,0.0,0.0001437079570373,8.837154079503592e-05,0.148057913093413,0.0370724981478113,201,201,CT/EC,E
355,201_H1,5.273780698189512e-05,0.0011044747197759,0.0001917809669422,0.1170744838666624,0.0296058693400906,201,201,CT/EC,E
356,202_H1,0.0,9.457973371026534e-10,0.0001036486323622,0.0478077964830423,0.0119778615153004,202,202,CT/EC,S
357,202_H3,0.0,0.0,1.0321268756641137e-05,0.0276524476645154,0.006915692233318,202,202,CT/EC,S
358,202_NCI,5.909659739700146e-05,0.0001162917302304,3.381438011250634e-05,0.0497916362027448,0.0125002097276211,202,202,CT/EC,S
359,203_NCI,4.109602014068514e-05,1.1094763356697538e-06,0.0001340752951251,0.092918087197399,0.0232735919972501,203,203,5,F
360,203_H1,4.109602014068514e-05,1.1094763356697538e-06,0.0001340752951251,0.092918087197399,0.0232735919972501,203,203,5,F
361,203_H3,4.109602014068514e-05,1.1094763356697538e-06,0.0001340752951251,0.092918087197399,0.0232735919972501,203,203,5,F
362,204_H1,0.0,0.0,0.0001022723677874,0.0682098976992602,0.0170780425167619,204,204,5,V
363,204_H3,0.0,0.0,6.580387950633104e-07,0.0561834032017321,0.0140460153101317,204,204,5,V
364,204_NCI,0.0,0.0,9.425804414404972e-05,0.0413853075363669,0.0103698913951277,204,204,5,V
365,205_H1,0.0007223250577226,0.0289634730045683,0.0073472284595264,0.2690824143874864,0.0765288602273259,205,205,5,I
366,205_H3,0.0,2.443350145715661e-06,2.7135106674153127e-06,0.032557851912327,0.008140752193285,205,205,5,I
367,206_H1,0.0,0.0001626586590322,0.3391866031746626,0.0320010598167251,0.092837580412605,206,206,5,Y
368,206_H3,0.0,0.0001626586590322,0.3391866031746626,0.0320010598167251,0.092837580412605,206,206,5,Y
369,207_H1,0.0,6.307105849098176e-05,1.0506847123916894e-05,0.175523463420652,0.0438992603315667,207,207,5,M
370,207_NCI,0.0,1.1711611977338092e-05,1.687376343823465e-05,0.2147283401230966,0.053689231374628,207,207,5,M
371,208_H1,0.1329077333211898,0.0,0.0441376287424037,0.1089507074484001,0.0714990173779984,208,208,5,F
372,208_NCI,1.5286950656445697e-05,0.0309873835584381,0.0275033432865203,0.1919102494904093,0.062604065821506,208,208,5,F
373,209_NCI,0.0001224850566359,0.0013890806387434,0.0021831526140969,0.3038722251192324,0.0768917358571771,209,209,5,V
374,210_H3,0.0,0.0,6.625043598414799e-05,0.0462583967278797,0.0115811617909659,210,210,5,V
375,210_H1,2.9383661967585795e-05,0.0,2.416059999858961e-05,0.1213939518971503,0.0303618740397791,210,210,5,V
376,210_NCI,0.0,0.0,5.994805410394562e-05,0.10648200822903,0.0266354890707834,210,210,5,V
377,211_NCI,0.0,2.364127642108211e-06,8.839110115978233e-05,0.0322511337675189,0.0080854722490801,211,211,5,H
378,211_H1,0.0,0.0,9.904970011803e-06,0.081957866482121,0.0204919428630332,211,211,5,H
379,211_H3,0.0,0.0,9.904970011803e-06,0.081957866482121,0.0204919428630332,211,211,5,H
380,212_H1,0.0,1.6604746391044123e-06,2.4964437775528285e-05,0.1630678226009393,0.0407736118783384,212,212,5,F
381,212_NCI,0.0,0.0,0.0,0.0241512252919787,0.0060378063229946,212,212,5,F
382,213_H3,0.0001529644359834,0.0005245570850783,0.0002059164825751,0.1191489380158561,0.0300080940048732,213,213,5,I
383,214_H1,0.0001217862445628,0.0012449646093838,0.0011300968683556,0.0864234582416127,0.0222300764909787,214,214,5,I
384,214_NCI,0.000521728536114,3.880210982769942e-05,0.0007366246782328,0.1265152386400715,0.0319530984910615,214,214,5,I
385,217_H1,0.0038502682000398,0.0229350118804957,0.0208621056590103,0.0865657764658301,0.033553290551344,217,217,5,I
386,217_H3,0.0,7.960176264557899e-07,0.003332540595977,0.2303807496774527,0.058428521572764,217,217,5,I
387,217_NCI,0.00010101240332,0.0020504891778767,0.0040596626675919,0.1632802690779518,0.0423728583316851,217,217,5,I
388,218_H3,0.0,1.3428199277606043e-06,2.761338637128965e-05,0.0108098554277437,0.0027097029085106,218,218,5,V
389,218_H1,0.0002239777968497,0.000201041345201,0.0001112413178929,0.1121600083430737,0.0281740672007543,218,218,5,V
390,219_NCI,0.0001273189991479,0.0003446897994121,8.553313334390634e-08,0.0486770425323374,0.0122872842160077,219,219,5,I
391,220_NCI,4.485763929551467e-05,0.0002968750331911,0.0004562240541442,0.0468649801641216,0.0119157342226881,220,220,5,F
392,220_H1,4.3844305764650926e-05,8.075543049252744e-05,0.0001913102640789,0.1869972238501724,0.0468282834626271,220,220,5,F
393,221_H1,0.0,0.0,1.8438741711363937e-05,0.0495986779635632,0.0124042791763186,221,221,5,F
394,221_NCI,9.882617632683832e-06,7.315458821571675e-06,7.866611184111005e-06,0.0453977226217424,0.0113556968273451,221,221,5,F
395,222_H3,0.0,0.0,8.381462378477021e-05,0.1230362513645432,0.030780016497082,222,222,5,C
396,222_NCI,0.0,0.0,8.381462378477021e-05,0.1230362513645432,0.030780016497082,222,222,5,C
397,222_H1,0.0,7.381217086147291e-06,5.665399055424437e-05,0.0471299458834021,0.0117984952727606,222,222,5,C
398,224_H1,0.001236068084836,0.0001689331643742,0.0003422047961238,0.0250312747021608,0.0066946201868737,224,224,5,G
399,224_H3,0.0,1.9414920195744267e-05,2.4856142751363577e-05,0.0672933024536648,0.0168343933791529,224,224,5,G
400,224_NCI,0.0,0.0007124163231993,0.0001482593783293,0.2449397611357443,0.0614501092093182,224,224,5,G
401,225_H1,0.0,4.5333471125778934e-08,0.0002692899879676,0.2668915121671693,0.066790211872152,225,225,CT/EC,Q
402,225_H3,0.0,0.0,0.0,0.035703933104955,0.0089259832762387,225,225,CT/EC,Q
403,225_NCI,0.0,0.0,0.0004141402998925,0.2718631730823967,0.0680693283455723,225,225,CT/EC,Q
404,226_H1,0.0,0.0,0.0,0.0016451168465925,0.0004112792116481,226,226,CT/EC,L
405,226_NCI,0.0,0.0,0.0,0.0016451168465925,0.0004112792116481,226,226,CT/EC,L
406,227_H1,0.0,4.1091914490022015e-05,3.797143420771186e-08,0.0142550590695457,0.0035740472388674,227,227,CT/EC,V
407,227_NCI,0.0,0.0,6.604628784132181e-06,0.110228211033662,0.0275587039156115,227,227,CT/EC,V
408,227_H3,0.0,0.0,0.0,0.0241512252919787,0.0060378063229946,227,227,CT/EC,V
409,228_H1,0.0001720194122754,2.3142370731489432e-05,0.0008538227356792,0.1539745790697121,0.0387558908970995,228,228,CT/EC,F
410,228_H3,0.0,1.1287175653230382e-05,1.7568251525188808e-05,0.1862025409552369,0.0465578490956038,228,228,CT/EC,F
411,228_NCI,0.0,0.0001450307275141,0.0039705252921579,0.058436131143299,0.0156379217907427,228,228,CT/EC,F
412,230_H1,0.00532564567402,0.3959860474724123,0.2033239438368596,0.017290851441598,0.1554816221062225,230,230,CT/EC,V
413,230_NCI,0.0,0.0,4.6196329017961963e-08,0.0150044221330707,0.0037511170823499,230,230,CT/EC,V
414,231_H1,0.0002641149330884,0.0010129321092837,0.0012319914864675,0.2039590281297587,0.0516170166646495,231,231,CT/EC,K
415,231_H3,0.0,0.0,2.6081218196007615e-05,0.2371063487645631,0.0592831074956897,231,231,CT/EC,K
416,231_NCI,0.0002641149330884,0.0010129321092837,0.0012319914864675,0.2039590281297587,0.0516170166646495,231,231,CT/EC,K
417,232_H3,0.0,4.550076098984527e-07,3.0657172125935665e-05,0.0391436023391448,0.0097936786297201,232,232,CT/EC,E
418,232_H1,0.0,0.0,9.995878113969626e-05,0.0024524348324436,0.0006380984033958,232,232,CT/EC,E
419,233_H1,0.0,0.0,0.0002125950708047,0.1071184998254052,0.0268327737240525,233,233,CT/EC,A
420,233_NCI,0.0,0.0,3.983874662323333e-06,0.1686575271192266,0.0421653777484722,233,233,CT/EC,A
421,235_H1,0.0006763946148566,0.0,5.89767617715158e-05,0.0409456843449186,0.0104202639303867,235,235,CT/EC,A
422,235_NCI,0.0,9.273821206609008e-07,1.4295163394433118e-05,0.0387800370828093,0.0096988149070811,235,235,CT/EC,A
423,238_H1,0.0001540063531138,0.0001948173127426,0.0420941524907666,0.136978568653918,0.0448553862026352,238,238,CT/EC,Q
424,238_H3,0.0,0.0,0.0001634161610289,0.1696937345531255,0.0424642876785386,238,238,CT/EC,Q
425,239_NCI,0.0,2.7679232391185833e-10,7.167838453885927e-05,0.0903081516505707,0.0225949575779754,239,239,CT/EC,E
426,241_H1,0.0,3.7093024641378803e-07,4.255485662666455e-06,0.1441363355684395,0.0360352404960871,241,241,CT/EC,A
427,241_H3,0.0,3.7093024641378803e-07,4.255485662666455e-06,0.1441363355684395,0.0360352404960871,241,241,CT/EC,A
428,241_NCI,0.0,2.1195469412172963e-05,1.815010466663268e-06,0.0128822003001726,0.0032263026950128,241,241,CT/EC,A
429,242_H1,0.0,2.0836972230979714e-07,4.55008193248364e-05,0.0333560035705592,0.0083504281899016,242,242,CT/EC,T
430,242_NCI,0.0,2.0836972230979714e-07,4.55008193248364e-05,0.0333560035705592,0.0083504281899016,242,242,CT/EC,T
431,245_H1,0.0,1.9521731323368007e-06,2.447456619502923e-06,0.0869016845058465,0.0217265210338995,245,245,CT/EC,K
432,245_H3,0.0,1.9521731323368007e-06,2.447456619502923e-06,0.0869016845058465,0.0217265210338995,245,245,CT/EC,K
433,245_NCI,0.0,1.9521731323368007e-06,2.447456619502923e-06,0.0869016845058465,0.0217265210338995,245,245,CT/EC,K
434,248_H3,0.0,1.0604918492151671e-06,0.0001681022201641,0.1028051040140365,0.0257435666815124,248,248,CT/EC,K
435,248_NCI,0.0,0.0002754020989218,9.896079421011852e-05,0.2094471002600871,0.0524553657883047,248,248,CT/EC,K
436,248_H1,0.0,3.3541401233433526e-06,0.0001235725608151,0.0514258556654361,0.0128881955915936,248,248,CT/EC,K
437,251_NCI,0.0,0.0,2.125619220010289e-05,0.0213032128307733,0.0053311172557433,251,251,CT/EC,T
438,251_H1,0.0,0.0,2.125619220010289e-05,0.0213032128307733,0.0053311172557433,251,251,CT/EC,T
439,252_H1,0.0,5.120147423280253e-10,3.15294034976913e-05,0.4056220669900908,0.1014133992264008,252,252,CT/EC,R
440,252_NCI,0.0,8.047249783350358e-06,1.0903405652345689e-05,0.1016410399860925,0.025414997660382,252,252,CT/EC,R
441,252_H3,0.0,5.315407819227998e-06,1.1728823319332348e-06,0.2355562711631836,0.0588906898633337,252,252,CT/EC,R
442,255_NCI,0.0,2.671173416251144e-05,0.000576293938993,0.0642769084208822,0.0162199785235094,255,255,6,I
443,256_NCI,0.0,2.2070710332825e-05,0.0002214570873657,0.2195458020202699,0.0549473324544921,256,256,6,I
444,258_NCI,0.001089641242288,6.642800865585259e-05,0.0025111576431358,0.2614820537942177,0.0662873201720743,258,258,6,V
445,258_H1,0.0043405122123658,2.4423908345116405e-05,0.0018893335109744,0.1256539697246081,0.0329770598390733,258,258,6,V
446,259_H1,0.000329094560584,1.547778929953036e-06,0.0001639984000444,0.1330113986150199,0.0333765098386445,259,259,6,I
447,259_NCI,4.796831126441248e-05,0.000978611412611,0.0004222610534466,0.0615716265684889,0.0157551168364527,259,259,6,I
448,260_H1,1.9748085833271037e-05,5.541929395747036e-05,1.969333615912041e-05,0.0480901124375043,0.0120462432883635,260,260,6,A
449,260_H3,0.0,1.6238459266051362e-06,6.676462048327068e-05,0.1262773278397084,0.0315864290765295,260,260,6,A
450,261_H3,0.0012947375653311,0.0121044955241254,0.0006002611831885,0.5455227954398384,0.1398805724281208,261,261,6,F
451,261_NCI,0.0012947375653311,0.0121044955241254,0.0006002611831885,0.5455227954398384,0.1398805724281208,261,261,6,F
452,261_H1,0.0012947375653311,0.0121044955241254,0.0006002611831885,0.5455227954398384,0.1398805724281208,261,261,6,F
453,263_H1,9.926621714839712e-05,9.187595209376742e-05,0.0010563022440989,0.0563457577503205,0.0143983005409154,263,263,6,I
454,263_H3,0.0,1.042803711123744e-06,3.182380864230009e-06,0.0194833300171996,0.0048718888004437,263,263,6,I
455,264_H1,0.0,0.0,0.0002705266486834,0.0155163424072663,0.0039467172639874,264,264,6,C
456,265_NCI,0.0374284125864505,0.3798696231440212,0.0445479969607868,0.0653043098872889,0.1317875856446369,265,265,6,W
457,265_H1,0.0,0.0160732629526115,0.4322854056723026,0.1580700169535727,0.1516071713946217,265,265,6,W
458,266_H1,7.739968714304268e-05,0.000328247501018,0.0005239789139494,0.1804230157187704,0.0453381604552202,266,266,6,L
459,266_H3,0.0,0.0001562274868703,2.0998238853033887e-05,0.0702203398931313,0.0175993914047136,266,266,6,L
460,266_NCI,0.0,1.004443114920533e-05,0.0009550446312885,0.0560654478360191,0.0142576342246142,266,266,6,L
461,269_H3,0.0025360819417983,0.0285841972456645,0.0030966243516939,0.7580977990481669,0.1980786756468309,269,269,6,A
462,269_NCI,0.0,0.0110761958213216,0.0031276459585874,0.0256961079569261,0.0099749874342088,269,269,6,A
463,269_H1,0.0025360819417983,0.0285841972456645,0.0030966243516939,0.7580977990481669,0.1980786756468309,269,269,6,A
464,270_H3,0.0,6.273042535948173e-06,0.0001902447683152,0.0800436351867355,0.0200600382493966,270,270,6,G
465,270_NCI,0.00012656848412,0.0013733327947024,0.0004769471982273,0.0821446677012637,0.0210303790445784,270,270,6,G
466,271_H1,2.092462091241032e-05,1.738078952562583e-05,0.0009362110270619,0.2652376355010317,0.0665530379846329,271,271,6,V
467,271_NCI,0.0012636877363547,1.6553496908770247e-05,0.0006035284825418,0.0932058392615802,0.0237724022443463,271,271,6,V
468,271_H3,0.0,0.0001261639451472,0.0003301824926265,0.0552061284952014,0.0139156187332438,271,271,6,V
469,272_NCI,0.0,1.3635698760026346e-07,4.768006316106793e-07,0.289524103004136,0.0723811790404388,272,272,6,A
470,273_H1,0.0080133024603128,0.2531932226282992,0.0606198711404053,0.0979547322162404,0.1049452821113144,273,273,6,F
471,273_NCI,0.0,0.0002277462051661,0.000130156661054,0.0129152437153318,0.003318286645388,273,273,6,F
472,274_H1,6.296894298429834e-06,5.526917725158142e-06,6.7467606369463e-05,0.2422048719386222,0.0605710408392538,274,274,6,Y
473,274_H3,0.0,6.98045540549062e-07,7.435812221355116e-05,0.0509876770287185,0.0127656832991181,274,274,6,Y
474,274_NCI,0.0,6.792659062720374e-06,8.603183886286574e-06,0.0726622276417129,0.0181694058711654,274,274,6,Y
475,275_H1,0.0001133939222199,0.0017554828451579,0.0002590580402918,0.275039442547602,0.0692918443388179,275,275,CT/EC,I
476,275_H3,0.0,0.0,1.063261506415899e-06,0.033787756861948,0.0084472050308636,275,275,CT/EC,I
477,275_NCI,0.0,1.4488365985191093e-07,0.0012833412802014,0.1442508728293659,0.0363835897483068,275,275,CT/EC,I
478,276_H1,0.0,0.0,8.995700315471274e-05,0.0189695271152468,0.0047648710296003,276,276,CT/EC,F
479,276_NCI,0.0,0.0,2.7118382026045777e-06,0.0856013856584773,0.0214010243741699,276,276,CT/EC,F
480,277_H1,1.2745682397508062e-05,3.857398737463201e-05,0.0001688133152577,0.0124874955594388,0.0031769071361171,277,277,CT/EC,T
481,277_H3,0.0,7.051592666766956e-07,1.7812152694008382e-05,0.067437571188463,0.0168640221251059,277,277,CT/EC,T
482,278_H3,0.0,0.0,0.0,0.026786093467888,0.006696523366972,278,278,CT/EC,H
483,278_NCI,0.0003752238699235,1.0020845732695048e-05,0.0003549919329111,0.1509505149227012,0.0379226878928171,278,278,CT/EC,H
484,279_H1,0.0170270949602127,0.0858618652949078,0.1622496465459708,0.3247015476805465,0.1474600386204094,279,279,CT/EC,Q
485,279_H3,0.0,0.0023481103161054,2.063671911264914e-07,0.0050256525253973,0.0018434923021734,279,279,CT/EC,Q
486,279_NCI,0.0,2.233494312833017e-06,0.0001846492607789,0.1444788665682812,0.0361664373308432,279,279,CT/EC,Q
487,280_NCI,5.145591057953425e-05,0.0007818792730459,0.0003719273378041,0.0638040488727819,0.0162523278485529,280,280,CT/EC,G
488,280_H1,5.145591057953425e-05,0.0007818792730459,0.0003719273378041,0.0638040488727819,0.0162523278485529,280,280,CT/EC,G
489,280_H3,0.0,0.0,1.1793174351878009e-06,0.082535134768574,0.0206340785215023,280,280,CT/EC,G
490,281_H1,1.8993750927620567e-05,0.0002904084151939,0.000361619925834,0.1554621036073964,0.039033281424838,281,281,CT/EC,S
491,281_H3,0.0,0.0,2.461156586196916e-05,0.0797027962153153,0.0199318519452943,281,281,CT/EC,S
492,282_H3,0.0,5.508328185653402e-06,0.0004276800442944,0.1612492838263432,0.0404206180497058,282,282,CT/EC,D
493,282_NCI,0.0002838924410752,0.0001497121826348,0.0001153157589737,0.0688776242073261,0.0173566361475025,282,282,CT/EC,D
494,283_H1,0.0,2.8639955259399636e-05,0.0017470647357569,0.0363140677437969,0.0095224431087033,283,283,CT/EC,F
495,284_H3,0.0,0.0,2.412901717281031e-06,0.0528150454556489,0.0132043645893415,284,284,CT/EC,G
496,284_H1,0.0,3.1314221047548727e-06,0.3296884797123426,0.054293546810918,0.0959962894863413,284,284,CT/EC,G
497,284_NCI,0.0,0.0,2.412901717281031e-06,0.0528150454556489,0.0132043645893415,284,284,CT/EC,G
498,285_H1,0.0,0.0,2.459567986269485e-06,0.0684187947479232,0.0171053135789773,285,285,CT/EC,P
499,285_H3,0.0,0.0,8.21672626932258e-06,0.0010220269280392,0.0002575609135771,285,285,CT/EC,P
500,285_NCI,0.0,0.0010636755025087,0.000111345140571,0.0351733288814883,0.009087087381142,285,285,CT/EC,P
501,286_H1,0.2217070162296295,1.0,0.6746177173397041,0.2835890198328184,0.544978438350538,286,286,CT/EC,I
502,286_H3,0.0,3.073927375131175e-08,0.0004103103699859,0.0194729141006281,0.0049708138024719,286,286,CT/EC,I
503,287_H1,0.0001129781303461,9.747498600450678e-05,0.0007049073251998,0.0257853171897305,0.0066751694078202,287,287,7,F
504,287_H3,0.0,1.6847289161436616e-05,8.29964863978155e-05,0.1670052863474869,0.0417762825307615,287,287,7,F
505,287_NCI,1.807491935323924e-05,0.0003230758520023,0.0005233130411202,0.2378031918242466,0.0596669139091806,287,287,7,F
506,288_H1,2.292342287546489e-05,2.1585622438914387e-07,9.533188168636531e-05,0.1132213785243207,0.0283349624212767,288,288,7,M
507,288_NCI,0.0,0.0,0.0,0.1097652888381903,0.0274413222095475,288,288,7,M
508,289_H1,0.000448060396593,0.0006697793253224,0.0008227750151525,0.3968878702453887,0.0997071212456141,289,289,7,T
509,289_NCI,0.0,0.0030746314743997,0.0004942942633748,0.1630648877788318,0.0416584533791516,289,289,7,T
510,289_H3,0.000448060396593,0.0006697793253224,0.0008227750151525,0.3968878702453887,0.0997071212456141,289,289,7,T
511,290_H1,5.019302625441924e-05,2.934640455443141e-05,0.0002566190188757,0.0533221016690998,0.0134145650296961,290,290,7,I
512,290_NCI,1.761149542289786e-05,0.0001125983813687,0.0009785620051623,0.1854084041291828,0.0466292940027842,290,290,7,I
513,292_H3,0.0024070867802947,0.0795133660958807,0.0364748360749487,1.0,0.279598822237781,292,292,7,A
514,292_H1,0.0024070867802947,0.0795133660958807,0.0364748360749487,1.0,0.279598822237781,292,292,7,A
515,292_NCI,0.0,0.0041445166178871,0.0114684812077432,0.0569926057804462,0.0181514009015191,292,292,7,A
516,293_H1,0.0,0.0,0.0037182599834374,0.1246041841202379,0.0320806110259188,293,293,7,F
517,293_H3,0.0,0.0,4.58165436735409e-07,0.0385821462163943,0.0096456510954577,293,293,7,F
518,294_NCI,0.0,0.0001117712587779,3.064685810541165e-05,0.0347673707030382,0.0087274472049804,294,294,7,F
519,295_H3,0.0,0.0,0.0,0.143863394800891,0.0359658487002227,295,295,7,A
520,295_H1,0.0,0.0,0.0,0.143863394800891,0.0359658487002227,295,295,7,A
521,295_NCI,0.0,0.0,1.5339985783023306e-06,0.00406952579638,0.0010177649487395,295,295,7,A
522,298_H1,0.0001019310730043,3.689133474037761e-05,7.33554449737139e-05,0.0769480935915629,0.0192900678610703,298,298,7,S
523,298_H3,0.0001019310730043,3.689133474037761e-05,7.33554449737139e-05,0.0769480935915629,0.0192900678610703,298,298,7,S
524,298_NCI,0.0,3.046681568575537e-06,5.2890237922798654e-05,0.0036874979376706,0.0009358587142905,298,298,7,S
525,299_H3,4.805656499229372e-05,0.0001750915667834,0.0002303642094116,0.1263310897717918,0.0316961505282448,299,299,7,A
526,299_NCI,4.309088035370223e-05,5.58930446702478e-05,0.0002144237107521,0.1157122687356252,0.0290064190928503,299,299,7,A
527,300_H1,0.0,2.374253579902617e-06,0.0001242089925974,0.0242428719158279,0.0060923637905013,300,300,7,V
528,300_NCI,0.0,4.791114390656525e-05,4.138673485888952e-06,0.0702919031233245,0.0175859882351792,300,300,7,V
529,307_H1,0.0,1.781103141372125e-06,5.2362592101483096e-05,0.022036934561634,0.0055227695642192,307,307,7,I
530,307_H3,0.0,4.091852872218542e-07,1.5481838728630882e-06,0.0786345394101239,0.019659124194821,307,307,7,I
531,307_NCI,0.0,0.0,0.0008933190598451,0.152926441441424,0.0384549401253172,307,307,7,I
532,308_H1,2.9810345949954357e-05,0.0001545025852553,0.0001336046017168,0.0959995259733742,0.0240793608765741,308,308,7,M
533,308_NCI,2.7771031454904005e-05,0.0002780726988251,4.776657369852714e-05,0.0476330816354589,0.0119966729848593,308,308,7,M
534,311_H1,0.0,2.716960602194388e-05,9.416594335360736e-06,0.0640293397809914,0.0160164814953371,311,311,CT/EC,K
535,311_H3,0.0,1.60185492273806e-05,1.096706915299026e-05,0.1942039569583055,0.0485577356441714,311,311,CT/EC,K
536,311_NCI,0.0,5.685182902832815e-06,2.212402201100828e-05,0.0670866146562173,0.0167786059652827,311,311,CT/EC,K
537,314_NCI,0.0,4.476365690477883e-07,3.122016600287022e-06,0.1316390037726535,0.0329106433564557,314,314,CT/EC,R
538,314_H3,0.0,0.0,0.0,0.0865642904610713,0.0216410726152678,314,314,CT/EC,R
539,314_H1,0.0,6.270396947266907e-06,1.8558611049793997e-06,0.2670225509400085,0.0667576692995151,314,314,CT/EC,R
540,315_H1,0.0,7.81510429601142e-07,0.0001016663168127,0.0180298267494746,0.0045330686441792,315,315,CT/EC,N
541,315_H3,0.0,5.495630058965479e-07,2.907971724242945e-07,0.0828931972275599,0.0207235093969345,315,315,CT/EC,N
542,315_NCI,0.0,7.890437087662673e-06,0.0001982397743695,0.034082260172371,0.008572097595957,315,315,CT/EC,N
543,317_H1,0.0934184566140174,0.0613455148711203,0.0898487362093875,0.1399710864246681,0.0961459485297983,317,317,CT/EC,M
544,317_NCI,0.0,0.0,0.0238517566431799,0.0686989435822289,0.0231376750563522,317,317,CT/EC,M
545,318_H1,0.0,3.118182974870683e-05,0.0005364364075145,0.0100754811051598,0.0026607748356057,318,318,CT/EC,V
546,318_H3,0.0,0.0,1.5432329289663266e-06,0.0290404378183817,0.0072604952628276,318,318,CT/EC,V
547,318_NCI,0.0,0.0002312732857097,0.0002904811757832,0.2599815138149681,0.0651258170691153,318,318,CT/EC,V
548,319_H3,0.0,5.428167900669321e-06,1.0720259322924196e-06,0.0310129365738498,0.0077548591919207,319,319,CT/EC,T
549,319_H1,0.000217539127334,1.6731883135838272e-05,4.2792933905333695e-05,0.0095366924603667,0.0024534391011854,319,319,CT/EC,T
550,319_NCI,0.2211886346340179,0.2509662616832661,0.255104633575147,0.235767666081265,0.240756798993424,319,319,CT/EC,T
551,320_H1,0.0,0.0,0.0001190281190014,0.1664864051867649,0.0416513583264416,320,320,CT/EC,T
552,320_NCI,0.0,0.0,6.994378776170095e-06,0.0175016504536509,0.0043771612081067,320,320,CT/EC,T
553,321_NCI,0.0,0.0092155129834269,0.0028653742782793,0.1702074141183582,0.0455720753450161,321,321,CT/EC,L
554,322_H1,0.0,0.0,8.526246020237932e-05,0.0648289758938907,0.0162285595885232,322,322,CT/EC,C
555,322_NCI,0.0,3.0624118117925703e-09,7.272208186240382e-05,0.1691097684306192,0.0422956233937233,322,322,CT/EC,C
556,322_H3,0.0,3.3871695711330263e-06,1.5942751271840818e-07,0.0672625883208495,0.0168165337294833,322,322,CT/EC,C
557,323_H3,0.0,0.0,0.0,0.0311476514613268,0.0077869128653317,323,323,CT/EC,C
558,323_H1,0.0,1.171027027572392e-10,1.188912739349934e-05,0.0723415073291484,0.0180883491434111,323,323,CT/EC,C
559,323_NCI,6.745120481355116e-05,7.576749578673263e-08,4.736088448159399e-05,0.1280736548596517,0.0320471356791106,323,323,CT/EC,C
560,324_NCI,0.0,0.0007815520802112,0.0012416957825596,0.2824212851915831,0.0711111332635885,324,324,CT/EC,G
561,324_H3,0.0,3.784645194981801e-06,0.0008288229767046,0.2788074591955881,0.0699100167043719,324,324,CT/EC,G
562,324_H1,4.585154965752736e-05,9.9912045988111e-06,3.1502346340608405e-07,0.341212445899504,0.0853171509193059,324,324,CT/EC,G
563,325_H3,0.0,5.002603603526328e-06,0.000186288681019,0.1641140904144558,0.0410763454247695,325,325,CT/EC,K
564,326_NCI,0.0,0.0,6.156349291398466e-05,0.0512065649835891,0.0128170321191257,326,326,CT/EC,N
565,326_H1,0.0,2.791026813868739e-07,2.98092968255614e-05,0.0826193340489202,0.0206623556121067,326,326,CT/EC,N
566,326_H3,0.0,2.380728537229362e-10,3.973599246806391e-05,0.0432230872938616,0.0108157058811006,326,326,CT/EC,N
567,327_H3,0.0,1.9942198656829525e-05,3.9346234390302434e-05,0.0062767871762319,0.0015840189023197,327,327,CT/EC,P
568,328_H3,0.0,0.0,2.6965914140528342e-06,0.1796149779377,0.0449044186322785,328,328,CT/EC,L
569,328_NCI,0.0,4.978059611537245e-07,2.3084731669878725e-05,0.190485519081814,0.0476272754048612,328,328,CT/EC,L
570,328_H1,0.0,7.9462127288419e-09,2.5067162916907743e-05,0.011291179836656,0.0028290637364464,328,328,CT/EC,L
571,329_H3,0.0,0.0,1.8891086254660447e-05,0.0829245185041294,0.020735852397596,329,329,CT/EC,G
572,329_NCI,0.0,4.011851750637234e-06,7.597729232827843e-05,0.0493377369432457,0.0123544315218311,329,329,CT/EC,G
573,330_H3,0.0,4.598344250681056e-07,2.094367346963709e-05,0.0663262125705368,0.0165869040196078,330,330,CT/EC,D
574,330_H1,0.0,1.0064582732014553e-05,5.071419145980903e-05,0.0096057025275422,0.0024166203254335,330,330,CT/EC,D
575,330_NCI,0.0,2.460780707521944e-06,7.943750479211761e-06,0.0230228387772771,0.0057583108271159,330,330,CT/EC,D
576,331_NCI,5.4186391935218126e-05,1.4550706936234237e-05,0.000164142155032,0.0118134812706662,0.0030115901311424,331,331,CT/EC,D
577,331_H1,4.4030777644366026e-05,0.0038747113954015,0.000447283304994,0.0305540761112358,0.0087300253973189,331,331,CT/EC,D
578,331_H3,0.0,2.353599598871575e-06,1.814103128962262e-06,0.0802112312590908,0.0200538497404546,331,331,CT/EC,D
579,332_NCI,5.436993887997232e-05,9.252843552387374e-05,0.0002938350749447,0.1780990227555192,0.0446349390512169,332,332,CT/EC,E
580,332_H1,3.066751378355548e-05,3.5825490487216857e-06,0.0007377358897182,0.1009169894370416,0.025422243847398,332,332,CT/EC,E
581,333_NCI,2.558902997407131e-05,0.000455952688293,7.501247547460184e-05,0.0680695961775341,0.0171565375928189,333,333,CT/EC,A
582,333_H1,7.62701965868473e-05,0.0001609064990624,0.0004294482519175,0.0982364913717361,0.0247257790798257,333,333,CT/EC,A
583,333_H3,0.0001296705449931,4.9658313960649225e-05,7.267245555851582e-05,0.291210507126338,0.0728656271102125,333,333,CT/EC,A
584,334_NCI,0.0,1.645644314979091e-06,0.0036956564981966,0.0190087261673054,0.0056765070774542,334,334,CT/EC,S
585,334_H1,0.0001657005923334,0.0065687873094808,0.0027653872850705,0.0763652395861251,0.0214662786932525,334,334,CT/EC,S
586,335_H3,0.0,5.106027135166669e-05,1.2869192211661252e-05,0.0334063712454993,0.0083675751772656,335,335,CT/EC,T
587,336_NCI,4.3656145862769336e-05,0.0001026404261062,5.727664992974613e-05,0.0279849960990805,0.0070471423302448,336,336,CT/EC,T
588,336_H3,0.0,9.613349281868723e-06,6.371366746598728e-05,0.0249531948371462,0.0062566304634735,336,336,CT/EC,T
589,336_H1,0.0002664536586962,0.0002920963605864,0.0008962340236804,0.1425278933420198,0.0359956693462457,336,336,CT/EC,T
590,337_NCI,0.000196904191398,4.32719303158707e-07,2.5990102347662555e-05,0.0125898397006227,0.0032032916784178,337,NA,NA,-
591,337_H3,7.722745067439973e-05,0.0001377159004342,1.1786372391889132e-05,0.1702019222986695,0.0426071630055425,337,NA,NA,-
592,338_NCI,0.0001313065004069,0.0002465769247577,0.0001324444418776,0.037894493721382,0.0096012053971061,338,337,CT/EC,V
593,338_H3,0.0,4.1243850650969036e-07,0.000239966785159,0.0858929209771988,0.0215333250502161,338,337,CT/EC,V
594,339_NCI,0.0,0.0,1.839022968944329e-05,0.1170273427677526,0.0292614332493605,339,338,CT/EC,S
595,339_H1,0.0002301807544426,4.138350621688799e-05,0.0001064932755525,0.0958166730898651,0.0240486826565193,339,338,CT/EC,S
596,340_H1,5.925000732531771e-05,0.0005280668435244,0.0002679930536649,0.0404673549963772,0.0103306662252229,340,339,CT/EC,K
597,343_H1,0.0,8.333460868240161e-05,9.648600600786417e-05,0.1145778235613261,0.0286894110440041,343,NA,NA,-
598,344_H1,5.849826993653551e-05,4.371610471892916e-06,9.70918887531143e-06,0.0111098598109011,0.0027956097200462,344,NA,NA,-
599,344_H3,0.0,3.610763792286764e-06,1.3914320605304137e-05,0.0489288822771163,0.0122366018403784,344,NA,NA,-
600,344_NCI,0.0,3.972141752062225e-07,1.356214817584103e-05,0.0197569638884097,0.0049427308126901,344,NA,NA,-
601,345_H3,0.0,9.13189173960002e-06,4.492534411957784e-05,0.0498163397889335,0.0124675992561981,345,NA,NA,-
602,345_NCI,0.0,6.668343347944908e-05,9.74526042411438e-05,0.0243988511343242,0.0061407467930112,345,NA,NA,-
603,346_H1,0.0,0.0,1.5152973309753493e-05,0.0834651430130384,0.020870073996587,346,NA,NA,-
604,346_H3,0.0,1.0282077193222773e-06,0.0001160276362327,0.0073973031617793,0.0018785897514328,346,NA,NA,-
605,346_NCI,0.0,1.6612914563932177e-06,7.255101805190046e-05,0.1128123141090706,0.0282216316046447,346,NA,NA,-
606,347_H1,0.0,2.402344380029376e-07,1.3369811514592518e-05,0.1332299737000541,0.0333108959365016,347,NA,NA,-
607,347_H3,0.0,0.0,2.5454328956636247e-05,0.1178160250314154,0.029460369840093,347,NA,NA,-
608,347_NCI,0.0,1.009741839236339e-05,2.4352818280337074e-05,0.1534320678532554,0.038366629522482,347,NA,NA,-
609,348_NCI,0.0,1.0653657489515785e-07,0.0001111757850288,0.1582088336402514,0.0395800289904638,348,342,CT/EC,T
610,348_H3,0.0,1.0653657489515785e-07,0.0001111757850288,0.1582088336402514,0.0395800289904638,348,342,CT/EC,T
611,348_H1,3.409597775316797e-05,0.00063922419057,0.0004383034889872,0.3221664161818567,0.0808195099597918,348,342,CT/EC,T
612,349_H3,0.0,0.0,4.957361919651992e-05,0.0572259646193425,0.0143188845596347,349,343,CT/EC,S
613,349_NCI,0.0,1.4195478801422289e-06,2.678853323399589e-05,0.0636259322893642,0.0159135350926195,349,343,CT/EC,S
614,350_NCI,0.0,1.3760881562630358e-05,0.0001235960069092,0.1498162816041763,0.037488409623162,350,344,CT/EC,Q
615,350_H3,0.0,0.0,8.8941424116446e-05,0.1863021640182246,0.0465977763605852,350,344,CT/EC,Q
616,350_H1,0.0,0.000167534380706,0.0001229095837464,0.0298459551489743,0.0075340997783567,350,344,CT/EC,Q
617,351_H1,0.0,0.0,1.2542311846038627e-05,0.0017031300695454,0.0004289180953478,351,345,CT/EC,V
618,351_NCI,0.0,0.0,1.2542311846038627e-05,0.0017031300695454,0.0004289180953478,351,345,CT/EC,V
619,351_H3,0.0,0.0,1.2542311846038627e-05,0.0017031300695454,0.0004289180953478,351,345,CT/EC,V
620,352_NCI,0.0,4.324206168343446e-06,0.0003550682488775,0.2321832935214179,0.0581356714941159,352,346,CT/EC,A
621,352_H3,0.0,2.3009404455186018e-06,0.000497441848908,0.0231216322265079,0.0059053437539653,352,346,CT/EC,A
622,353_H1,0.0,0.0,2.3559292139969008e-05,0.1500476852754492,0.0375178111418973,353,347,CT/EC,P
623,353_NCI,0.0,0.0,2.3559292139969008e-05,0.1500476852754492,0.0375178111418973,353,347,CT/EC,P
624,354_H3,0.0,5.310322760987904e-07,3.572812529686018e-05,0.1636141599940302,0.0409126047879007,354,348,CT/EC,A
625,354_H1,0.0017707858933135,0.0,0.001765460555686,0.2700216578333431,0.0683894760705857,354,348,CT/EC,A
