feature,xgb,gbr,rf,et,dt,mean
1_H1,0.001002387492917478,0.030390280778756325,0.0004415281793951442,0.0002798315805752001,0.0,0.006422805606328829
1_H3,0.0013865838991478086,6.481581000232903e-05,0.00015742265957557693,8.336155918236476e-05,1.7346574164936076e-06,0.0003387837170649146
1_NCI,0.0011617240961641073,0.006599364470045725,0.0009850177226639824,0.00032210992040406444,0.00011101807465559089,0.0018358468567866945
2_H1,0.001669184654019773,0.001769269832821836,0.0007880618301445339,0.0004654848338235859,0.0,0.000938400230161946
2_H3,0.00022033094137441367,0.0012724483467160394,0.00022051887834284906,0.007039376298593387,0.0,0.0017505348930053378
2_NCI,0.00025800775620155036,0.3862212682509568,0.0002629137745576863,0.13103968664938734,4.862822957144992e-05,0.10356610093213496
3_H3,0.000538770342245698,0.0011576665423120892,0.0001993058374754792,0.0010902954822044207,0.0,0.0005972076408475375
3_NCI,0.0018560297321528196,0.06111492311341578,0.0008256594134781731,0.0009588419470229976,0.0,0.012951090841213955
4_H1,0.0004365885688457638,0.04472976293235392,0.0033517929148913785,0.11020675019653074,0.0,0.031744978922524356
4_NCI,0.005041299853473902,0.08884110064116867,0.0008378355953948279,0.0005613490639820453,6.93862966597443e-06,0.01905770475673708
5_H1,0.0018597285961732268,0.015585445165112712,0.0009619321262791981,0.0003431803575019736,1.6520546820479128e-06,0.0037503876599498318
6_H1,0.0016897240420803428,0.11590567822194107,0.037230289618674584,0.04244087151041678,0.0,0.03945331267862256
6_H3,0.01876171864569187,0.21453678571070722,2.230622112532459e-05,0.022116672953534255,0.0,0.05108749670621173
6_NCI,0.0009391771163791418,0.001594116398248364,0.0003040040702129894,0.00016643995041615403,6.93862966597443e-06,0.0006021352329845249
7_H1,0.0017651790985837579,0.0011954166510595508,0.00023219882410464282,0.0005550104035486813,0.0,0.0007495609954593265
7_H3,0.0,0.001248838934312797,0.00035405464097383534,3.16923354754233e-05,0.0001511396803248405,0.00035714511821737926
7_NCI,0.0014911954058334231,0.0025003758189567934,0.0006467226868469603,9.459697059137604e-05,3.568438113918167e-05,0.0009537150526735471
8_H1,0.0,0.0034260967700922495,0.0002926250334509676,0.00012241474693668413,0.0,0.0007682273100959803
8_H3,0.0,0.0008688964206044516,3.309467923396021e-05,5.936927406194121e-05,0.0,0.0001922720747800706
8_NCI,0.009545817971229553,7.729495813977994e-05,0.00011817416937629832,0.00013937710426962472,0.0,0.0019761328406030514
9_H3,0.0,0.0015641593179446666,0.0002917006244027025,0.00016924792190827636,0.0,0.00040502157285112904
10_H1,0.00046329788165166974,0.0004257619606799428,0.0003601807881314117,0.0037296401487845535,0.0,0.0009957761558495155
10_H3,0.0010964367538690567,0.006050927769891774,0.0003169133992214588,0.00030727041470840765,0.0,0.0015543096675381394
11_H1,0.007106135133653879,0.0017165475699411497,0.00036734794543804737,7.982991187808136e-05,2.775451866389772e-05,0.0018595230159150114
11_H3,0.004103560000658035,0.005163970912747371,6.809582652241808e-05,0.003817266180033039,0.0,0.002630578583992173
11_NCI,0.000936755386646837,0.0036522595246700038,0.0003322046206798886,0.002919219391414375,2.803486734266367e-05,0.0015736947581507538
12_H1,0.0076217856258153915,0.03087913455355169,0.026113616565359044,0.00029944197251085983,0.0,0.012982795743447397
12_H3,0.0,0.0,0.0003250605423815351,9.882536549680333e-05,0.0,8.477718157566769e-05
13_H1,0.0017105111619457603,0.00411399581656117,0.0021648034509169564,0.0024237690079720103,1.2628831648614251e-05,0.002085141653808902
13_NCI,0.0011134209344163537,0.07271410551267085,0.0019906512383642727,0.0018554302217660098,0.0005833218822362595,0.01565138595789075
14_H1,0.001268658903427422,0.0038579657938390454,0.0010324924128426519,0.00037643401203517476,0.0,0.001307110224428859
14_H3,0.0,0.00013273876770669805,0.0001842857267160991,0.0003032782018831112,0.0,0.0001240605392611817
14_NCI,0.012724636122584343,0.00012111565287844167,0.0006080610393630957,0.00019877928031085092,0.0,0.002730518419027346
15_H1,0.024890972301363945,0.12965271877440718,0.0010635530879999962,0.0002624110717920161,0.0014958224795711189,0.031473095543026845
15_NCI,0.0036317065823823214,0.00372923820369804,0.0006529184780567517,0.00023158589726927914,0.0,0.0016490898322812785
16_H1,0.0015743273543193936,0.019372192611016033,0.0004533448355182853,0.0002502550400298608,0.0,0.004330023968176714
16_H3,0.0,0.022349930215820088,0.0003546078365094637,0.00029221534837217927,0.0,0.004599350680140346
16_NCI,0.00774637283757329,0.004004565338837835,0.000990655554905736,0.0009710335484611538,0.0,0.002742525455955603
17_H3,0.0,0.00358798803368134,2.7374397172684487e-05,3.333589240516413e-05,0.0,0.0007297396646518378
17_NCI,0.004081820137798786,0.0006719441956881097,0.0002834008025980301,0.00018403004159411355,0.0,0.001044239035535808
18_H1,0.0040313140489161015,1.0,0.0013414893822311965,0.003050574120691816,0.0,0.20168467551036784
18_H3,0.00493646739050746,0.012426065280466417,0.0010099503567906852,0.0031554528779655995,0.0,0.004305587181146033
19_H1,0.0027951300144195557,0.003734489755019339,0.0010613936481886873,0.0029523284097556996,0.0,0.002108668365476656
19_H3,0.0,0.00040372570350346204,0.0016363093036118334,0.0023379218004099655,0.0,0.0008755913615050521
20_H1,0.0021798594389110804,0.0003302802339494745,6.939625492539573e-05,7.847061941550126e-05,7.434246071436955e-06,0.0005330881586545777
20_H3,0.0,4.001275057051246e-05,4.232696972160951e-05,0.00018082567467505288,0.0,5.263307899343497e-05
20_NCI,0.0,0.0025617272565517154,5.9299343505146456e-05,0.00020998496824847348,0.0,0.000566202313661067
21_H3,0.0,0.007144738830142065,0.0002525397204048829,0.0002412384507818541,5.21385057321944e-05,0.0015381311014121993
21_NCI,0.02779436856508255,0.0019021939969592696,0.0019058058156901272,0.0014826085589350994,0.0002252534823265391,0.006662046083798718
22_H1,0.0,0.006445422805433512,0.0004507949478605804,0.0018401655997381632,0.0,0.0017472766706064509
22_H3,0.0,0.004864136490684634,3.0732803954657285e-05,0.00045539474027758204,0.0,0.0010700528069833748
22_NCI,0.009782771579921246,3.993290126545091e-05,0.001340041524525245,0.00016220750002157302,2.775451866389772e-05,0.0022705416048794825
23_H1,0.0012347095180302858,0.010747861677666623,0.0001751756132264592,0.00013171389069612462,0.0,0.0024578921399238986
23_H3,0.0,0.0,9.632729029662897e-05,0.00010230258068443387,0.0,3.972597419621257e-05
23_NCI,3.7744026485597715e-05,0.004689077538121547,0.002403320984553463,0.00031183704412076106,0.0,0.0014883959186562739
24_H1,0.0,0.0002721068069516077,0.00040465219478773735,0.00030443003685244477,0.0,0.00019623780771835798
24_H3,0.0,0.0005696042171620099,0.0009759336862957789,0.0001688878189852807,0.0,0.0003428851444886139
24_NCI,0.0,0.0008971077970623302,0.00011644743335505582,0.0002612410357303526,0.0,0.0002549592532295477
25_H1,0.0006415500538423657,0.0005837908330631196,0.0009465177153686231,0.00047852956923657763,0.0,0.0005300776343021373
25_H3,0.0010076587786898017,0.004684861451713633,0.0005451118844980807,0.0005180715920561326,0.00012046232058951972,0.0013752332055094335
25_NCI,0.0018151930999010801,0.002439222714033641,0.0009206988593121801,0.0002988711599243384,0.0,0.0010947971666342479
26_H1,0.0011192403035238385,0.0005412851566408044,0.0012607779500042888,0.00023551586045473293,0.0,0.000631363854124733
26_H3,0.0005072353524155915,0.00047880961016342805,5.147943273040372e-05,2.3487664024190794e-05,0.0,0.00021220241186672281
26_NCI,0.004786694422364235,0.00076334745447947,0.0004753567535420934,0.00018222721682589613,0.00020491267797425475,0.0012825077050371897
27_H1,0.00021876308892387897,0.005254049627937192,0.0009859545375623508,0.001686133087544515,0.0005848217095151216,0.0017459444102966115
27_H3,0.0056111677549779415,0.0012034318669078804,0.0006721938592970271,0.00045537722300589037,0.0,0.0015884341408377478
27_NCI,0.00039143094909377396,0.018179243562084207,0.002375642455884018,0.0013805941356576322,8.355266556104145e-05,0.004482092753656135
28_H1,0.011349163949489594,0.003419999758510264,0.0006194201461791922,0.0004868799587045815,0.0,0.003175092762576726
28_H3,0.0,0.00012129617575018495,0.00037971273491970526,0.000632001504745763,0.0,0.0002266020830831306
28_NCI,0.0,0.0019818719733576393,0.00034464154330360726,0.0005502489151743519,0.0,0.0005753524863671197
29_H1,0.012448344379663467,0.0,0.00015681177613011512,0.0002525872167003644,0.0,0.002571548674498789
29_H3,0.0009206383838318288,2.5028333014117906e-06,0.00021314067821697632,0.0012061077154849815,0.0,0.00046847792216703975
29_NCI,0.0013203512644395232,0.002040427232290644,0.00012801529098409374,6.94787910562902e-05,0.0,0.0007116545157541101
30_H3,0.0,0.0004835922668831838,1.5331919859467394e-05,7.54168208496664e-05,0.0,0.00011486820151846351
30_NCI,0.012512407265603542,5.42742977939139e-06,0.0006007186949889358,0.0003043104960927396,0.0,0.002684572777292922
31_H1,0.013931866735219955,0.0017888021420011447,0.0003398746413449261,0.0008887284335559773,0.0,0.003389854390424401
31_NCI,0.0,2.4272827928073448e-05,0.0007115418012126876,0.00015657772856510191,0.0,0.00017847847154117257
32_H3,0.0,0.0016564840808406902,4.009424104133897e-05,0.0002064798877520608,0.0,0.00038061164192681795
32_NCI,0.0,0.0005840680258229877,0.000268179166772036,0.000136679781055455,0.0,0.00019778539473009571
33_H1,0.0,1.8159119576215717e-05,0.00019785484792652022,7.534208927881563e-05,0.0,5.8271211356310314e-05
33_H3,0.0,0.0,1.182222557764571e-06,2.6489476387220066e-06,0.0,7.662340392973155e-07
33_NCI,0.0,0.0022077355060883823,0.0005038670205699435,0.00047132433624965243,0.0,0.0006365853725815957
34_H1,0.0012856742832809687,0.0015577117452177324,9.034033536076553e-05,0.00024881160004707083,0.0,0.0006365075927813075
34_H3,0.0,0.000974276852635987,0.0,5.7297868374636945e-05,0.0,0.0002063149442021248
34_NCI,0.010932231321930885,0.002417183270790633,0.0009254687661111276,0.0001445480805677781,0.00014050725073598222,0.002911987738027281
35_H1,0.007108835969120264,0.008194088978259618,7.01137838911917e-05,0.005945464762480953,0.002340457608246762,0.004731792220399758
35_H3,0.0,0.00012152846168152823,2.6020210419792255e-05,0.004769941247185602,0.0,0.0009834979838573845
36_H1,0.0025443474296480417,0.004764848517708888,0.0016859510850358904,0.00031449316407384126,0.0,0.0018619280392933324
36_H3,0.0,4.501104903401944e-05,4.4204069253998224e-08,3.501707790776555e-05,0.0,1.60144662022078e-05
36_NCI,0.6198451519012451,0.0010909225639837837,1.0,1.0,1.0,0.7241872148930458
37_H1,0.0,0.001053398358476986,0.002008819960300003,0.00038579591007836274,0.00011101807465559089,0.0007118064607021886
37_NCI,0.0,0.0007081272382977744,2.4893220708421937e-05,6.839961175876308e-05,0.0,0.0001602840141529919
38_NCI,0.0,0.0002266999993601049,0.0005864594717553371,0.00026771022970384855,0.0,0.00021617394016385812
39_H1,0.00030080144642852247,0.020227709923069558,0.0006965248146005474,0.0005296560225696038,0.0,0.004350938441333646
39_H3,0.0,0.000259022496067125,0.00035351342287293693,0.0004524338206325945,8.515240518348705e-05,0.00023002442895122868
39_NCI,0.046898458153009415,0.011147931113460614,0.00018322141651130772,0.0008054784876843362,0.0,0.011807017834133135
40_NCI,0.04479583725333214,0.012976322914960769,0.005719227632060455,0.003923868457697965,0.0,0.013483051251610265
41_H1,0.0018424035515636206,0.05594930248030899,6.158812944964464e-05,0.0002533776302022205,0.0,0.011621334358304897
41_H3,0.0,0.0008708819898665322,0.000584231090499162,0.00016547653554071373,0.0,0.0003241179231812816
41_NCI,0.013815950602293015,0.03045509755595167,0.0004096254929599152,0.0012817094086375832,0.0,0.009192476611968436
42_H1,0.0,2.573350283782998e-07,1.5188257537052067e-05,2.5045869451143316e-05,0.0,8.098292403314736e-06
42_H3,0.0,6.499409916617783e-07,0.0,1.812132239921983e-06,0.0,4.924146463167522e-07
42_NCI,0.0,0.000794286907807734,0.00047755741467236576,1.7925700022059374e-05,0.0,0.00025795400450043184
43_H1,0.0,0.003951921304477522,0.0034796486396970285,0.0004017928968757156,0.0,0.001566672568210053
43_NCI,0.007996979169547558,0.0012602862047223493,0.0029242957363686873,0.00034809524185468795,8.592061060882388e-05,0.0025231153926204212
44_H1,0.002430209657177329,0.0006097195779712884,0.0013520971018404426,0.0006753039070972554,0.0,0.0010134660488172631
44_H3,0.0017619585851207376,0.0011199031865249682,0.00015738702377264186,0.00035101390076989493,1.7346574164936076e-06,0.0006783994707209473
44_NCI,0.0008838994544930756,0.0004079446121806987,0.0005150480826472359,0.00028704047249867844,0.0007493720039251374,0.0005686609251489652
45_H1,0.0008970645722001791,0.005649190527237368,0.00032829678856593375,0.0024078030532216944,0.0,0.0018564709882450347
45_H3,0.0,0.0014419033518379353,0.0001252192318569222,0.00020330255407107508,0.0,0.0003540850275531865
46_H3,0.0,0.00025912001932354314,0.0009306988754343666,0.017285883985665194,0.0,0.0036951405760846205
46_NCI,0.00882335752248764,0.0029903749613141,0.001079190055015861,0.0011787363620221797,0.0,0.002814331780167956
47_H1,0.01549601275473833,0.020303356498681983,0.0019473421230396977,0.005612836600922622,0.004121238613941086,0.009496157318264743
47_H3,0.0002688552194740623,0.0036192602232752924,0.0003250731040883726,0.0004831515106818662,0.0,0.0009392680115039187
47_NCI,0.0004848613461945206,0.00989949700038892,0.0011208963109172194,0.0007803357843124744,0.0,0.0024571180883626266
48_H1,0.0020607353653758764,0.09420860270185581,0.001530874864613803,0.0006482042554510806,0.0,0.01968968343745931
48_H3,0.0016861844342201948,2.162921522071351e-05,0.0005502093768841839,0.0007181690257398828,0.0,0.0005952384104129949
48_NCI,0.0,0.0031637346936832862,0.0006014236366365978,0.00039874742187604584,0.0,0.000832781150439186
49_H1,0.0025587198324501514,0.0007475965755392505,0.00025813996980364635,0.0012624792167828967,1.7346574164936076e-06,0.0009657340503984877
49_H3,0.0,0.00011585638485899095,0.0007169188879781968,0.00016899625102698965,0.0,0.00020035430477283547
49_NCI,0.0,0.02606201586383792,0.0003202470963115438,0.00017740624060449107,4.163177801038631e-06,0.005312766475710999
50_H1,0.03548847883939743,0.23334900583888735,0.0008908993995428415,0.0010670844603365684,0.0001291846686904285,0.05418493064137092
50_H3,0.0,0.003915258670847523,0.0002385397042115197,0.00035364382627304624,0.0,0.0009014884402664179
50_NCI,0.11825050413608551,0.0012281887558265247,0.004699943330547853,0.0088347589626556,1.7801896549025068e-05,0.0266062394163329
51_H1,0.007757445331662893,0.01266205621276092,0.00034910625964005383,0.00045711260782977606,0.013255432483413461,0.00689623057906142
51_H3,0.0,0.07501244859112308,9.685997174630976e-05,0.00024181636228844895,0.0,0.015070224985031569
52_H1,0.0,0.003914577535469892,0.00022655522715554476,0.0002785527737832133,0.0,0.0008839371072817302
52_NCI,0.0,0.0005072687331043107,0.0005073445571419146,0.03141591170517798,0.0011145349473530284,0.006709011988555448
53_H1,0.0,0.003906669931767021,0.000602114153600158,0.0011083512927352532,0.0,0.0011234270756204864
53_H3,0.0,0.006447791671439266,0.0010026961028503755,0.00043377222974358914,0.0,0.001576852000806646
53_NCI,0.015931840986013412,0.0018135852060122343,0.002981872501530534,0.0017583287575506671,0.0,0.00449712549022137
54_H3,0.0005406074924394488,0.00042519857990892357,0.00016120358540323764,0.0003629726261240967,5.782191388278369e-05,0.0003095608395516981
54_NCI,0.0,0.0008111695476712401,0.0002188075277495905,0.00038587475910453257,0.0,0.00028317036690507264
55_H1,0.0002619771985337138,0.0012161301287912378,0.0011621253919698346,0.0003519030341762448,0.0,0.0005984271506942063
55_H3,0.0,0.005590721157452994,0.00012791604196049443,0.0003472477937859304,0.0,0.0012131769986398837
55_NCI,0.0020000252407044172,0.0005732795895832022,0.00017195897833839326,0.0004778361233185717,0.0005566777224815295,0.0007559555308852227
56_H1,0.0020359535701572895,0.0009890957935202625,0.00012421255260439766,0.00029214077644750165,3.7295134454612565e-05,0.0006957395654368127
56_H3,0.006660647224634886,0.002649731911847804,0.000192531911715224,0.00018659996412228466,3.715903057659656e-05,0.001945334008579359
56_NCI,0.01772238127887249,0.004130021530691764,0.00048150399243366404,0.00011735609735192483,0.0,0.004490252579869969
57_H1,0.0005428405711427331,0.004538650572895006,0.0025119834883033545,0.0009249685664659762,0.0014073026069087705,0.001985149161143168
57_NCI,0.0007264139130711555,0.01080063607055341,0.002533408416574385,0.0007098263777880822,0.0003196248967331911,0.0030179819349440444
58_H1,0.013195700012147427,0.00998571773875973,0.0003334202035864002,0.00033821102391086395,0.0,0.004770609795680884
58_H3,0.0,0.0,0.000297630358954059,0.0009289031807772066,0.0,0.0002453067079462531
58_NCI,0.015554477460682392,0.016174102111573666,0.0028592615831816463,0.0008068058360228014,0.0,0.0070789293982921
59_H1,0.0,0.006431673381614026,0.00030698320625000274,0.00032909688428671365,0.0,0.0014135506944301483
59_H3,0.0,0.0,1.0586272969083541e-05,1.858995824376553e-05,0.0002312876555326493,5.2092777349099677e-05
59_NCI,0.0,0.03043726513603172,0.000771360131199814,0.0032291094146919205,0.0,0.006887546936384691
60_H1,0.0009475667611695826,0.07306356376932514,0.0009528425438880927,0.002885272192559887,0.027298717048097332,0.02102959246300801
60_H3,0.0,0.0007389353748129274,0.000564937498248039,0.00019955552296139158,0.00019084535690234,0.00033885475058493956
60_NCI,0.0005498862592503428,0.0013536471050831249,0.0016088964791332572,0.002813620348686695,0.0,0.0012652100384306839
61_H1,0.021036162972450256,0.03095782242783106,0.00020321149106045523,0.00047936343472352244,0.0,0.010535312065213059
61_H3,0.0,0.0016939935162135662,0.00018294381000228535,0.0008039568148474277,0.0,0.0005361788282126558
61_NCI,0.010695893317461014,0.0036524726356183235,0.00011934655663180637,0.00031173663353817414,0.0,0.0029558898286498637
62_H1,0.03807532414793968,0.014070325032045467,0.21626859027944248,0.023039053019312916,0.31772557140404095,0.1218357727765563
62_H3,0.0,0.15161291510823563,0.0013725739456986272,0.0011939172837728501,0.0,0.030835881267541422
62_NCI,0.0002181536692660302,0.001545913144775447,0.0013624297167526742,0.0005666862525307446,0.0,0.0007386365566649792
63_H1,0.00028261845000088215,0.0007867887518331277,0.0002977850329794756,0.00018617915221410573,1.9273971292376447e-05,0.0003145290716639935
63_NCI,0.0,0.006103955560203374,0.0003136031076606292,0.0004747911196565046,0.00010634196053663458,0.0013997383496114285
64_H1,0.002183405449613929,0.1716942663635393,0.0035677852764592196,0.002667147625631324,6.974212381926961e-05,0.03603646936781261
64_H3,0.0,0.003503994675403473,6.46466781260884e-05,0.0001467363628710711,0.0,0.0007430755432801266
64_NCI,0.00033922839793376625,0.05027462638764334,0.00015084521053286922,0.000520841964833668,0.0,0.010257108392188729
65_H1,0.0005184767069295049,0.042117282655301014,0.0005198180352861008,0.0004513974855051194,0.0007805958374221234,0.008877514144088773
65_NCI,0.0008736705640330911,0.005500998263723106,0.000860647942149764,0.0006647648312198528,0.00020576190882035233,0.0016211687019892333
66_H1,0.003378340508788824,0.03128600472127607,0.006978733832839784,0.0031647153570380075,0.006281563420850334,0.010217871568158603
66_H3,0.0011183582246303558,0.010373527323284065,0.0030460225097467325,0.002873501332560919,0.0,0.0034822818780444144
66_NCI,0.0007251848001033068,0.026214599209144995,0.003559099896312944,0.0031585454253586377,1.5611916748442465e-05,0.006734608249533665
67_H1,0.0019873545970767736,0.0027105104973050645,0.001978241489443415,0.004242320494900577,0.00024260759134755476,0.002232206934014677
67_H3,0.0,0.0013356214950346439,0.0008426550508538799,0.0018600359376658355,0.002048360573279546,0.001217334611366781
67_NCI,0.00092978187603876,0.048018476014059557,0.002329867420908077,0.00272499787493849,0.0014559737281714606,0.011091819382823269
68_H1,0.0009703428950160742,0.004117101846212815,0.004069684735853914,0.0023638761866782904,0.0011939272108416883,0.0025429865749205566
69_H1,0.014917653053998947,0.14884586516226048,0.006057533617169639,0.0011974979426578082,0.0032062829467323487,0.034844966544563837
69_H3,0.0,0.0,4.711563457625134e-05,0.0008386680317885764,0.0,0.00017715673327296555
69_NCI,0.0,0.7508135331531791,0.07110913410160423,0.016088827720470957,0.0,0.16760229899505086
70_NCI,0.0018355874344706535,0.014617565656111269,0.00823714926498065,0.0028251928276932033,0.0030198307418290663,0.006107065185016967
71_H3,0.0028891977854073048,0.01738690984531326,0.001152185220604043,0.0010223894678962054,0.0002590421741962441,0.0045419448986834116
71_NCI,0.0003497485595289618,0.0016967087758878322,0.0013461435110336518,0.0010448786000822182,0.0010751353619483978,0.0011025229616962126
72_H1,1.323025662713917e-05,0.029576246349635155,0.0008907906873596091,0.00040955596731662375,0.0,0.006177964652187706
72_H3,0.0,0.00014989916961433988,3.1528652699306495e-06,0.00027693909177944827,0.0,8.599822533274376e-05
72_NCI,0.0,0.006290059409509184,0.00037491996145583805,0.00037311429084590185,0.0,0.0014076187323621848
73_H3,0.0,0.0011532285900885545,0.00043003307126557154,0.0001869450795018126,0.0,0.00035404134817118777
73_NCI,0.011710838414728642,0.0020912628762737666,0.002148318266393385,0.0015520574858786955,0.0006154452600326001,0.003623584460661417
74_H1,0.0005054694483987987,0.00234449831569218,0.00033364214290104976,0.00027376625597485605,9.208139785752273e-05,0.0007098915121648815
74_H3,0.0,0.00016463809407000495,0.00014647804829711337,0.00012209306745271606,0.0,8.664184196396688e-05
74_NCI,0.00042646247311495245,0.0003765661162629592,0.0004457928828698815,0.0004135662151818411,0.0,0.00033247753748592683
75_H1,0.0,0.0002806306895360723,0.0002719520704668319,0.00042545052251040594,0.0,0.00019560665650266204
75_H3,0.0,0.0,0.00012019327761348112,0.0008160177700074028,0.0,0.0001872422095241768
75_NCI,1.0,0.7620762824217698,0.3672934564538897,0.008506775528708863,0.0003372174017659938,0.42764274636122696
76_H1,0.002362845465540886,0.019576709753676282,0.0009695891520297053,0.00023364876110603454,1.4166368902306851e-05,0.004631391900251043
76_H3,0.0,5.2526821428213296e-05,0.0001126440000464198,0.00014982489449464356,0.0,6.299914319385534e-05
77_H1,0.002567293355241418,0.0017442496794355259,0.00023143760646905437,0.0002803904102139576,0.0,0.000964674210271991
77_H3,0.0,0.0,8.161650302924586e-05,0.00025038826845881344,0.0,6.640095429761187e-05
77_NCI,0.0,0.037640148554808094,0.0004295530961237666,0.00027573651522323675,0.0,0.0076690876332310195
78_H1,0.0,0.002686737112499988,0.00014155088211045407,0.00010431554941436656,0.0,0.0005865207088049617
78_H3,0.0,0.00022881064790770408,0.00016741070833102467,0.0002525887278239089,0.002084066981819642,0.0005465754131764559
78_NCI,0.0,0.00044779169223518373,4.503214374363929e-05,0.0004698716395364724,0.0,0.0001925390951030591
79_H3,0.0,0.010612028900840627,8.64488480304448e-05,0.00011092255510391373,0.0015039479800998568,0.0024626696568149685
80_H1,0.0004484175588004291,0.00031621061052434813,0.0008116497232505432,0.00016613742434724057,0.0,0.00034848306338451223
80_H3,0.0,0.0032416670142187093,3.042032653552363e-05,4.060498285743571e-05,0.0,0.0006625384647223337
80_NCI,0.000866424641571939,0.0005288099025436163,0.0003998499907325793,0.0013370795221978608,0.0,0.0006264328114091991
81_H1,0.0052201529033482075,0.0024301854760340317,0.0003628974540514976,0.00020995124839131687,0.00011101807465559089,0.0016668410312961287
81_H3,0.0,0.2522711900260611,0.045784688849229635,0.1869522971396672,0.0,0.09700163520299158
81_NCI,0.0,0.005353470975403158,0.007413099531402011,0.022988285514652144,9.251506221467524e-06,0.007152821505535756
82_H3,0.38150477409362793,0.14140695386372448,0.0375129240262899,0.10914427132445834,0.0,0.13391378466162013
82_NCI,0.0012640187051147223,0.009812714781676005,0.0019865417275208054,0.0003756754447628637,0.0,0.0026877901318148796
83_H1,0.0013413840206339955,0.08186353938344712,0.0018239167391119954,0.00275062714462113,0.0001255491663981731,0.01758100329084248
83_H3,0.03596894443035126,0.018476286359643917,0.015778607150256776,0.04087336697887356,0.0,0.022219440983825105
84_H3,0.0,8.344667518408337e-05,2.6751069401074208e-05,5.553034051202601e-05,0.0,3.314561701943672e-05
84_NCI,0.0027501254808157682,0.005410808407811622,0.0009824094752173102,0.0003115340605287372,0.0,0.0018909754848746873
85_H3,0.0,1.2241551087568246e-05,0.00029260323757692184,0.00028085383717607474,0.0,0.00011713972516811297
85_NCI,0.051267873495817184,0.005618614352460232,0.03950092224049901,0.006227966492050705,0.06184351075237697,0.03289177746664083
86_H1,0.0017663092585280538,0.01965581207137003,0.0005557805541447263,0.00027263803670331634,0.0,0.004450107984149225
86_H3,0.0,0.0035584411537393345,5.3545502668385604e-05,0.0005001255134172556,1.15643827719121e-06,0.0008226537216204333
87_H3,0.0,6.310761785558827e-05,8.742414907868318e-05,0.00034552601241330825,0.0,9.921155586951594e-05
87_NCI,0.011415706016123295,0.0218450667488649,0.00012278263559887097,0.0002009966969022563,0.0,0.006716910419497864
88_H1,1.9898239770554937e-05,0.027934034315431875,0.00017255707807910982,3.619909093773659e-05,0.0,0.005632537744843855
88_H3,0.007847430184483528,0.0018476115691342075,0.0007880248945327269,0.0002780109869665077,0.0,0.002152215527023394
89_H1,0.0,0.0005778311828817826,2.6089245170999886e-05,6.521454770622522e-05,0.0,0.00013382699515180154
89_H3,0.0,0.002527778055644088,0.0006574992880212797,0.00021220364812331416,0.0,0.0006794961983577364
89_NCI,0.0,0.0009518020289459193,0.00015473925318239086,0.00021780268667297842,0.0,0.00026486879376025774
90_H3,0.0,0.0009122873534462793,7.374597228277871e-05,7.513788277874737e-05,0.0,0.00021223424170156106
90_NCI,0.0015213153092190623,0.008260009485336261,0.0011057104551713379,0.0002615397333037571,0.0003547541499586092,0.0023006658265978053
91_H1,0.0,0.0009169086520044959,0.00046921148731465676,0.0001185744550665602,0.0,0.00030093891887714256
91_H3,0.0,0.0001754008100230032,0.0001441037756939518,0.00023024531495677178,0.0,0.00010994998013474535
91_NCI,0.0,0.005600701233548437,0.00047812354102851545,0.00012879353062031663,0.0,0.0012415236610394539
92_H3,0.0,0.0031126059951663105,0.0,0.0003200870847517322,0.0,0.0006865386159836085
92_NCI,0.0,0.006595850727980539,0.005778953315074411,0.00022617243723709838,0.0,0.00252019529605841
93_H1,0.0011131307110190392,0.006645125505971854,0.0012340614407424216,0.001118798096089489,1.3992903159284293e-05,0.002025021731396418
93_H3,0.0,0.010964131452333225,0.0001430425780549563,0.00038984392234775683,0.0,0.0022994035905471873
93_NCI,0.0030365290585905313,0.0029124903376115834,0.0014272977893440297,0.11273727698998391,1.8503012442127287e-05,0.024026419437594437
94_H1,0.0,0.15222435939604956,0.01063806702614671,0.0003519962748026021,0.00015633450426211888,0.032674151440252194
94_NCI,0.0,0.0021793688569448455,0.0009531648395757017,0.00027095454700558754,0.00019439727447704275,0.0007195771036006356
95_H3,0.0004453697765711695,0.001157875703727943,0.0002919359978507919,0.00029051546368862556,0.0,0.00043713938836770596
95_NCI,0.0006462113815359771,0.0012525164710450226,0.0015152002116932842,0.000882289350232767,0.00019514895935553086,0.0008982732747725164
96_H1,0.0,0.0274741743797989,0.0004615394297250325,0.0008196189895385292,1.5611916748442465e-05,0.0057541889431621815
96_H3,0.0,0.0007013421581619139,0.00025646499274450973,0.0003983935158714158,0.0,0.00027124013335556787
96_NCI,0.008892571553587914,0.0026266406151748706,0.0008970305617245697,0.0007429388167246088,0.0,0.0026318363094423925
97_H1,0.0008183182217180729,0.01703995767121999,0.007153465103933118,0.004872522042437814,0.004124449357419924,0.006801742479345783
97_NCI,0.0007482662331312895,0.008758174886508856,0.0016878546434321677,0.0012458108658700644,0.0007923321399024732,0.0026464877537689703
98_H1,0.0011997134424746037,0.008086121657144108,0.002466488320051805,0.003210812904743347,0.0001534715324797608,0.003023321571378725
98_H3,0.0008535640663467348,0.02434880465514494,0.0025433236408277495,0.0034433625013387532,0.002459941919320581,0.006729799356595752
99_H1,0.0,0.0016061120095694223,0.0004088441400425462,0.0004365107522768388,5.8978352160782655e-05,0.000502089050809918
99_H3,0.0,0.00011346166350834178,1.8970552138579163e-06,0.0,0.0,2.307174374443994e-05
99_NCI,0.0,0.00992671705901281,0.0010579708241263241,0.0002498052420949723,0.0045409401952585466,0.003155086664098531
100_H1,0.006222214549779892,0.562139101505811,0.10349932247165393,0.111428572530849,0.03630744113940078,0.16391933043949894
100_NCI,0.015892479568719864,0.4071624518976019,0.4056387881192154,0.2529313302421987,0.24125576364899504,0.2645761626953462
101_H3,0.0032429059501737356,0.08669564276444286,0.01989340733836686,0.018804138603352245,0.012403586281092852,0.028207936187485717
102_H1,0.0,0.0031418957527502484,0.002453871171549298,0.002029514736655364,0.012202246810957341,0.00396550569438245
104_H1,0.005331829655915499,0.3853763100059565,0.08552413506172732,0.043909225489228126,0.06973202375988678,0.11797470479454283
104_H3,0.0071985614486038685,0.08225873011883232,0.02998265703681438,0.08184132224603477,0.01503007270289411,0.04326226871063589
104_NCI,0.0026091262698173523,0.10385988077426907,0.05017544136438546,0.03530560035070033,0.030134988893989717,0.04441700753063239
105_H1,0.0012027800548821688,0.016157630028232894,0.002140775620566432,0.0013396334524938313,0.0006184294614367967,0.004291849723522425
105_H3,0.0021921193692833185,0.0004929006341346469,0.0006545387465064257,0.0005829783788605168,0.0006842414001267451,0.0009213557057823308
105_NCI,0.0005606166669167578,0.014918883665801522,0.003347949664526066,0.0032537778478113097,0.0018306310629461267,0.004782371781600356
108_H3,0.0029204869642853737,0.07974398435836401,0.01708195473108584,0.040751261277705564,0.014594850724361248,0.03101850761116041
108_NCI,0.0016219796380028129,0.13444909477561257,0.0613398850450475,0.04983057255268266,0.024215592701594058,0.054291424942587915
110_H3,0.012392356060445309,0.04510535399587632,0.021480330301006184,0.0072058801173384805,0.02321729437127918,0.021880242969189095
110_NCI,0.004293917678296566,0.021128267230107977,0.005586282955924001,0.0009973113846959297,0.0008150274527884287,0.00656416134036258
111_H1,0.0036978127900511026,0.013959945410936103,0.02073664785932562,0.008382569888854047,0.00521527030555335,0.010398449250944044
111_NCI,0.0008418599609285593,0.03762871744002368,0.019466005652854133,0.012983607290358284,0.0043108500481802165,0.015046208078468976
112_H1,0.0032291754614561796,0.005102606868949,0.00021935708122916044,0.00016805944197579036,1.7346574164936076e-06,0.0017441867022053251
112_NCI,0.0020269057713449,0.00011235899717987005,0.0001439941729818512,0.0008004107746665129,0.0,0.0006167339432346269
113_H1,0.0,0.019243264549769837,0.0002931521424783069,0.0002516846190294326,0.0,0.003957620262255516
113_H3,0.0,0.010129342019356669,2.1172715810294112e-05,1.2920250051842984e-05,0.0,0.0020326869970437615
113_NCI,0.0007944772951304913,0.0061240189180973735,0.00024111685634188278,0.00014413245187404528,0.0,0.0014607491042887585
114_H1,0.001476059202104807,0.0796028078180167,0.006051998677162653,0.0064861455754552004,0.0011278742522056785,0.018948977104989002
114_H3,0.0,0.00031532327861064167,0.00011325254169362189,0.008314031619368728,0.0,0.0017485214879345984
114_NCI,0.0008094797376543283,0.007136131804158641,0.004738478138560428,0.002503951299862761,5.203972249379852e-06,0.0030386489904971076
116_NCI,0.0,0.00722166731041804,0.000753229517958984,0.0001551835606769786,0.0,0.0016260160778108004
117_H1,0.0013375222915783525,0.0025884663703749943,0.000834651141107895,0.0009230419487356199,0.0,0.0011367363503593723
117_H3,0.0,0.002212947546954982,0.00019986967921553994,0.0003621591823261488,1.5611916748442465e-05,0.0005581176650490226
117_NCI,0.0017723089549690485,0.006439417049114502,0.001664233088600697,0.00042682046491157485,0.0,0.0020605559115191643
118_NCI,0.004542364738881588,0.009629114230501484,0.003747271142645434,0.002463945526114328,0.0012120762187313064,0.004318954371374828
119_H1,0.0003287101280875504,0.0003942653715143729,0.000699597988580943,0.001164503647661503,0.0,0.0005174154271688739
119_H3,0.0,9.293097559145485e-05,6.07690728133185e-05,9.4373313607557e-05,0.0,4.9614672402466066e-05
119_NCI,0.0,0.001683828541836223,0.00020215472630586665,0.0004668344611215252,0.0,0.00047056354585272295
120_NCI,0.0,0.0057929139480027815,0.0006747258409165075,0.000996870794011988,2.8332737801786533e-05,0.0014985686641466127
121_H1,0.00044904410606250167,0.0009795749796626331,0.0008452673478062879,0.0009415632051432629,0.0,0.0006430899277349372
121_H3,0.0,0.13242420922173426,0.0006583590434331982,0.0017972453353882916,0.0,0.02697596272011115
121_NCI,0.0006158971227705479,0.046199500456925745,0.0013682250461308871,0.000890101145387,0.0024980030496124274,0.01031434536416532
122_H3,0.0,1.0549945553436613e-05,0.0,0.0003925163393235771,0.0,8.061325697540273e-05
122_NCI,0.0,0.0010447537628099535,4.1346832327998055e-05,0.00013441629716226365,4.998281646776848e-06,0.0002451030347893984
123_H1,0.004146771039813757,0.005179831908275324,0.0010838814519208019,0.0013948763693141294,0.000467664672014289,0.00245460508826766
123_H3,0.0006757746450603008,0.019125044471037782,0.0006360772629652454,0.0006067557980771737,0.0,0.004208730435428101
123_NCI,0.000592494907323271,0.0018636215811345537,8.212509831467623e-05,0.0002780644361699593,2.3128765555940645e-06,0.000563723779899611
124_H3,0.0,0.00035373161197389634,4.747275174033653e-06,0.0005407895667656182,0.0,0.00017985369078270963
124_NCI,0.0037804851308465004,0.019181726684443536,0.002756687156323549,0.000890436490776152,2.001527816378214e-07,0.0053219071230342745
125_H1,0.0,0.0003615963511775751,0.0002640269729981735,7.592173298535028e-05,0.0,0.00014030901143221978
125_H3,0.0,0.00040071109465244397,0.0002118965761571576,0.0002825411354731691,0.0,0.00017902976125655414
125_NCI,0.0,0.002631530436016746,2.4104782787056846e-05,0.00024341013278982127,0.0,0.0005798090703187248
126_H1,0.0016397380968555808,0.0015729008783621544,8.6193682242924e-05,0.0009713368595121545,0.0,0.0008540339033945626
126_H3,0.0,0.008512693792223738,0.0001351861363137682,0.00036691111704230595,4.336643541234019e-05,0.0018116314961984302
126_NCI,0.0005922800628468394,0.01118222990160615,0.00019442813939784254,0.000186119684568217,2.312876554988242e-06,0.002431474132994807
127_H3,0.0,0.00039074627300942987,0.00011430304647876461,0.0001009063243129144,3.6379970487182626e-05,0.0001284671228576583
127_NCI,0.0,0.00034561131467356494,0.0006212884640365179,0.00017132934560342222,4.636266185561469e-05,0.00023691835723382393
128_H3,0.0031019060406833887,0.0024765689150431105,8.091160387865437e-05,8.103156182209649e-05,0.0,0.00114808362428545
128_NCI,0.0,0.002033474127081583,0.0006816563064285178,0.0001590758285289404,0.0,0.0005748412524078083
129_H1,0.0,0.000606803870100555,0.0002870006610511922,0.00010719576597181837,0.00016314039988474382,0.00023282813940166185
129_H3,0.0,0.0018735403215503234,0.00044686917433419706,5.1391184708210285e-05,0.0,0.0004743601361185461
129_NCI,0.0,0.002079482946015871,0.0008305688604627444,0.0001285892548856676,4.336643541234019e-05,0.0006164014993553246
131_H3,0.0,0.0005972874389087344,2.1178196377045223e-05,6.9006886673441e-05,0.0,0.00013749450439184412
131_NCI,0.000321132451063022,0.005452550125248252,0.00026907698211794224,0.00021636718495242596,0.0,0.0012518253486763285
132_H1,0.0005577048868872225,0.007691584653965344,0.0018777313336120602,0.0004308074057573478,0.0,0.002111565656044395
132_H3,0.0,0.000773598866873717,2.8250855749326966e-05,0.00025275956111001996,0.0,0.0002109218567466128
132_NCI,0.0042881895788013935,0.009042215779615122,0.00195125530733324,0.0011902716031293133,0.0014274495880324282,0.003579876371382299
133_H1,0.00716590229421854,0.00637534436853081,0.001893558600043879,0.00013196705958255656,0.0,0.003113354464475157
133_H3,0.0,4.05889640755232e-05,3.5724260375364567e-06,9.826435173179384e-05,0.0,2.8485148368970704e-05
133_NCI,0.012951919808983803,0.0003814764074044947,0.00040831980999120007,0.0004278881513186781,0.0,0.002833920835539635
134_H1,0.0034918528981506824,0.032108892566435246,0.007781890921864977,0.008023834189090603,0.0012439628195108124,0.010530086679010465
134_H3,0.0028828836511820555,0.007288275599523356,0.0008346873610437338,0.001940948453307846,0.0007622419067105693,0.002741807394353512
134_NCI,0.004697760101407766,0.029970625253108736,0.009211894921059347,0.009682144409157583,0.008624008367409135,0.012437286610428514
135_H1,0.0,0.006026025300063779,0.00356353349276284,0.003789283810544765,0.07995864802119024,0.018667498124912325
135_H3,0.0,0.0011484349126927849,0.00026615938295556165,0.0006349468487006795,0.0,0.0004099082288698052
135_NCI,0.01739613153040409,0.07886928856858842,0.004113382612137089,0.003970643108912381,0.0,0.020869889164008396
136_H1,0.0,0.014177593480744582,0.0001747050811731415,0.00032800120774939003,0.0,0.0029360599539334227
136_NCI,0.015923822298645973,0.0017664115215117247,0.0036200780521555994,0.0008942929680624428,0.0,0.004440920968075148
137_H1,0.03755898028612137,0.06752452613417273,0.06176376881779719,0.011803054227831402,0.004394116848474986,0.036608889262879536
137_H3,5.9040325140813366e-05,0.009834371455687215,0.0037259676791079376,0.0011770694754252942,0.0,0.002959289787072252
137_NCI,0.0033626859076321125,0.07911985108151784,0.012762533264375372,0.012501040587556125,0.007818680167066041,0.023112958201629497
138_H3,0.0,0.0003784046866727402,5.037444570729736e-05,0.0,9.465352511234391e-05,0.0001046865314984763
138_NCI,2.4645176381454803e-05,0.0030418741002402124,0.00032230678444569906,0.00042012505952860837,3.415940758402111e-05,0.0007686221056359991
139_H1,0.0,0.004639605884841426,0.000835205485866155,0.0008119956336908663,0.00044407229862236354,0.001346175860604162
139_H3,0.0,0.00016851698170897974,8.104988585475887e-07,2.4462886196946457e-05,0.0,3.875807335289475e-05
139_NCI,0.0002010404714383185,0.0024336936497499025,0.0018260459461938204,0.0009588523105208874,6.938629668397718e-07,0.0010840652481739538
140_H1,0.00290113827213645,0.0006177010045333273,0.0014771170424896939,0.0025824061932355337,0.0,0.001515672502479001
140_H3,0.0,0.006867178646638801,0.0024567006708220117,0.003497014702313398,0.0,0.0025641788039548422
140_NCI,0.004777349531650543,0.002495258885289783,0.001842680211831775,0.0007766876417041637,0.004341900984449455,0.002846775450985144
141_H1,0.02119692973792553,0.524205922846067,0.34035366472562933,0.12125992291129166,0.26588935778607203,0.2545811596013971
141_NCI,0.014211157336831093,0.3697655629453409,0.016872767425053215,0.17965185857445845,0.0059616674693863765,0.11729260275021403
142_H1,0.11746454983949661,0.014454125316104119,0.011492443173607541,0.004619313481282581,0.03458338479008034,0.03652276332011424
142_H3,0.0,0.004796256285880777,0.00010901425581091745,0.00016260646171216062,1.8691991376254185e-05,0.001017313798956022
142_NCI,0.04119275510311127,0.06880563250250732,0.0008448274390277831,0.0009453412144845955,0.00014899485617290357,0.022387510223060774
143_H1,0.11836417019367218,0.07830516395625749,0.03423045263222352,0.00048714980318209785,0.0,0.046277387317067056
143_H3,0.0,6.515529128270834e-06,0.0,0.012194229566251403,0.0,0.002440149019075935
143_NCI,0.004308293107897043,0.014277766112798348,0.0009104229955184079,0.0016159149703837816,7.871008027339744e-05,0.004238221453374196
144_H1,0.0,8.911754136571791e-05,0.00017610028564455944,0.0001977698934117092,0.0,9.259754408439732e-05
144_H3,0.0,6.850494859148498e-05,7.771815709389777e-06,2.5684071734217067e-06,0.0,1.5769034294859295e-05
144_NCI,0.0021531949751079082,0.00021163357291375786,2.1947252371250158e-05,6.734698931695994e-05,6.696223712247392e-05,0.00050421700536647
145_H1,0.017227323725819588,0.30841437880745143,0.12315823559361026,0.06382178549296916,0.004098641196411959,0.1033440729632525
145_H3,0.7217287421226501,0.012279422874762124,0.032926791976356284,0.05863071719081342,4.683575024552934e-05,0.16512250198296552
145_NCI,0.0014741839841008186,0.04918240488135639,0.009959011350061537,0.003498198014758838,0.006357365390550536,0.014094232724165625
146_H1,0.0017519318498671055,0.0021803924224610785,0.0017933225098817225,0.002710199887342796,0.0,0.0016871693339105404
146_NCI,0.0,0.004955062352403042,0.002756547392835466,0.0016275069421136513,0.0,0.0018678233374704318
147_H1,0.0,0.027840037885050586,0.0006187707669864538,0.0005879762216899749,0.0,0.005809356974745403
147_H3,0.0,6.191217124385768e-05,5.942468872180672e-05,0.00042124216749820975,0.0,0.00010851580549277483
147_NCI,0.028801362961530685,0.19484495820906064,0.0029049005695457003,0.0007405636914167631,0.0,0.045458357086310755
148_H1,0.007632117718458176,0.030085426663605183,0.008136974643971276,0.003899208106413301,0.04322359528196066,0.01859546448288172
148_H3,0.000900055980309844,0.0003104867591369625,0.0004168910435720675,0.00019178989468463954,0.0,0.0003638447355407027
148_NCI,0.0016754470998421311,0.005972686328686731,0.030981054073852918,0.01439980278591214,0.0,0.010605798057658784
149_H1,0.010604238137602806,0.038208736487840594,0.0014843496750354649,0.0013701888672622803,0.0,0.010333502633548229
149_NCI,0.0025768778286874294,0.0016347891972934643,0.0015700631407224684,0.002338127802653704,0.0,0.0016239715938714133
150_H3,0.004896816797554493,8.506707994912514e-05,0.0003167856435980864,0.014111575521245893,0.0,0.0038820490084695196
150_NCI,0.003998668398708105,0.10194561032791816,0.003520811584603238,0.0003128396891202732,1.7346574164936076e-06,0.021955932931553256
151_H1,0.005491547752171755,0.014104307652621864,0.0015100263268034739,0.001052396332883733,0.0005829068439929893,0.004548236981694763
151_H3,0.0,0.0004943731688153671,4.912040499220345e-06,0.00036018059470644645,0.0,0.00017189316080420676
151_NCI,0.0,0.002743761080039704,0.0013489121364298484,0.0003583223075631902,0.0,0.0008901991048065486
152_H1,0.020443007349967957,0.0020259808710468966,0.0004298058705738104,0.0007215581087971173,0.0,0.0047240704400771565
152_H3,0.00020760681945830584,4.496576719280711e-05,0.00022768174363027273,0.0006894375760030837,0.0,0.0002339383812568939
152_NCI,0.0,0.003838618552681748,0.0005928542127165418,0.0005946087158893469,0.0,0.0010052162962575274
153_H1,0.030610185116529465,0.26480244154722726,0.067948344330909,0.007572915849115866,0.0,0.07418677736875631
153_H3,0.0,0.0016832762417504155,0.0008603774963028349,0.0011407244265752977,0.0,0.0007368756329257096
153_NCI,0.0,0.00028746669479758167,0.0003426889139150679,0.00011808628167910065,0.0015611916748442469,0.0004618867130471994
154_H1,0.000499756948556751,0.002497975398665601,0.0006836589609878354,0.0005111553545200368,0.00023960183810189101,0.000886429700166423
154_H3,0.0,0.0008177277290708532,0.0005502452410766194,0.00048680682780274476,0.0,0.00037095595959004345
154_NCI,0.0005390236619859934,0.0058401802375005665,0.0006376009196423233,0.0006923909758412496,0.0,0.0015418391589940266
155_H1,0.0012650566641241312,0.002491294000096971,0.0015214580574475914,0.0006257305905251883,1.677413722019111e-05,0.0011840626898828146
155_H3,0.0,0.0003453191204934786,0.00021516764856424237,0.0016269809326181607,6.612566238872858e-06,0.00043881605358295087
156_H1,0.0017237139400094748,0.0029296058043936694,0.004227194174526831,0.0037080414219680005,1.1885959193350277e-05,0.002520088260018265
157_H1,0.0,0.021237623421646562,0.00056731669216959,0.000457227425811537,0.0,0.004452433507925538
157_H3,0.0,0.008812318291787111,3.666960705218398e-06,0.00020833535839146988,0.0,0.0018048641221767598
158_H1,0.0006764564896002412,0.05188806703746194,0.0019251501493135195,0.0008943715437958862,9.840924070795923e-05,0.01109649089217591
158_H3,0.0014923029812052846,0.05358838199656868,0.0010104156310470304,0.00026350141989841164,0.0004898368286727012,0.01136888777147842
158_NCI,0.0,0.00019161409497923146,0.0007323610180634362,0.00036435863283579864,0.0008914514600454477,0.00043595704118478285
159_H1,0.0003923371259588748,0.0020793522876076777,0.0005485902551566428,0.001075133710521193,4.2499106704093384e-05,0.0008275824971896963
159_NCI,0.0013832036638632417,0.00502139573963754,0.0007582492702849583,0.0006142920074832669,2.8914099433034202e-05,0.0015612109561404083
160_H1,0.0,0.010978865515584088,0.0006524899650834007,0.0006485177035960055,0.0,0.002455974636852699
160_NCI,0.006774322595447302,0.0006374603996133867,0.0008416220577706392,0.0011913681849438863,0.0,0.001888954647555043
161_H1,0.004448243882507086,0.19476066708138326,0.017234967363980103,0.026862633419172593,0.013433900243409434,0.0513480823980905
161_NCI,0.0015358391683548689,0.08228313544508517,0.015855790962443495,0.012597695904705811,0.0019873785062482397,0.022851967997367516
162_H1,0.02539815939962864,0.08983731601032323,0.02664530274656859,0.002544852152603302,9.066476096923066e-05,0.028903259014018596
162_H3,0.002259250730276108,0.012338076308559678,0.002461963257046989,0.0023694633742345887,7.401204977739453e-06,0.003887230975019021
162_NCI,0.0006625496316701174,0.0637549525458282,0.0034562440738701568,0.0006541769722498517,4.336643541032078e-06,0.013706451973431875
164_H3,0.0,0.00011483338862880395,3.3412764186333704e-05,0.0015819236078934912,0.015969993843681106,0.003540032720877947
165_H1,0.0018549291417002678,0.007954077094955726,0.011463520817319214,0.003405290541053019,0.0011190817579471895,0.0051593798705950825
165_NCI,0.01215010229498148,0.060828665458107826,0.007736743965230778,0.005748992449891741,0.004505492539356181,0.018193999341513604
166_NCI,0.0006103373598307371,0.1779049147593323,0.0038684134383041723,0.0007426077500910886,0.00926229413837478,0.03847771348918662
167_H1,0.02921135351061821,0.006508079200476374,0.004497043933752544,0.0055213372196640685,0.007457610995338542,0.010639084971969947
167_NCI,0.0006687139975838363,0.00717521744472648,0.004865600279298619,0.005710424243741464,0.0,0.0036839911930700796
168_H1,0.0,0.0,0.00026874121145429436,0.0007171637510039221,0.0,0.00019718099249164332
168_H3,0.0,0.00121965320246919,0.0,0.0015403239852487146,2.365441941495645e-07,0.0005520427463824109
169_H1,0.10938408225774765,0.0007828948287386005,0.007361891244387022,0.011335755354736828,0.0,0.025772924737122022
169_NCI,0.0014007581630721688,0.010239858627290222,0.0008050461214224745,0.0008080596376996994,0.0,0.0026507445098969133
170_H1,0.0014000878436490893,0.017931408379236152,0.0006245774767873167,0.0005919498973022775,0.00014224190815247584,0.004138053101025462
170_H3,0.000552827725186944,0.002839584090641654,0.00018534801507311615,0.00038334200008485454,0.000310089287167974,0.0008542382236309085
170_NCI,0.0004476129834074527,0.00024111043098127275,0.00037644597988366227,0.000637819172442666,2.775451866389772e-05,0.00034614861707579027
171_H1,0.0037094561848789454,0.01704952917953181,0.0033348252714860147,0.001458239717554276,0.005130750177380026,0.006136560106166215
171_H3,0.0,0.00027774584399018593,0.0005987319067970281,0.000739976830605787,0.0,0.0003232909162786002
171_NCI,0.0023192516528069973,0.014714219271378302,0.00045765460165059343,0.00018685645687977284,0.0,0.0035355963965431328
172_H1,0.0,0.0002764819276940874,0.0002194814309407215,0.00011857272892929651,0.0,0.00012290721751282108
172_NCI,0.0,0.000511052179188159,8.568516349341175e-05,0.00012594108198025274,0.0,0.0001445356849323647
173_H1,0.006133061368018389,0.0021073724286351726,0.0015942575221990429,0.0006216187385386443,0.0,0.0020912620114782498
173_NCI,0.0032400833442807198,0.0058308965354437435,0.000922965266607927,0.00016278678620767548,0.0009719863723759245,0.002225743660983198
174_H1,0.0,0.010209450010428642,0.0030073191797284748,0.010211895225097524,0.0,0.004685732883050928
175_H1,0.0017826614202931523,0.002046500954987739,0.00084956443158753,0.0013561466358516037,1.3877259326698403e-06,0.001207252233730539
175_H3,0.0,0.0019035264545924715,3.410134071067241e-05,0.00011666560313945035,8.499821340818677e-05,0.0004278583223701562
175_NCI,0.0,0.0025832228026861684,0.00031284465941606364,0.0008551595463734483,0.0,0.0007502454016951361
176_H1,0.0026136443484574556,0.017663057889163076,0.005813259273475362,0.0046782618595858135,0.0006967318230935944,0.0062929910387550594
176_H3,0.0,0.00041696729890980204,0.00041974312246449924,0.000545580148352068,0.0,0.0002764581139452739
176_NCI,0.020633405074477196,0.006860896647757994,0.005642479646450548,0.001150998014269531,4.533238048612989e-05,0.00686662235268828
177_H3,0.0,5.141216559402376e-11,0.0005578284048369804,0.0004258156188013001,0.0,0.0001967288150100892
177_NCI,0.0007477101171389222,0.00347353714883665,0.0010902471548165675,0.0006087676918524714,0.0,0.0011840524225289223
178_H1,0.008451900444924831,0.003405316441390551,0.00024388040578594857,0.0007803158285118753,4.0664690597868966e-05,0.002584415562242215
179_H1,0.005025201011449099,0.0072896728098711125,0.005312725198418479,0.00524730684211403,0.0,0.004574981172370545
179_NCI,0.0,0.0025665576745494394,0.0008515936584535335,0.0009685195649219361,8.03724602978064e-05,0.000893408671644543
180_H1,0.002217194065451622,0.009821399141839623,0.004268495799445864,0.0006975973297814384,0.0,0.0034009372673037093
180_H3,0.004304893314838409,0.01440999050656859,0.015327687031219419,0.028574691078373328,0.0,0.012523452386199951
180_NCI,0.010206280276179314,0.04147710493636722,0.004170022386360991,0.005038744018379669,0.0,0.01217843032345744
181_NCI,0.02130700834095478,0.012172180347407002,0.018018269790306383,0.0016824789048257933,0.00017205874174573758,0.01067039922504794
182_H3,0.0006402895669452846,0.0001949465832171748,5.673987341424401e-06,6.350350937774942e-05,0.0005247338684897201,0.00028582950307427064
182_NCI,0.0037510173860937357,0.0033660570517161266,0.0022536999697206957,0.00237977721993627,0.00015008916789553543,0.0023801281590724727
183_NCI,0.0012571754632517695,0.028469053443828597,0.020210504796280473,0.013596762091463559,0.0107338294742923,0.01485346505382334
184_H1,0.0008277282468043268,0.8339543419669695,0.0044432973279557985,0.007575657396256046,0.0005348504506161228,0.16946717507772036
185_H1,0.0010919830529019237,0.003885879612274674,0.005957320047498771,0.005541717744614649,0.0002995491782998767,0.003355289927117979
185_H3,0.0,0.0,0.00014130208318615845,0.012884358584469385,0.00013009930623702055,0.0026311519947785126
185_NCI,0.0006645266548730433,0.005584518653561503,0.0019090949558162292,0.0065590293447788635,2.0815888972882643e-06,0.002943850239585385
186_H1,0.0010397253790870309,0.02825251250566352,0.000602953805478797,0.00029444003667729426,8.30157477726047e-06,0.00603958666033678
186_H3,0.0,0.0011413248656790061,0.00038420520203997203,0.0012180909798401515,0.00017067499123972704,0.0005828592077597713
186_NCI,0.0013755824184045196,0.00447050017045938,0.0007918394803887841,0.003154808098632006,2.3128765555940645e-06,0.001959008608888057
187_H3,0.0,0.009648429974327017,0.0002551363626194817,4.103724429120759e-05,0.0,0.0019889207162475412
188_H1,0.0014719831524416804,0.0002372744681850533,0.0015725244060638929,0.0010179459764853589,0.0,0.0008599456006351972
188_H3,0.0,0.0005435372204328855,0.00043506957530363037,0.0002040443270890696,0.0,0.00023653022456511709
188_NCI,0.0006608712719753385,0.006719926071982166,0.0010581058623618227,0.0013140412465928336,0.0007148625380069673,0.0020935613981838256
189_H1,0.010134858079254627,0.0013584331866382437,0.013665157799689142,0.004236532877906241,0.0002207013092899452,0.00592313665055564
189_H3,0.0,0.0016933606852281705,0.0005179026686574054,0.004226319659930304,0.0,0.001287516602763176
189_NCI,0.0237919669598341,0.04442585387231733,0.006097165465056824,0.003283751061449422,0.0,0.015519747471731534
190_H1,0.0,0.0026756505301127774,0.001025284917935629,0.000942976228436059,0.0,0.0009287823352968931
190_H3,0.0,1.1775044071543742e-05,0.00020216700266235068,0.00014668126515036836,0.0003318894056999539,0.00013850254351684333
190_NCI,0.0008761602221056819,0.0007725439535004653,0.0010512416333700266,0.0008784858015079886,2.775451866389772e-05,0.0007212372258296121
191_H1,0.02747880294919014,0.0006826429266690259,0.005218030339959027,0.0013914160285647913,6.93862966597443e-06,0.006955566174809792
191_H3,0.0,0.0005748405644757732,0.00014032635093211293,0.0005737950158946299,0.0,0.0002577923862605032
191_NCI,0.0,0.03404053605719745,0.003090939606846772,0.0004752752108550675,0.0,0.007521350174979858
192_H1,0.0024701214861124754,0.001824971391406661,0.0009291113959350793,0.0003437806116776792,0.00018015693520652092,0.001149628364067683
192_H3,0.0,0.001984849546586203,6.591606324632816e-05,0.0011144774915608426,0.0,0.0006330486202786748
193_H1,0.008106084540486336,0.000764751081338365,0.0009060211854252084,0.0007933436836490037,2.096327819310186e-05,0.0021182327538184025
193_H3,0.0,0.0001639634901074461,0.00033074742122398147,0.0003042326808424573,0.0,0.00015978871843477698
194_NCI,0.0005112185026519,0.009085573097219015,0.0007346034780134995,0.00018163315837083197,0.00019970312342323915,0.0021425462719356974
195_H1,0.0007749990909360349,0.0008334100535956167,0.002158156781570358,0.00034290455371808955,2.2955299811908382e-05,0.0008264851559264015
195_H3,0.0,0.008162309993019083,0.0007800511265119019,0.001310897032625399,0.00443083751941066,0.0029368191343134087
195_NCI,0.0010202230187132955,0.019069340523201722,0.001017306535271485,0.0002949332333098429,0.0,0.00428036066209927
196_H1,0.0,0.009739140648539278,0.0012054270700504628,0.00011951379865964186,0.0014727241466097366,0.0025073611327718235
196_H3,0.001747758244164288,0.0,0.0002064243185542722,0.00010190683228731343,0.0,0.0004112178790011747
196_NCI,0.0007469058036804199,0.013591572208284972,0.007216912976226206,0.0005395718384794275,2.775451866389772e-05,0.0044245434690669844
197_H1,0.001447209040634334,0.015314159997065504,0.0009470261169729768,0.0008291016830843552,0.0017780334152744466,0.004063106050606323
197_NCI,0.001621344592422247,0.00977275549710173,0.0006917879518288861,0.0009702814733678439,2.8332737802392354e-05,0.00261690045050462
198_H1,0.0009355181246064603,0.0029418197669281933,0.001008419914443546,0.001470541920492448,0.002248405121332947,0.0017209409695607193
198_H3,0.0006532135303132236,0.001954802958263998,0.000781743173206129,0.001587119786829201,6.170718079301747e-06,0.0009966100333383707
198_NCI,0.0014107448514550924,0.005002513298140993,0.0026613902305595593,0.0015816371766005477,0.0,0.0021312571113512382
199_NCI,0.0012683134991675615,0.005800319672408291,0.0008270706767523585,0.0007801165963684462,0.00015719787091177692,0.001766603663121687
200_H1,0.00355093483813107,0.0004108355298827842,0.0004536871032019473,0.0007786086394730706,4.757917485170372e-05,0.0010483290571081153
200_H3,0.0,0.0,1.3584169474521445e-05,0.0,0.0,2.716833894904289e-06
200_NCI,0.0006297932122834027,0.0009236763054886699,0.0003915920857812124,0.0008411878961355828,6.723641693931084e-05,0.0005706971833256357
201_H1,0.0006825675955042243,0.003175382411738941,0.0006842057180958108,0.0003071214368465446,0.00016192242757316248,0.0010022399179517368
201_H3,0.0,0.003839573654358586,5.689648792189325e-05,0.00013712875764049633,0.0,0.0008067197799841951
203_H1,0.0040708729065954685,0.11947669153192018,0.002110827610436574,0.0040178313454742615,0.004424057056670996,0.0268200560902195
203_H3,0.0,0.0019591637708830326,0.00010198908089139726,5.496130429650982e-05,0.0,0.00042322283121418793
203_NCI,0.001082211034372449,0.006083080252775767,0.0012699448814515162,0.000201289224392349,1.7346574164936076e-06,0.001727652010081715
204_H1,0.11066895723342896,0.015495842908295369,0.0019624334873910845,0.009719998143282893,0.0001781115100346133,0.02760506865648658
204_H3,0.0,0.0,0.0018887666492948326,0.018226118649033625,0.0,0.004022977059665691
205_H1,0.001916756620630622,0.016316322739457136,0.0036682613474020077,0.0034176413840001714,0.0018083566986655214,0.005425467758031092
205_H3,0.0004992710892111063,0.11960149128079221,0.004480644423961026,0.004637049240010891,0.004559951811174864,0.02675568156903002
205_NCI,0.002613716060295701,0.050964980493032164,0.009036259898031371,0.009420888726232474,0.003949376225056687,0.015197044280529681
206_H3,0.002885215450078249,0.026962507419963002,0.003479068953428631,0.004353721454823715,0.0026982668390728016,0.008075756023473279
206_NCI,0.0029488480649888515,0.03488916061075658,0.009329315655674391,0.008745069469351203,0.005239240773499516,0.012230326914854107
207_NCI,0.007335601840168238,0.004469557824473771,0.0006127499993128565,0.0001931656280857911,4.610212043139272e-05,0.0025314354824944097
208_H1,0.0,0.034388660980819455,0.0006615078931425453,0.0005183497101071718,3.397189603362432e-05,0.007120498096020558
209_H1,0.0004908916307613254,0.001068610163125844,0.00018569504648209602,0.00010223690755445916,0.0,0.0003694867495847449
209_H3,0.0,1.9332175650649045e-05,0.00011450893212750284,2.7743655065895897e-05,3.816246316285936e-05,3.994944520138142e-05
209_NCI,5.278257594909519e-05,0.000376719244301001,0.00019884751978252018,9.148461101492496e-05,0.00016030978619133426,0.00017602874744777512
210_H1,0.00090440345229581,0.005154964504062303,0.0015242274632757385,0.0009519137358465664,0.000642076684309152,0.001835517167957914
210_NCI,0.0007286657928489149,0.002192412885801912,0.000972584787216028,0.0007446530046330723,0.0,0.0009276632940999855
211_H1,0.0055574579164385796,0.003168191868285576,0.0024789862384551856,0.001170584606215101,0.0008335028886251784,0.002641744703603924
211_NCI,0.0,0.000925331097764357,0.0005848454209669839,0.0029338897993746262,2.6728179691853047e-05,0.0008941588995595639
212_H1,0.0007391918916255236,0.0007460174764935407,0.0016419733810260474,0.001796538175598675,2.4726752993242252e-05,0.0009896895355474057
212_NCI,0.000753581989556551,0.000689565592224051,0.0011133201819596495,0.0007716431037418747,0.0,0.0006656221734964252
213_H1,0.002776551991701126,0.0034224295951579982,0.002062746008626497,0.0013609465262550578,0.0,0.0019245348243481363
213_H3,0.001352111459709704,0.021021903222675272,0.0016660112839060358,0.0017056147079168274,1.8585615177683655e-05,0.005152845257877105
213_NCI,0.00129471137188375,0.010834126617160243,0.003428068489467209,0.0013441261599925738,0.002249602074729116,0.0038301269426465777
214_H1,0.011683695949614048,0.012464533893387536,0.006102555888594047,0.002695992816952984,0.0036798003666457958,0.007325315783038883
214_H3,0.0,0.0001248869641262701,0.0032700815663524734,0.0037662635636159167,0.0,0.001432246418818932
214_NCI,0.004165916237980127,0.018510570008116088,0.0020068028342193904,0.0026961175873038905,0.0,0.0054758813335239
215_H1,0.0038461717776954174,0.00846133282027892,0.0008776757681568092,0.0008206486687720365,0.0,0.0028011658069806364
215_H3,0.0004945900873281062,0.0012005379613962228,0.00010637360797411401,2.6295546203700597e-05,0.0,0.0003655594405804287
215_NCI,0.0009119911701418459,0.04343975963975841,0.0009510771401700176,0.0011487372352190068,0.0009050805378048869,0.009471329144618833
216_NCI,0.023011339828372,0.0875454286151499,0.00598170813740411,0.00514935045973566,0.00013162412606098533,0.02436389023334453
217_H1,0.004731309600174427,0.0013624636559246247,0.0009570925710305538,0.002079679583096446,0.0005482407004130186,0.0019357572221278137
217_H3,0.0,0.0006916151815990495,0.00010421109113421185,0.0005914996303413971,0.0,0.0002774651806149317
217_NCI,0.0002907839952968061,0.003921972828267236,0.0020790097423731392,0.0009220007670140183,1.1742296360459179e-05,0.0014451019258623317
218_H1,0.00018678898049984127,0.003694548454665176,0.004453853317525301,0.0005734977380825885,1.4166368901095206e-05,0.0017845709719348005
218_NCI,0.012635153718292713,0.0036736836055820355,0.008188433676108801,0.0004258638358996042,2.497906679653863e-05,0.004989622780535939
219_H1,0.0,0.0035362028670541212,0.0017199643858936812,0.0002057230799169095,1.6190135886735162e-05,0.0010956160937502894
219_NCI,0.007191293407231569,0.005533001925781552,0.00035307114574967047,0.0004802322235110753,3.022158698853191e-05,0.0027175640578524793
220_H1,0.0,0.0017290361589318527,0.00038653934587936023,0.00020679020013127816,0.0,0.0004644731409884982
220_H3,0.0,0.0035133731455386187,7.668376684437156e-05,0.0009052976695130561,0.0,0.0008990709163792092
220_NCI,0.0,0.0008350640397617186,0.00012578561337755128,0.00027636508763631903,0.004570838813011442,0.001161610710757406
221_H1,0.003368062200024724,0.0015367902909522303,0.001518025784697437,0.0016494525979486162,0.00025972796898322744,0.0016664117685212473
221_H3,0.0,0.011169778722144712,0.0007301451362029889,0.0009511510699846107,0.0,0.0025702149856664624
221_NCI,0.0012006936594843864,0.001887963626568701,0.00293376630921488,0.00915235000740652,0.0,0.0030349547205348977
222_H1,0.0004516926419455558,0.0004878000105329222,0.000781106539417135,0.0017769909797695346,0.0,0.0006995180343330295
222_H3,0.0,9.348415485607287e-05,5.8522531429210736e-05,0.00015021323123764221,0.0,6.044398350458517e-05
222_NCI,0.0010873322607949376,0.0010770321886577421,0.00030123960818182925,0.00017585412347518388,3.47699880920919e-05,0.0005352456338403569
223_H1,0.011498930864036083,0.0012730248051444864,0.0027366171776401697,0.005213995026626775,0.0,0.004144513574689503
223_H3,0.0016734427772462368,0.031778321184510634,0.0004553916332351883,0.02386734784262551,0.0,0.011554900687523514
223_NCI,0.0005221731262281537,0.003602203841193756,0.0010721738177241582,0.00030348319224426907,0.0001163735588751637,0.0011232815072531003
224_H1,0.0012118591694161296,0.0029104002357064145,0.0006318124777953567,0.0008494581749637714,0.0005793171711162503,0.0012365694457995846
224_H3,0.0,0.00017648396967755061,0.0001684365408204853,3.7728934603433485e-05,0.0,7.652988902029388e-05
224_NCI,0.010435178875923157,0.01693545469139036,0.009268925688666801,0.0010676316479681246,0.0,0.007541438180789689
225_H1,0.0008572751539759338,0.0072811197869518595,0.002781649017437739,0.001808378895165291,0.00149016469034429,0.0028437175087750234
226_H3,0.0,0.00017779842351212146,0.0004971222256947863,0.0014139625404416243,1.189479371272399e-05,0.0004201555966722513
226_NCI,0.0,0.0014594737908619879,0.0005157911219555126,0.0018016224899982851,0.0,0.0007553774805631571
227_H3,0.0,0.0,0.0,2.8404677913730927e-05,0.0,5.680935582746185e-06
227_NCI,0.0008478382951579988,0.00027557703830373496,0.007453075834860568,0.0015170876385098182,0.0006709269407591132,0.0021529011495182463
228_H3,0.0007118163048289716,0.018129809078330228,0.0006839983306508721,0.003038060310766311,0.0,0.004512736804915277
228_NCI,0.010675557889044285,0.030395770911488762,0.006290067036076002,0.0045003033240428696,0.0004397356550950634,0.010460286963149396
229_H1,0.07456191629171371,0.2890346999548508,0.026694559026155983,0.035463682304617605,0.00012304286898948334,0.08517558008926553
229_H3,0.0,0.0008840117318732304,0.0007761787233963154,8.937005924368328e-05,0.0,0.00034991210290264584
229_NCI,0.008499992080032825,0.03288045724301647,0.02473933518710883,0.007389776716921816,0.050093157400897315,0.02472054372559545
230_H1,0.00011874216579599306,0.04559510822362009,0.00840713453410068,0.0034231327432232245,3.0736477373025385e-05,0.011514970828822602
230_H3,0.0,0.0001425350131035712,1.5303943545996965e-05,0.001097375080957508,1.4455478470241553e-05,0.00025393390321546354
230_NCI,0.00048640748718753457,0.003303253357008394,0.002975274102211618,0.00594098405113208,0.0,0.0025411837995079254
231_H3,0.0016591357998549938,0.0022070146476720538,0.0003549934586358028,0.0005005111221078702,0.0,0.0009443310056541441
231_NCI,0.006868988275527954,0.0016980642653042822,0.004052359312958333,0.001863543900938627,0.0013840361045320188,0.003173398371852243
232_H1,0.00017726639634929597,0.0020645938185427613,0.003164856219175075,0.001068873935684949,0.0,0.0012951180739504162
232_NCI,0.0,0.001951111567385996,0.005699707782136969,0.000688082604763289,0.0004756769105799113,0.001762915772973233
235_H1,0.002289422322064638,0.03553250948509569,0.0025922880648886967,0.000814883948812876,0.001811097986645652,0.00860804036150151
235_H3,0.009297629818320274,0.0009030906089983774,0.0002917900966989326,0.0016232764055272044,4.315784990971312e-05,0.0024317889558909
235_NCI,0.0010569053702056408,0.006971270229381341,0.0028619232729597175,0.0026346566465816506,0.00045987525488987727,0.0027969261548036455
236_H1,0.04201963543891907,0.571267658839252,0.5388300056616587,0.2717742174306879,0.1697180120256017,0.3187219058792239
236_H3,0.049927789717912674,0.725138877661479,0.016035670552801654,0.22034917333622156,0.004601066157158631,0.2032105154851147
236_NCI,0.008458435535430908,0.7388948935759706,0.022622127122835695,0.029684919658596508,0.02258668605351634,0.16444941238927002
238_H1,0.0,0.003734891358135469,0.0004761923597999206,0.0010188880998170116,6.929202179678072e-05,0.0010598527679098362
238_H3,0.0,0.0,2.271965540731048e-05,1.0759002063130016e-05,0.0,6.695731494088099e-06
239_H1,0.008517731912434101,0.0039487181736668564,0.0005339107324372616,0.0007948238522704123,2.3583687961736713e-05,0.0027637536717540737
239_H3,0.0,3.2114763810595736e-07,5.7642784592410364e-05,0.00029066824208761374,0.0,6.972643486362601e-05
239_NCI,0.001912653911858797,0.00605695162962869,0.00042951676304284756,0.00048356662160552047,0.0005597161263884358,0.0018884810105048583
240_H1,0.0013009518152102828,0.005155044307711586,0.0020279699701291165,0.001052737730457952,0.0005058702267125418,0.002008514810044296
240_H3,0.00126713200006634,0.005769339774304332,0.0013772385237472535,0.0009270631614789989,0.0022942208319606246,0.00232699885831151
240_NCI,0.0003885430924128741,0.0019496222167547405,0.0020336246615191493,0.0011029063998723929,0.0,0.0010949392741118314
241_H1,0.0010393010452389717,0.09537090279255307,0.001387993951081656,0.0019013656694678626,0.001670512396553976,0.020274015170979105
241_NCI,0.0034024768974632025,0.014600638401803387,0.0016311598134968722,0.00074411239203968,3.7776983736321195e-05,0.004083232897707892
242_H1,0.12006425112485886,0.016758982053154986,0.0038389823363321218,0.0003777745041938484,1.4944740816381084e-05,0.028210986951871235
242_H3,0.0,8.051366019201017e-05,3.587375704613869e-05,0.00021850444854674752,0.0,6.697837315697928e-05
243_H1,0.002426945371553302,0.0001381914213108046,0.0012908712286666606,0.00025064079259464085,0.00546479355949004,0.0019142884747230895
243_NCI,0.006702981423586607,0.009639190562438452,0.0006639556115298861,0.0003598096932315439,1.4166368900691325e-05,0.0034760207319374362
244_H1,0.0009570710826665163,0.018726406885511467,0.0013223142857810295,0.0008647150718420942,0.00015091519523474192,0.00440428450420717
244_NCI,0.0007358038565143943,0.010621939630527641,0.0014598560259675565,0.0015240685856034188,0.023369750545484992,0.0075422837288196005
245_H1,0.0005010777385905385,0.005377950181514567,0.002315118471694659,0.00031380921689997597,0.004169603806391231,0.002535511883018194
245_H3,0.00064372195629403,0.00110919340038438,0.0019315157028153393,0.0006990326913843215,0.0019701765848101262,0.0012707280671376395
245_NCI,0.0010450320551171899,0.01242789005689716,0.0022913252080586925,0.0008112004390136669,0.0008564419981598124,0.0034863779514493045
246_H1,0.00275818700902164,0.06084103144217215,0.001805849172587317,0.0007639498448125418,0.00029864492866576043,0.013293532479451881
246_NCI,0.006870860233902931,0.02399265291344279,0.0007242747150574689,0.0011672157008585176,1.5611916748442465e-05,0.0065541230960020295
247_H1,0.0011731610866263509,0.0007521419755202492,0.00210633909100896,0.0033769314139704115,0.0,0.0014817147134251942
247_H3,8.198826981242746e-05,0.002982975510413199,0.0010429492306791876,0.0007803738842557387,0.0,0.0009776573790321107
247_NCI,0.0,0.0005435133364904709,0.000965118993128535,0.00038265408052182186,0.0016146067328661827,0.000701178628601402
248_H1,6.849363853689283e-05,0.0005499862457289716,0.0004936092796862993,0.0005381365348697165,3.1983778650715826e-05,0.0003364418954945192
248_H3,0.0,0.000796430199356177,0.00012464382894338886,0.00024598426436961114,0.0,0.0002334116585338354
248_NCI,0.0,0.005455323934810055,0.0011211865950846991,0.0007990184518819026,0.0002087371091175256,0.0015168532181788364
249_H1,0.0013043851358816028,0.11996072273108681,0.0027631921384832447,0.0005563668121430074,0.0,0.024916933363518932
249_NCI,0.0017247783252969384,0.00677193622189674,0.0009321995030890194,0.0004239114523573446,0.0002107608761039733,0.0020127172757488034
250_H1,0.0,0.00917635370470744,0.0003880594842228315,0.00073315123107208,0.0,0.0020595128840004704
250_H3,0.004493409302085638,0.006483042661917395,0.0017966052146859686,0.0026762123423986844,0.0,0.003089853904217537
251_H1,0.0,0.02847809471000045,0.0006987492710429726,0.00036737617530150133,0.0,0.005908844031268985
251_H3,0.0,6.910055886381207e-05,0.000384010818944462,0.00043509876897233717,0.0,0.00017764202935612226
252_H1,0.001043985248543322,0.036648785179194794,0.0005613140265065235,0.0010410329254743331,4.625753110178425e-06,0.00785994862656583
252_H3,0.0,0.0022802436087647343,0.0013647862541906258,0.00020343858587428668,0.0,0.0007696936897659294
252_NCI,0.0,0.0036519502789318227,0.00040934855249156213,0.0009031617570727878,0.00034221774031734575,0.0010613356657627037
253_H3,0.0,0.05218188455899403,0.00016641168048724613,0.00122640448750663,9.771903446284344e-05,0.01073448395229015
253_NCI,0.0,0.0014614276836820567,0.004250988179400441,0.00018243680657251742,0.0,0.001178970533931003
254_H1,0.0,0.0067325661285862915,0.0019667449194120724,0.0012958951417423085,0.0006296806421865737,0.002124977366385449
254_H3,0.0,0.00041400419829202314,0.0001542603712599271,0.0003433931512688024,0.0,0.00018233154416415052
254_NCI,0.0,0.0029058380214255827,0.0010321438517493851,0.00023919528160730444,2.3128765561998862e-06,0.0008358980062676945
255_H1,0.0007484128582291305,0.00014795979580400133,0.00015410251933960773,8.553589075829915e-05,0.0,0.00022720221282620775
255_H3,0.0,8.453407894906239e-05,2.6198011794709898e-05,0.0001629742058834051,0.0,5.474125932543548e-05
255_NCI,0.0006110490066930652,0.00045913004988467243,0.00046268583902611503,0.0006298108920218137,0.004600827094297451,0.0013527005763846235
256_H1,0.0028949270490556955,0.017087726124803887,0.001452700758454045,0.0010302574864807495,5.55090373350653e-06,0.004494232464505577
256_NCI,0.0027173443231731653,0.00734459721111574,0.0004639569257044052,0.00023045223793693802,8.922221685996887e-05,0.0021691145829580436
257_H3,0.0,0.0007581863877211403,0.0004513678732550402,0.0003436320870584066,0.0,0.00031063726960691747
257_NCI,0.002097516553476453,0.005825258028509828,0.001944585381341535,0.001999689157942488,0.0,0.0023734098242540608
258_H1,0.0016492835711687803,0.0030729531021692624,0.0011773817518968932,0.000749976391090958,9.251506221164613e-06,0.0013317692645094118
258_NCI,0.015965105965733528,0.05534483146055096,0.010297699361510251,0.0014612864198124203,0.00010930943710319609,0.016635646528942075
259_H1,0.00011222971807001159,0.0020380034275526314,3.297957753100392e-05,0.00038744098642222896,0.00014784012072089462,0.000543698766059354
259_H3,0.0,0.003404037785782074,0.00014118482254374395,4.624996807374788e-05,0.0,0.0007182945152799131
259_NCI,0.0,0.0280664574435984,0.0015443425283897575,0.002299866132520591,0.0,0.006382133220901749
260_H1,0.0009349758620373905,0.005530565340320313,0.0018456584494870405,0.0002830483016204449,0.0,0.0017188495906930376
260_H3,0.011796743609011173,0.00024175298756039593,0.00044116083473506374,0.0006103041000871751,5.782191384946346e-07,0.0026181079501064607
260_NCI,0.0,8.593340654453396e-05,0.0002856462973737734,0.0004466890586025002,0.0,0.0001636537525041615
261_H1,0.0014130669878795743,0.012921588773491567,0.0009579167275968482,0.00045775537079352524,0.0,0.0031500655719523033
261_H3,0.0,0.0007124186664556692,0.00019743430421736725,0.00040018589608262466,0.010683697841678493,0.002398747341686831
261_NCI,0.007156721781939268,0.0010848037911706505,0.00242455402438359,0.0013061151119773678,0.0,0.002394438941894175
262_H1,0.000245526316575706,0.00497414990737587,0.0002425133612366867,0.0003911710018494309,0.0,0.001170672117407539
262_H3,0.0,0.0009411165685276479,0.00020123572251199714,0.0001172035844298637,0.0,0.00025191117509390173
262_NCI,0.0009124068892560899,0.00020916992384560382,0.0002238794776821411,0.0003819329568253491,1.561191674824053e-05,0.0003486002328714849
263_H3,0.0,0.00025747850365535186,0.00017248077668602775,0.00019650933944175198,0.0,0.00012529372395662632
263_NCI,0.00036600473686121404,0.0013033116431034309,0.003959724865144034,0.0003459434083321706,0.0,0.00119499693068817
264_H3,0.0,0.0,0.0020102406303401823,0.0012985077685464517,0.0,0.0006617496797773268
264_NCI,0.0,0.004557307515583188,0.0008995220191494204,0.0002671953306158902,0.0,0.0011448049730696998
265_H1,0.0,0.0020883478502171445,0.00012643658261829072,0.00027140377587149723,0.0,0.0004972376417413865
265_H3,0.0,7.077054554320987e-06,0.00020923909835234865,4.892614583698738e-05,0.0,5.3048459748731406e-05
265_NCI,0.0008118155528791249,6.32408482418873e-05,0.00019312765369383612,0.00021198838795286583,0.0,0.0002560344885535428
71_H1,0.0028891977854073048,0.01738690984531326,0.001152185220604043,0.0010223894678962054,0.0002590421741962441,0.0045419448986834116
161_H3,0.004448243882507086,0.19476066708138326,0.017234967363980103,0.026862633419172593,0.013433900243409434,0.0513480823980905
