feature,gbr,BayesianRidge,rf,xgb,mean
1_H3,4.792521552668399e-05,0.3579583298782528,0.004536310431715757,0.001823202008381486,0.09109144188346918
2_H1,5.906219801832965e-06,0.027508136020444104,0.03839180907905273,0.021633988246321678,0.021884959891405084
2_H3,0.0,0.15715773294215257,0.0032402652306931386,0.0,0.04009949954321143
3_NCI,0.00019502711655904246,0.0912336639704124,0.004046337715351919,0.011393199674785137,0.026717057119277122
5_H1,0.0002506937933015967,0.11061708817422045,0.018205504638230136,0.026022624224424362,0.038773977707544136
5_H3,0.0,0.10576468030526766,0.08150407357742555,0.016922486945986748,0.05104781020716999
6_H1,0.0,0.1896119922909355,0.010813104827512748,0.0,0.05010627427961206
6_H3,0.0,0.08784228787553221,0.024534850445196352,0.0,0.02809428458018214
6_NCI,0.0,0.15676640140833611,0.06429162317902976,0.0,0.05526450614684147
7_NCI,0.000583682788629249,0.2548206954032524,0.048673507369717955,0.008191547356545925,0.0780673582295364
8_NCI,0.0,0.026953637129949134,0.04056161123635169,0.0,0.016878812091575206
9_NCI,0.0001633697892015563,0.06716834477616462,0.11066951304745354,0.0036182445473968983,0.045404868040054155
10_H1,0.0013967430408714356,0.30642540620385633,0.03175984385245126,0.02918127551674843,0.09219081715348187
10_NCI,0.0,0.16832508805621346,0.07286993463862337,0.0,0.06029875567370921
12_H1,0.0012471180265522146,0.42384013122608716,0.14415105061464528,0.07731148600578308,0.16163744646826694
12_H3,0.0,0.14201906292037747,0.20385541608818164,0.0,0.08646861975213978
12_NCI,3.3612867708961706e-05,0.08741440033813584,0.07907393321548674,0.0,0.04163048660533289
13_H1,1.0741543378670925e-05,0.29818589469265927,0.006638932893146622,0.0,0.07620889228229613
14_H1,0.00023761371972652004,0.33166155543053244,0.1143909497380219,0.0,0.11157252972207021
14_H3,7.673525770938215e-07,0.017818730955827183,0.010307290210064874,0.0,0.007031697129617287
14_NCI,0.024018717190055053,0.2146392666118106,0.21561280028458188,0.14370514452457428,0.14949398215275544
15_H1,4.1603997149964145e-07,0.18948278051386636,0.015308049160361098,0.0,0.05119781142854974
15_H3,0.0,0.061946457404567334,0.13078613224909866,0.0,0.0481831474134165
15_NCI,0.0,0.2935896806238468,0.1421471933093961,0.0,0.10893421848331072
16_H1,0.0,0.03928781279087114,0.007666253973737386,0.0,0.011738516691152131
16_H3,7.261687358310787e-05,0.06905377064779346,0.0036624826461576047,0.0,0.018197217541883543
16_NCI,0.0,0.0622156461688386,0.01452236574638047,0.0,0.01918450297880477
17_H1,0.00024057648924620534,0.7297795720128389,0.15036918035723168,0.0,0.22009733221482922
17_NCI,1.3522564382803922e-06,0.19435928510354797,0.007177250724555685,0.005051517393440008,0.051647351369495484
18_NCI,5.018330465788006e-05,0.29451330028690603,0.007777830788546658,0.0,0.07558532859502765
19_H1,7.489945643148958e-05,0.06717148069316618,0.025126833450222083,0.0,0.02309330339995494
19_H3,0.0,0.21888304429449643,0.012651647272565108,0.0,0.05788367289176538
19_NCI,9.456068311457211e-05,0.11939648680436755,0.007078727920313754,0.0,0.03164244385194897
20_H1,0.0,0.010018276076838402,0.0037766820802993023,0.0,0.003448739539284426
20_H3,0.0,0.08008513904148207,0.010506968589694044,0.0,0.02264802690779403
20_NCI,1.858582622789649e-05,0.06858077605371911,0.04280669444821241,0.0,0.027851514082039855
21_H1,0.0,0.07174615775923143,0.025199248743800095,0.0,0.024236351625757883
21_H3,0.0,0.09320051205154416,0.0003469174954696833,0.0,0.02338685738675346
21_NCI,1.587620940111173e-05,0.1672190588252857,6.10341531998037e-05,0.0,0.04182399229697165
22_H3,4.398319554657452e-07,0.4149521404637549,0.062325102950979885,0.0,0.11931942081167256
22_NCI,0.041116560528597836,0.30955451071805595,0.3727556976671236,0.12297523766756058,0.2116005016453345
23_H1,0.0,0.12522655336333816,0.004270708773944331,0.0,0.03237431553432062
23_H3,0.0,0.0958509120475391,0.00018033667948973348,0.0,0.024007812181757206
23_NCI,0.0,0.3190951136200289,0.04136918944855213,0.0,0.09011607576714525
24_H1,0.0006347287388771038,0.291919254662773,0.20765932508390506,0.0,0.12505332712138878
24_NCI,0.00019559689730632058,0.4087427910669222,0.04903922076231864,0.0,0.11449440218163678
25_H1,1.2249298342797138e-05,0.09664575055332779,0.002466748388799801,0.0,0.024781187060117598
25_H3,4.951385522647566e-07,0.012560582826163326,0.0,0.0,0.0031402694911788977
25_NCI,3.626276403193318e-06,0.03955328248367863,0.016099350897857502,0.0,0.01391406491448483
26_H3,0.0,0.06519237415861487,0.002774258084251858,0.0,0.01699165806071668
26_NCI,0.0,0.07252915863197826,0.003094343784321481,0.0,0.018905875604074935
27_H1,0.0,0.00340914032391967,0.005258678949404839,0.0,0.0021669548183311273
27_NCI,0.0,0.10258789298666245,0.017445037128023446,0.0,0.030008232528671474
28_H1,4.1641163941639544e-07,0.1899029357661087,0.0028541618720831176,0.0,0.04818937851245781
28_NCI,0.0,0.11176516633541754,0.14459267742207574,0.0,0.06408946093937332
30_H3,0.0,0.008210302297204326,0.0031289563375438323,0.0,0.0028348146586870395
30_NCI,0.0,0.01189232660524708,0.0876997142378911,0.0,0.024898010210784544
31_H1,0.0004301048242556697,0.13346706721957963,0.1382381190766086,0.0,0.06803382278011097
31_NCI,0.0008285675944504489,0.3378862718391562,0.03465264556118677,0.0,0.09334187124869836
32_NCI,0.00032789320508317136,0.35517340586168245,0.019208173735652923,0.0,0.09367736820060464
33_H1,0.0,0.041585448397602115,0.002988596208860497,0.0,0.011143511151615652
34_H1,2.0851544571422587e-05,0.4178031040483138,0.15325064128032967,0.0,0.14276864921830373
34_H3,0.002064274705790779,0.3642787942916163,1.0,0.04978296160697937,0.3540315076510966
34_NCI,2.3742104681172646e-05,0.22690744477856525,0.03795044181551368,0.0,0.06622040717469002
35_H1,0.0003608221483119661,0.005726938824312435,0.18649575761033582,0.007526845671236515,0.05002759106354918
35_H3,0.0,0.006190242463965967,0.05083699658840611,0.0,0.01425680976309302
36_H1,0.0,0.3379016859869029,0.039791320491259996,0.0,0.09442325161954072
37_H1,3.264863908297767e-05,0.22195342263019877,0.04730597373521877,0.0,0.06732301125112512
37_H3,0.0,0.17622125432756777,0.09783881801820085,0.0,0.06851501808644216
37_NCI,1.9582754813709146e-05,0.061847422579124685,0.08635977574732921,0.0,0.0370566952703169
39_H1,0.0,0.049645000543598966,0.10832563498914491,0.0,0.03949265888318597
39_H3,0.0,0.030280407067184302,0.036233506902204046,0.0,0.01662847849234709
39_NCI,0.0,0.27557783229615207,0.10311890937630715,0.03332905471324921,0.1030064490964271
40_H1,1.9559498514445497e-05,0.14827085503745013,0.015128910185756564,0.0,0.04085483118043029
40_H3,0.0,0.05690838888964496,0.03125997016669031,0.0,0.022042089764083818
40_NCI,0.0,0.34798354088263983,0.016399456845835415,0.0,0.09109574943211882
43_NCI,0.0,0.035779674331708304,0.18088365211332413,0.0,0.05416583161125811
44_H1,8.340912464244584e-06,0.1973439625894352,0.009689123751134949,0.0,0.0517603568132586
45_H3,0.0,0.06405894536394724,0.006125949265375482,0.017669513821601868,0.021963602112731146
45_NCI,3.3106726578340716e-07,0.03875799258557668,0.04561938403841578,0.0,0.02109442692281456
46_H1,0.0,0.04321783035884411,0.003919850150382707,0.0,0.011784420127306705
46_H3,0.0,0.08508693078388034,0.00430108108667702,0.0,0.02234700296763934
46_NCI,0.0,0.1868274017019532,1.7843466145068405e-05,0.0,0.04671131129202456
47_H3,0.0,0.054437423764318364,0.009611967624689667,0.0,0.016012347847252008
47_NCI,0.0,0.4557434599962348,0.24028008451852387,0.0,0.17400588612868967
48_NCI,0.0018538641245184407,0.6882383455232517,0.19141052400317898,0.0,0.22037568341273728
49_H1,0.0001369686261761765,0.07730439603897515,0.08281537112495374,0.0,0.04006418394752627
49_NCI,0.0002101654830427952,0.20715971302199074,0.049468290888858554,0.0,0.06420954234847302
50_NCI,0.0,0.34564172493035455,0.0011162514464927633,0.0,0.08668949409421182
51_H1,1.9985162678766578e-06,0.059661358114710406,0.04396476712918457,0.0,0.025907030940040713
51_H3,1.374321524760121e-05,0.16669958208499658,0.03206240733130823,0.0,0.0496939331578881
51_NCI,0.0,0.045905591772797974,0.012112028481836436,0.0,0.014504405063658602
52_NCI,0.0,0.041973981589723076,0.005098161116440211,0.0,0.011768035676540821
54_H1,0.000873594365256236,0.3411205039369256,0.09774372695336614,0.011065606959164143,0.11270085805367804
54_NCI,0.001974030501118526,0.7001146236515877,0.0418352921409727,0.008749285712838173,0.1881683080016293
55_H1,0.0,0.03403929854851361,0.0640073181881563,0.0,0.02451165418416748
56_H3,0.0,0.1292007649977722,0.0,0.0,0.03230019124944305
57_H3,0.00016870563339308045,0.0655513413183509,0.0027740509442594763,0.0,0.017123524474000864
57_NCI,2.48523082411263e-05,0.2770224187903999,0.015289452389181675,0.0,0.07308418087195567
58_H1,0.00037829547506861293,0.04929907235372904,0.007706709406600817,0.0,0.014346019308849616
58_H3,0.0,0.0063702119962988695,0.0,0.0,0.0015925529990747174
59_H1,0.0008732845292299685,0.16085249502160434,0.02314182806904497,0.0,0.04621690190496982
59_H3,0.0,0.045373686703480756,0.00708440518767613,0.0,0.01311452297278922
59_NCI,0.00020028650883667986,0.14809624705733448,0.0427733539746467,0.0,0.04776747188520447
60_H1,7.21127874397028e-05,0.17204136709362416,0.057156586411520785,0.0,0.05731751657314617
60_H3,0.0,0.061720229976239875,0.0,0.0,0.015430057494059969
60_NCI,3.059185370910158e-05,0.009569515299803747,0.004206819540279763,0.0,0.0034517316734481527
61_H1,3.4877262524872716e-05,0.2440161934185312,0.09648141828867803,0.0,0.08513312224243352
61_H3,0.0,0.2124710365962675,0.018360570501687334,0.0,0.05770790177448871
62_H1,9.415675209220123e-05,0.14419319191022434,0.017109307063192827,0.0,0.040349163931377344
62_NCI,0.002944680999214047,0.05471480999543445,0.005497748332769769,0.047743313014507294,0.027725138085481393
64_H3,0.0011592356065952363,0.19613928974642936,0.00019492679869083276,0.0,0.04937336303792885
64_NCI,0.00015900076034436678,0.13102648813086187,0.008058751629754371,0.0,0.03481106013024015
65_NCI,0.0,0.005242802797510811,0.015518397312384408,0.0,0.005190300027473805
69_H1,1.7104821923726807e-05,0.13223571698752373,0.02211570080836441,0.0,0.038592130654452966
69_H3,2.1953536478110455e-05,0.19804141092123,0.010019814242266492,0.0,0.05202079467499365
69_NCI,8.567153797487092e-05,0.22283411511371365,0.07295549793097887,0.0,0.07396882114566684
72_H1,0.0,0.09307614458771646,0.009871081469160362,0.0,0.025736806514219206
72_NCI,0.0,0.016324964283496075,0.0004167362139755335,0.0,0.004185425124367902
73_H1,0.0,0.04597374931329031,0.004327225479732185,0.0,0.012575243698255623
73_NCI,0.00017833358509201336,0.017201888404944056,0.001540589024416169,0.0,0.004730202753613059
75_NCI,5.5422633196882336e-05,0.09593003726279357,0.0013212444848416914,0.0,0.024326676095208038
76_H1,3.439465408572739e-05,0.05063517554170398,0.0034042675147790474,0.0,0.013518459427642189
76_NCI,2.462130171862226e-05,0.015383404356695623,0.0011444582839522362,0.0,0.004138120985591621
80_H3,4.4737049774339737e-07,0.03457357549373361,0.0012951784390687188,0.0,0.008967300325825019
81_H3,0.0,0.16233407491472301,0.0746068234632905,0.0,0.05923522459450338
85_H1,1.8896285311715724e-06,0.21677012091164174,0.02609392719626126,0.0,0.06071648443410854
85_H3,0.0,0.1322029867867022,0.004063829785668048,0.003194538177922368,0.034865338687573154
87_H1,0.0,0.0934349435415787,0.026895973999846577,0.0,0.03008272938535632
87_H3,0.0,0.044407619937703875,0.002575315905776665,0.0,0.011745733960870135
87_NCI,0.0,0.8170528289265743,0.012804113342522168,0.0,0.2074642355672741
88_NCI,0.0,0.08495395172116407,0.0031648125726605222,0.0,0.022029691073456148
90_H1,0.0,0.04041441757370126,0.01310170245049042,0.0,0.013379030006047921
90_NCI,1.4940377384870239e-05,0.041506616197715104,0.006039445007085612,0.0,0.011890250395546397
91_H1,0.0,0.09426688073007555,0.0019400375611537256,0.0,0.02405172957280732
91_NCI,7.123296973098228e-05,0.06984173997834692,0.005371241731702461,0.0,0.01882105366994509
92_H1,0.0,0.06672631076874187,0.03079717052513464,0.0,0.02438087032346913
92_NCI,0.0,0.08353438418102536,0.02597311447739375,0.0,0.02737687466460478
93_NCI,0.00013261528607358866,0.08435672344762661,0.022308141880209287,0.0,0.02669937015347737
97_H1,0.0007187183465556896,0.10935930012371307,0.009674019366901513,0.009617880918085575,0.032342479688813965
97_NCI,1.6103824581178096e-05,0.0903181044018312,0.004598712766837481,0.0,0.02373323024831247
98_H1,0.0,0.03428642406206463,0.07943983605238117,0.0,0.02843156502861145
98_H3,0.0,0.13145827071408314,0.0,0.0,0.032864567678520785
101_NCI,0.0012806498614153406,0.23542719479138058,0.03413929199874486,0.01020908635109663,0.07026405575065936
102_H1,0.00011850746272083537,0.16247822540198562,0.005543506997359233,0.0,0.042035059965516416
102_H3,0.0,0.12292924805974932,0.004494238041201259,0.0,0.031855871525237646
102_NCI,0.0,0.09674946180617379,0.1864025464814888,0.0,0.07078800207191564
103_H1,3.375600059536869e-05,0.0004827411785476784,0.001408744976573449,0.0,0.000481310538929124
103_NCI,0.0,0.03081968089093748,0.0018322045914546546,0.0,0.008162971370598033
104_H1,0.0,0.12112234194672748,0.009381069909308194,0.0,0.03262585296400892
104_H3,0.0,0.08874762910049784,0.0006486292048163877,0.0,0.022349064576328556
105_H1,0.0,0.0425355018405019,0.03092076328842497,0.0,0.018364066282231715
105_NCI,0.0,0.22380906719587004,0.05115254616123701,0.0,0.06874040333927676
106_H1,0.22920513439993567,0.9467832757429058,0.4833720001950039,0.25207439064979553,0.47785870024691024
106_H3,8.255874292819149e-05,0.6835199855017194,0.14301094739989964,0.0,0.2066533729111368
107_H1,0.014438342906921716,0.12913934318744383,0.03569099214610193,0.015464449301362038,0.04868328188545738
107_H3,4.02023363186176e-07,0.3730484071748376,0.032003918180355785,0.0,0.10126318184463916
107_NCI,0.01437169599868607,0.0234301900560427,0.024253967010780083,0.018002549186348915,0.020014600562964443
109_H1,0.0,0.281445483418071,0.20615059841522054,0.0053799753077328205,0.1232440142852561
109_H3,0.0,0.03581618268098775,2.141984104119599e-05,0.0,0.008959400630507236
109_NCI,0.0,0.28669445819616457,0.004064937568530175,0.0,0.07268984894117368
111_H1,0.0,0.023946329296019933,0.021473041870970534,0.0,0.011354842791747616
112_H1,0.0,0.0660091785856337,0.14002803220097249,0.0,0.05150930269665155
112_H3,0.0,0.05517031817286649,0.023487512264284145,0.0,0.01966445760928766
112_NCI,2.1899200217550084e-05,0.14703368498658825,0.09375659481839277,0.0,0.060203044751299645
115_H1,0.0,0.049090880213601806,0.013068907808208458,0.0,0.015539947005452566
115_H3,0.0,0.03401349524616531,7.646832556324643e-05,0.0,0.008522490892932139
116_NCI,7.945443182241474e-05,0.030219593170154678,0.03827212584674154,0.09131383895874023,0.039971253101864716
117_NCI,0.0,0.23734350176284738,0.0011273011013174042,0.0,0.059617700716041194
118_H3,0.0,0.06396528514433442,0.010290367069180135,0.0,0.018563913053378636
118_NCI,0.0,0.626276883121824,0.5597348051959647,0.0,0.2965029220794472
119_H3,0.0,0.08122379519856476,0.0881786689722803,0.0,0.042350616042711266
120_H1,3.500369559691612e-05,0.15939329093937707,0.06751122558800249,0.0,0.05673488005574412
120_NCI,0.00042944034314031305,0.08609607872130118,0.027351881654777498,0.00471038231626153,0.029646945758870127
121_H1,0.003978639071225387,0.007790840306571252,0.006348181053798558,0.0,0.0045294151078987994
121_H3,0.0,0.016340987061998807,0.0003142157854721727,0.0,0.004163800711867745
121_NCI,0.00015572167908571986,0.042955935291891234,0.09996781703484271,0.0,0.035769868501454916
122_H3,0.0,0.03249184702871084,0.0,0.0,0.00812296175717771
122_NCI,0.0,0.12556226736237236,0.0013956926658762773,0.0,0.03173949000706216
123_H3,0.0,0.04774234930248665,0.0068833747488041145,0.0,0.013656431012822691
123_NCI,0.0,0.40994989541701005,0.0743323738341845,0.0,0.12107056731279864
125_H1,0.0,0.16532617904029628,0.006681945793444902,0.0,0.04300203120843529
125_H3,0.0,0.0827263518012773,2.4529453467824165e-05,0.0,0.02068772031368628
125_NCI,0.0,0.06360661494332621,0.009577571486227576,0.0,0.01829604660738845
127_H1,4.944281453455661e-05,0.41979338549094347,0.003912209403689034,0.0032085010316222906,0.10674088468519734
127_H3,0.0,0.057693683366679176,0.0077096765558684515,0.0,0.016350839980636907
128_H1,0.0014933226922305733,0.022524122551339926,0.16029253055414533,0.010837309993803501,0.04878682144787983
128_NCI,4.609449097614773e-06,0.008480007854306098,0.042108401643176994,0.0,0.012648254736645177
129_H1,0.0,0.06907709526199197,0.02610553414291615,0.0,0.02379565735122703
130_H1,6.645934612865056e-05,0.10477821107667412,0.02866164682801091,0.0,0.03337657931270342
130_H3,0.00013044308264790425,0.15917385149360283,0.0019445169820986933,0.0,0.040312202889587354
131_H1,1.4713563636264183e-05,0.6476922166690793,0.25884999350012927,0.018169347196817398,0.23118156773241555
131_NCI,0.006851551603620393,0.6625788689405137,0.35834951843901486,0.020429739728569984,0.2620524196779297
132_NCI,0.0014545998962916598,0.46384365926129417,0.025066840693555963,0.008010915480554104,0.12459400383292397
134_H3,0.00016933795562671538,0.28992269480869876,0.022368768427450395,0.0,0.07811520029794397
134_NCI,5.75239498811061e-05,0.16299774225322072,0.048064228994314166,0.0,0.052779873799354
135_NCI,0.00018779476282624507,0.11373782759575617,0.014581702450305488,0.0,0.03212683120222198
136_H1,0.0008453407760431196,0.19986556562528313,0.11414953431123041,0.012454076670110226,0.08182862934566672
136_H3,0.0007137047750669682,0.09133953752299441,0.011223968506548289,0.0,0.025819302701152416
136_NCI,3.268449405653249e-05,0.03994435645022377,0.21681907420721858,0.0,0.06419902878787472
138_H1,0.0007948524432900961,0.19954797096995683,0.03142374193878995,0.01779918372631073,0.062391437269586895
138_H3,4.288581545096121e-07,0.16524036863163707,0.0008295317769981772,0.0,0.04151758231669744
138_NCI,0.0001828395321679475,0.05273706568248855,0.031187633790969015,0.0,0.021026884751406377
139_H1,0.0,0.17653784129639027,0.034984905483350176,0.0,0.05288068669493511
139_NCI,0.0,0.10466399628780172,0.011009911349868414,0.0,0.028918476909417533
140_H1,0.0,0.06653985098035967,3.993069266862416e-05,0.0,0.016644945418257073
140_H3,0.0,0.10067411435966608,0.028899395122665112,0.0,0.0323933773705828
141_H1,0.0,0.05640285265572774,0.056423116651027984,0.0,0.028206492326688933
141_NCI,2.5466259645419725e-07,0.1088786088000777,0.001081449304565591,0.0,0.027490078191809937
142_H3,0.0012956413034170367,0.09803495601328346,0.011538741172720903,0.004920133855193853,0.028947368086153814
142_NCI,0.0,0.04210543730808752,0.007759997355177273,0.0,0.0124663586658162
144_H1,0.0,0.11885679642282686,0.28664728930758704,0.0,0.10137602143260348
145_H1,0.00011560370659562766,0.016170166629471072,0.003015951856153608,0.0,0.004825430548055077
145_H3,0.0,0.01108255230872279,0.0015089125465454298,0.0,0.003147866213817055
149_H1,0.0,0.024004165217947557,0.018307380683555627,0.0,0.010577886475375796
149_H3,0.0,0.10961945268168294,0.005162406959512878,0.0,0.028695464910298955
149_NCI,0.00018088259250232535,0.03300794485989459,0.009353071731318158,0.0,0.010635474795928768
152_H1,1.3413712570067125e-06,0.015229723513093494,0.004080246072894075,0.0,0.004827827739311143
152_H3,0.0,0.003987240249132649,0.005696335771610553,0.0,0.0024208940051858004
153_H3,0.0,0.15018833278896648,0.07438446989654655,0.0,0.05614320067137826
154_H1,0.0,0.06783381402637252,0.0016991338323497595,0.0,0.01738323696468057
154_H3,0.0,0.08616572883492783,0.00029303280820697117,0.0,0.0216146904107837
154_NCI,1.7452119093691307e-05,0.017653042027541234,0.0024356593161945165,0.0,0.005026538365707361
155_NCI,0.0,0.04820456952751284,0.0005992812838444379,0.0,0.01220096270283932
156_H1,0.0,0.027814641768084132,0.013273899157945988,0.0,0.01027213523150753
156_H3,0.0,0.04316815260002037,0.0016857638514509497,0.0,0.01121347911286783
156_NCI,0.0,0.005401424879536264,0.002493843940563184,0.0,0.001973817205024862
157_H3,0.0,0.5172866632571065,0.38452569334273495,0.0,0.22545308914996037
158_NCI,0.0,0.11712664773310369,0.18086523199519508,0.0,0.07449796993207469
159_NCI,0.0,0.10541370408084204,0.024222061433602553,0.0,0.032408941378611146
160_H1,0.0002047279029398084,0.20167092514103804,0.12375074059212297,0.0,0.08140659840902521
160_H3,0.0,0.12959341090691065,0.000338685521455621,0.0,0.03248302410709157
160_NCI,0.0,0.26249217397738334,0.00476578051036443,0.0,0.06681448862193694
161_NCI,0.00016363851851162979,0.23486090116330188,0.09552532949435168,0.0,0.0826374672940413
162_H1,0.0,0.015280303104561264,0.04282975214599081,0.0,0.014527513812638018
162_H3,0.0,0.061861852460022626,0.16838783920019895,0.0,0.057562422915055395
162_NCI,8.216249741882232e-05,0.17128065713697788,0.39721864251883204,0.0,0.1421453655383072
163_H1,0.0,0.1599246794355314,0.5054331502468847,0.0,0.16633945742060402
163_H3,0.0,0.0982377245451299,0.023284930237350964,0.0,0.030380663695620216
163_NCI,0.0,0.37208356034482304,0.10506823271181953,0.0,0.11928794826416064
164_NCI,7.118947964193516e-05,0.10834420421690523,0.0384548166769014,0.0,0.03671755259336214
165_H1,2.7749320720203654e-06,0.20823701896768768,0.04961898297482619,0.0,0.06446469421864646
165_NCI,1.247787453928479e-06,0.007402399789522575,0.04468046931278798,0.0,0.013021029222441121
166_H1,0.0008996686029516474,0.977886073258156,0.0647676368611462,0.014052976854145527,0.26440158889409987
166_NCI,0.00010946621360205988,0.1480990112971753,0.20049800173137583,0.0,0.08717661981053829
167_H1,0.0,0.06077260046582833,0.017571461780058254,0.0,0.019586015561471645
167_H3,0.0,0.0514670312178417,0.0015250358206723397,0.0,0.013248016759628509
167_NCI,0.001962902915134652,0.4117500505455017,0.01378855383688352,0.04973443225026131,0.1193089848869453
168_H1,0.0,0.11816582332758468,0.06255385694690559,0.0,0.045179920068622564
168_H3,0.0,0.10848000734929404,0.0002872131480187752,0.0,0.027191805124328203
168_NCI,0.00033929969512615417,0.23140039053036937,0.03622266528287025,0.020854216068983078,0.07220414289433721
169_H1,0.0,0.037319620271593114,0.001489533265887779,0.0,0.009702288384370223
170_NCI,0.00018055967679086904,0.14980879666942365,0.04080109478502345,0.0,0.04769761278280949
172_H1,0.0,0.13754424442348284,0.0034805614984900956,0.005935820285230875,0.036740156551800955
172_H3,0.0,0.06472285640959759,0.12687458251717343,0.0,0.04789935973169275
172_NCI,8.861678857782353e-05,0.04998836978339894,0.12577636920424987,0.0008712917915545404,0.04418116189194529
175_H1,0.004413423329710214,0.11809836229144954,0.005990514677089723,0.02901138924062252,0.039378422384718004
176_H1,0.0,0.21858012102378427,0.06878224097773691,0.0,0.0718405905003803
176_H3,0.0,0.05418646787879516,0.02419086853828682,0.0,0.019594334104270493
178_H1,0.0003468301605171492,0.088201981128897,0.05539254386537334,0.0078041874803602695,0.03793638565878694
178_H3,0.0,0.10418641123990122,0.0015494324184225944,0.0,0.026433960914580952
178_NCI,0.0004214152164029265,0.14602178821106812,0.012649992521766107,0.0,0.03977329898730929
179_H1,0.0005661210300082052,0.21503626532430664,0.07447710706814288,0.0,0.07251987335561443
179_H3,0.0010200569837563477,0.22555461166637336,0.046948910536152993,0.0,0.06838089479657067
179_NCI,0.0,0.06672258319920496,0.032854541794539886,0.0,0.024894281248436213
180_H1,0.027305876927081085,0.2069228127597998,0.060213702139273996,0.0,0.07361059795653872
180_H3,0.0,0.23332299451451466,0.005853614253152162,0.0,0.05979415219191671
181_H1,0.005096859161071484,0.06539214120966266,0.016638148833425057,0.023841390386223793,0.02774213489759575
181_H3,0.006265320314442395,0.34146575714081484,0.0050621343517486634,0.0,0.08819830295175148
181_NCI,0.0,0.04764298309875944,0.01821061796975836,0.0,0.01646340026712945
182_H1,0.0,0.0572637478903403,0.10018871498318101,0.0,0.039363115718380325
182_NCI,0.0,0.30258028840183177,0.1062139996545789,0.0,0.10219857201410266
183_H3,0.0,0.008344473940395041,0.046339365653585964,0.0,0.01367095989849525
184_H1,0.0,0.059511744560067546,0.03293033265731709,0.0,0.02311051930434616
184_H3,0.0,0.2037891954073977,0.005595048854496558,0.0,0.05234606106547356
184_NCI,0.0,0.0883404440288819,0.035172224252746166,0.0,0.03087816707040702
186_H1,3.269318127881535e-05,0.010559892518194941,0.007365088929937352,0.0,0.004489418657352777
186_NCI,0.0,0.11974021978620573,0.000277884810065791,0.0,0.03000452614906788
188_H3,0.0,0.0004591151876001753,1.9595385113655397e-05,0.0,0.00011967764317845768
188_NCI,0.0,0.018623755836963442,0.005026729116053321,0.0,0.0059126212382541905
189_H1,0.0,0.01307579924960839,0.019872620403114546,0.0,0.008237104913180734
189_H3,0.0,0.012843177063384621,0.004637902287735206,0.0,0.004370269837779957
189_NCI,0.0,0.07686602737171318,0.0006760564821757777,0.0,0.01938552096347224
190_H1,0.00012748459234267307,0.14000842956992254,0.09689822370847796,0.0,0.059258534467685794
190_H3,0.0,0.13090172503270486,0.19636783356004103,0.0,0.08181738964818647
190_NCI,0.0,0.13377217878116077,0.00013891011198527607,0.0,0.03347777222328651
191_H1,0.0,0.016304547733790458,0.0,0.0,0.0040761369334476145
192_H1,0.0038745851125330834,0.3649894427271464,0.12688371570275989,0.013991867192089558,0.12743490268363222
192_H3,0.004673848604005975,0.6156521377121525,0.04396204063715093,0.0,0.16607200673832737
193_H3,0.0,0.14383807355276548,0.0038120083988012515,0.0,0.03691252048789168
194_H1,0.0039883621918728835,0.3194288459976048,0.03881980182842035,0.012006133794784546,0.09356078595317063
199_H1,0.0,0.20315470950823658,0.10211762932117888,0.0,0.07631808470735386
199_H3,0.0,0.10833777424554114,0.2081049890220821,0.0,0.0791106908169058
199_NCI,0.0,0.07410300161683026,0.7099176262545811,0.0,0.19600515696785284
200_H1,0.0,0.07578477364518868,0.002133199872597194,0.0,0.019479493379446468
200_NCI,0.0,0.004069203121617376,0.19698949914459532,0.0,0.050264675566553174
202_H1,9.121252930756117e-05,0.16135865019859083,0.036758276006118897,0.0,0.04955203468350432
202_H3,0.0,0.12371252144721838,0.0027462129129890945,0.0,0.031614683590051866
204_H1,2.3353817736318037e-07,0.05692039924009107,0.029179654369216303,0.0,0.021525071786871186
205_H3,0.0,0.14758581000858334,0.01834660806004118,0.0,0.04148310451715613
205_NCI,0.0,0.05400016901260219,0.13354845483316682,0.0,0.04688715596144225
209_H1,0.0,0.29621651818786593,0.03530813939138409,0.0,0.08288116439481251
210_H1,4.3707069434658064e-07,0.42177304801432663,0.02623564394278642,0.0,0.11200228225695186
210_H3,5.6893756642791274e-05,0.020023442774115087,0.0003598713483071306,0.0,0.0051100519697662525
210_NCI,0.0,0.07141260556909061,0.005917212273002071,0.0,0.01933245446052317
211_NCI,0.0,0.015534260651429871,0.011696253244960243,0.0,0.006807628474097528
212_H1,5.591580149062085e-07,0.4539525928853805,0.18165619200485839,0.0,0.15890233601206344
212_H3,0.003554756437409172,0.4445527651115459,0.08804368537602376,0.018060017377138138,0.13855280607552925
213_H1,0.0,0.14177927599787885,0.14166691950011245,0.0,0.07086154887449783
213_H3,0.0,0.07748886301396732,0.03547603144794055,0.0,0.028241223615476967
213_NCI,0.0,0.11241978436101954,0.06015309584585498,0.0,0.04314322005171863
215_NCI,0.001836109068594682,0.04554621891185297,0.02582493724121284,0.0,0.018301816305415122
216_H1,0.0,0.1848739936417532,0.39102582125108143,0.0,0.14397495372320865
216_NCI,4.615016412542708e-05,0.06519764614167668,0.19946098787207966,0.016129789873957634,0.07020864351295986
217_H1,0.0,0.1234316619162634,0.28511861567057406,0.0,0.10213756939670937
218_H1,0.0,0.021312272990396678,0.013063395595897415,0.0,0.008593917146573524
218_NCI,0.00013554723577263413,0.024789664817679326,0.005612951948122328,0.0025449711829423904,0.00827078379612917
219_H1,0.0001413292100087914,0.004753938074148681,0.1013488514805466,0.0,0.02656102969117602
219_NCI,0.00021048521730295688,0.26976969564318504,0.019317630055722883,0.0,0.07232445272905272
220_H1,0.00039242683836314646,0.23202839723203803,0.0290945466755887,0.0,0.06537884268649748
220_H3,1.1730722883792248e-06,0.18661621185971142,0.00224986053647926,0.0,0.04721681136711977
221_H1,0.0007536157984982328,1.0,0.5504950338161569,0.0,0.3878121624036638
221_H3,0.0,0.06312076200262312,0.0,0.0,0.01578019050065578
221_NCI,0.0005334754994142582,0.6959848960312187,0.09959298301723743,0.008626951836049557,0.20118457659598
222_H1,1.0,0.8522268578797516,0.9344717242307451,1.0,0.9466746455276241
222_H3,0.0,0.10425317411533634,0.0019462471906778037,0.0,0.026549855326503537
222_NCI,0.0006903759151303831,0.873659115364744,0.16356321772816462,0.0,0.2594781772520098
223_H1,0.0008236667710045458,0.2829878606267444,0.013446278942135197,0.0,0.07431445158497103
223_H3,0.0,0.019799607113891383,0.0023695473505889434,0.0,0.005542288616120081
224_H3,0.00445969971944886,0.1805799208091464,0.020277186694250927,0.07232342660427094,0.06941005845677928
224_NCI,0.0,0.059851111913095445,0.0039619913116433255,0.0,0.01595327580618469
225_H1,0.0,0.13348065641353726,0.014013291999547291,0.0,0.03687348710327114
225_H3,0.0,0.08429652086687821,0.0009348534625732005,0.0,0.021307843582362852
226_H1,0.0,0.009302008434627997,0.0026266171112122928,0.0,0.0029821563864600724
228_H1,0.0020512333362060855,0.0478158755103257,0.010595672368236077,0.018041623756289482,0.019626101242764336
228_H3,0.0,0.05428780264798368,0.00443187238372725,0.0,0.014679918757927731
229_H3,0.0,0.11112884096445916,0.0022725770016603112,0.0,0.028350354491529867
230_H1,0.0,0.05758939560433118,0.0993211169380487,0.0,0.039227628135594966
230_NCI,0.0,0.030783856461987065,0.1043140865131499,0.0,0.03377448574378424
231_H1,0.0,0.37334822301586235,0.12855708764049745,0.0,0.12547632766408995
231_H3,0.0,0.34275758818140295,0.12551348175712446,0.0,0.11706776748463185
231_NCI,0.007354986058431674,0.7771921287280972,0.02206307305516042,0.01837710663676262,0.20624682361961297
232_H1,0.0,0.16203280483838675,0.029402016088081153,0.0,0.04785870523161698
232_NCI,2.198602132901276e-05,0.14406050396060827,0.020930360088998987,0.0,0.04125321251773407
234_H1,0.00016588797040874246,0.13384752588345328,0.03187439869474748,0.0,0.04147195313715237
235_H1,0.0,0.12643174297562715,0.006187153891500018,0.0,0.03315472421678179
235_NCI,0.0,0.010157210571836994,0.000917527457449817,0.0,0.002768684507321703
236_H1,0.000143165129994295,0.015106892540928517,0.0014244250586978716,0.0,0.004168620682405171
236_NCI,0.00014061899325171746,0.10915326689406052,0.00663528338414141,0.0,0.02898229231786341
238_H1,3.136638405808971e-06,0.027370984886270443,0.100797119453868,0.0,0.032042810244636066
238_H3,0.0,0.039562266067270105,0.005840724852830977,0.0,0.01135074773002527
239_H1,9.931879924791269e-05,0.01998182398676046,0.1102583515052983,0.0,0.03258487357282667
239_H3,0.0,0.06176218539807085,0.0004062750357386178,0.0,0.015542115108452367
240_H1,0.0,0.02955501314452732,0.0002624111243285906,0.0,0.007454356067213977
241_NCI,0.00019549817079319808,0.0639437499876103,0.009366032257703874,0.0,0.01837632010402684
242_H1,0.0014506268377947194,0.28300303348590394,0.0264176664007225,0.0,0.0777178316811053
242_H3,3.8139431551213726e-06,0.02319718230936733,0.000606377702323134,0.0,0.005951843488711397
243_H1,0.0,0.18667860615628099,0.02734041612293735,0.0,0.053504755569804587
243_H3,0.0,0.11196421438683471,0.00015286952847206163,0.0,0.028029270978826692
243_NCI,2.249982702915822e-06,0.025714635625491346,0.10989569448614449,0.0,0.033903145023584685
245_H1,0.0003580943618990313,0.4946280411486449,0.1265690275802358,0.0,0.15538879077269493
245_H3,0.00014256495921986914,0.20915499440800406,0.1012653369283673,0.0,0.07764072407389781
245_NCI,0.0,0.03200392650331779,0.022316485128047018,0.0,0.013580102907841202
246_H1,4.233931066514529e-05,0.22660334160427398,0.052662300014808844,0.0,0.06982699523243699
246_H3,0.0,0.037428426185678876,0.00263318026431997,0.0,0.01001540161249971
246_NCI,0.004417757659670217,0.03736097395757398,0.06619556975517649,0.01926177181303501,0.03180901829636392
250_NCI,0.0021778255913094007,0.05537278316884301,0.1582369250951091,0.00833861529827118,0.05603153728838317
251_H1,0.0,0.05685847105867748,0.0315010044121159,0.0,0.022089868867698346
251_NCI,0.0,0.08743253362265492,0.01772069282329409,0.0,0.026288306611487254
252_H1,0.0,0.2948406388708588,0.03831000462433814,0.0,0.08328766087379924
252_H3,0.0,0.2296432111753683,0.01692244333019051,0.0,0.061641413626389696
253_NCI,0.0,0.017945732806877637,5.3162431186997007e-05,0.0,0.004499723809516159
260_NCI,0.0,0.05507445902100922,0.003379622495348227,0.0,0.014613520379089362
261_H1,4.2906796660282474e-05,0.07267865581563696,0.04184590614098991,0.0,0.02864186718832179
261_H3,0.0,0.07633315861471203,0.11027541034814889,0.0,0.04665214224071523
264_H1,0.0,0.21369843544005193,0.09372958335050488,0.0,0.0768570046976392
264_NCI,0.0,0.05627261565668894,1.1054310269209535e-05,0.0,0.014070917491739537
265_H1,0.0,0.13433356542151567,0.0037603443847287208,0.0,0.0345234774515611
265_H3,0.0,0.14874425385286086,0.024561541971723343,0.0,0.04332644895614605
266_H3,0.0,0.11353176219674034,0.0038487335106859436,0.0,0.02934512392685657
268_H1,7.420831554461086e-05,0.3850305086161885,0.011960746270368501,0.0,0.0992663658005254
268_H3,5.175748390658756e-05,0.2548495879827256,0.01368840471168309,0.0,0.06714743754457882
269_H1,0.003911698539337109,0.02430075001928296,0.008344554377466663,0.0,0.009139250734021682
269_H3,3.915599158075068e-05,0.09606330267735043,0.004146499082254881,0.0,0.025062239437796514
270_H1,9.470139450992279e-06,0.10931509499273159,0.008055884079294135,0.0,0.02934511230286918
271_H1,1.1475054774042705e-06,0.15750749388968707,0.020249517469688085,0.0,0.044439539716213144
271_NCI,4.053946010654393e-06,0.12260483600988457,0.04957150384192201,0.0,0.04304509844945431
274_H1,0.0,0.018241345275652944,0.005288652486300352,0.0,0.005882499440488324
275_H1,0.00012997624188072461,0.03344806546189709,0.003169804174671477,0.0,0.009186961469612323
275_NCI,0.0,0.3368094360905302,0.031753266381408934,0.0,0.09214067561798478
276_H1,0.0,0.00633998492589841,0.0024904532913685258,0.0,0.002207609554316734
276_H3,0.0,0.010592957022979597,6.001790653906104e-05,0.0,0.0026632437323796648
276_NCI,0.0,0.008120076375610614,0.00011296436141814527,0.0,0.00205826018425719
277_H1,0.0,0.06377135021744962,0.10813547822555611,0.0,0.04297670711075143
277_NCI,0.0,0.03485621658161728,0.017390591066827887,0.0,0.013061701912111291
280_H1,3.6074859594803954e-05,0.09333412638963273,0.007107085547014773,0.0,0.02511932169906058
280_NCI,1.7299875003125055e-05,0.09137862422694146,0.003719711576400599,0.0,0.023778908919586294
282_H1,0.0,0.05646760249508169,0.05949879315348102,0.0,0.028991598912140676
282_NCI,0.0,0.05962857172038022,0.005197616520143864,0.0,0.01620654706013102
283_H1,0.00020453925794836262,0.09276719301983292,0.03413798936931652,0.0,0.03177743041177445
283_H3,0.0,0.06553243269436179,0.0008711487843828605,0.0,0.016600895369686165
284_H1,0.0,0.254643622731248,0.13191206965300645,0.0,0.09663892309606362
284_NCI,0.0,0.062100692638153474,0.0012481429716369214,0.0,0.015837208902447598
285_H1,3.759214722081796e-05,0.08428878034231188,0.19731180108435634,0.0,0.07040954339347226
285_H3,0.0010199970816969909,0.085679746718926,0.0040605729245239905,0.0,0.022690079181286744
285_NCI,0.009660733234016634,0.23789812074294955,0.2376287686670819,0.04506475850939751,0.1325630952883614
286_H1,0.03691794336495059,0.18212944563752936,0.06553413828360191,0.18448014557361603,0.11726541821492448
286_H3,0.0,0.18155463581121162,0.0045389854284381085,0.0,0.04652340530991243
287_NCI,0.0,0.06587665644613343,0.0,0.0,0.016469164111533357
288_H1,0.0,0.022488256590490918,3.0311770168811455e-05,0.0,0.005629642090164933
288_H3,0.0,0.025055013119151703,3.708872166239836e-05,0.0,0.006273025460203525
291_H1,0.0004129108047883951,0.08389960947180877,0.009014275847885276,0.010106491856276989,0.025858321995189858
296_H1,0.0,0.1094419914240221,0.006997197596214952,0.0,0.02910979725505926
296_H3,0.0,0.10925990309604541,0.00032963676995069805,0.0,0.027397384966499027
297_NCI,0.0,0.22047028396817342,0.01976683146847854,0.0,0.06005927885916299
298_H1,0.011563391891725007,0.14706176361277912,0.15603808989262696,0.0,0.07866581134928277
298_NCI,1.7202087017876844e-05,0.08636424270587506,0.09053023392694888,0.0,0.044227919679960453
299_H1,2.1987155811411337e-07,0.17437673530473435,0.0013278567227687666,0.0,0.043926202974765315
299_H3,0.0,0.18578133779294925,0.010429610271691413,0.0,0.04905273701616017
300_H1,0.0023905874843900363,0.26201672222258426,0.08421766654439379,0.0,0.08715624406284202
300_H3,0.0,0.03642350785429716,0.0006831902129053217,0.0,0.00927667451680062
300_NCI,0.0,0.14701163379205695,0.08061348508271128,0.0,0.056906279718692054
301_H1,0.0,0.005769707581160829,0.2806706832424382,0.0,0.07161009770589977
301_H3,0.0,0.1582297750983044,0.0010470586107325355,0.0,0.03981920842725924
301_NCI,4.073830938610526e-05,0.016391848163014446,0.01983364875661651,0.0,0.009066558807254266
303_H1,1.2989721391081261e-06,0.014006317844162574,0.13228793662441468,0.0,0.036573888360179094
303_NCI,0.0,0.03181361301184024,0.00016153917135636048,0.0,0.00799378804579915
304_H1,0.0,0.14337337057609498,0.0032494122169892344,0.009152194485068321,0.038943744319538134
304_H3,0.0,0.15525911037918805,2.9762945504991627e-05,0.0,0.03882221833117326
305_H1,0.0,0.32828792885907665,0.04176923093485883,0.0,0.09251428994848387
305_H3,0.00023434244847884937,0.20725779963944888,0.00998930452957377,0.0,0.05437036165437537
305_NCI,0.0,0.3794061409176986,0.36844413038132057,0.0,0.1869625678247548
306_H1,0.0,0.12382723053858036,0.011665359525241874,0.0,0.033873147515955555
307_H1,2.413133781442154e-05,0.003973828758159822,0.007313081847551443,0.0,0.0028277604858814214
307_H3,0.0,0.03725453306102796,0.005657403453017037,0.0,0.01072798412851125
307_NCI,1.777271305008268e-05,0.12701252065519833,0.002457125736777999,0.0,0.032371854776256606
308_H1,0.006172268973873962,0.3524815039195107,0.007606833443318248,0.011891254223883152,0.09453796514014652
309_H1,0.023391576418271835,0.3131765537483226,0.9996023301007674,0.18270890414714813,0.3797198411036275
309_H3,4.5799096232285157e-07,0.10104442548419239,0.00012710322275957716,0.0,0.025292996674478572
309_NCI,5.005494857653942e-05,0.025827026431259517,0.00030453647909860546,0.0,0.006545404464733666
310_H1,0.0,0.0794182633060802,0.001957050297535223,0.0,0.020343828400903857
311_H1,2.4473721959038953e-05,0.17139226332765736,0.5999183276009786,0.0,0.19283376616264875
313_H1,0.0,0.0751994259781165,0.017586800858472244,0.0,0.023196556709147186
313_NCI,0.0,0.2243176159722868,0.05108993030359732,0.0,0.06885188656897104
314_H1,0.00018151497866313588,0.16813401702852535,0.11997982999342913,0.0,0.0720738405001544
314_NCI,0.00038719662606949385,0.3033322777114978,0.07161763214756832,0.0,0.09383427662128391
316_H1,0.0,0.10566549235296965,0.3785939827149613,0.0,0.12106486876698275
316_NCI,0.0,0.07688796448894611,0.38622570058357075,0.0,0.11577841626812921
317_H1,3.43071220545383e-05,0.13107872855410194,0.00742539875013323,0.0,0.03463460860657243
317_H3,0.0,0.055733613984124554,4.280299256082732e-05,0.0,0.013944104244171345
318_H1,1.872517656193789e-06,0.0071908405239419215,0.007404851951290531,0.0,0.0036493912482221617
318_NCI,0.0,0.07334637970077046,0.08071553321176529,0.0,0.038515478228133934
319_H1,0.0005331625816327375,0.04212179302925545,0.004724100603869881,0.0,0.011844764053689517
319_H3,0.0004878413366574015,0.06649906490227146,0.006442959240654576,0.0,0.01835746636989586
319_NCI,1.4474810836383942e-05,0.022517239196813865,0.006038646912274692,0.0,0.007142590229981235
320_H1,0.032135399298713514,0.15528320359436473,0.041547468499820626,0.11016698181629181,0.08478326330229767
320_NCI,0.0,0.23378444218002356,0.09922290778063719,0.0,0.08325183749016518
321_H1,0.0,0.11065206088654385,0.012497987514105099,0.0,0.030787512100162236
321_H3,0.0,0.10781924824905954,3.8685964104141936e-07,0.0,0.026954908777175147
321_NCI,0.0,0.015282610466533095,0.014905803543406941,0.0,0.00754710350248501
322_H1,0.0,0.09497361830900967,0.042399944919280126,0.0,0.03434339080707245
322_NCI,0.0,0.1353281966508832,0.05568824668061679,0.0,0.047754110832874994
324_H3,0.004062968824723554,0.10941736307762064,0.008852211738324381,0.015694450587034225,0.034506748556925704
324_NCI,0.002302219401998402,0.1378957495343984,0.021983472773812584,0.0,0.04054536042755234
325_H1,0.0001569604658246118,0.30559019992142966,0.15937054273908224,0.0,0.11627942578158412
325_H3,0.0,0.20831226307946216,0.09287061026670607,0.0,0.07529571833654206
327_H1,0.0,0.09448686929924892,0.02376722417075853,0.0,0.029563523367501864
327_NCI,0.0,0.18932302266853424,0.10463120410894866,0.0,0.07348855669437072
328_H1,0.00030606108232089164,0.06481466539399844,0.0025077561345136796,0.0,0.016907120652708253
328_H3,0.0,0.04911363877099955,0.0750314882617419,0.0,0.03103628175818536
328_NCI,0.0,0.10374443937611215,0.0006868082893479915,0.0,0.026107811916365034
329_NCI,0.0,0.06533353161359248,0.4035679026424769,0.0,0.11722535856401733
331_H1,0.0,0.16812247918742185,0.26988398546155923,0.0,0.10950161616224527
331_H3,0.0,0.07443776390552255,0.18657370227225228,0.0,0.0652528665444437
331_NCI,0.0,0.03649607415860729,0.028501547268384705,0.0,0.016249405356748
334_NCI,0.0,0.05342643985546207,0.00198960808900483,0.0,0.013854011986116724
335_H1,0.0,0.015794712428670248,0.00960464795110354,0.0,0.006349840094943447
335_H3,0.0,0.0005112118927302359,0.00017356889569507654,0.0,0.0001711951971063281
339_H1,0.0,0.025818390752779915,0.0024491095287780527,0.0,0.007066875070389492
339_H3,4.241246529927596e-05,0.013622552143527929,0.003234620425532149,0.0,0.0042248962585898385
341_H1,0.0,0.013650104691815842,0.0006168883923788318,0.0,0.0035667482710486685
341_H3,0.0,0.12785758268011194,0.002143754559277321,0.0,0.03250033430984731
342_NCI,0.0,0.03157769455087674,0.03281175271965555,0.0,0.016097361817633073
343_H1,0.0,0.23633585809172364,0.4930864345793996,0.0,0.1823555731677808
343_NCI,0.0,0.03743002590871729,0.5618554343865343,0.0,0.14982136507381288
345_H1,3.0338643889462913e-05,0.4563298466252235,0.42130501267072473,0.0,0.21941629948495944
345_H3,0.0,0.06910156447223961,0.024341110244881257,0.0,0.023360668679280217
346_H1,0.0,0.17056425546998052,0.03220938245422281,0.0,0.05069340948105083
346_H3,0.00012336868099299577,0.08869717690781974,0.00289564840729193,0.0,0.022929048499026168
347_H3,0.0,0.060387563029843584,0.00012691253241667815,0.0,0.015128618890565066
347_NCI,0.0,0.0499013550361039,0.00595753881240805,0.0,0.013964723462127987
348_H1,0.00018383273281851568,0.08690997646275095,0.10211114263259699,0.0,0.04730123795704161
350_H1,3.2069434912646574e-05,0.12263012498519472,0.0042472098410640015,0.0,0.03172735106529284
350_NCI,2.7258337318932334e-05,0.012820925218877842,0.04391698027169638,0.0,0.01419129095697329
351_NCI,0.0,0.34993665400778096,0.07146485606913287,0.0,0.10535037751922846
352_H1,0.0,0.2553355549981685,0.0024237581441259046,0.0,0.06443982828557361
352_NCI,0.0,0.17632297217219994,0.05888063050883567,0.0,0.05880090067025891
353_H1,0.0,0.21782490166345417,0.7087583557078744,0.0,0.23164581434283213
353_NCI,0.0,0.15690369397755088,0.2923527546591473,0.0,0.11231411215917454
354_H1,0.00041612757191869916,0.3718662457635932,0.03437898831056552,0.0,0.10166534041151935
354_H3,5.463124372816091e-05,0.40062358439422385,0.051879252065177225,0.0,0.11313936692578232
354_NCI,0.0003539555517057125,0.08709542257803976,0.06642191229909429,0.0,0.03846782260720994
355_H1,0.05839594746553412,0.3177324659294469,0.3610521732899884,0.08866449445486069,0.20646127028495753
355_H3,0.0,0.2738201408159583,0.004999938063938136,0.0,0.0697050197199741
355_NCI,0.0,0.6994227301109965,0.132230963208155,0.0,0.20791342332978788
356_H1,0.0007791527380152101,0.1450050567270305,0.01526083436793284,0.0,0.04026126095824464
356_H3,0.0,0.037886445817446886,0.0061288776205205555,0.0,0.01100383085949186
357_H1,0.002291356968739616,0.29494358048147973,0.06422305450016723,0.013679364696145058,0.09378433916163291
357_H3,2.7117547807596444e-06,0.024232095421841595,0.008395282623435621,0.0,0.008157522450014495
357_NCI,0.014479669282308915,0.5323804505756821,0.09200521661803575,0.01730484515428543,0.16404254540757804
358_H1,0.00015498782982671438,0.21538724069529885,0.11713747351701523,0.0,0.0831699255105352
358_H3,0.00018422576960602931,0.1322020258914742,0.0031164415189349347,0.0,0.033875673295003794
358_NCI,0.0,0.043986589633389236,0.007247536798002746,0.0,0.012808531607847996
359_H1,0.0,0.037179391975088835,0.0029667074281484757,0.0,0.010036524850809327
359_NCI,0.0,0.04691461474359205,0.008835604436764887,0.0,0.013937554795089234
360_H1,0.0,0.12707708395541575,0.0563881678578864,0.0,0.045866312953325536
360_NCI,3.031498608488692e-07,0.050967274500002595,0.031789143833077044,0.01184915006160736,0.02365146788613696
361_H3,1.3253465351596487e-06,0.4977228160127443,0.008788779303922233,0.0,0.12662823016580044
361_NCI,0.0,0.3636887062022087,0.08087951885031637,0.0,0.11114205626313127
363_H1,2.4509674312638542e-05,0.13796350401925633,0.017406235557802182,0.0,0.03884856231284279
364_H1,0.0,0.07076808329859856,0.043112317499689995,0.0,0.028470100199572138
364_H3,0.0,0.09483624193728235,9.264719419156183e-05,0.0,0.02373222228286848
364_NCI,0.00014822968673877592,0.06963752742066254,0.07763487034974985,0.0,0.036855156864287794
365_H1,0.00015243281963397303,0.023412495932543086,0.008014325380384086,0.0,0.007894813533140286
366_H3,2.1792433636665788e-05,0.2790938180692702,0.06422729569966454,0.0,0.08583572655064284
366_NCI,0.008766961860017944,0.2701582705170551,0.12515809406285366,0.029697509482502937,0.10844520898060742
367_H1,0.0,0.05488132333517777,0.0025700327657955727,0.0,0.014362839025243336
367_H3,1.2731225935404458e-06,0.11406176548423524,0.008919212808496103,0.0,0.03074556285383122
368_H1,0.0,0.12309506516575278,0.03396542700023679,0.0,0.03926512304149739
369_H3,0.0,0.3068213162143833,0.008790514656565523,0.0,0.0789029577177372
370_H1,1.5426612816176874e-05,0.08708439783561335,0.040341572193595805,0.0,0.031860349160506334
370_H3,0.0003866710469822348,0.059234111375504585,0.004938136998684296,0.0,0.01613972985529278
370_NCI,0.0,0.37742312212972123,0.1602732656338818,0.0,0.13442409694090077
371_H3,0.0,0.004323014037243218,0.048771352584252664,0.0,0.01327359165537397
372_H1,0.0,0.03413612414899077,0.1888168477270728,0.0,0.05573824296901589
372_H3,0.0,0.32364933207825275,0.36871375286874347,0.0,0.17309077123674904
373_H1,0.0002825750519816125,0.029223061299935457,0.025476345141611734,0.0,0.0137454953733822
373_H3,0.0,0.08581286996859476,0.039362745786439335,0.0,0.03129390393875853
373_NCI,2.1106865474593963e-06,0.23598670183624815,0.005419031693969157,0.0,0.06035196105419119
374_H1,0.0,0.19454278713992523,0.15123543540560022,0.0,0.08644455563638137
374_H3,7.991564495938959e-05,0.0718166320616655,0.0255382285460376,0.01921011134982109,0.029161221900620895
374_NCI,4.034726730375488e-06,0.5166381098655023,0.04710154860846679,0.0,0.14093592330017488
375_H1,2.0049882868284392e-06,0.5613524738173032,0.0703284998521197,0.0,0.15792074466442746
375_H3,0.0,0.1144108572266985,0.006854561772556184,0.0,0.03031635474981367
375_NCI,0.0029188194888551673,0.7787009959053892,0.049056990142535756,0.0,0.20766920138419503
377_H1,2.8647464505416565e-05,0.0015632062016277906,0.004992436101019109,0.0,0.001646072441788079
377_NCI,3.081716920261565e-05,0.04653241692068348,0.011841089204056349,0.0,0.01460108082348561
378_H1,0.0,0.3455385638400381,0.009448464086221967,0.0,0.08874675698156502
378_H3,1.6927503978044565e-05,0.22484065577056184,0.014466105600686556,0.0,0.05983092221880661
378_NCI,2.103111040476755e-06,0.2965849631128866,0.009848536235294504,0.0,0.07660890061480541
62_H3,0.0,0.1292007649977722,0.0,0.0,0.03230019124944305
318_H3,0.0,0.1292007649977722,0.0,0.0,0.03230019124944305
187_H1,0.0,0.0063702119962988695,0.0,0.0,0.0015925529990747174
187_NCI,0.0,0.0063702119962988695,0.0,0.0,0.0015925529990747174
230_H3,0.0,0.0063702119962988695,0.0,0.0,0.0015925529990747174
234_H3,0.0,0.0063702119962988695,0.0,0.0,0.0015925529990747174
204_H3,2.3353817736318037e-07,0.05692039924009107,0.029179654369216303,0.0,0.021525071786871186
204_NCI,2.3353817736318037e-07,0.05692039924009107,0.029179654369216303,0.0,0.021525071786871186
205_H1,0.0,0.14758581000858334,0.01834660806004118,0.0,0.04148310451715613
216_H3,0.0,0.1848739936417532,0.39102582125108143,0.0,0.14397495372320865
217_H3,0.0,0.1234316619162634,0.28511861567057406,0.0,0.10213756939670937
217_NCI,0.0,0.1234316619162634,0.28511861567057406,0.0,0.10213756939670937
284_H3,0.0,0.06312076200262312,0.0,0.0,0.01578019050065578
240_NCI,0.0,0.02955501314452732,0.0002624111243285906,0.0,0.007454356067213977
329_H1,0.0,0.06377135021744962,0.10813547822555611,0.0,0.04297670711075143
291_H3,0.0004129108047883951,0.08389960947180877,0.009014275847885276,0.010106491856276989,0.025858321995189858
339_NCI,4.241246529927596e-05,0.013622552143527929,0.003234620425532149,0.0,0.0042248962585898385
341_NCI,0.0,0.12785758268011194,0.002143754559277321,0.0,0.03250033430984731
94_NCI,0.0,0.044407619937703875,0.002575315905776665,0.0,0.011745733960870135
343_H3,0.0,0.32364933207825275,0.36871375286874347,0.0,0.17309077123674904
372_NCI,0.0,0.32364933207825275,0.36871375286874347,0.0,0.17309077123674904
91_H3,0.0,0.018241345275652944,0.005288652486300352,0.0,0.005882499440488324
274_NCI,0.0,0.018241345275652944,0.005288652486300352,0.0,0.005882499440488324
129_H3,0.0,0.06907709526199197,0.02610553414291615,0.0,0.02379565735122703
129_NCI,0.0,0.06907709526199197,0.02610553414291615,0.0,0.02379565735122703
144_H3,0.0,0.03485621658161728,0.017390591066827887,0.0,0.013061701912111291
325_NCI,0.0,0.03485621658161728,0.017390591066827887,0.0,0.013061701912111291
183_H1,0.0,0.008344473940395041,0.046339365653585964,0.0,0.01367095989849525
191_H3,0.0,0.016304547733790458,0.0,0.0,0.0040761369334476145
191_NCI,0.0,0.016304547733790458,0.0,0.0,0.0040761369334476145
192_NCI,0.004673848604005975,0.6156521377121525,0.04396204063715093,0.0,0.16607200673832737
194_H3,0.0039883621918728835,0.3194288459976048,0.03881980182842035,0.012006133794784546,0.09356078595317063
194_NCI,0.0039883621918728835,0.3194288459976048,0.03881980182842035,0.012006133794784546,0.09356078595317063
