,feature,gbr,rf,BayesianRidge,xgb,mean,feat_pos,true_position,TMD,amino_acid
0,1_H3,4.792521552668399e-05,0.0045363104317157,0.3579583298782512,0.0326377190649509,0.0987950711476111,1,1,CT/EC,M
1,2_H1,5.906219801832965e-06,0.0383918090790527,0.0275081360204433,0.0,0.0164764628298244,2,2,CT/EC,G
2,2_H3,0.0,0.0032402652306931,0.1571577329421512,0.0,0.0400994995432111,2,2,CT/EC,G
3,3_NCI,0.000195027116559,0.0040463377153519,0.0912336639704158,0.0,0.0238687572005817,3,3,N-Termina,R
4,5_H1,0.0002506937933015,0.0182055046382301,0.1106170881742211,0.0,0.0322683216514382,5,NA,NA,-
5,5_H3,0.0,0.0815040735774255,0.1057646803052666,0.0,0.046817188470673,5,NA,NA,-
6,6_H1,0.0,0.0108131048275127,0.1896119922909349,0.011006505228579,0.0528579005867566,6,NA,NA,-
7,6_H3,0.0,0.0245348504451963,0.0878422878755325,0.0027138432487845,0.0287727453923783,6,NA,NA,-
8,6_NCI,0.0,0.0642916231790297,0.1567664014083331,0.0,0.0552645061468407,6,NA,NA,-
9,7_NCI,0.0005836827886292,0.0486735073697179,0.2548206954032497,0.0085779754444956,0.0781639652515231,7,NA,NA,-
10,8_NCI,0.0,0.0405616112363516,0.0269536371299499,0.0,0.0168788120915754,8,NA,NA,-
11,9_NCI,0.0001633697892015,0.1106695130474535,0.0671683447761642,0.0,0.0445003069032048,9,NA,NA,-
12,10_NCI,0.0,0.0728699346386233,0.1683250880562136,0.0079237194731831,0.062279685542005,10,NA,NA,-
13,10_H1,0.0013967430408714,0.0317598438524512,0.3064254062038551,0.0209910161793231,0.0901432523191252,10,NA,NA,-
14,12_H1,0.0012471180265522,0.1441510506146452,0.4238401312260886,0.0,0.1423095749668215,12,NA,NA,-
15,12_H3,0.0,0.2038554160881817,0.1420190629203787,0.0,0.0864686197521401,12,NA,NA,-
16,12_NCI,3.3612867708961706e-05,0.0790739332154867,0.0874144003381352,0.003238977631554,0.0424402310132212,12,NA,NA,-
17,13_H1,1.0741543378670924e-05,0.0066389328931466,0.2981858946926606,0.0,0.0762088922822964,13,NA,NA,-
18,14_H1,0.0002376137197265,0.1143909497380219,0.331661555430529,0.0,0.1115725297220693,14,NA,NA,-
19,14_H3,7.673525770938215e-07,0.0103072902100648,0.0178187309558277,0.0,0.0070316971296174,14,NA,NA,-
20,14_NCI,0.024018717190055,0.2156128002845818,0.2146392666118099,0.0770858824253082,0.1328391666279387,14,NA,NA,-
21,15_H1,4.1603997149964156e-07,0.015308049160361,0.189482780513865,0.0,0.0511978114285494,15,NA,NA,-
22,15_H3,0.0,0.1307861322490986,0.061946457404568,0.0,0.0481831474134166,15,NA,NA,-
23,15_NCI,0.0,0.1421471933093961,0.2935896806238447,0.0,0.1089342184833102,15,NA,NA,-
24,16_H3,7.261687358310787e-05,0.0036624826461576,0.0690537706477919,0.0,0.0181972175418831,16,NA,NA,-
25,16_NCI,0.0,0.0145223657463804,0.0622156461688373,0.0,0.0191845029788044,16,NA,NA,-
26,16_H1,0.0,0.0076662539737373,0.0392878127908716,0.0,0.0117385166911522,16,NA,NA,-
27,17_H1,0.0002405764892462,0.1503691803572316,0.7297795720128349,0.0093855215236544,0.2224437125957418,17,NA,NA,-
28,17_NCI,1.3522564382803922e-06,0.0071772507245556,0.1943592851035483,0.0133420042693614,0.0537199730884759,17,NA,NA,-
29,18_NCI,5.018330465788006e-05,0.0077778307885466,0.2945133002869072,0.0003188095579389,0.0756650309845126,18,NA,NA,-
30,19_H1,7.489945643148958e-05,0.025126833450222,0.0671714806931646,0.0,0.0230933033999545,19,NA,NA,-
31,19_H3,0.0,0.0126516472725651,0.2188830442944948,0.0,0.0578836728917649,19,NA,NA,-
32,19_NCI,9.456068311457211e-05,0.0070787279203137,0.1193964868043667,0.0,0.0316424438519487,19,NA,NA,-
33,20_H1,0.0,0.0037766820802993,0.0100182760768395,0.0,0.0034487395392847,20,NA,NA,-
34,20_H3,0.0,0.010506968589694,0.0800851390414818,0.0,0.0226480269077939,20,NA,NA,-
35,20_NCI,1.858582622789649e-05,0.0428066944482124,0.0685807760537188,0.0,0.0278515140820397,20,NA,NA,-
36,21_NCI,1.587620940111173e-05,6.10341531998037e-05,0.1672190588252827,0.0,0.0418239922969709,21,NA,NA,-
37,21_H1,0.0,0.0251992487438,0.0717461577592311,0.0,0.0242363516257578,21,NA,NA,-
38,21_H3,0.0,0.0003469174954696,0.0932005120515435,0.0,0.0233868573867533,21,NA,NA,-
39,22_NCI,0.0411165605285978,0.3727556976671236,0.3095545107180538,0.0,0.1808566922284438,22,5,N-Termina,Y
40,22_H3,4.398319554657452e-07,0.0623251029509798,0.4149521404637528,0.0,0.119319420811672,22,5,N-Termina,Y
41,23_H1,0.0,0.0042707087739443,0.1252265533633381,0.0055738794617354,0.0337677853997545,23,6,N-Termina,N
42,23_H3,0.0,0.0001803366794897,0.0958509120475396,0.0,0.0240078121817573,23,6,N-Termina,N
43,23_NCI,0.0,0.0413691894485521,0.3190951136200287,0.0,0.0901160757671452,23,6,N-Termina,N
44,24_H1,0.0006347287388771,0.207659325083905,0.2919192546627722,0.013784728012979,0.1284995091246333,24,7,N-Termina,P
45,24_NCI,0.0001955968973063,0.0490392207623186,0.4087427910669205,0.0,0.1144944021816363,24,7,N-Termina,P
46,25_H1,1.2249298342797142e-05,0.0024667483887998,0.0966457505533273,0.0,0.0247811870601174,25,8,N-Termina,S
47,25_H3,4.951385522647566e-07,0.0,0.0125605828261642,0.0,0.0031402694911791,25,8,N-Termina,S
48,25_NCI,3.626276403193318e-06,0.0160993508978575,0.0395532824836788,0.0,0.0139140649144848,25,8,N-Termina,S
49,26_H3,0.0,0.0027742580842518,0.0651923741586146,0.0,0.0169916580607166,26,9,N-Termina,I
50,26_NCI,0.0,0.0030943437843214,0.0725291586319786,0.0,0.018905875604075,26,9,N-Termina,I
51,27_H1,0.0,0.0052586789494051,0.0034091403239202,0.0,0.0021669548183313,27,10,N-Termina,V
52,27_NCI,0.0,0.0174450371280234,0.1025878929866609,0.0,0.030008232528671,27,10,N-Termina,V
53,28_NCI,0.0,0.1445926774220757,0.1117651663354167,0.0,0.0640894609393731,28,NA,NA,-
54,28_H1,4.164116394163954e-07,0.0028541618720831,0.1899029357661092,0.0,0.0481893785124579,28,NA,NA,-
55,30_H3,0.0,0.0031289563375438,0.0082103022972037,0.0,0.0028348146586868,30,NA,NA,-
56,30_NCI,0.0,0.0876997142378911,0.0118923266052473,0.0,0.0248980102107846,30,NA,NA,-
57,31_H1,0.0004301048242556,0.1382381190766086,0.1334670672195795,0.0,0.0680338227801109,31,NA,NA,-
58,31_NCI,0.0008285675944504,0.0346526455611867,0.337886271839154,0.0,0.0933418712486978,31,NA,NA,-
59,32_NCI,0.0003278932050831,0.0192081737356529,0.3551734058616783,0.0,0.0936773682006036,32,NA,NA,-
60,33_H1,0.0,0.0029885962088604,0.0415854483976025,0.0,0.0111435111516157,33,NA,NA,-
61,34_H1,2.0851544571422587e-05,0.1532506412803296,0.4178031040483122,0.0,0.1427686492183033,34,NA,NA,-
62,34_H3,0.0020642747057907,1.0,0.3642787942916167,0.0183705668896436,0.3461784089717628,34,NA,NA,-
63,34_NCI,2.374210468117265e-05,0.0379504418155136,0.2269074447785654,0.0,0.06622040717469,34,NA,NA,-
64,35_H1,0.0003608221483119,0.1864957576103358,0.0057269388243125,0.0,0.04814587964574,35,NA,NA,-
65,35_H3,0.0,0.0508369965884061,0.0061902424639668,0.0,0.0142568097630932,35,NA,NA,-
66,36_H1,0.0,0.0397913204912598,0.3379016859869008,0.0093638775870203,0.0967642210162952,36,NA,NA,-
67,37_NCI,1.9582754813709146e-05,0.0863597757473292,0.0618474225791258,0.0,0.0370566952703172,37,NA,NA,-
68,37_H1,3.264863908297767e-05,0.0473059737352187,0.2219534226301983,0.0,0.067323011251125,37,NA,NA,-
69,37_H3,0.0,0.0978388180182008,0.1762212543275682,0.0,0.0685150180864422,37,NA,NA,-
70,39_H1,0.0,0.1083256349891449,0.0496450005436,0.0,0.0394926588831862,39,12,N-Termina,H
71,39_H3,0.0,0.036233506902204,0.0302804070671844,0.0,0.0166284784923471,39,12,N-Termina,H
72,39_NCI,0.0,0.1031189093763071,0.2755778322961528,0.0,0.094674185418115,39,12,N-Termina,H
73,40_H1,1.9559498514445497e-05,0.0151289101857565,0.1482708550374494,0.0,0.0408548311804301,40,13,N-Termina,P
74,40_H3,0.0,0.0312599701666903,0.0569083888896456,0.0,0.0220420897640839,40,13,N-Termina,P
75,40_NCI,0.0,0.0163994568458354,0.3479835408826411,0.0,0.0910957494321191,40,13,N-Termina,P
76,43_NCI,0.0,0.1808836521133241,0.0357796743317089,0.0,0.0541658316112582,43,16,N-Termina,R
77,44_H1,8.340912464244584e-06,0.0096891237511349,0.1973439625894334,0.0,0.0517603568132581,44,17,N-Termina,E
78,45_H3,0.0,0.0061259492653754,0.0640589453639473,0.0,0.0175462236573306,45,18,N-Termina,F
79,45_NCI,3.310672657834072e-07,0.0456193840384157,0.0387579925855767,0.0,0.0210944269228145,45,18,N-Termina,F
80,46_NCI,0.0,1.7843466145068405e-05,0.1868274017019511,0.0,0.046711311292024,46,19,N-Termina,D
81,46_H3,0.0,0.004301081086677,0.0850869307838809,0.0,0.0223470029676394,46,19,N-Termina,D
82,46_H1,0.0,0.0039198501503827,0.0432178303588447,0.0,0.0117844201273068,46,19,N-Termina,D
83,47_H3,0.0,0.0096119676246896,0.054437423764319,0.0,0.0160123478472521,47,20,N-Termina,Q
84,47_NCI,0.0,0.2402800845185238,0.4557434599962355,0.0,0.1740058861286898,47,20,N-Termina,Q
85,48_NCI,0.0018538641245184,0.1914105240031789,0.6882383455232521,0.0,0.2203756834127374,48,21,N-Termina,V
86,49_H1,0.0001369686261761,0.0828153711249537,0.0773043960389749,0.0,0.0400641839475262,49,22,N-Termina,P
87,49_NCI,0.0002101654830427,0.0494682908888585,0.2071597130219901,0.0,0.0642095423484728,49,22,N-Termina,P
88,50_NCI,0.0,0.0011162514464927,0.3456417249303515,0.0,0.086689494094211,50,23,N-Termina,D
89,51_H1,1.9985162678766578e-06,0.0439647671291845,0.0596613581147114,0.0,0.0259070309400409,51,24,N-Termina,A
90,51_H3,1.374321524760121e-05,0.0320624073313082,0.1666995820849977,0.0,0.0496939331578883,51,24,N-Termina,A
91,51_NCI,0.0,0.0121120284818364,0.0459055917727991,0.0,0.0145044050636589,51,24,N-Termina,A
92,52_NCI,0.0,0.0050981611164402,0.0419739815897237,0.0,0.0117680356765409,52,25,N-Termina,V
93,54_NCI,0.0019740305011185,0.0418352921409727,0.7001146236515877,0.0,0.1859809865734197,54,27,N-Termina,Y
94,54_H1,0.0008735943652562,0.0977437269533661,0.3411205039369256,0.0021847251337021,0.1104806375973125,54,27,N-Termina,Y
95,55_H1,0.0,0.0640073181881563,0.0340392985485139,0.0,0.0245116541841675,55,28,N-Termina,S
96,56_H3,0.0,0.0,0.1292007649977714,0.0,0.0323001912494428,56,29,N-Termina,L
97,57_H3,0.000168705633393,0.0027740509442594,0.0655513413183509,0.0,0.0171235244740008,57,30,N-Termina,G
98,57_NCI,2.48523082411263e-05,0.0152894523891816,0.2770224187904013,0.0,0.073084180871956,57,30,N-Termina,G
99,58_H1,0.0003782954750686,0.0077067094066008,0.0492990723537287,0.0021945789922028,0.0148946640569002,58,31,N-Termina,I
100,58_H3,0.0,0.0,0.0063702119962992,0.0,0.0015925529990748,58,31,N-Termina,I
101,59_H1,0.0008732845292299,0.0231418280690449,0.1608524950216038,0.0,0.0462169019049696,59,32,N-Termina,F
102,59_H3,0.0,0.0070844051876761,0.04537368670348,0.0,0.013114522972789,59,32,N-Termina,F
103,59_NCI,0.0002002865088366,0.0427733539746467,0.1480962470573348,0.0,0.0477674718852045,59,32,N-Termina,F
104,60_H3,0.0,0.0,0.0617202299762396,0.0,0.0154300574940599,60,33,N-Termina,I
105,60_H1,7.21127874397028e-05,0.0571565864115207,0.172041367093624,0.0,0.0573175165731461,60,33,N-Termina,I
106,60_NCI,3.059185370910158e-05,0.0042068195402797,0.0095695152998036,0.0,0.0034517316734481,60,33,N-Termina,I
107,61_H3,0.0,0.0183605705016873,0.2124710365962662,0.0,0.0577079017744883,61,34,1,G
108,61_H1,3.487726252487272e-05,0.096481418288678,0.2440161934185302,0.0,0.0851331222424332,61,34,1,G
109,62_NCI,0.002944680999214,0.0054977483327697,0.0547148099954337,0.0,0.0157893098318544,62,35,1,I
110,62_H3,0.0,0.0,0.1292007649977714,0.0,0.0323001912494428,62,35,1,I
111,62_H1,9.415675209220125e-05,0.0171093070631928,0.1441931919102235,0.0,0.0403491639313771,62,35,1,I
112,64_H3,0.0011592356065952,0.0001949267986908,0.1961392897464287,0.0,0.0493733630379286,64,37,1,G
113,64_NCI,0.0001590007603443,0.0080587516297543,0.1310264881308597,0.0,0.0348110601302396,64,37,1,G
114,65_NCI,0.0,0.0155183973123844,0.0052428027975117,0.0,0.005190300027474,65,38,1,I
115,69_H3,2.1953536478110452e-05,0.0100198142422664,0.1980414109212284,0.0,0.0520207946749932,69,42,1,G
116,69_NCI,8.567153797487092e-05,0.0729554979309788,0.2228341151137139,0.0072977873496711,0.0757932679830847,69,42,1,G
117,69_H1,1.7104821923726807e-05,0.0221157008083644,0.1322357169875222,0.0,0.0385921306544525,69,42,1,G
118,72_H1,0.0,0.0098710814691603,0.0930761445877163,0.0,0.0257368065142191,72,45,1,G
119,72_NCI,0.0,0.0004167362139755,0.016324964283495,0.0,0.0041854251243676,72,45,1,G
120,73_H1,0.0,0.0043272254797321,0.0459737493132899,0.0,0.0125752436982555,73,46,1,I
121,73_NCI,0.000178333585092,0.0015405890244161,0.0172018884049449,0.0,0.0047302027536132,73,46,1,I
122,75_NCI,5.5422633196882336e-05,0.0013212444848416,0.095930037262793,0.0,0.0243266760952079,75,48,1,I
123,76_NCI,2.462130171862226e-05,0.0011444582839522,0.0153834043566956,0.0,0.0041381209855916,76,49,1,Y
124,76_H1,3.439465408572739e-05,0.003404267514779,0.0506351755417041,0.0,0.0135184594276422,76,49,1,Y
125,80_H3,4.4737049774339737e-07,0.0012951784390687,0.0345735754937338,0.0,0.008967300325825,80,53,1,K
126,81_H3,0.0,0.0746068234632905,0.1623340749147226,0.0,0.0592352245945032,81,54,1,T
127,85_H1,1.8896285311715724e-06,0.0260939271962612,0.2167701209116439,0.0,0.060716484434109,85,58,1,Q
128,85_H3,0.0,0.004063829785668,0.1322029867867033,0.0,0.0340667041430928,85,58,1,Q
129,87_H1,0.0,0.0268959739998465,0.0934349435415782,0.0113695310428738,0.0329251121460746,87,60,CT/EC,P
130,87_H3,0.0,0.0025753159057766,0.0444076199377038,0.0,0.0117457339608701,87,60,CT/EC,P
131,87_NCI,0.0,0.0128041133425221,0.8170528289265722,0.0,0.2074642355672735,87,60,CT/EC,P
132,88_NCI,0.0,0.0031648125726605,0.0849539517211633,0.0,0.0220296910734559,88,61,CT/EC,A
133,90_NCI,1.494037738487024e-05,0.0060394450070856,0.0415066161977149,0.0,0.0118902503955463,90,63,CT/EC,M
134,90_H1,0.0,0.0131017024504904,0.0404144175737009,0.0,0.0133790300060478,90,63,CT/EC,M
135,91_NCI,7.123296973098228e-05,0.0053712417317024,0.0698417399783464,0.0,0.0188210536699449,91,64,CT/EC,F
136,91_H3,0.0,0.0052886524863003,0.0182413452756529,0.0,0.0058824994404883,91,64,CT/EC,F
137,91_H1,0.0,0.0019400375611537,0.0942668807300753,0.0,0.0240517295728072,91,64,CT/EC,F
138,92_H1,0.0,0.0307971705251346,0.0667263107687424,0.0,0.0243808703234692,92,65,CT/EC,I
139,92_NCI,0.0,0.0259731144773937,0.0835343841810254,0.0,0.0273768746646048,92,65,CT/EC,I
140,93_NCI,0.0001326152860735,0.0223081418802092,0.0843567234476264,0.0,0.0266993701534773,93,66,CT/EC,I
141,94_NCI,0.0,0.0025753159057766,0.0444076199377038,0.0,0.0117457339608701,94,67,CT/EC,N
142,97_H1,0.0007187183465556,0.0096740193669015,0.1093593001237131,0.0,0.0299380094592925,97,70,CT/EC,F
143,97_NCI,1.6103824581178096e-05,0.0045987127668374,0.0903181044018315,0.0,0.0237332302483125,97,70,CT/EC,F
144,98_H3,0.0,0.0,0.1314582707140837,0.0,0.0328645676785209,98,71,2,S
145,98_H1,0.0,0.0794398360523811,0.0342864240620654,0.0,0.0284315650286116,98,71,2,S
146,101_NCI,0.0012806498614153,0.0341392919987448,0.2354271947913806,0.0,0.0677117841628852,101,74,2,T
147,102_H3,0.0,0.0044942380412012,0.1229292480597499,0.0,0.0318558715252377,102,75,2,F
148,102_NCI,0.0,0.1864025464814888,0.0967494618061744,0.0,0.0707880020719158,102,75,2,F
149,102_H1,0.0001185074627208,0.0055435069973592,0.1624782254019857,0.0,0.0420350599655164,102,75,2,F
150,103_H1,3.375600059536869e-05,0.0014087449765734,0.0004827411785476,0.0,0.0004813105389291,103,76,2,L
151,103_NCI,0.0,0.0018322045914546,0.0308196808909375,0.0,0.008162971370598,103,76,2,L
152,104_H3,0.0,0.0006486292048163,0.088747629100498,0.0,0.0223490645763286,104,77,2,V
153,104_H1,0.0,0.0093810699093078,0.1211223419467267,0.0,0.0326258529640086,104,77,2,V
154,105_NCI,0.0,0.051152546161237,0.2238090671958701,0.0,0.0687404033392767,105,78,2,N
155,105_H1,0.0,0.0309207632884249,0.0425355018405009,0.0,0.0183640662822314,105,78,2,N
156,106_H1,0.2292051343999356,0.483372000195004,0.9467832757429052,0.2724921405315399,0.4829631377173461,106,79,2,G
157,106_H3,8.255874292819149e-05,0.1430109473998996,0.6835199855017168,0.0,0.2066533729111361,106,79,2,G
158,107_NCI,0.014371695998686,0.02425396701078,0.0234301900560427,0.0130280191078782,0.0187709680433467,107,80,2,F
159,107_H1,0.0144383429069217,0.0356909921461019,0.1291393431874446,0.0106843877583742,0.0474882664997106,107,80,2,F
160,107_H3,4.02023363186176e-07,0.0320039181803557,0.3730484071748346,0.0,0.1012631818446384,107,80,2,F
161,109_H1,0.0,0.2061505984152205,0.2814454834180697,0.114320233464241,0.1504790788243828,109,82,2,L
162,109_H3,0.0,2.141984104119599e-05,0.0358161826809869,0.0,0.008959400630507,109,82,2,L
163,109_NCI,0.0,0.0040649375685301,0.2866944581961649,0.0,0.0726898489411737,109,82,2,L
164,111_H1,0.0,0.0214730418709705,0.0239463292960196,0.0144491726532578,0.014967135955062,111,84,2,T
165,112_H1,0.0,0.1400280322009724,0.0660091785856345,0.0123093053698539,0.0545866290391152,112,85,2,I
166,112_H3,0.0,0.0234875122642841,0.0551703181728666,0.0,0.0196644576092877,112,85,2,I
167,112_NCI,2.1899200217550084e-05,0.0937565948183927,0.1470336849865881,0.0,0.0602030447512996,112,85,2,I
168,115_H1,0.0,0.0130689078082084,0.0490908802136019,0.0,0.0155399470054526,115,88,2,F
169,115_H3,0.0,7.646832556324643e-05,0.0340134952461649,0.0,0.008522490892932,115,88,2,F
170,116_NCI,7.945443182241474e-05,0.0382721258467415,0.0302195931701535,0.0,0.0171427933621793,116,89,2,L
171,117_NCI,0.0,0.0011273011013174,0.2373435017628442,0.0,0.0596177007160404,117,90,2,K
172,118_NCI,0.0,0.5597348051959647,0.6262768831218233,0.0,0.296502922079447,118,91,2,K
173,118_H3,0.0,0.0102903670691801,0.0639652851443353,0.0,0.0185639130533788,118,91,2,K
174,119_H3,0.0,0.0881786689722803,0.0812237951985647,0.0,0.0423506160427112,119,92,2,W
175,120_NCI,0.0004294403431403,0.0273518816547774,0.0860960787213014,0.0,0.0284693501798048,120,93,2,I
176,120_H1,3.500369559691612e-05,0.0675112255880024,0.1593932909393766,0.0,0.056734880055744,120,93,2,I
177,121_H1,0.0039786390712253,0.0063481810537985,0.0077908403065723,0.0,0.004529415107899,121,94,2,F
178,121_H3,0.0,0.0003142157854721,0.0163409870619981,0.0,0.0041638007118675,121,94,2,F
179,121_NCI,0.0001557216790857,0.0999678170348427,0.0429559352918912,0.0037466601934283,0.036706533549812,121,94,2,F
180,122_H3,0.0,0.0,0.0324918470287108,0.0,0.0081229617571777,122,95,2,G
181,122_NCI,0.0,0.0013956926658762,0.1255622673623727,0.0,0.0317394900070622,122,95,2,G
182,123_H3,0.0,0.0068833747488041,0.0477423493024862,0.0,0.0136564310128225,123,96,2,F
183,123_NCI,0.0,0.0743323738341845,0.4099498954170126,0.0087569253519177,0.1232597986507787,123,96,2,F
184,125_NCI,0.0,0.0095775714862275,0.0636066149433238,0.0,0.0182960466073878,125,98,CT/EC,A
185,125_H1,0.0,0.0066819457934449,0.1653261790402964,0.0,0.0430020312084353,125,98,CT/EC,A
186,125_H3,0.0,2.4529453467824165e-05,0.0827263518012772,0.0,0.0206877203136862,125,98,CT/EC,A
187,127_H1,4.944281453455661e-05,0.003912209403689,0.4197933854909438,0.0,0.1059387594272918,127,100,CT/EC,K
188,127_H3,0.0,0.0077096765558684,0.0576936833666798,0.0,0.016350839980637,127,100,CT/EC,K
189,128_NCI,4.609449097614773e-06,0.0421084016431766,0.0084800078543064,0.0,0.0126482547366451,128,101,CT/EC,V
190,128_H1,0.0014933226922305,0.1602925305541451,0.02252412255134,0.014337170869112,0.0496617866667069,128,101,CT/EC,V
191,129_H3,0.0,0.0261055341429161,0.0690770952619917,0.0,0.0237956573512269,129,102,CT/EC,Y
192,129_H1,0.0,0.0261055341429161,0.0690770952619917,0.0,0.0237956573512269,129,102,CT/EC,Y
193,129_NCI,0.0,0.0261055341429161,0.0690770952619917,0.0,0.0237956573512269,129,102,CT/EC,Y
194,130_H1,6.645934612865056e-05,0.0286616468280109,0.1047782110766738,0.0069446275010704,0.0351127361879709,130,103,CT/EC,G
195,130_H3,0.0001304430826479,0.0019445169820986,0.1591738514936025,0.0,0.0403122028895872,130,103,CT/EC,G
196,131_H1,1.4713563636264183e-05,0.2588499935001292,0.6476922166690776,0.0036478755064308,0.2275511998098185,131,104,CT/EC,F
197,131_NCI,0.0068515516036203,0.3583495184390146,0.6625788689405131,0.1028565540909767,0.2826591232685312,131,104,CT/EC,F
198,132_NCI,0.0014545998962916,0.0250668406935562,0.4638436592612943,0.0,0.1225912749627855,132,105,CT/EC,I
199,134_H3,0.0001693379556267,0.0223687684274503,0.2899226948086977,0.0,0.0781152002979437,134,107,CT/EC,G
200,134_NCI,5.75239498811061e-05,0.0480642289943141,0.1629977422532208,0.0,0.052779873799354,134,107,CT/EC,G
201,135_NCI,0.0001877947628262,0.0145817024503054,0.1137378275957553,0.0,0.0321268312022217,135,108,CT/EC,I
202,136_NCI,3.268449405653249e-05,0.2168190742072185,0.039944356450223,0.0,0.0641990287878745,136,109,CT/EC,F
203,136_H3,0.0007137047750669,0.0112239685065482,0.0913395375229934,0.0,0.0258193027011521,136,109,CT/EC,F
204,136_H1,0.0008453407760431,0.1141495343112303,0.1998655656252811,0.0,0.0787151101781386,136,109,CT/EC,F
205,138_H3,4.288581545096121e-07,0.0008295317769981,0.1652403686316369,0.0,0.0415175823166974,138,111,3,F
206,138_H1,0.00079485244329,0.0314237419387899,0.1995479709699562,0.0,0.057941641338009,138,111,3,F
207,138_NCI,0.0001828395321679,0.031187633790969,0.0527370656824893,0.0,0.0210268847514065,138,111,3,F
208,139_H1,0.0,0.0349849054833501,0.1765378412963891,0.0275148414075374,0.0597593970468192,139,112,3,M
209,139_NCI,0.0,0.0110099113498687,0.1046639962878051,0.0,0.0289184769094184,139,112,3,M
210,140_H3,0.0,0.0288993951226651,0.1006741143596663,0.0,0.0323933773705828,140,113,3,S
211,140_H1,0.0,3.993069266862416e-05,0.0665398509803595,0.0,0.016644945418257,140,113,3,S
212,141_NCI,2.5466259645419725e-07,0.0010814493045655,0.1088786088000785,0.0,0.0274900781918101,141,114,3,I
213,141_H1,0.0,0.0564231166510279,0.0564028526557284,0.0,0.0282064923266891,141,114,3,I
214,142_NCI,0.0,0.0077599973551772,0.0421054373080874,0.0,0.0124663586658161,142,115,3,M
215,142_H3,0.001295641303417,0.0115387411727209,0.0980349560132833,0.0,0.0277173346223553,142,115,3,M
216,144_H3,0.0,0.0173905910668278,0.0348562165816176,0.0,0.0130617019121113,144,117,3,M
217,144_H1,0.0,0.286647289307587,0.1188567964228277,0.0,0.1013760214326036,144,117,3,M
218,145_H3,0.0,0.0015089125465454,0.0110825523087219,0.0,0.0031478662138168,145,118,3,A
219,145_H1,0.0001156037065956,0.0030159518561536,0.0161701666294717,0.0,0.0048254305480552,145,118,3,A
220,149_NCI,0.0001808825925023,0.0093530717313181,0.0330079448598942,0.0,0.0106354747959286,149,122,3,I
221,149_H3,0.0,0.0051624069595128,0.1096194526816822,0.0091168023645877,0.0309746655014457,149,122,3,I
222,149_H1,0.0,0.0183073806835556,0.0240041652179471,0.0,0.0105778864753757,149,122,3,I
223,152_H3,0.0,0.0056963357716105,0.0039872402491328,0.0,0.0024208940051858,152,125,3,Y
224,152_H1,1.3413712570067123e-06,0.004080246072894,0.0152297235130938,0.0,0.0048278277393112,152,125,3,Y
225,153_H3,0.0,0.0743844698965465,0.1501883327889655,0.0,0.056143200671378,153,126,3,N
226,154_H1,0.0,0.0016991338323497,0.0678338140263738,0.0082649812102317,0.0194494822672388,154,127,3,V
227,154_NCI,1.7452119093691307e-05,0.0024356593161945,0.0176530420275414,0.0,0.0050265383657074,154,127,3,V
228,154_H3,0.0,0.0002930328082069,0.086165728834929,0.0,0.021614690410784,154,127,3,V
229,155_NCI,0.0,0.0005992812838444,0.0482045695275128,0.0,0.0122009627028393,155,128,3,I
230,156_H1,0.0,0.0132738991579459,0.0278146417680831,0.0,0.0102721352315072,156,129,3,G
231,156_H3,0.0,0.0016857638514509,0.0431681526000192,0.0,0.0112134791128675,156,129,3,G
232,156_NCI,0.0,0.0024938439405631,0.0054014248795355,0.0,0.0019738172050246,156,129,3,G
233,157_H3,0.0,0.3845256933427349,0.5172866632571057,0.2670676112174988,0.2922199919543348,157,130,3,R
234,158_NCI,0.0,0.180865231995195,0.1171266477331055,0.0,0.0744979699320751,158,131,3,P
235,159_NCI,0.0,0.0242220614336025,0.1054137040808419,0.0,0.0324089413786111,159,132,CT/EC,M
236,160_H1,0.0002047279029398,0.1237507405921229,0.2016709251410387,0.0,0.0814065984090253,160,133,CT/EC,A
237,160_NCI,0.0,0.0047657805103644,0.2624921739773833,0.0,0.0668144886219369,160,133,CT/EC,A
238,160_H3,0.0,0.0003386855214556,0.1295934109069109,0.0,0.0324830241070916,160,133,CT/EC,A
239,161_NCI,0.0001636385185116,0.0955253294943516,0.234860901163305,0.0,0.082637467294042,161,134,CT/EC,A
240,162_H1,0.0,0.0428297521459908,0.0152803031045602,0.0,0.0145275138126377,162,135,CT/EC,K
241,162_H3,0.0,0.1683878392001989,0.0618618524600206,0.0,0.0575624229150549,162,135,CT/EC,K
242,162_NCI,8.216249741882232e-05,0.397218642518832,0.1712806571369788,0.0,0.1421453655383074,162,135,CT/EC,K
243,163_NCI,0.0,0.1050682327118195,0.3720835603448224,0.0,0.1192879482641604,163,136,CT/EC,K
244,163_H1,0.0,0.5054331502468847,0.1599246794355334,0.0,0.1663394574206045,163,136,CT/EC,K
245,163_H3,0.0,0.0232849302373509,0.0982377245451289,0.0,0.0303806636956199,163,136,CT/EC,K
246,164_NCI,7.118947964193516e-05,0.0384548166769014,0.1083442042169063,0.0,0.0367175525933624,164,137,CT/EC,M
247,165_H1,2.7749320720203654e-06,0.0496189829748261,0.2082370189676871,0.0,0.0644646942186463,165,138,CT/EC,S
248,165_NCI,1.247787453928479e-06,0.0446804693127879,0.0074023997895225,0.0,0.0130210292224411,165,138,CT/EC,S
249,166_H1,0.0008996686029516,0.0647676368611462,0.97788607325815,0.0,0.260888344680562,166,139,CT/EC,H
250,166_NCI,0.000109466213602,0.2004980017313758,0.1480990112971753,0.5084775686264038,0.2142960119671392,166,139,CT/EC,H
251,167_NCI,0.0019629029151346,0.0137885538368835,0.4117500505455024,0.011385696940124,0.1097218010594111,167,140,CT/EC,R
252,167_H3,0.0,0.0015250358206723,0.0514670312178425,0.0,0.0132480167596287,167,140,CT/EC,R
253,167_H1,0.0,0.0175714617800582,0.0607726004658263,0.0,0.0195860155614711,167,140,CT/EC,R
254,168_H3,0.0,0.0002872131480187,0.1084800073492932,0.0,0.027191805124328,168,141,CT/EC,R
255,168_H1,0.0,0.0625538569469055,0.1181658233275853,0.0,0.0451799200686227,168,141,CT/EC,R
256,168_NCI,0.0003392996951261,0.0362226652828702,0.2314003905303689,0.0,0.0669905888770913,168,141,CT/EC,R
257,169_H1,0.0,0.0014895332658877,0.0373196202715931,0.0,0.0097022883843702,169,142,CT/EC,A
258,170_NCI,0.0001805596767908,0.0408010947850235,0.1498087966694222,0.0,0.0476976127828091,170,143,CT/EC,F
259,172_H1,0.0,0.00348056149849,0.1375442444234801,0.0,0.0352562014804925,172,145,CT/EC,M
260,172_H3,0.0,0.1268745825171734,0.0647228564095978,0.0,0.0478993597316928,172,145,CT/EC,M
261,172_NCI,8.861678857782353e-05,0.1257763692042499,0.0499883697833987,0.0,0.0439633389440566,172,145,CT/EC,M
262,175_H1,0.0044134233297102,0.0059905146770897,0.1180983622914495,0.0035443517845124,0.0330116630206904,175,148,CT/EC,F
263,176_H1,0.0,0.0687822409777369,0.2185801210237833,0.0,0.07184059050038,176,149,CT/EC,V
264,176_H3,0.0,0.0241908685382868,0.0541864678787947,0.0,0.0195943341042703,176,149,CT/EC,V
265,178_NCI,0.0004214152164029,0.0126499925217661,0.1460217882110678,0.0,0.0397732989873092,178,151,CT/EC,L
266,178_H1,0.0003468301605171,0.0553925438653733,0.0882019811288962,0.0124432230368256,0.0390961445479031,178,151,CT/EC,L
267,178_H3,0.0,0.0015494324184225,0.1041864112399008,0.0,0.0264339609145808,178,151,CT/EC,L
268,179_H3,0.0010200569837563,0.0469489105361529,0.2255546116663721,0.0,0.0683808947965703,179,152,4,W
269,179_NCI,0.0,0.0328545417945398,0.0667225831992043,0.0,0.024894281248436,179,152,4,W
270,179_H1,0.0005661210300082,0.0744771070681428,0.2150362653243049,0.0,0.072519873355614,179,152,4,W
271,180_H1,0.027305876927081,0.0602137021392739,0.2069228127597994,0.0,0.0736105979565386,180,153,4,S
272,180_H3,0.0,0.0058536142531521,0.2333229945145141,0.0,0.0597941521919165,180,153,4,S
273,181_H1,0.0050968591610714,0.016638148833425,0.0653921412096642,0.0092338416725397,0.0240902477191751,181,154,4,V
274,181_H3,0.0062653203144423,0.0050621343517486,0.3414657571408152,0.0,0.0881983029517515,181,154,4,V
275,181_NCI,0.0,0.0182106179697583,0.0476429830987584,0.0,0.0164634002671291,181,154,4,V
276,182_H1,0.0,0.100188714983181,0.0572637478903403,0.0,0.0393631157183803,182,155,4,L
277,182_NCI,0.0,0.1062139996545789,0.3025802884018326,0.0,0.1021985720141028,182,155,4,L
278,183_H3,0.0,0.0463393656535859,0.0083444739403948,0.0,0.0136709598984952,183,156,4,W
279,183_H1,0.0,0.0463393656535859,0.0083444739403948,0.0,0.0136709598984952,183,156,4,W
280,184_H3,0.0,0.0055950488544965,0.2037891954073975,0.0,0.0523460610654735,184,157,4,A
281,184_NCI,0.0,0.0351722242527461,0.0883404440288815,0.0,0.0308781670704069,184,157,4,A
282,184_H1,0.0,0.032930332657317,0.0595117445600674,0.0,0.0231105193043461,184,157,4,A
283,186_H1,3.269318127881535e-05,0.0073650889299373,0.0105598925181943,0.0,0.0044894186573526,186,159,4,G
284,186_NCI,0.0,0.0002778848100657,0.1197402197862052,0.0,0.0300045261490677,186,159,4,G
285,187_NCI,0.0,0.0,0.0063702119962992,0.0,0.0015925529990748,187,160,4,P
286,187_H1,0.0,0.0,0.0063702119962992,0.0,0.0015925529990748,187,160,4,P
287,188_H3,0.0,1.95953851136554e-05,0.0004591151875999,0.0,0.0001196776431783,188,161,4,I
288,188_NCI,0.0,0.0050267291160533,0.018623755836964,0.0,0.0059126212382543,188,161,4,I
289,189_NCI,0.0,0.0006760564821757,0.0768660273717124,0.0,0.019385520963472,189,162,4,F
290,189_H3,0.0,0.0046379022877352,0.0128431770633848,0.0,0.00437026983778,189,162,4,F
291,189_H1,0.0,0.0198726204031145,0.0130757992496085,0.0,0.0082371049131807,189,162,4,F
292,190_NCI,0.0,0.0001389101119852,0.1337721787811621,0.0,0.0334777722232868,190,163,4,G
293,190_H3,0.0,0.196367833560041,0.1309017250327048,0.0,0.0818173896481864,190,163,4,G
294,190_H1,0.0001274845923426,0.0968982237084779,0.1400084295699236,0.0,0.059258534467686,190,163,4,G
295,191_NCI,0.0,0.0,0.0163045477337904,0.0,0.0040761369334476,191,164,4,W
296,191_H3,0.0,0.0,0.0163045477337904,0.0,0.0040761369334476,191,164,4,W
297,191_H1,0.0,0.0,0.0163045477337904,0.0,0.0040761369334476,191,164,4,W
298,192_NCI,0.0046738486040059,0.0439620406371509,0.6156521377121517,0.0,0.1660720067383271,192,165,4,G
299,192_H3,0.0046738486040059,0.0439620406371509,0.6156521377121517,0.0,0.1660720067383271,192,165,4,G
300,192_H1,0.003874585112533,0.1268837157027597,0.3649894427271465,0.0076981224119663,0.1258614664886014,192,165,4,G
301,193_H3,0.0,0.0038120083988012,0.1438380735527648,0.0,0.0369125204878915,193,166,4,A
302,194_NCI,0.0039883621918728,0.0388198018284203,0.3194288459976048,0.0,0.0905592525044745,194,167,4,Y
303,194_H1,0.0039883621918728,0.0388198018284203,0.3194288459976048,0.0,0.0905592525044745,194,167,4,Y
304,194_H3,0.0039883621918728,0.0388198018284203,0.3194288459976048,0.0,0.0905592525044745,194,167,4,Y
305,199_H1,0.0,0.1021176293211788,0.2031547095082381,0.0,0.0763180847073542,199,172,4,V
306,199_H3,0.0,0.2081049890220821,0.1083377742455415,0.0,0.0791106908169059,199,172,4,V
307,199_NCI,0.0,0.7099176262545811,0.0741030016168303,0.0,0.1960051569678528,199,172,4,V
308,200_H1,0.0,0.0021331998725971,0.0757847736451889,0.0,0.0194794933794465,200,173,CT/EC,L
309,200_NCI,0.0,0.1969894991445953,0.0040692031216171,0.0,0.0502646755665531,200,173,CT/EC,L
310,202_H3,0.0,0.002746212912989,0.1237125214472171,0.0,0.0316146835900515,202,175,CT/EC,N
311,202_H1,9.121252930756115e-05,0.0367582760061188,0.1613586501985892,0.0,0.0495520346835039,202,175,CT/EC,N
312,204_H1,2.3353817736318043e-07,0.0291796543692163,0.0569203992400913,0.0,0.0215250717868712,204,177,CT/EC,S
313,204_NCI,2.3353817736318043e-07,0.0291796543692163,0.0569203992400913,0.0,0.0215250717868712,204,177,CT/EC,S
314,204_H3,2.3353817736318043e-07,0.0291796543692163,0.0569203992400913,0.0,0.0215250717868712,204,177,CT/EC,S
315,205_H1,0.0,0.0183466080600411,0.1475858100085834,0.0,0.0414831045171561,205,178,CT/EC,F
316,205_H3,0.0,0.0183466080600411,0.1475858100085834,0.0,0.0414831045171561,205,178,CT/EC,F
317,205_NCI,0.0,0.1335484548331668,0.0540001690126021,0.0,0.0468871559614422,205,178,CT/EC,F
318,209_H1,0.0,0.035308139391384,0.2962165181878649,0.0,0.0828811643948122,209,182,CT/EC,S
319,210_H1,4.370706943465807e-07,0.0262356439427864,0.4217730480143237,0.0,0.1120022822569511,210,183,CT/EC,R
320,210_H3,5.689375664279128e-05,0.0003598713483071,0.0200234427741139,0.0,0.0051100519697659,210,183,CT/EC,R
321,210_NCI,0.0,0.005917212273002,0.0714126055690918,0.0,0.0193324544605234,210,183,CT/EC,R
322,211_NCI,0.0,0.0116962532449602,0.0155342606514289,0.0,0.0068076284740972,211,184,CT/EC,D
323,212_H3,0.0035547564374091,0.0880436853760237,0.4445527651115446,0.0061264941468834,0.1355694252679652,212,185,CT/EC,S
324,212_H1,5.591580149062085e-07,0.1816561920048583,0.4539525928853795,0.0,0.1589023360120632,212,185,CT/EC,S
325,213_NCI,0.0,0.0601530958458549,0.1124197843610191,0.0,0.0431432200517185,213,186,CT/EC,T
326,213_H3,0.0,0.0354760314479405,0.0774888630139678,0.0,0.0282412236154771,213,186,CT/EC,T
327,213_H1,0.0,0.1416669195001124,0.1417792759978807,0.0,0.0708615488744982,213,186,CT/EC,T
328,215_NCI,0.0018361090685946,0.0258249372412128,0.045546218911852,0.0,0.0183018163054148,215,188,CT/EC,R
329,216_NCI,4.615016412542708e-05,0.1994609878720796,0.0651976461416775,0.0,0.0661761960444706,216,189,CT/EC,S
330,216_H3,0.0,0.3910258212510814,0.1848739936417536,0.0,0.1439749537232088,216,189,CT/EC,S
331,216_H1,0.0,0.3910258212510814,0.1848739936417536,0.0,0.1439749537232088,216,189,CT/EC,S
332,217_H1,0.0,0.285118615670574,0.1234316619162643,0.0,0.1021375693967096,217,190,CT/EC,N
333,217_H3,0.0,0.285118615670574,0.1234316619162643,0.0,0.1021375693967096,217,190,CT/EC,N
334,217_NCI,0.0,0.285118615670574,0.1234316619162643,0.0,0.1021375693967096,217,190,CT/EC,N
335,218_NCI,0.0001355472357726,0.0056129519481223,0.0247896648176787,0.0,0.0076345410003934,218,191,CT/EC,I
336,218_H1,0.0,0.0130633955958974,0.0213122729903963,0.0,0.0085939171465734,218,191,CT/EC,I
337,219_NCI,0.0002104852173029,0.0193176300557228,0.269769695643184,0.0,0.0723244527290524,219,192,CT/EC,L
338,219_H1,0.0001413292100087,0.1013488514805466,0.0047539380741463,0.0818460062146186,0.0470225312448301,219,192,CT/EC,L
339,220_H1,0.0003924268383631,0.0290945466755887,0.2320283972320364,0.0,0.065378842686497,220,193,CT/EC,C
340,220_H3,1.1730722883792248e-06,0.0022498605364792,0.1866162118597098,0.0,0.0472168113671193,220,193,CT/EC,C
341,221_H1,0.0007536157984982,0.5504950338161569,1.0,0.0,0.3878121624036638,221,194,CT/EC,M
342,221_NCI,0.0005334754994142,0.0995929830172374,0.6959848960312183,0.0,0.1990278386369675,221,194,CT/EC,M
343,221_H3,0.0,0.0,0.0631207620026228,0.0,0.0157801905006557,221,194,CT/EC,M
344,222_H1,1.0,0.9344717242307452,0.8522268578797505,1.0,0.9466746455276238,222,195,CT/EC,F
345,222_NCI,0.0006903759151303,0.1635632177281646,0.8736591153647427,0.0643293559551239,0.2755605162407904,222,195,CT/EC,F
346,222_H3,0.0,0.0019462471906778,0.1042531741153358,0.0,0.0265498553265034,222,195,CT/EC,F
347,223_H3,0.0,0.0023695473505889,0.0197996071138919,0.0,0.0055422886161202,223,196,CT/EC,I
348,223_H1,0.0008236667710045,0.0134462789421351,0.282987860626743,0.0056094727478921,0.0757168197719437,223,196,CT/EC,I
349,224_NCI,0.0,0.0039619913116433,0.0598511119130963,0.0,0.0159532758061849,224,197,CT/EC,L
350,224_H3,0.0044596997194488,0.0202771866942509,0.1805799208091446,0.0,0.0513292018057111,224,197,CT/EC,L
351,225_H3,0.0,0.0009348534625732,0.0842965208668796,0.0,0.0213078435823632,225,198,CT/EC,G
352,225_H1,0.0,0.0140132919995472,0.1334806564135358,0.0,0.0368734871032707,225,198,CT/EC,G
353,226_H1,0.0,0.0026266171112122,0.0093020084346276,0.0,0.0029821563864599,226,199,CT/EC,F
354,228_H3,0.0,0.0044318723837272,0.0542878026479834,0.0,0.0146799187579276,228,201,5,G
355,228_H1,0.002051233336206,0.010595672368236,0.0478158755103247,0.0,0.0151156953036917,228,201,5,G
356,229_H3,0.0,0.0022725770016603,0.1111288409644592,0.0,0.0283503544915298,229,202,5,P
357,230_NCI,0.0,0.1043140865131499,0.0307838564619875,0.0,0.0337744857437843,230,203,5,I
358,230_H1,0.0,0.0993211169380487,0.0575893956043314,0.0,0.039227628135595,230,203,5,I
359,230_H3,0.0,0.0,0.0063702119962992,0.0,0.0015925529990748,230,203,5,I
360,231_H1,0.0,0.1285570876404974,0.3733482230158616,0.0313171632587909,0.1333056184787875,231,204,5,L
361,231_H3,0.0,0.1255134817571244,0.3427575881814019,0.0,0.1170677674846315,231,204,5,L
362,231_NCI,0.0073549860584316,0.0220630730551604,0.7771921287280961,0.0122107798233628,0.2047052419162627,231,204,5,L
363,232_H1,0.0,0.0294020160880811,0.1620328048383869,0.0,0.047858705231617,232,205,5,I
364,232_NCI,2.198602132901276e-05,0.0209303600889989,0.1440605039606077,0.0,0.0412532125177339,232,205,5,I
365,234_H3,0.0,0.0,0.0063702119962992,0.0,0.0015925529990748,234,207,5,F
366,234_H1,0.0001658879704087,0.0318743986947474,0.1338475258834545,0.0,0.0414719531371526,234,207,5,F
367,235_H1,0.0,0.0061871538915,0.1264317429756257,0.0,0.0331547242167814,235,208,5,F
368,235_NCI,0.0,0.0009175274574498,0.0101572105718365,0.0,0.0027686845073215,235,208,5,F
369,236_NCI,0.0001406189932517,0.0066352833841414,0.1091532668940606,0.0,0.0289822923178634,236,209,5,C
370,236_H1,0.0001431651299942,0.0014244250586978,0.0151068925409285,0.0,0.0041686206824051,236,209,5,C
371,238_H3,0.0,0.0058407248528309,0.0395622660672685,0.0,0.0113507477300248,238,211,5,F
372,238_H1,3.136638405808971e-06,0.100797119453868,0.0273709848862684,0.0,0.0320428102446355,238,211,5,F
373,239_H3,0.0,0.0004062750357386,0.0617621853980707,0.0,0.0155421151084523,239,212,5,N
374,239_H1,9.931879924791269e-05,0.1102583515052983,0.0199818239867631,0.0,0.0325848735728273,239,212,5,N
375,240_H1,0.0,0.0002624111243285,0.0295550131445271,0.0,0.0074543560672139,240,213,5,I
376,240_NCI,0.0,0.0002624111243285,0.0295550131445271,0.0,0.0074543560672139,240,213,5,I
377,241_NCI,0.0001954981707931,0.0093660322577038,0.0639437499876101,0.0,0.0183763201040268,241,214,5,V
378,242_H3,3.8139431551213726e-06,0.0006063777023231,0.0231971823093678,0.0,0.0059518434887115,242,215,5,M
379,242_H1,0.0014506268377947,0.0264176664007225,0.283003033485904,0.0,0.0777178316811053,242,215,5,M
380,243_H1,0.0,0.0273404161229373,0.1866786061562812,0.0,0.0535047555698046,243,216,5,S
381,243_H3,0.0,0.000152869528472,0.1119642143868353,0.0,0.0280292709788268,243,216,5,S
382,243_NCI,2.249982702915822e-06,0.1098956944861444,0.0257146356254914,0.0,0.0339031450235847,243,216,5,S
383,245_NCI,0.0,0.022316485128047,0.0320039265033176,0.0,0.0135801029078411,245,218,5,S
384,245_H1,0.000358094361899,0.1265690275802358,0.4946280411486385,0.0,0.1553887907726933,245,218,5,S
385,245_H3,0.0001425649592198,0.1012653369283673,0.2091549944080018,0.0,0.0776407240738972,245,218,5,S
386,246_H3,0.0,0.0026331802643199,0.0374284261856777,0.0,0.0100154016124994,246,219,5,N
387,246_NCI,0.0044177576596702,0.0661955697551764,0.0373609739575743,0.0,0.0269935753431052,246,219,5,N
388,246_H1,4.233931066514529e-05,0.0526623000148088,0.2266033416042737,0.0,0.0698269952324369,246,219,5,N
389,250_NCI,0.0021778255913094,0.1582369250951091,0.055372783168843,0.0,0.0539468834638153,250,223,5,E
390,251_H1,0.0,0.0315010044121159,0.0568584710586782,0.0,0.0220898688676985,251,224,5,M
391,251_NCI,0.0,0.017720692823294,0.0874325336226543,0.0,0.0262883066114871,251,224,5,M
392,252_H1,0.0,0.0383100046243381,0.2948406388708578,0.0146899232640862,0.0869601416898205,252,225,CT/EC,A
393,252_H3,0.0,0.0169224433301903,0.2296432111753676,0.0,0.0616414136263895,252,225,CT/EC,A
394,253_NCI,0.0,5.3162431186997007e-05,0.0179457328068774,0.0,0.0044997238095161,253,226,CT/EC,A
395,260_NCI,0.0,0.0033796224953482,0.0550744590210089,0.0,0.0146135203790892,260,233,CT/EC,A
396,261_H1,4.290679666028248e-05,0.0418459061409899,0.0726786558156349,0.0,0.0286418671883212,261,234,CT/EC,K
397,261_H3,0.0,0.1102754103481488,0.0763331586147127,0.0,0.0466521422407154,261,234,CT/EC,K
398,264_H1,0.0,0.0937295833505048,0.2136984354400517,0.0,0.0768570046976391,264,237,CT/EC,R
399,264_NCI,0.0,1.1054310269209537e-05,0.0562726156566885,0.0,0.0140709174917394,264,237,CT/EC,R
400,265_H1,0.0,0.0037603443847287,0.1343335654215155,0.0,0.034523477451561,265,238,CT/EC,K
401,265_H3,0.0,0.0245615419717233,0.1487442538528597,0.0,0.0433264489561457,265,238,CT/EC,K
402,266_H3,0.0,0.0038487335106859,0.1135317621967416,0.0,0.0293451239268569,266,NA,NA,-
403,268_H3,5.175748390658756e-05,0.013688404711683,0.2548495879827243,0.0,0.0671474375445784,268,240,CT/EC,Q
404,268_H1,7.420831554461086e-05,0.0119607462703685,0.3850305086161881,0.0,0.0992663658005253,268,240,CT/EC,Q
405,269_H3,3.915599158075068e-05,0.0041464990822548,0.0960633026773516,0.0,0.0250622394377968,269,241,CT/EC,A
406,269_H1,0.0039116985393371,0.0083445543774666,0.0243007500192808,0.0,0.0091392507340211,269,241,CT/EC,A
407,270_H1,9.47013945099228e-06,0.0080558840792941,0.1093150949927307,0.0,0.0293451123028689,270,242,CT/EC,G
408,271_NCI,4.053946010654393e-06,0.049571503841922,0.1226048360098841,0.0,0.0430450984494542,271,243,CT/EC,A
409,271_H1,1.1475054774042705e-06,0.020249517469688,0.1575074938896872,0.0,0.0444395397162131,271,243,CT/EC,A
410,274_H1,0.0,0.0052886524863003,0.0182413452756529,0.0,0.0058824994404883,274,246,CT/EC,E
411,274_NCI,0.0,0.0052886524863003,0.0182413452756529,0.0,0.0058824994404883,274,246,CT/EC,E
412,275_NCI,0.0,0.0317532663814089,0.3368094360905305,0.0,0.0921406756179848,275,247,CT/EC,M
413,275_H1,0.0001299762418807,0.0031698041746714,0.0334480654618953,0.0,0.0091869614696119,275,247,CT/EC,M
414,276_H3,0.0,6.001790653906104e-05,0.0105929570229802,0.0,0.0026632437323798,276,248,CT/EC,R
415,276_NCI,0.0,0.0001129643614181,0.0081200763756103,0.0,0.0020582601842571,276,248,CT/EC,R
416,276_H1,0.0,0.0024904532913685,0.0063399849258995,0.0,0.002207609554317,276,248,CT/EC,R
417,277_NCI,0.0,0.0173905910668278,0.0348562165816176,0.0,0.0130617019121113,277,249,CT/EC,L
418,277_H1,0.0,0.1081354782255561,0.0637713502174505,0.0,0.0429767071107516,277,249,CT/EC,L
419,280_H1,3.6074859594803954e-05,0.0071070855470147,0.0933341263896325,0.0,0.0251193216990605,280,252,CT/EC,I
420,280_NCI,1.7299875003125055e-05,0.0037197115764005,0.0913786242269408,0.0,0.0237789089195861,280,252,CT/EC,I
421,282_H1,0.0,0.059498793153481,0.0564676024950813,0.0,0.0289915989121406,282,254,CT/EC,I
422,282_NCI,0.0,0.0051976165201438,0.05962857172038,0.0,0.0162065470601309,282,254,CT/EC,I
423,283_H1,0.0002045392579483,0.0341379893693165,0.0927671930198328,0.0,0.0317774304117744,283,255,CT/EC,V
424,283_H3,0.0,0.0008711487843828,0.0655324326943624,0.0,0.0166008953696863,283,255,CT/EC,V
425,284_H1,0.0,0.1319120696530064,0.2546436227312478,0.0,0.0966389230960635,284,256,CT/EC,I
426,284_NCI,0.0,0.0012481429716369,0.0621006926381535,0.0,0.0158372089024476,284,256,CT/EC,I
427,284_H3,0.0,0.0,0.0631207620026228,0.0,0.0157801905006557,284,256,CT/EC,I
428,285_H3,0.0010199970816969,0.0040605729245239,0.0856797467189248,0.0,0.0226900791812864,285,257,CT/EC,V
429,285_NCI,0.0096607332340166,0.2376287686670819,0.237898120742949,0.0533702820539474,0.1346394761744987,285,257,CT/EC,V
430,285_H1,3.759214722081796e-05,0.1973118010843563,0.0842887803423127,0.0,0.0704095433934724,285,257,CT/EC,V
431,286_H1,0.0369179433649505,0.0655341382836019,0.182129445637529,0.0552527382969856,0.0849585663957668,286,258,CT/EC,S
432,286_H3,0.0,0.0045389854284381,0.1815546358112111,0.0,0.0465234053099123,286,258,CT/EC,S
433,287_NCI,0.0,0.0,0.0658766564461331,0.0,0.0164691641115332,287,259,CT/EC,Q
434,288_H1,0.0,3.0311770168811452e-05,0.0224882565904905,0.0,0.0056296420901648,288,260,CT/EC,F
435,288_H3,0.0,3.708872166239836e-05,0.0250550131191512,0.0,0.0062730254602034,288,260,CT/EC,F
436,291_H1,0.0004129108047883,0.0090142758478852,0.0838996094718086,0.0,0.0233316990311205,291,263,6,S
437,291_H3,0.0004129108047883,0.0090142758478852,0.0838996094718086,0.0,0.0233316990311205,291,263,6,S
438,296_H1,0.0,0.0069971975962149,0.1094419914240206,0.0,0.0291097972550589,296,268,6,A
439,296_H3,0.0,0.0003296367699506,0.1092599030960442,0.0,0.0273973849664987,296,268,6,A
440,297_NCI,0.0,0.0197668314684785,0.2204702839681719,0.0,0.0600592788591626,297,269,6,V
441,298_H1,0.011563391891725,0.1560380898926269,0.1470617636127779,0.0,0.0786658113492824,298,270,6,V
442,298_NCI,1.7202087017876844e-05,0.0905302339269488,0.086364242705874,0.0,0.0442279196799602,298,270,6,V
443,299_H3,0.0,0.0104296102716914,0.1857813377929495,0.0,0.0490527370161602,299,271,6,A
444,299_H1,2.1987155811411337e-07,0.0013278567227687,0.1743767353047351,0.0,0.0439262029747654,299,271,6,A
445,300_H1,0.00239058748439,0.0842176665443937,0.2620167222225829,0.0,0.0871562440628417,300,272,6,L
446,300_H3,0.0,0.0006831902129053,0.0364235078542967,0.0,0.0092766745168005,300,272,6,L
447,300_NCI,0.0,0.0806134850827112,0.1470116337920564,0.0,0.0569062797186919,300,272,6,L
448,301_H1,0.0,0.2806706832424382,0.0057697075811595,0.9565770626068116,0.3107543633576023,301,273,6,L
449,301_H3,0.0,0.0010470586107325,0.1582297750983023,0.0,0.0398192084272587,301,273,6,L
450,301_NCI,4.073830938610526e-05,0.0198336487566165,0.0163918481630143,0.0,0.0090665588072542,301,273,6,L
451,303_H1,1.298972139108126e-06,0.1322879366244146,0.0140063178441622,0.0,0.036573888360179,303,275,6,Q
452,303_NCI,0.0,0.0001615391713563,0.0318136130118396,0.0,0.007993788045799,303,275,6,Q
453,304_H1,0.0,0.0032494122169892,0.1433733705760944,0.0,0.0366556956982709,304,276,6,F
454,304_H3,0.0,2.9762945504991627e-05,0.1552591103791873,0.0,0.038822218331173,304,276,6,F
455,305_H1,0.0,0.0417692309348588,0.3282879288590762,0.0,0.0925142899484837,305,277,6,G
456,305_NCI,0.0,0.3684441303813205,0.379406140917699,0.0,0.1869625678247549,305,277,6,G
457,305_H3,0.0002343424484788,0.0099893045295737,0.2072577996394493,0.0,0.0543703616543755,305,277,6,G
458,306_H1,0.0,0.0116653595252418,0.12382723053858,0.0,0.0338731475159554,306,278,6,P
459,307_H1,2.413133781442154e-05,0.0073130818475514,0.0039738287581575,0.0,0.0028277604858808,307,279,6,L
460,307_H3,0.0,0.005657403453017,0.0372545330610265,0.0,0.0107279841285108,307,279,6,L
461,307_NCI,1.777271305008268e-05,0.0024571257367779,0.1270125206551978,0.0,0.0323718547762564,307,279,6,L
462,308_H1,0.0061722689738739,0.0076068334433182,0.3524815039195112,0.0,0.0915651515841758,308,280,6,E
463,309_H1,0.0233915764182718,0.9996023301007674,0.3131765537483226,0.9035462141036988,0.5599291685927652,309,281,6,W
464,309_H3,4.579909623228516e-07,0.0001271032227595,0.1010444254841924,0.0,0.0252929966744785,309,281,6,W
465,309_NCI,5.005494857653942e-05,0.0003045364790986,0.0258270264312596,0.0,0.0065454044647336,309,281,6,W
466,310_H1,0.0,0.0019570502975352,0.0794182633060797,0.0,0.0203438284009037,310,282,6,V
467,311_H1,2.4473721959038956e-05,0.5999183276009786,0.1713922633276565,0.4148126244544983,0.2965369222762731,311,283,6,T
468,313_H1,0.0,0.0175868008584722,0.0751994259781166,0.0,0.0231965567091472,313,285,CT/EC,Y
469,313_NCI,0.0,0.0510899303035973,0.2243176159722866,0.0,0.0688518865689709,313,285,CT/EC,Y
470,314_H1,0.0001815149786631,0.1199798299934291,0.1681340170285235,0.0,0.0720738405001539,314,286,CT/EC,A
471,314_NCI,0.0003871966260694,0.0716176321475683,0.3033322777114983,0.0277509056031703,0.1007720030220766,314,286,CT/EC,A
472,316_H1,0.0,0.3785939827149613,0.1056654923529695,0.0,0.1210648687669827,316,288,CT/EC,Q
473,316_NCI,0.0,0.3862257005835707,0.0768879644889462,0.0,0.1157784162681292,316,288,CT/EC,Q
474,317_H1,3.43071220545383e-05,0.0074253987501332,0.1310787285541016,0.0,0.0346346086065723,317,289,CT/EC,L
475,317_H3,0.0,4.280299256082732e-05,0.0557336139841244,0.0,0.0139441042441713,317,289,CT/EC,L
476,318_NCI,0.0,0.0807155332117652,0.073346379700768,0.0036609664093703,0.0394307198304759,318,290,CT/EC,P
477,318_H3,0.0,0.0,0.1292007649977714,0.0,0.0323001912494428,318,290,CT/EC,P
478,318_H1,1.872517656193789e-06,0.0074048519512905,0.0071908405239417,0.0,0.0036493912482221,318,290,CT/EC,P
479,319_H1,0.0005331625816327,0.0047241006038698,0.0421217930292547,0.0004985244013369,0.0119693951540235,319,291,CT/EC,V
480,319_H3,0.0004878413366574,0.0064429592406545,0.0664990649022707,0.0,0.0183574663698956,319,291,CT/EC,V
481,319_NCI,1.4474810836383942e-05,0.0060386469122746,0.0225172391968142,0.0,0.0071425902299813,319,291,CT/EC,V
482,320_NCI,0.0,0.0992229077806371,0.2337844421800233,0.0,0.0832518374901651,320,292,CT/EC,M
483,320_H1,0.0321353992987135,0.0415474684998206,0.1552832035943639,0.0362322814762592,0.0662995882172893,320,292,CT/EC,M
484,321_H1,0.0,0.012497987514105,0.1106520608865432,0.0,0.030787512100162,321,293,CT/EC,F
485,321_H3,0.0,3.868596410414194e-07,0.1078192482490592,0.0,0.026954908777175,321,293,CT/EC,F
486,321_NCI,0.0,0.0149058035434069,0.0152826104665337,0.0,0.0075471035024851,321,293,CT/EC,F
487,322_H1,0.0,0.0423999449192801,0.0949736183090105,0.0,0.0343433908070726,322,294,7,A
488,322_NCI,0.0,0.0556882466806167,0.1353281966508829,0.0,0.0477541108328749,322,294,7,A
489,324_H3,0.0040629688247235,0.0088522117383243,0.1094173630776204,0.0,0.0305831359101671,324,296,7,A
490,324_NCI,0.0023022194019984,0.0219834727738125,0.1378957495343978,0.0,0.0405453604275521,324,296,7,A
491,325_H1,0.0001569604658246,0.1593705427390822,0.3055901999214302,0.6420785188674927,0.2767990554984574,325,297,7,S
492,325_H3,0.0,0.092870610266706,0.2083122630794624,0.0,0.0752957183365421,325,297,7,S
493,325_NCI,0.0,0.0173905910668278,0.0348562165816176,0.0,0.0130617019121113,325,297,7,S
494,327_H1,0.0,0.0237672241707585,0.0944868692992491,0.0,0.0295635233675019,327,299,7,I
495,327_NCI,0.0,0.1046312041089486,0.1893230226685351,0.0,0.0734885566943709,327,299,7,I
496,328_H1,0.0003060610823208,0.0025077561345136,0.0648146653939988,0.0,0.0169071206527083,328,300,7,H
497,328_H3,0.0,0.0750314882617419,0.0491136387710001,0.0,0.0310362817581855,328,300,7,H
498,328_NCI,0.0,0.0006868082893479,0.1037444393761121,0.0,0.026107811916365,328,300,7,H
499,329_H1,0.0,0.1081354782255561,0.0637713502174505,0.0,0.0429767071107516,329,301,7,N
500,329_NCI,0.0,0.4035679026424769,0.0653335316135928,0.0,0.1172253585640174,329,301,7,N
501,331_H3,0.0,0.1865737022722522,0.0744377639055231,0.0,0.0652528665444438,331,303,7,M
502,331_NCI,0.0,0.0285015472683847,0.0364960741586072,0.0,0.016249405356748,331,303,7,M
503,331_H1,0.0,0.2698839854615592,0.1681224791874221,0.0,0.1095016161622453,331,303,7,M
504,334_NCI,0.0,0.0019896080890048,0.0534264398554615,0.0,0.0138540119861165,334,306,7,S
505,335_H1,0.0,0.0096046479511035,0.015794712428671,0.0,0.0063498400949436,335,307,7,V
506,335_H3,0.0,0.000173568895695,0.0005112118927296,0.0,0.0001711951971061,335,307,7,V
507,339_NCI,4.241246529927596e-05,0.0032346204255321,0.0136225521435285,0.0,0.00422489625859,339,311,7,K
508,339_H1,0.0,0.002449109528778,0.0258183907527808,0.0,0.0070668750703897,339,311,7,K
509,339_H3,4.241246529927596e-05,0.0032346204255321,0.0136225521435285,0.0,0.00422489625859,339,311,7,K
510,341_H1,0.0,0.0006168883923788,0.0136501046918174,0.0,0.003566748271049,341,313,7,R
511,341_H3,0.0,0.0021437545592773,0.1278575826801119,0.0,0.0325003343098473,341,313,7,R
512,341_NCI,0.0,0.0021437545592773,0.1278575826801119,0.0,0.0325003343098473,341,313,7,R
513,342_NCI,0.0,0.0328117527196555,0.0315776945508771,0.0119814621284604,0.0190927273497482,342,314,7,E
514,343_H3,0.0,0.3687137528687434,0.3236493320782534,0.0,0.1730907712367492,343,315,CT/EC,A
515,343_H1,0.0,0.4930864345793996,0.2363358580917238,0.0,0.1823555731677808,343,315,CT/EC,A
516,343_NCI,0.0,0.5618554343865343,0.0374300259087168,0.0,0.1498213650738128,343,315,CT/EC,A
517,345_H1,3.0338643889462917e-05,0.4213050126707247,0.4563298466252245,0.0,0.2194162994849596,345,317,CT/EC,S
518,345_H3,0.0,0.0243411102448812,0.0691015644722403,0.0,0.0233606686792804,345,317,CT/EC,S
519,346_H3,0.0001233686809929,0.0028956484072919,0.0886971769078188,0.0,0.0229290484990259,346,318,CT/EC,Q
520,346_H1,0.0,0.0322093824542228,0.1705642554699816,0.0,0.0506934094810511,346,318,CT/EC,Q
521,347_H3,0.0,0.0001269125324166,0.0603875630298431,0.0,0.0151286188905649,347,319,CT/EC,T
522,347_NCI,0.0,0.005957538812408,0.0499013550361037,0.0,0.0139647234621279,347,319,CT/EC,T
523,348_H1,0.0001838327328185,0.1021111426325969,0.0869099764627508,0.0,0.0473012379570415,348,320,CT/EC,F
524,350_H1,3.2069434912646574e-05,0.004247209841064,0.122630124985196,0.0,0.0317273510652931,350,322,CT/EC,W
525,350_NCI,2.725833731893233e-05,0.0439169802716963,0.012820925218878,0.0,0.0141912909569733,350,322,CT/EC,W
526,351_NCI,0.0,0.0714648560691328,0.3499366540077802,0.0575317069888114,0.1197333042664311,351,323,CT/EC,L
527,352_NCI,0.0,0.0588806305088356,0.1763229721721989,0.0,0.0588009006702586,352,324,CT/EC,T
528,352_H1,0.0,0.0024237581441259,0.2553355549981676,0.0,0.0644398282855733,352,324,CT/EC,T
529,353_NCI,0.0,0.2923527546591473,0.1569036939775501,0.5232389569282532,0.2431238513912376,353,325,CT/EC,C
530,353_H1,0.0,0.7087583557078744,0.2178249016634552,0.0,0.2316458143428323,353,325,CT/EC,C
531,354_NCI,0.0003539555517057,0.0664219122990942,0.0870954225780413,0.0,0.0384678226072103,354,326,CT/EC,C
532,354_H1,0.0004161275719186,0.0343789883105655,0.3718662457635918,0.0,0.101665340411519,354,326,CT/EC,C
533,354_H3,5.463124372816091e-05,0.0518792520651772,0.4006235843942223,0.0,0.1131393669257819,354,326,CT/EC,C
534,355_H1,0.0583959474655341,0.3610521732899884,0.317732465929446,0.1673324704170227,0.2261282642754978,355,327,CT/EC,Q
535,355_H3,0.0,0.0049999380639381,0.2738201408159576,0.0,0.0697050197199739,355,327,CT/EC,Q
536,355_NCI,0.0,0.132230963208155,0.6994227301109949,0.0,0.2079134233297874,355,327,CT/EC,Q
537,356_H1,0.0007791527380152,0.0152608343679328,0.1450050567270326,0.0,0.0402612609582451,356,328,CT/EC,F
538,356_H3,0.0,0.0061288776205205,0.0378864458174458,0.0,0.0110038308594915,356,328,CT/EC,F
539,357_H1,0.0022913569687396,0.0642230545001672,0.2949435804814797,0.0244584046304225,0.0964790991452022,357,329,CT/EC,D
540,357_H3,2.7117547807596444e-06,0.0083952826234356,0.0242320954218435,0.0,0.0081575224500149,357,329,CT/EC,D
541,357_NCI,0.0144796692823089,0.0920052166180357,0.5323804505756807,0.010820822790265,0.1624215398165726,357,329,CT/EC,D
542,358_H1,0.0001549878298267,0.1171374735170152,0.2153872406952988,0.0,0.0831699255105351,358,330,CT/EC,G
543,358_H3,0.000184225769606,0.0031164415189349,0.1322020258914754,0.0,0.0338756732950041,358,330,CT/EC,G
544,358_NCI,0.0,0.0072475367980027,0.0439865896333885,0.0,0.0128085316078478,358,330,CT/EC,G
545,359_H1,0.0,0.0029667074281484,0.0371793919750894,0.0,0.0100365248508094,359,331,CT/EC,E
546,359_NCI,0.0,0.0088356044367648,0.0469146147435928,0.0,0.0139375547950894,359,331,CT/EC,E
547,360_H1,0.0,0.0563881678578864,0.1270770839554159,0.0,0.0458663129533255,360,332,CT/EC,S
548,360_NCI,3.031498608488692e-07,0.031789143833077,0.0509672745000028,0.0,0.0206891803707351,360,332,CT/EC,S
549,361_H3,1.3253465351596487e-06,0.0087887793039222,0.4977228160127443,0.008196722716093,0.1286774108448237,361,333,CT/EC,S
550,361_NCI,0.0,0.0808795188503163,0.3636887062022085,0.0,0.1111420562631312,361,333,CT/EC,S
551,363_H1,2.4509674312638545e-05,0.0174062355578021,0.1379635040192558,0.0,0.0388485623128426,363,335,CT/EC,A
552,364_H1,0.0,0.0431123174996899,0.0707680832985981,0.0,0.028470100199572,364,336,CT/EC,A
553,364_H3,0.0,9.264719419156183e-05,0.0948362419372836,0.0,0.0237322222828688,364,336,CT/EC,A
554,364_NCI,0.0001482296867387,0.0776348703497498,0.0696375274206618,0.0,0.0368551568642876,364,336,CT/EC,A
555,365_H1,0.0001524328196339,0.008014325380384,0.0234124959325441,0.0,0.0078948135331405,365,337,CT/EC,P
556,366_NCI,0.0087669618600179,0.1251580940628536,0.2701582705170541,0.0055475807748734,0.1024077268036998,366,338,CT/EC,S
557,366_H3,2.1792433636665788e-05,0.0642272956996645,0.2790938180692686,0.0,0.0858357265506424,366,338,CT/EC,S
558,367_H1,0.0,0.0025700327657955,0.0548813233351781,0.0,0.0143628390252434,367,339,CT/EC,A
559,367_H3,1.2731225935404458e-06,0.0089192128084961,0.1140617654842355,0.0,0.0307455628538312,367,339,CT/EC,A
560,368_H1,0.0,0.0339654270002367,0.1230950651657513,0.0,0.039265123041497,368,340,CT/EC,D
561,369_H3,0.0,0.0087905146565655,0.3068213162143809,0.0,0.0789029577177366,369,341,CT/EC,A
562,370_H1,1.5426612816176874e-05,0.0403415721935958,0.0870843978356149,0.0,0.0318603491605067,370,342,CT/EC,A
563,370_H3,0.0003866710469822,0.0049381369986842,0.0592341113755063,0.0,0.0161397298552932,370,342,CT/EC,A
564,370_NCI,0.0,0.1602732656338818,0.3774231221297223,0.0,0.134424096940901,370,342,CT/EC,A
565,371_H3,0.0,0.0487713525842526,0.0043230140372428,0.0,0.0132735916553738,371,343,CT/EC,Q
566,372_H3,0.0,0.3687137528687434,0.3236493320782534,0.0,0.1730907712367492,372,344,CT/EC,K
567,372_NCI,0.0,0.3687137528687434,0.3236493320782534,0.0,0.1730907712367492,372,344,CT/EC,K
568,372_H1,0.0,0.1888168477270728,0.0341361241489912,0.0,0.055738242969016,372,344,CT/EC,K
569,373_NCI,2.1106865474593963e-06,0.0054190316939691,0.235986701836246,0.0,0.0603519610541906,373,345,CT/EC,Q
570,373_H3,0.0,0.0393627457864393,0.0858128699685952,0.0,0.0312939039387586,373,345,CT/EC,Q
571,373_H1,0.0002825750519816,0.0254763451416117,0.0292230612999339,0.0,0.0137454953733818,373,345,CT/EC,Q
572,374_H3,7.991564495938959e-05,0.0255382285460376,0.0718166320616659,0.0,0.0243586940631657,374,346,CT/EC,Q
573,374_H1,0.0,0.1512354354056002,0.194542787139926,0.0139540256932377,0.089933062059691,374,346,CT/EC,Q
574,374_NCI,4.034726730375488e-06,0.0471015486084667,0.5166381098655015,0.0,0.1409359233001746,374,346,CT/EC,Q
575,375_H1,2.0049882868284392e-06,0.0703284998521198,0.5613524738173017,0.0,0.1579207446644271,375,347,CT/EC,Q
576,375_H3,0.0,0.0068545617725561,0.1144108572266987,0.0,0.0303163547498137,375,347,CT/EC,Q
577,375_NCI,0.0029188194888551,0.0490569901425357,0.7787009959053856,0.0,0.2076692013841941,375,347,CT/EC,Q
578,377_H1,2.8647464505416565e-05,0.0049924361010191,0.001563206201629,0.0,0.0016460724417883,377,349,CT/EC,A
579,377_NCI,3.081716920261565e-05,0.0118410892040563,0.0465324169206812,0.0,0.014601080823485,377,349,CT/EC,A
580,378_H1,0.0,0.0094484640862219,0.3455385638400352,0.0,0.0887467569815643,378,350,CT/EC,Y
581,378_NCI,2.103111040476755e-06,0.0098485362352945,0.2965849631128864,0.0086568025872111,0.0787731012616081,378,350,CT/EC,Y
582,378_H3,1.6927503978044565e-05,0.0144661056006865,0.2248406557705604,0.0,0.0598309222188062,378,350,CT/EC,Y
