feature,xgb,rf,gbr,BayesianRidge,mean
1_H1,4.3779298721347004e-05,0.00015651177808286736,0.0009474257177067601,0.11305557004114948,0.028550821708915115
1_NCI,0.00010269111226079985,6.385164966659436e-05,0.0001564640030713827,0.011234962602845776,0.0028894923419611382
2_H1,4.9273505283053964e-05,0.005891998219797085,0.0010802310408129304,0.21268555420085156,0.05492676424168615
2_H3,1.6086327377706766e-05,2.723609134353519e-05,1.8278855590056157e-05,0.0382707934344776,0.009583098677197224
3_H1,5.686332588084042e-05,0.0013681326555085138,0.10926702965646877,0.10980635738779848,0.05512459575641415
3_H3,0.004592358134686947,0.0001856713575664219,0.000835879038593487,0.05581198937593987,0.01535647447669668
3_NCI,2.0286905055399984e-05,0.0001986171331053688,0.00018357805728556797,0.08942884327383387,0.022457831342320052
4_H1,0.0005728087271563709,0.00018515104677047878,0.00034459102688578407,0.03149135780422126,0.008148477151258472
4_H3,0.0,4.393323387562572e-05,1.2760347149982619e-05,0.005723675334830345,0.0014450922289639884
4_NCI,0.0003023313474841416,0.001088171284886271,0.001882658266499866,0.04956512436781531,0.013209571316671397
5_H1,0.0003631335566751659,0.0005068298475344281,1.917424714200448e-05,0.09158069373949287,0.023117457847711118
5_NCI,0.0,0.00032925291419109255,0.002104731492258958,0.12938763582795867,0.03295540505860218
6_H1,0.00135419808793813,0.0005459181591694464,0.015868550615684734,0.03965820955961537,0.01435671910560192
6_H3,0.0,6.663454921713572e-05,0.0001709554525794093,0.095677751147154,0.023978835287237637
7_H1,5.995700121275149e-05,0.00015332026725763418,0.00035265214832195727,0.006224481765245593,0.0016976027955094841
7_H3,0.0,9.967029050133098e-05,0.0,0.010535689922348093,0.002658840053212356
7_NCI,0.0004435332666616887,0.0002607615027297672,0.0004315938455344671,0.010906858758935002,0.003010686843465231
8_H1,3.716621358762495e-05,3.265469570088269e-05,4.3215277422703305e-05,0.03725875740896358,0.009342948398918699
8_H3,0.0,1.655078168178576e-05,2.0956541003700827e-06,0.005452593719714861,0.0013678100388742542
8_NCI,0.0,0.0003729254723047514,0.00019035618305271153,0.035397345208885926,0.008990156716060847
9_H1,0.0,0.00013101668245204886,7.461645453163476e-06,0.0031210403541372823,0.0008148796705106236
9_NCI,0.00010036824824055657,7.147607342128337e-05,1.3514828344910705e-05,0.013504726515739926,0.0034225214164366694
10_H1,0.0003190105489920825,7.69984997415487e-05,1.0474435367250184e-05,0.01639854716010548,0.00420125766105159
10_H3,0.0,3.1502719958926065e-05,0.00027700278179265236,0.028469149705688684,0.0071944138018600655
10_NCI,0.0005789392744190991,3.889775721160298e-05,2.1598845940101225e-05,0.08007958866176074,0.020179756134832885
11_H1,0.0,0.00010857255341612345,6.177546935258764e-06,0.019133108513883522,0.004811964653558726
11_H3,0.0,6.523662557595455e-05,1.2656521616196622e-05,0.012388996042616406,0.0031167222974521395
11_NCI,1.3962794582766946e-05,0.0008492051338519855,1.3153099015329145e-05,0.05490608413937111,0.013945601291705299
12_H1,1.442634948034538e-05,3.520517167295064e-05,1.654965502380858e-05,0.012762787430973697,0.0032072421517877004
12_H3,0.0,2.744042610623954e-05,0.00028585817792593007,0.03321886774618166,0.008383041587553456
12_NCI,0.0001351664395770058,9.677993238692593e-05,4.16319699131127e-05,0.08019204453804285,0.020116405719979975
13_H1,0.00033043805160559714,0.0005274040226939798,0.00018481790861208855,0.05133070670068153,0.013093341670898298
13_H3,1.3388715160544962e-05,8.154922869119139e-05,6.341214403167718e-05,0.09961443254156024,0.024943195657360914
13_NCI,0.0,0.0004316117368801992,0.000857783951781343,0.026578958689578883,0.006967088594560107
15_H1,2.383048922638409e-05,0.00010945725964229885,0.008093196120988693,0.005105546692099467,0.003333007640489211
15_H3,0.0,3.9234206687108716e-05,3.833523953094868e-06,0.01738670910848471,0.004357444209781228
15_NCI,0.00036328009446151555,0.0007574689440431562,0.4882994834862225,0.1274848659708109,0.15422627462388452
16_H1,3.4301134292036295e-05,4.357551874701833e-05,0.00013937127166903468,0.03915231331096969,0.009842390308919445
16_H3,0.0,3.4020933012297502e-06,2.7719406937313216e-05,0.022060817586593656,0.00552298477170805
16_NCI,0.0,0.0002455301727728976,0.0001289772820517677,0.04651023707413829,0.011721186132240739
17_H1,8.734206494409591e-05,0.0003382701958305676,0.0020302766648691573,0.09539960554499219,0.024463873617659
17_H3,0.0,4.325801287910453e-06,8.322312743703015e-05,0.009898813569007214,0.0024965906244330386
17_NCI,0.0,0.0037910393298829946,4.619286089773317e-06,0.04031619830368649,0.011027964229914814
18_H1,1.357093333353987e-05,3.875945477429295e-05,0.00012682554509907501,0.03349828636614249,0.00841936057483735
18_H3,0.0,2.6139190113627814e-06,0.0,0.007465358252532693,0.001866993042886014
18_NCI,3.225974796805531e-05,5.949483370727118e-05,0.0020934288581071353,0.06447496285186229,0.01666503657291119
19_H1,0.0,1.3357512763534433e-05,0.00026768017051588154,0.023604714646172337,0.0059714380823629384
19_H3,0.0,0.00010038468910816308,0.0,0.029913558418971822,0.007503485777019996
19_NCI,0.0,9.649463334000493e-07,1.1448225102682535e-05,0.03264186770745794,0.008163570219723505
20_H1,0.0,3.005811357103039e-05,0.00010380634872623055,0.05211138982568601,0.013061313571995817
20_H3,0.0,9.398067049937538e-06,0.00010755945787140434,0.001647565524594177,0.0004411307623788797
20_NCI,1.0,1.0,5.0597427288581105e-06,0.037750070025235075,0.5094387824419909
21_H1,0.0,0.00018103141924698444,4.162687186019892e-06,0.013086865382433074,0.0033180148722165197
21_H3,0.0,5.021158973694931e-05,1.4588749030658455e-05,0.03970629932129567,0.00994277491501582
21_NCI,0.0,0.00010459569716895204,0.0001613431474899526,0.06406711416351503,0.016083263252043484
22_H1,2.603109896881506e-05,0.00021374801296846657,0.0,0.044285373861084935,0.011131288243255554
22_NCI,0.0,2.1954473659606946e-05,0.0002457175297290732,0.16427824001763114,0.04113647800525495
23_H3,0.0,0.00012908730920745,0.0003038713057616241,0.005587510659314575,0.001505117318570912
23_NCI,0.0009296464850194752,5.1927418260979284e-05,1.4372170662564835e-05,0.13993013604660112,0.035231520530136035
24_H3,0.0,9.982030508777391e-06,0.00021247533914431853,0.05842974399641216,0.014663050341516314
24_NCI,0.0,2.7832184233600696e-05,5.9897477240208384e-05,0.029115594686282113,0.00730083108693898
25_H3,0.0,4.0487191464312224e-06,3.882826534433255e-05,0.011206719080460994,0.0028123990162379395
25_NCI,0.0,0.0003395921923715811,0.0001582850797203719,0.04712694577674081,0.01190620576220819
26_H1,0.0017579746199771762,1.029675010197008e-05,1.0161236701755889e-05,0.031249449809819994,0.008256970604150224
26_NCI,0.0,0.00024111857861030026,0.00024587368891175725,0.008396315297562842,0.0022208268912712248
27_H1,0.00013835828576702625,8.913960683153565e-06,1.5474173526948244e-05,0.05203957710916834,0.013050580882286366
27_H3,0.0,3.867681054259858e-06,1.993118179522485e-05,0.01583805415010217,0.003965463253237914
27_NCI,0.008938981220126152,0.000811964164772628,0.042478780166078936,0.0781628755697879,0.032598150280191404
28_H1,0.00045484575093723834,0.0010541760072344504,0.0004343565357603238,0.0013667741848721194,0.000827538119701033
28_H3,0.0,4.457230035095227e-06,0.013147567842441884,0.03231708296315718,0.01136727700890854
28_NCI,0.0,0.0001512017297677687,0.004113932838517974,0.02199417566124151,0.006564827557381813
29_H1,0.0,0.00017292010873927165,0.0,0.006243093735232531,0.0016040034609929507
30_H1,8.912815246731043e-05,0.0017139348480627405,1.8402418298710038e-06,0.05083304075229033,0.013159485998662563
30_NCI,5.671818144037388e-05,0.0005581358367218457,7.887585397274262e-05,0.023346211665082394,0.006009985384304339
31_H1,0.01403085421770811,0.00027332571200157097,0.0004895783838074519,0.016993664982400635,0.007946855823979443
31_H3,0.0,2.957701240512471e-06,2.7702554207773328e-06,0.015620441117303147,0.003906542268491109
32_H1,0.0005658657173626125,0.0004360602862219487,8.030577209677135e-05,0.05874471164169166,0.01495673585434325
32_H3,0.0,3.322897778696968e-05,0.00027335079584014417,0.015063202142919983,0.003842445479136774
32_NCI,0.0,8.021710737723698e-06,0.22149819986663216,0.02305436413507874,0.061140146428112156
33_H1,0.0,4.99102251486006e-05,0.000866391458431729,0.003264117643641541,0.0010451048318054676
33_H3,3.998813190264627e-05,1.601104737438414e-05,0.000922099745491047,0.010344203173882804,0.0028305755246627205
33_NCI,3.0597191653214395e-05,0.00028882771728841683,0.0008872839213303883,0.12362524783476792,0.031207989166259983
34_H1,0.0,4.5946002600910776e-05,9.297559839221318e-06,0.04058247822895818,0.010159430447849577
34_H3,0.0,3.523439934787477e-05,2.418803677191583e-05,0.004997312511882729,0.00126418373700063
34_NCI,0.0,3.9458256756721625e-05,3.6178518632859512e-06,0.0508879000245611,0.012732744033295277
35_H1,0.00013384448539000005,0.00036085259417668604,0.029536395177366923,0.03342509439016725,0.015864046661775214
35_H3,4.198815076961182e-05,4.610077566640018e-05,1.676836002667172e-05,0.0319685337473069,0.008018347758442396
35_NCI,1.2024377610941883e-05,5.8773264084042775e-05,2.0663858073858795e-05,0.039143797663220056,0.009808814790747225
36_H3,6.418825796572492e-05,9.170673513293172e-05,1.9446108135796592e-05,0.05888224411334747,0.014764396303645481
36_NCI,0.0,0.00037213378595384245,8.713619248183655e-06,0.03729159144872462,0.009418109713481662
37_NCI,5.7756464229896665e-05,0.0015544992356952732,0.001960003806063593,0.14492237079673756,0.03712365757568158
38_H1,0.00010790596570586786,0.0007334967105531347,0.0008620845330536178,0.01599501463544778,0.0044246254611901
38_H3,0.0,1.8559823345965506e-05,0.0,0.037631527717917314,0.009412521885315819
38_NCI,8.558015906601213e-06,0.00011703110549072893,0.00015601461868277258,0.02127956417167184,0.005390291977937986
39_H1,0.0010918269399553537,0.0007126500268081493,0.004634742106389156,0.037348050785581004,0.010946817464683416
39_H3,0.0,0.0001556921538190341,5.769094666676148e-05,0.06910400881701233,0.01732934797937453
39_NCI,0.0,0.0027070121094246273,4.373188595580827e-06,0.012406072831758042,0.0037793645324445623
40_H1,0.00014770480629522353,5.2068010875584406e-05,0.0019150380616278564,0.03125776292590792,0.008343143451176647
40_H3,0.0,0.00023126247257005924,3.3968516414559628e-06,0.013751365752392575,0.0034965062691510226
40_NCI,1.3079199561616406e-05,0.00011619823142172936,0.0002926421153127123,0.026060182748573163,0.006620525573717305
41_H1,0.0003618822665885091,0.001363221885174919,0.005300587357783801,0.05070173982558499,0.014431857833783056
41_NCI,1.8563172488939017e-05,0.0002111424095775737,0.00039776665404369564,0.09632131668801727,0.02423719723103187
42_H1,0.00022942239593248814,0.002344616988787313,0.010011902749283047,0.06901261630954221,0.020399639610886266
42_H3,0.0,0.0006084756973707872,0.000895753559901916,0.07106551171776225,0.018142435243758737
42_NCI,5.0939579523401335e-05,0.0005047111006231595,1.4542899058632898e-05,0.1020621274639325,0.025658080260784425
43_H1,0.0005110782803967595,5.900778349201483e-05,2.4987780930917442e-05,0.03794003361362766,0.009633776864611839
43_NCI,0.0002418783406028524,4.1968668663675606e-05,1.4122238167388024e-05,0.0013035059358214088,0.0004003687958138312
44_H1,3.933128391508944e-05,9.040456188975059e-05,4.863086448436146e-06,0.0016121174560759742,0.0004366790970823126
44_H3,0.0,5.35783121852206e-06,0.0,0.006443914735411925,0.0016123181416576118
44_NCI,0.0006396837998181581,0.00030169320940799074,0.00021969980472576222,0.002936011940429743,0.0010242721885954135
45_H1,7.31005275156349e-05,0.0006844239476386047,0.0023681765846343275,0.024858483076126404,0.006996046033978743
45_H3,0.0,7.538625657500802e-05,0.001695441971936376,0.009866364616682,0.002909298211298346
46_NCI,7.209484920167597e-06,0.00041875252554201593,0.0009735657350269533,0.003223042889215458,0.0011556426586761487
47_H1,1.7226866475539282e-05,1.741743914558071e-05,3.225290496747251e-05,0.017785506824273076,0.004463101008715417
47_H3,0.0,2.0522942549169622e-06,0.00024509939582668656,0.02579857051123063,0.006511430550328059
47_NCI,2.9674385586986318e-05,1.909398276100738e-05,0.0001690763457472407,0.01676444814252058,0.004245573214153954
48_H1,0.000485830387333408,0.001953470547261657,0.00033654929847245775,0.027733676842050446,0.007627381768779492
48_H3,0.0,8.123268874596321e-05,3.411246073645299e-05,0.07357915792615877,0.018423625768910296
48_NCI,0.0004488406702876091,0.0004192486204087848,0.0006494613950160659,0.011087613748826332,0.003151291108634698
49_H1,0.0004015474405605346,8.590550294971014e-05,0.00038503785309453584,0.10453392727011966,0.026351604516681112
49_H3,0.0,1.0066123137430021e-05,0.0,0.05458601717511898,0.013649020824564102
49_NCI,0.0012127405498176813,0.0010833022074805947,0.00016708099899669302,0.12850266359525916,0.03274144683788854
50_H1,0.0,3.68882513672835e-05,5.219758849722886e-07,0.011647944314636305,0.00292133863547214
50_NCI,0.0,4.524195515794016e-06,0.0006067320920076604,0.05228945571322194,0.013225178000186348
51_H1,7.487529364880174e-05,0.00030083572181871754,0.002078854608363817,0.18572637978690779,0.04704523635268478
51_H3,6.772966298740357e-05,0.00022967029055029776,0.0019618119900746828,0.1760585868203989,0.044579449691002825
51_NCI,0.0004655123921111226,0.00045611333135178744,0.0009196920405942556,0.004619769575243967,0.0016152718348252833
52_H1,0.0,0.0002102093823167442,0.00043057688457335045,0.038632984561091765,0.009818442706995466
52_H3,0.0,2.8115269209067157e-06,1.31344870502904e-05,0.04980775931313239,0.012455926331775896
52_NCI,0.0,0.0014994913952650034,1.0226151997951342e-05,0.06547212620375684,0.016745460937754947
53_H1,0.0,5.06189608547244e-05,7.59110684618016e-05,0.026498403770712466,0.006656233450007248
53_H3,0.0,7.809672246569208e-06,2.3037783639253287e-06,0.007617833393065849,0.0019069867109190858
53_NCI,0.0,2.200426233335285e-05,2.8085873863087496e-05,0.007406626617774266,0.0018641791884926766
55_H1,0.0,0.00015634034408368723,7.72701616089551e-06,0.06178598793959018,0.01548751382495869
55_NCI,0.0,0.0003235309293602078,9.189144122841031e-06,0.010179778019960813,0.0026281245233609656
56_H1,3.8727986975573e-05,4.8644855096002534e-05,0.00021886313599145719,0.06361158603607311,0.015979455503534037
56_H3,0.0,1.9393366348103003e-05,1.2118860470656963e-05,0.031192864976405228,0.007806094300805997
56_NCI,0.0,6.131057445786747e-05,0.00014406779375617152,0.11373757618604777,0.02848573863856545
57_H1,0.0,6.347831629551275e-09,2.6916687194794996e-05,0.02668575732470929,0.006678170089933929
58_NCI,0.00027068608324043453,1.4372734741025034e-05,1.2246719646023358e-06,0.04835746352830822,0.01216093675456357
59_H1,0.0002103924343828112,0.0003032546684259686,0.0024158913223754418,0.012879405968158342,0.003952236098335641
59_H3,0.0,1.4779440747879047e-05,4.974598047993445e-06,0.019594671018001993,0.004903606264199467
59_NCI,3.909731094609015e-05,0.0004191581543592885,8.625945482135232e-05,0.06650465681948345,0.016762292934902546
60_H1,0.0,1.5389228355592378e-05,9.615557498450854e-05,0.08875281572106358,0.022216090131100923
60_H3,0.0,0.0,0.0,0.004890930117829105,0.0012227325294572762
60_NCI,0.0,9.864544341264249e-05,1.4683969071927076e-05,0.10088513003834919,0.02524961486270844
61_NCI,0.0,3.822493353608562e-07,9.605002550092794e-07,0.0009639948855638517,0.00024133440878855545
62_H1,0.0008086228626780212,0.0011691074162417288,0.0002376220361302844,0.06183370194901819,0.016012263566017055
62_H3,0.0,8.773105169257496e-05,9.938685105711175e-06,0.038852251953591876,0.00973748042259754
62_NCI,0.0006447442574426532,0.0010628416506559906,0.002322947819793724,0.050268549627441594,0.01357477083883349
63_H1,0.000953761104028672,0.0002173004108288449,0.0002421749443864252,0.04099383000841351,0.010601766616914362
63_NCI,0.0,0.0002227509662805882,0.00016018530151222206,0.05843246428979242,0.014703850139396308
64_H3,0.012143378145992756,0.0009358520239218617,0.0,0.04132872331204148,0.013601988370489024
64_NCI,0.0,0.00030011959871207916,0.007325986021049829,0.0005122818973442897,0.002034596879276549
65_H1,0.0,1.0456272283815048e-06,4.838988506987699e-09,0.016299540594042178,0.004075147765064766
65_NCI,0.0,3.5876582828077887e-06,0.0,0.014392832177209736,0.003599104958873136
66_H1,0.0,5.0849174187450664e-05,5.443566707751576e-05,0.10291076745841422,0.0257540130749198
66_H3,0.0,3.693835287565293e-06,7.029672823581603e-05,0.02034038419463053,0.0051035936895384775
66_NCI,0.0,7.167118983238658e-05,2.129719481467489e-05,0.12523701992843755,0.031332497078271154
68_H1,0.00011905379506060854,2.2635874177836188e-06,0.0001910521533460323,0.13608630083160184,0.034099667591856564
68_H3,5.197727296035737e-05,0.0,0.0,0.04624069851015744,0.01157316894577945
68_NCI,0.0,0.0,0.0002792128826488193,0.033188117978913086,0.008366832715390475
69_H1,1.5971280618032324e-06,8.90758041636243e-05,1.727418393083415e-05,0.005817408635051638,0.0014813389378019748
69_H3,0.0,4.985425920959864e-07,2.38113499812147e-07,0.02876711142130137,0.0071919620193483195
69_NCI,0.0,0.0001296029754669707,0.0001647965197364731,0.04657140296890537,0.011716450616027203
70_H1,0.0,1.769640072787335e-05,1.7174172806169356e-05,0.0061879305650555825,0.0015557002846474063
70_H3,0.0,3.105942538953005e-07,0.0,0.020119277745274895,0.005029897084882198
70_NCI,0.0034418534487485886,2.5591457024447827e-05,0.0,0.09378726443304268,0.02431367733470393
71_H1,0.0,1.1665172618653726e-07,0.0011652278282072814,0.01922960297017111,0.005098736862526144
71_H3,0.0,3.298972397140818e-05,0.0,0.00758272996463367,0.0019039299221512694
71_NCI,0.0,1.1805687092368876e-05,0.0,0.014416597649997635,0.003607100834272501
73_H1,0.0,0.00024094190035135564,0.0004789035560877386,0.021538711469437085,0.005564639231469045
73_H3,0.0,3.466717803680596e-05,0.00014896941037157132,0.010101132662644176,0.0025711923127631382
73_NCI,0.0,4.153332401802159e-05,4.89029255093238e-05,0.043940151073209935,0.01100764683068432
74_H1,0.0,5.931426992145887e-06,5.4524499021899646e-06,0.02836426833422388,0.007093913052779554
74_NCI,0.0,1.0313095295248193e-05,6.978569508609113e-06,0.026325206277885885,0.006585624485672435
75_H1,4.277196694602026e-06,5.479617638232411e-06,0.0,0.01585079198685341,0.003965137200296561
75_H3,0.0,0.0,5.393293376228097e-06,0.0037872147690710552,0.0009481520156118208
75_NCI,0.0,0.00010551667039797938,0.0005731977893552499,0.024700552778611527,0.006344816809591189
76_NCI,0.00038032105658203363,0.00011982581179972465,0.00017103648135892172,0.03383654212840107,0.008626931369535438
77_NCI,2.921794293797575e-05,1.1858777366907296e-06,9.272011801041582e-07,0.0006511767700641868,0.00017062694797973936
78_H1,0.0032386614475399256,6.508448179309166e-05,3.083899884995196e-05,0.020545015456104904,0.005969900096071968
78_NCI,0.0,0.00018320722449213908,9.583792558070129e-05,0.06691679860934843,0.016798960939855317
79_H1,1.8654887753655203e-05,6.0093351262236615e-06,0.002404992794554819,0.03510697825071535,0.00938415881703751
79_NCI,0.0,1.1007854714786055e-07,0.08146212674963027,0.018546541663849683,0.025002194623006777
80_H1,3.105665746261366e-05,0.0006661304098979148,0.0002471958406844747,0.0365449698418924,0.00937233818748435
80_NCI,2.857723302440718e-06,0.00061072888884026,0.0009679198478359047,0.06400084006570138,0.016395586631419996
81_H1,6.813744403189048e-05,0.00037531575777543716,9.71404650186237e-06,0.08094771131940576,0.020350219641928735
81_NCI,0.0,0.00031262378324282286,3.0832284819899565e-06,0.12560259129119986,0.03147957457573117
82_H1,0.00018924126925412565,0.0007015246190354384,0.00027128160671785874,0.006649748238017368,0.001952948933256198
83_H1,0.00026605543098412454,0.007616817285304487,0.0026260926468245713,0.37511461037315263,0.09640589393406646
83_NCI,0.00022982584778219461,0.0011393434342044455,0.0016049571855537722,0.007649285224739175,0.0026558529230698968
84_H1,0.0007360925665125251,0.002094095227128995,0.0008895906459261155,0.11918540021653821,0.030726294664026464
84_H3,0.0,1.3212964936180988e-05,3.3235204644624175e-06,0.036128702037183685,0.009036309630646082
85_H1,0.0014120942214503884,0.07853541475335173,0.02400627196253587,1.0,0.2759884452343345
85_H3,0.0,0.0010187136799400178,0.0033164600334240164,0.04753164685484726,0.012966705142052823
85_NCI,0.0002270747791044414,0.00035187816378166056,0.00279052621910345,0.0921075497666261,0.023869257232153916
86_H1,0.00011055495269829407,0.0002576016752426803,4.721423624613959e-05,0.06539557286370119,0.016452735931972075
86_H3,0.0,2.3172246051979604e-05,2.1221799340172384e-06,0.012214612330683399,0.003059976689167349
86_NCI,0.0,0.0005105778244390583,0.07402450333132467,0.14617357744851153,0.05517716465106881
87_H1,0.00022289311164058745,0.00026397869460071885,9.901036552711445e-05,0.11875342163830895,0.02983482595251934
87_H3,0.0,2.2509751281630644e-05,0.00043770604927832415,0.032962499535031387,0.008355678833897835
87_NCI,0.0,0.0002521899878640985,0.0003101094162260971,0.11828553444871798,0.029711958463202043
88_H1,3.391332575120032e-05,0.00014579149946678297,2.6081942400602003e-05,0.10278323461350793,0.025747255345281626
88_H3,0.0,1.9675301280453148e-05,0.0,0.03457014389559624,0.008647454799219174
88_NCI,0.0,0.0001574051914692325,9.580753936427172e-05,0.152186864473907,0.03811001930118513
89_H1,0.0036230571568012238,0.004077258860356447,0.0010066605344952284,0.0312983591129154,0.010001333916142073
89_H3,0.0,0.002553987181087626,0.0005486632812255777,0.17828866216328623,0.04534782815639986
89_NCI,0.00017664213373791426,0.0015328245524324317,0.0020226241784762748,0.26522289615171357,0.06723874675409004
90_H1,4.355526925792219e-06,0.006324263487613147,0.0005698383636030776,0.07760663872718093,0.021126274026330737
90_H3,0.0,3.084522712196273e-05,0.11362762639114007,0.01068935120938488,0.03108695570691173
90_NCI,0.0,0.0002371013100662252,0.00011928588495688012,0.1563841799153768,0.03918514177759997
91_H1,0.0,0.00013041856818503576,0.00037638724848837067,0.00839659241920724,0.0022258495589701616
91_H3,0.0,8.379670010974635e-06,6.102039466626989e-05,0.012811287492598368,0.003220171889318903
92_H1,8.987488399725407e-05,0.003114456846441182,0.009430508553645113,0.01725660666019895,0.0074728617360706245
92_H3,0.0,0.0014185925309628223,0.0005476587012888575,0.3418825485497621,0.08596219994550344
92_NCI,0.0010364837944507599,0.009506180454961237,0.004180066865401871,0.18109371555296905,0.04895411166694573
93_H1,0.018389802426099777,0.9098534529678372,0.01164479288776465,0.6047421929622513,0.38615756031098825
93_H3,0.0,0.0006066145773665452,0.00018335462976327394,0.4421216731628921,0.11072791059250547
93_NCI,0.0015694323228672147,0.0049241422545499795,0.0019188066920487919,0.12142419522979854,0.03245914412481613
94_H1,0.00012652267469093204,0.00025351701166505063,0.000169067631938387,0.048875544763645404,0.012356163020484943
94_H3,0.0,3.913918752103019e-06,2.8687147877111715e-06,0.035754442134410216,0.008940306191987508
94_NCI,0.00043625381658785045,0.0012965786237297719,0.0005663642404701816,0.07556427720339286,0.019465868471045165
95_H1,0.0005882656550966203,0.000571757158518627,0.0005952613907218418,0.07856236902616838,0.020079413307626366
95_H3,0.0,0.00034506911953964683,3.690182922567552e-06,0.02528751710853746,0.006409069102749919
96_H1,6.669291906291619e-05,0.0012083833591326736,0.00021471084135668076,0.038048171250987535,0.009884489592634951
96_H3,0.0,0.0006926881706936881,0.00012258975853128852,0.2909279355361965,0.07293580336635537
96_NCI,0.0003466938796918839,0.0008084872258051642,0.0026670591469645077,0.010383314163484128,0.003551388603986421
97_H1,3.9941907743923366e-05,0.0001345011248588418,0.001731519318985775,0.12869624011437272,0.03265055061649032
97_NCI,0.0,0.00033890989877165446,1.1031979963342558e-05,0.004040178308254523,0.00109753004674738
98_H1,0.003036400070413947,0.003891868517910776,0.0004108610619075662,0.0609199865879945,0.0170647790595567
98_H3,0.0,8.841155666262235e-06,1.5011125616420273e-05,0.05340957669373479,0.013358357243754369
98_NCI,0.0,0.0005074811734241569,0.0008746474544802414,0.06186782258576164,0.01581248780341651
99_H1,0.0005851673777215183,0.0026674866803171283,0.000599855346074228,0.027296100552187536,0.007787152489075103
99_H3,0.0,0.0007318208753456515,2.2385494373070154e-05,0.007448136578100373,0.002050585736954774
99_NCI,2.403915823379066e-05,0.0011205952008441114,0.0004015885706172199,0.11899873688427755,0.03013623995349317
100_H3,0.0,4.1345476821649494e-06,4.07681077407121e-05,0.002954103702305442,0.0007497515894320797
100_NCI,0.0,6.11518461546326e-05,3.2269717142743826e-06,0.09848333052660849,0.024636927336119347
101_H1,0.0,2.1632714484987764e-05,0.013039696552640567,0.06931018500331809,0.02059287856761091
101_H3,0.0,0.00010120894739781475,6.224176494748616e-06,0.026304455047703658,0.006602972042899055
101_NCI,0.0,0.002811391736731408,0.0014826933376474011,0.10744549689468187,0.02793489549226517
102_H1,9.735760249895975e-05,0.00010456220083865588,0.0,0.06177121155810118,0.015493282840359699
102_H3,0.0,1.5575830321365933e-05,0.0,0.0443697039669403,0.011096319949315417
103_H1,0.009701752103865147,0.0038949397120827543,0.00021063412650724616,0.1339543148854079,0.036940410206965764
103_NCI,0.00012338935630396008,0.004121367612017778,2.9526534450654e-05,0.0031477935729550314,0.0018555192689318559
104_H1,0.0,6.267572883415415e-05,3.263433450056567e-05,0.021782499507492743,0.005469452392706866
104_NCI,6.252274033613503e-06,4.813683221051444e-05,0.0004374266601001308,0.06702528911253487,0.016879276219719783
106_H1,0.0,0.0013125395194935263,9.327594136293185e-05,0.033152194043021235,0.008639502375969423
106_H3,0.0,0.0005987182974126565,9.769067536817543e-06,0.01902187469027986,0.004907590513807333
106_NCI,1.4138564438326284e-05,0.0015699235305503972,0.004819373523717526,0.06196261737361014,0.017091513248079098
107_H1,0.0003593947330955416,0.002057856063839867,0.00044936740854261954,0.15235850055912348,0.03880627969115038
107_H3,0.0,0.001530345906058397,0.00036177530479181966,0.09958765743913751,0.025369944662496934
107_NCI,0.0030106320045888424,0.0009201054534155999,3.266951496235994e-05,0.042168874795726036,0.011533070442173209
108_H1,0.0009956950088962913,0.005048932122294084,0.016159266009958765,0.19659996956078937,0.05470096567548463
108_H3,0.0,3.938245373663483e-06,3.562721628379157e-07,0.1015042551577892,0.025377137418831425
108_NCI,0.0004232692008372396,0.0008554518634066477,0.00033360160752336174,0.205692326467578,0.051826162284836316
109_H1,0.00015449548664037138,3.498975389628332e-05,5.181794257290115e-06,0.0793248214766184,0.019879872127853086
109_NCI,0.0,6.0216997678186946e-05,1.774754117309168e-05,0.03459279549708527,0.008667690008984137
110_H3,7.588691914861556e-06,9.19860322489527e-05,0.00020886630910598385,0.2556772786013349,0.06399642990865118
110_NCI,5.105107447889168e-06,0.00014806812895363844,2.5875969290977148e-06,0.07483819019798335,0.018748487757828496
111_H1,0.00015125516802072525,0.0036281191113011623,0.0003341030004644067,0.007064411438971862,0.002794472179689539
112_H3,0.00017999215924646705,0.00032999623342087225,0.011277055416081016,0.15111419482472785,0.04072530965836905
112_NCI,0.00019917967438232154,0.012630651005409096,0.00872981585286659,0.08298740503807182,0.026136762892682457
113_H1,6.0045385907869786e-05,0.0007367055066974834,0.00011244641252540159,0.03272224789110065,0.00840786129905785
113_H3,0.0,2.532428561316377e-06,0.0,0.04845797203401254,0.012115126115643464
113_NCI,0.00017594709061086178,0.00040460990915873517,6.373279799788953e-05,0.12617372715503572,0.0317045042382008
114_H1,1.9055534721701406e-05,0.0002541344048505668,0.000124857901896684,0.019135590078443846,0.0048834094799781996
114_H3,0.0,0.00029381767977939275,9.819114382405062e-05,0.0007231218498281345,0.00027878266835789446
114_NCI,4.750255175167695e-05,7.31470046524727e-05,0.00021807574207148702,0.1258360395805717,0.03154369121976184
115_H1,0.0013943244703114033,0.017571217234988695,0.001275026328293228,0.054738683281352,0.018744812828736333
115_H3,0.0,0.00042933278892082536,1.9351441022065155e-05,0.09668599887305326,0.024283670775749038
115_NCI,0.00048613734543323517,0.002462588020034263,0.0005008706375562674,0.10095784233642839,0.026101859584863038
116_H1,3.567662133718841e-05,0.0008945383731248765,0.00015065614337362955,0.06769955716612212,0.017195107075989455
116_H3,0.0,0.0005505482327292325,0.0004810921354826813,0.03146741657579191,0.008124764236000956
116_NCI,7.7340955613181e-05,0.00049799992238469,0.00012624534901764,0.1791080421219754,0.04495240708724773
117_H1,5.086529199616052e-05,0.0009656809700952153,0.0012391103260807309,0.06835807138193899,0.017653431992527772
117_H3,0.0,0.00035794329727270374,7.521642508243321e-05,0.04226071782164643,0.010673469386000391
118_H3,0.0,0.0010017814409552762,0.0031424842174830616,0.0016990818491207347,0.0014608368768897681
119_H1,1.3994123037264217e-05,0.00028044365540815685,0.0005937843763936704,0.07051362387022961,0.017850461506267176
119_H3,0.0,8.945399345991738e-05,0.0002667580026872502,0.11074009392115106,0.027774076479324557
119_NCI,0.00023135538503993303,0.00026780688482105463,0.00010440273293865156,0.022186051556006208,0.005697404139701462
121_H1,0.0001581036631250754,0.004590681321046094,0.0015368885477165394,0.05131914172743623,0.014401203814830985
121_H3,0.0,0.00025613794655043306,0.0342202361144745,0.16606245252582183,0.05013470664671169
121_NCI,0.00221115886233747,0.004318503088354235,0.0035217939621465483,0.42193612187625673,0.10799689444727374
122_H1,0.002792917424812913,0.00024520752517818463,0.0003092457761065785,0.03978142803853467,0.010782199691158087
122_H3,0.0,0.0004941156331945513,9.627610372403217e-06,0.012334567692467284,0.0032095777340085596
122_NCI,1.9809102013823576e-05,0.0007000500555864082,4.06008050931747e-06,0.09707284848068891,0.024449191929699614
123_H1,0.0,2.823713377927177e-05,0.002070581644864757,0.012321328485546923,0.003605036816047738
123_H3,0.0,2.383570777018487e-05,1.362346248515477e-05,0.018868164387632638,0.004726405889471995
123_NCI,0.0,0.014776430774196728,0.00013992390181629484,0.06455132436982931,0.019866919761460586
124_H1,0.0,0.0012979848151966225,1.2295150971182867e-05,0.007769314450659179,0.002269898604206746
124_NCI,0.0,0.2944744210638473,0.03785371837385845,0.0024835158861748405,0.08370291383097016
125_H3,0.0,0.00017782622329540478,0.0003795901174527653,0.06196941506903737,0.015631707852446386
126_H1,0.0,6.556021819047681e-06,1.5930271280674023e-05,0.027794890209852673,0.006954344125738098
126_H3,0.0,7.021994861014974e-06,9.053562864063676e-07,0.07298249363567756,0.018247605246706246
127_H3,0.0,0.0,0.0,0.015185475375984666,0.0037963688439961664
127_NCI,0.0,8.407411588395518e-06,6.983035779386604e-06,0.000310343931668596,8.143359475909453e-05
128_H1,0.0,3.849695855774052e-06,6.1737368411831e-05,0.016306408674418273,0.004092998934671469
128_H3,0.0,1.741467873069642e-05,0.0,0.03279720158175184,0.008203654065120634
128_NCI,0.0,1.7917896377700813e-05,3.6669806310229214e-05,0.07811654201611448,0.019542782429700603
129_NCI,0.0,0.0002098555304926264,0.0041673936485232,0.0013236218240325044,0.0014252177507620826
130_H1,0.0,6.528868123820154e-05,2.019062241636089e-05,0.004625504586337638,0.0011777459724980502
130_NCI,0.0,2.945527877463947e-05,6.831161889295253e-05,0.013433083395066048,0.00338271257318341
131_H1,0.0,2.5698059313335517e-05,0.0,0.020149133508295766,0.005043707891902276
131_H3,0.0,3.876550381853425e-09,5.896718505054864e-06,0.025946051512788268,0.006487988026960926
131_NCI,0.0,3.2609428992073328e-06,0.0007691400874402514,0.0021689657160841895,0.000735341686605912
132_H1,0.0,7.283919164938813e-05,0.0003570690645883057,0.02323427111865519,0.005916044843723221
132_H3,0.0,2.7516366308634303e-05,4.139692252056273e-06,0.0038106177014773077,0.0009605684400094996
132_NCI,3.900615047314204e-05,0.00012884814763782567,1.236374491446228e-05,0.05628941765577857,0.014117408924701001
133_NCI,0.0,1.6659974706856125e-05,2.189708966883635e-05,0.03493718952761175,0.008743936647996862
134_H1,8.883313057594933e-06,3.7384322296937636e-06,3.8997812180695296e-05,0.05574331992400778,0.013948734870368941
134_NCI,0.0,3.831036675866841e-06,8.1621494928812e-06,0.004640557299886548,0.001163137621513824
135_H1,0.0,4.96177200947772e-06,1.161169040357049e-06,0.01943577111330187,0.004860473513587926
135_H3,0.0,2.3551326894243386e-05,2.994542841107073e-07,0.001468862338205048,0.00037317827984585054
135_NCI,0.0,5.022959833843116e-06,0.00010214034941321773,0.015480954918967402,0.0038970295570536157
136_H1,0.012432483956217766,0.0001506492446852853,2.8963615348947894e-06,0.06749648790720718,0.02002062936741128
136_H3,0.0,0.0,0.0,0.032907590289376405,0.008226897572344101
136_NCI,0.0,8.894785406486352e-05,0.00021201816920806131,0.11750611394621656,0.02945176999237237
137_H1,0.0,2.54311337517168e-05,0.00037629082643492797,0.048903838360012435,0.01232639008004977
137_H3,0.0,0.0,0.00035277964324357587,0.039234018490267815,0.009896699533377847
137_NCI,0.0,1.764462229997648e-05,0.0,0.0006727808016235802,0.00017260635598088917
138_H1,0.0,2.4045697197552665e-05,0.0,0.035294243960456474,0.008829572414413506
138_NCI,0.0,8.079344922337101e-06,0.01744145164795541,0.046438686776272754,0.015972054442287626
139_H1,0.0,2.822680529369562e-06,0.0,0.024567297995858713,0.0061425301690970205
139_H3,0.0,1.4238004139675253e-05,0.0,0.030536073710961877,0.007637577928775388
139_NCI,0.0,5.9604422148315074e-06,1.4811422629002554e-05,5.132421570172162e-05,1.802402013638892e-05
140_H3,0.0,1.7208602615602803e-05,0.0012680689887699832,0.1347236021239689,0.03400221992883862
141_H1,0.0,1.8194913981664282e-06,0.0020348568945029637,0.007380578749043246,0.002354313783736094
141_H3,0.0,0.0,3.5948304305790816e-06,0.008092786248961268,0.0020240952698479617
141_NCI,0.0,9.379780626878525e-06,1.6501694409402904e-05,0.013584052667879255,0.003402483535728884
142_H1,0.0,3.67703558786279e-05,3.1426287912856146e-06,0.008592027616209806,0.0021579851502199297
142_NCI,0.0,9.265296928455026e-06,7.20044256683438e-05,0.057267734812455104,0.014337251133762975
143_H1,0.0,3.082651370701466e-05,0.0008314067094390567,0.040553726336006596,0.010353989889788166
143_H3,0.0,4.588078097896243e-05,1.3949734391428522e-06,0.022165189582696934,0.0055531163342787595
143_NCI,0.0,3.846866684571709e-05,7.045542202625427e-07,0.0052826309094323775,0.0013304510326245893
144_H1,0.0,1.4787289816005524e-05,6.751094869877942e-05,0.013356181207029378,0.003359619861386041
144_H3,0.0,1.756106196164131e-05,0.0,0.07566678851546514,0.018921087394356696
145_H1,8.868327859090641e-05,0.00011250765013937553,0.01765074630616334,0.002770684362585389,0.005155655399369752
145_H3,0.0,1.1660556635615236e-05,0.0005160461776596847,0.019766495556333544,0.005073550572657211
146_H1,0.0,0.0003823239006291166,0.00040916302919780833,0.26015947753155266,0.0652377411153449
146_H3,0.0017631425289437175,0.00037342568572290986,0.0005115844507059568,0.13288852134182463,0.0338841685017993
146_NCI,0.0,8.523677524745436e-05,0.0004917259931709257,0.016855006532793718,0.004357992325303025
147_H1,0.0002226834330940619,3.459604882661224e-05,0.00011102675925830146,0.00019544489930591424,0.00014093778512122248
147_NCI,0.0,0.000311804744221172,0.0,0.06750635925582252,0.016954541000010922
148_H1,0.0024574564304202795,0.019032175660153472,0.00013457097477410882,0.007659312856069863,0.007320878980354431
148_H3,0.0,6.728297264680095e-05,1.5517701762139638e-05,0.06031875861780516,0.015100389823053525
148_NCI,0.0,0.0010728483034349499,0.009208564414156411,0.011482231262082466,0.005440910994918457
149_H1,0.000653398223221302,0.0014496921956426419,0.00389958221259491,0.15118029479446068,0.03929574185647988
149_H3,0.0022784501779824495,0.00010134477320078755,2.8970376023332136e-05,0.07279237875654193,0.018800286020937126
149_NCI,0.0021117483265697956,0.0002437554929567489,0.000813173875593645,0.13235560462101187,0.033881070579033015
150_H1,9.234704339178279e-05,0.0003420099971341343,0.00029527887612252116,0.13291352984221133,0.03341079143971494
150_H3,0.0,7.944347462890643e-05,4.501946235105529e-06,0.09938008644174093,0.024866007965651235
150_NCI,0.0011506740702316165,0.000564818335096987,0.0004239949802696255,0.17137480022760346,0.04337857190330042
151_H1,0.0,0.0006099437995409646,0.005746479109624154,0.029079205289843292,0.008858907049752103
151_H3,0.0,1.1306952966502205e-05,0.00883145420548527,0.02278005006702557,0.007905702806369335
151_NCI,0.0,0.0001707186964422924,0.0,0.03112399670210867,0.007823678849637741
153_H1,2.5792525775614195e-05,0.00022957127769918063,0.0007348646650127683,0.1377358066281983,0.03468150877417146
153_H3,0.0,5.2930427560411775e-05,0.0,0.04928264261786012,0.012333893261355132
153_NCI,3.927625220967457e-05,0.0004320396873452058,0.00094570564528707,0.0402492579918077,0.010416569894162413
154_H1,0.00039458711398765445,0.0012607059218514847,0.00021930321583649384,0.06991212793145592,0.017946681045782887
154_NCI,0.0006141099147498608,0.0014931617124300338,0.0005434973261709373,0.016350681059155537,0.004750362503126592
155_H1,0.0,7.722056992707051e-05,0.00045109696471761754,0.036630228544746714,0.009289636519847851
155_H3,0.0,5.975268486641712e-07,0.0,0.010705536592283307,0.0026765335297829927
155_NCI,0.0,6.805787507000295e-05,0.012134344168590694,0.09143724948748418,0.02590991288278622
156_H1,0.0,0.00028406914559191983,3.207621239192004e-06,0.05230530495713458,0.013148145430991421
156_NCI,0.0,0.0002505013185760269,6.287205571171345e-06,0.09763076448813525,0.02447188825307061
157_H1,6.199556810315698e-05,0.0016461248760842003,0.0001891430798534018,0.055222871096241966,0.014280033655070681
157_H3,0.0,3.8465006002161586e-06,6.197369037460304e-05,0.0977654359473571,0.024457814034582977
157_NCI,0.0003523567575030029,0.0001663577670518915,0.0003427394422514552,0.04033788397321535,0.010299834485005424
158_H1,0.0001695181563263759,0.00015716246111473008,0.0001153543442827829,0.04352666826626374,0.010992175806996907
158_NCI,0.0001409236283507198,0.0002756113625911975,0.0004882992771157064,0.04276942415864457,0.010918564606675549
159_H1,0.0,3.074658147795169e-05,9.1757261232574e-05,0.07090123103090301,0.017755933718403383
159_H3,0.0,2.545884741233791e-05,4.411877766786848e-05,0.028076904104833704,0.007036620432478478
159_NCI,0.0,4.527520310610655e-05,2.553559725688901e-05,0.03150498027169029,0.007893947768013321
161_H1,0.00011172515223734081,0.0006925502340444713,0.0001371443370146985,0.04501372350421271,0.011488785806877306
161_H3,0.0,6.330928524124862e-05,2.8880606160949086e-05,0.08942029287547809,0.02237812069172007
161_NCI,3.879919313476421e-05,0.0005290992371317757,0.00048611864840720874,0.10545234027081703,0.026626589337372695
162_H1,0.0,0.0002871324458319921,0.00037278667223415653,0.02124218544518352,0.005475526140812417
162_H3,0.0,0.00010183371090541398,1.822570109746507e-06,0.026352783523505216,0.006614109951130094
163_H1,0.00036290910793468356,0.0017067509910512005,0.0029434714180274573,0.07372370183188318,0.01968420833722413
163_H3,0.0,0.0004902056670079295,0.0002687280558862244,0.10738341317072758,0.027035586723405433
163_NCI,5.1351951697142795e-05,0.00023438235774076447,0.0075992818935140295,0.01945311674257394,0.0068345332363814685
164_H1,0.00012994503777008504,0.0008370077832593475,0.00042626536862317175,0.04173515383803694,0.010782093006922386
165_H1,0.0,0.0014215884413651303,0.031232308507123493,0.07767396608047245,0.027581965757240267
165_H3,0.0,3.12473323884454e-05,1.856766396803995e-05,0.03658981924941429,0.009159908561442694
165_NCI,0.00023603206500411034,0.00022599501844644426,0.0023076511936820513,0.061505285276707816,0.016068740888460106
166_H1,0.0,3.662617211493297e-07,7.804375137202073e-05,0.03518403042035956,0.008815610108363183
166_H3,0.0,0.0021765787925036514,1.6019945075937196e-06,0.006879189329244051,0.002264342529063824
166_NCI,0.0,1.830737988942927e-05,1.7054228716411885e-05,0.04753978898124542,0.011893787647462815
167_H1,0.0,0.0001680701292089944,1.7298834678445002e-05,0.028984367574243088,0.007292434134532632
167_H3,0.0,0.00026056226775412436,5.201334663306567e-06,0.03759559263906273,0.00946533906037004
167_NCI,0.0,0.0005782600616732646,5.1469423087296505e-05,0.060525652302003685,0.015288845446691061
168_H1,0.002502763643860817,0.002396298426829624,0.0005284461795690198,0.07462574673021946,0.02001331374511973
168_H3,0.0,0.0,0.0,0.03497254913626228,0.00874313728406557
168_NCI,0.002463745651766658,0.0001455539654700188,0.0004392347772524302,0.07870432593633175,0.020438215082705213
169_H1,0.0,1.556235986548562e-05,0.0002617819104589142,0.0013082695913300927,0.00039640346541362315
169_H3,0.0,0.0,0.0,0.019155472788450048,0.004788868197112512
169_NCI,0.0,3.5490675175996174e-06,4.243235880099943e-05,0.013237923533430526,0.003320976239937281
171_H3,0.0,4.699699110817144e-05,2.71931440674574e-06,0.03020515968226285,0.007563718996944442
171_NCI,1.6668751413817517e-05,3.058111284496626e-05,0.00011127260556689168,0.026856426214961263,0.006753737171196735
172_H1,0.0016764983301982284,0.0005465498247204737,0.0005899830858485899,0.02261192711333105,0.0063562395885245855
172_NCI,0.0002305109956068918,0.0005271952139843755,3.386181368610808e-06,0.0057219783990241965,0.0016207676974960186
173_H1,3.387367905816063e-05,1.656863466091459e-06,2.529380891258448e-05,0.06566324688557493,0.01643101780925294
173_H3,0.0,0.003280975200109701,9.309172292890112e-11,0.001772181600303808,0.001263289223376308
173_NCI,0.0,5.876038232949767e-05,5.811380012020522e-07,0.030402662547143036,0.007615501016868434
175_H1,0.00479520857334137,0.008623922105821287,0.00033496770647467664,0.2606630080351846,0.06860427660520549
175_H3,0.0,0.005205927829587014,0.001123289660574405,0.40331676384184656,0.10241149533300199
177_H1,0.0005508806789293885,0.005395625705175088,0.0017447388501526484,0.17487120122386307,0.04564061161453005
178_H1,0.0005935467779636383,0.0001445002281709519,0.001541814101018769,0.16507455015606445,0.041838602815804454
178_H3,0.0,1.0029157958196998e-06,0.0,0.025599938350584366,0.006400235316595047
178_NCI,9.053135727299377e-06,0.00018396675462271553,0.0006432666177339537,0.11479924132152015,0.02890888195740103
179_H1,0.0,0.0,0.0,0.00533715440321678,0.001334288600804195
180_H1,0.0002193043619627133,0.004171366336328802,0.005928771539443393,0.1087674778071999,0.029771730011233705
180_H3,0.0,0.002326311257623663,0.00015017906670930465,0.12751690866777454,0.03249834974802688
180_NCI,0.00045323502854444087,0.004459782471896509,0.0006257465398357709,0.3045529808905446,0.07752293623270533
181_NCI,0.0,1.0636505596883402e-05,0.0003795574039605524,0.030128688749470667,0.007629720664757026
182_H1,0.0001584347483003512,0.00038750360065751383,1.0813874059473543e-06,0.0109944376610427,0.0028853643493516284
182_H3,0.0,1.131787109269619e-06,0.0,0.027166495998467214,0.0067919069463941205
182_NCI,0.0,0.00016087530719658807,0.00035180055856108284,0.008811135919208296,0.0023309529462414917
183_H1,1.1333450856909622e-05,0.00014263930151650107,0.00032551808224423384,0.15461041985687424,0.03877247767287297
183_H3,7.767810166114941e-05,0.0003517632362437114,6.805399823400332e-05,0.2105408457656785,0.05275958527545434
183_NCI,0.0,0.00016589515416970489,6.0955737373132295e-05,0.09244372480857087,0.023167643925028427
184_H1,0.0,6.667546808758396e-05,0.0,0.006848300524566036,0.001728743998163405
184_H3,0.0,2.809518821893795e-06,0.0009779464671939343,0.05648850111604688,0.014367314275515677
184_NCI,0.0,4.059833056355323e-05,4.145652280928727e-05,0.0034576127868076907,0.0008849169100451328
185_H1,2.7369813324185088e-05,0.00048251476469784614,0.00028848714956681757,0.04276727890853647,0.010891412659031329
185_H3,0.0,0.00011321577807471718,0.0003287753776859953,0.1272608493417984,0.03192571012438978
188_H1,0.0018714809557422996,0.00010148788368818445,4.203006931619688e-06,0.02953563856536355,0.007878202602931414
188_H3,0.0,0.0,0.0,0.021201336439840908,0.005300334109960227
188_NCI,0.0,0.0011407556983389,8.873004169158148e-06,0.010862575490303327,0.0030030510482028463
189_NCI,0.0,2.098994778424698e-05,9.998548965872732e-06,0.01480961320602991,0.003710150425695007
190_H1,0.0,2.2552653217539802e-05,0.0006782749851841837,0.011999724110931299,0.0031751379373332555
190_H3,0.0,3.5677632916453834e-07,5.27463651751713e-06,0.013605989958893713,0.0034029053429350986
191_H1,0.0,0.00010244174850294846,2.5898177286669413e-05,0.0037028157516579984,0.0009577889193619041
191_NCI,0.0,2.8453049053662687e-07,9.681032268274549e-06,0.004403273517195808,0.0011033097699886549
192_H1,0.0004496612527873367,5.029827533150989e-05,6.51742536391023e-05,0.029599918753677543,0.007541263133858873
192_H3,0.0,1.5132173145277973e-05,3.822715940568465e-07,0.01656594320980003,0.004145364413634841
192_NCI,0.0,8.42418355871615e-06,0.0,0.013687938120605925,0.0034240905760411604
193_H1,6.472883455899137e-07,3.0389003210574713e-05,0.0030402335485312953,0.05750414162457485,0.015143852866165578
193_H3,0.0,2.138235931370206e-05,3.801758055792931e-05,0.016697850890874943,0.004189312707686643
193_NCI,3.812854629359208e-05,0.00014354754851961826,0.0003814822701581702,0.05745831193281952,0.014505367574447725
194_H1,4.3423329771030694e-05,7.100411405248184e-05,0.00012576872874461758,0.03991940022939704,0.010039899100491292
194_H3,0.0,3.079729845286717e-05,0.0,0.017230881390418486,0.004315419672217838
194_NCI,4.37508242612239e-05,0.0001693776250617821,0.0022308711365663803,0.06816454988151117,0.01765213736685014
195_H1,0.0,0.00014909254519023237,0.0024316380920091528,0.06245267855647764,0.016258352298419255
195_H3,0.0,1.4938689623482653e-06,8.705704390676194e-05,0.014514855715849465,0.0036508516571796437
195_NCI,0.0,0.00038672029731300214,0.16086690589437222,0.04773290571769871,0.05224663297734598
196_H1,0.0,0.00014719367050298766,0.17806725035338242,0.0005680083011268017,0.04469561308125305
196_H3,0.0,4.364352462824574e-06,3.4704365249297426e-05,0.04198945646554704,0.01050713129581479
196_NCI,0.0,3.343545783695353e-05,4.790409832182672e-07,0.021039030049552966,0.005268236137093285
197_H1,0.00035567732993513346,0.0016963340713212157,9.19048348320599e-05,0.002301258764069486,0.0011112937500394738
197_H3,0.0,0.0014891853667452874,2.2274749692298635e-05,0.026433447968902075,0.006986227021334915
197_NCI,0.0,0.00038514001722050217,0.00032181285061008426,0.10744824664720025,0.027038799878757708
198_H1,0.0,0.031707967213662404,0.05338602365289166,0.005820452557730918,0.022728610856071245
198_H3,0.06806757301092148,0.10656610291184261,3.05982093206323e-05,0.015133044710870711,0.047449329710738855
198_NCI,0.0,0.08068335648003608,0.030023939315602717,0.005470532349757866,0.029044457036349162
199_H1,0.005631789565086365,0.01955705403492403,0.0004145940938501159,0.14619483290238303,0.04294956764906088
199_H3,0.0,0.0,0.0,0.09402014230045311,0.023505035575113277
199_NCI,0.0,1.692303031153619e-05,0.001372089459811887,0.00431400615355503,0.0014257546609196133
200_H1,2.482903619238641e-05,0.00024736091132284945,4.9517639692015816e-05,0.09530806075988896,0.02390744208677405
200_H3,0.0,1.8086112565638284e-06,1.4893522486827213e-06,0.029275044259004387,0.007319585555627409
200_NCI,0.0,0.00016092697052119784,0.0001829495724851075,0.010617850519818929,0.0027404317657063085
201_H1,0.0,0.0005706458250555176,4.409658810339226e-05,0.0387131405376554,0.009831970737703578
201_H3,0.0,0.00019485968536888114,0.0006067687947246015,0.000649747465664122,0.00036284398643940115
201_NCI,0.01688271388411522,0.0026547728713815404,0.0002593427049016799,0.023133612706974113,0.010732610541843138
202_H1,4.789351442013867e-05,8.596527966859107e-05,2.521191918335721e-05,0.022649813078988362,0.0057022209480651126
203_H1,4.026852184324525e-05,6.573375714015156e-05,0.05840632544765125,0.01751388813645051,0.019006553965771292
203_H3,0.0,0.0011868594490987514,1.0,0.0662777241313254,0.26686614589510604
203_NCI,0.0,0.001021444387082038,0.00022091022881987965,0.052446583803942744,0.013422234604961166
204_H1,0.012026533484458923,0.007223557260121817,0.005967777433991749,0.09170959743748534,0.02923186640401446
204_H3,0.0,2.3599372664738657e-07,0.00019200865261105027,0.009174550987162218,0.002341698908374979
204_NCI,1.2582147974171676e-05,0.0010817361409629334,0.004382566950427349,0.0719854315783258,0.019365579204422567
205_H1,8.239357157435734e-06,9.489877631020126e-05,0.00019129596716843282,0.0395488647668266,0.009960824716865668
205_H3,0.0,1.1527306964289828e-05,5.970045981960491e-06,0.0016582719642597684,0.0004189423293015047
205_NCI,0.00013789476361125708,8.869189427284124e-07,6.223709911292264e-05,0.08123222357370488,0.020358310588842948
206_H1,0.009004215709865093,0.029868297087761963,0.0005245211083660126,0.3916712076144218,0.10776706038010372
206_NCI,2.6017642085207626e-05,0.0036768500606407096,0.007469275322144958,0.49143873731721743,0.12565272008552208
207_H1,0.0685509443283081,0.11139693265011959,0.00012658523828354475,0.4234729127097508,0.1508868437316155
207_H3,0.0,1.3032225606403427e-06,0.00036433695167664975,0.01784607276623868,0.004552928235118993
207_NCI,0.0,0.0959322955829394,0.004275997144849326,0.47846883475920987,0.14466928187174966
208_H1,0.0,0.0004936277326938625,0.00034050886324425326,0.11092953359952289,0.02794091754886525
208_NCI,6.901236338308081e-05,0.0008881518754870187,0.0033251904506111075,0.021294068873607883,0.0063941058907722725
209_H1,6.929169103386812e-06,6.544211905268115e-05,0.00030803458531404815,0.013694215893305281,0.0035186554416938493
209_H3,0.0,7.2386348528393125e-06,0.044827252877344605,0.06294610676091582,0.026945149568278315
209_NCI,0.0,2.492418611289519e-05,8.222638294179576e-06,0.08288030494068849,0.02072836294127389
210_H1,3.5185282740712864e-06,9.77816121836836e-05,2.496681024462778e-05,0.05983669373624198,0.014990740171736091
210_H3,0.0,1.5488917823691006e-05,0.0,0.0298931395852111,0.007477157125758698
210_NCI,0.0,0.00035577575050326084,4.496059098952828e-05,0.0963619607885986,0.024190674282522848
211_H1,0.0,1.4852875133614325e-06,0.0007082765147911101,0.017010516358454682,0.004430069540189789
211_H3,0.0,2.0632618511836137e-05,2.723068385227589e-06,0.004921441936807094,0.0012361994059260394
211_NCI,0.0,0.000223560160706402,6.993204297459648e-06,0.008894062755464784,0.0022811540301171614
212_H1,0.00029654818354174495,0.00036452005693702916,0.0004294006492058814,0.12094963874198612,0.030510026907917695
212_H3,0.0,4.792596060570411e-05,4.474956429767784e-05,0.0036349420305211992,0.0009319043888561453
213_H1,0.0001148014489444904,0.00025548610610579394,5.706750773398995e-05,0.046974762671486085,0.01185052943356759
213_H3,0.0,0.00010159460285990954,4.027693394538124e-05,0.08428253840376695,0.021106102485143063
213_NCI,3.0117340429569595e-05,0.0001736578717827493,0.0003519328083958252,0.026639201000601256,0.0067987272553023505
215_NCI,0.0015374786453321576,0.00012972807049505556,0.000923389324845553,0.033003829771563374,0.008898606453059035
216_H1,0.0013722364092245698,0.0029312032799180708,0.00014050806678098305,0.002156867108210912,0.0016502037160336337
216_H3,0.0,0.0006790992627521606,4.0184992971221524e-05,0.08047778293407938,0.020299266797450692
216_NCI,8.78695136634633e-05,0.0008604993612978392,0.32684978646378876,0.014388005199351,0.08554654013452527
217_H1,0.0,0.00020306063936916473,4.136919308291753e-05,0.06401907112519242,0.016065875239411127
217_NCI,0.00029770698165521026,0.00020923415523895332,7.913661023097127e-05,0.024375652272880795,0.006240432505001482
218_H1,0.0,1.581473161554443e-05,0.0010359875203871057,0.005106783676985498,0.001539646482247037
218_NCI,0.002338205464184284,2.3016316890149596e-05,0.0002400788964196759,0.008606789500734267,0.0028020225445570942
219_H1,3.26811641571112e-05,9.43248849366175e-05,0.00010006692052975491,0.058681388732630485,0.014727115425563491
219_H3,0.0,2.934664350740683e-06,2.3674999527552188e-05,0.012553265155583351,0.003144968704865411
219_NCI,3.642718365881592e-05,0.00017834700537992638,0.018248470172317875,0.030363317313263898,0.01220664041865513
220_H1,0.0,0.0010060501983864486,2.7858515050898092e-06,0.02514046664135356,0.006537325672811275
220_H3,0.0,1.6046591170556392e-06,1.9427201583119268e-06,0.012601321826217282,0.0031512173013731625
220_NCI,0.0,5.821586043357868e-06,2.6892077557639594e-05,0.007251042163192677,0.0018209389566984186
221_H1,0.0,1.4102340180855916e-06,0.0001143398784890143,0.006992923148964556,0.0017771683153679138
221_H3,0.0,6.495373107582293e-05,0.00011180757048832137,0.06861363315364183,0.017197598613801494
221_NCI,0.0,2.492028157456921e-05,0.0008603511814840075,0.04255703072431536,0.010860575546843484
222_H1,0.0,0.0,1.6498863432760765e-05,0.0043406492912429215,0.0010892870386689205
222_H3,0.0,0.0,4.439267352418308e-06,0.002166307429105372,0.0005426866741144475
223_H1,0.0015366778243333101,0.0006040711114161122,0.0020921355931129084,0.07083084325593449,0.018765931946199205
223_H3,0.00016131679876707494,0.00011927596955573859,0.006835615604059662,0.006900539494943617,0.003504186966831523
223_NCI,0.0,0.00031373106803260313,0.001263342342009369,0.045607244910804166,0.011796079580211534
224_H1,0.0,0.00012995281363735537,6.295235055360211e-05,0.006085784939036725,0.0015696725258069206
224_H3,0.0,5.114541586741393e-05,2.201404056872708e-05,0.03291174308276133,0.008246225634799369
224_NCI,0.0,9.698658649373812e-05,6.508499105050573e-07,0.08532108149589611,0.021354679733075088
225_H1,0.0,1.6920379636759438e-05,0.0009185674697140348,0.009560924780020809,0.002624103157342901
225_NCI,0.0,5.232774540326092e-06,0.0002559514391965293,0.014474685668063791,0.0036839674704501617
226_H1,0.0,1.1905693014493272e-05,1.8399752130614545e-06,0.024404106976507543,0.006104463161183775
226_H3,0.0,0.0,0.0,0.004592351146909384,0.001148087786727346
226_NCI,0.0,6.761690319440949e-05,4.617773669860687e-05,0.00762646449798808,0.0019350647844702741
227_H1,0.00023973920906428248,0.0006394445697258615,0.00028265656493828815,0.01990070890498494,0.005265637312178343
227_H3,0.0,0.0003612942021790054,0.00010779550871119945,0.09706496424066934,0.024383513487889884
227_NCI,2.048379428742919e-05,0.00023323281093948035,0.0703329282728836,0.09418433450774155,0.041192744846463014
228_H1,0.0,5.548382117849592e-05,1.7801890049719498e-05,0.007903048469695074,0.0019940835452308225
228_H3,0.0,3.0263290150577368e-06,0.00021684814802170203,0.008090496318856683,0.0020775926989733606
228_NCI,0.0,0.00016115253207810195,1.6623981302581267e-06,0.0010603247832254852,0.0003057849283584613
229_NCI,0.0,6.535366194817865e-09,4.750083547510203e-05,0.004163866935770554,0.0010528435766529627
230_H1,0.00011102448479505256,2.66194568888166e-05,4.569822129785576e-07,0.015219936188475471,0.00383950927809308
230_H3,0.0,2.795913880622229e-05,6.389101012018714e-06,0.019863866572215904,0.004974553703008536
230_NCI,0.0,0.0001351691513005543,6.097276152439505e-06,0.06759387846840417,0.01693378622396429
231_H1,0.0,4.241948423098725e-05,4.337849540105123e-06,0.005482519573649093,0.0013823192268550462
231_H3,0.0,1.3404617723896102e-05,4.4977428603468146e-05,0.02763768175342418,0.0069240159499378865
231_NCI,2.7701869839802384e-05,2.1514436972085816e-05,0.003632193145821092,0.0695540734131476,0.018308870716445144
232_H1,0.0,9.427971413915882e-07,6.847296908078206e-05,0.02269824995630277,0.0056919164306312355
232_H3,0.0,2.840482244090955e-05,6.671995211906537e-06,0.011012240382172089,0.002761829299956226
232_NCI,0.0,3.6503058258596893e-05,4.187213605923646e-06,0.026752182953319565,0.006698218306296021
233_H3,0.0,3.8609107278838435e-06,2.745449590188844e-05,0.005219836383015057,0.0013127879474112072
233_NCI,0.0,1.3315776621672843e-06,0.0,0.010485314659787486,0.002621661559362413
234_H1,0.01909971982240677,0.016485621696989604,4.6538675025187074e-05,0.0467464682355023,0.020594587107480966
234_H3,0.0,1.5313696920490248e-05,9.922815203066629e-07,0.014353714243427268,0.003592505055467016
234_NCI,0.0,0.013482096445793942,4.9034593333392765e-05,0.03701671590867392,0.012636961736950314
235_H1,0.0,3.684903176265322e-05,2.1641660122220267e-06,0.052922983835672927,0.013240499258361951
235_H3,0.0,4.669719968576186e-08,1.391773419348187e-06,0.04500706226872059,0.011252125184834906
235_NCI,0.0,0.0003162482732369604,2.8773362306614572e-06,0.015948178292038047,0.004066825975376417
236_H1,0.0,1.5133676742026372e-06,7.492776919927383e-06,0.005958272316751005,0.0014918196153362838
236_H3,0.0,0.0,3.50461434655648e-05,0.004684398846247993,0.0011798612474283893
236_NCI,0.0,2.542065019154316e-05,1.7347599992885845e-06,0.013883711943591344,0.003477716838445544
237_H1,0.0,0.00011095094572233562,8.037901143379615e-05,0.04669895210928341,0.011722570516609885
237_H3,0.0,4.509256695260749e-05,1.289192696920123e-05,0.08231404239803577,0.020593006722989395
237_NCI,0.0,0.00014319389501148732,4.986413714166042e-06,0.021746419993134963,0.005473650075465154
238_H1,0.0,0.0009444799037892284,1.9258631739111186e-05,0.023134445541075032,0.006024546019150843
238_NCI,0.0,8.658552767028553e-06,1.1115395789651234e-06,0.006466469566577794,0.001619059914730947
239_H1,0.0,2.390912507450483e-05,0.00010192374329050223,0.014497701142241217,0.003655883502651556
239_H3,0.0,7.899953310428093e-07,0.0,0.013485224661692982,0.003371503664256006
240_H3,0.0,4.080376394603467e-06,1.9886608907948218e-06,0.03905187352801266,0.009764485641324516
240_NCI,0.0,1.3321826414232793e-06,1.84994388151927e-05,0.02823709787110961,0.007064232373141557
241_H1,0.0,2.0279846224947296e-05,4.15368340822121e-06,0.003658254447363211,0.0009206719942490948
241_NCI,0.0,9.860458656404333e-05,0.00035145364495094524,0.018048453810757998,0.004624628010568246
242_NCI,0.0,0.0,1.2110143299389552e-06,0.002117221290929007,0.0005296080763147364
243_H1,0.0,3.780789073578622e-06,2.4897491092568357e-05,0.04802307123995773,0.012012937380030968
244_H3,0.0,8.128953760279044e-07,3.1511862477105812e-06,0.002850921619875305,0.0007137214253747609
244_NCI,0.0,8.141967598572116e-07,2.230009629897726e-06,0.002769034908795971,0.0006930197787964314
247_H1,1.4459296835411806e-05,3.5994592057709724e-05,5.069801707127321e-05,0.009105583497852413,0.0023016838509542017
247_H3,0.0,3.1614296436895314e-05,2.517291178513206e-05,0.003178741969933391,0.0008088822945388546
247_NCI,0.0,4.589836475465138e-05,1.3301319575032995e-05,0.06419797007981137,0.016064292441035265
248_H1,0.0,1.8241570955394814e-05,3.084821673400517e-05,0.0006809843348770747,0.00018251853064161868
248_H3,0.0,0.0,3.338247356880043e-06,0.00394659259363992,0.0009874827102492
249_H1,0.0,2.4450579305323314e-05,0.0,0.015042874300576752,0.003766831219970519
249_H3,0.0,0.0,0.0,0.005449245377651559,0.0013623113444128896
250_H1,0.0,5.8880184958727925e-05,6.484235786844968e-05,0.0038284269701417835,0.0009880373782422402
250_H3,0.0,0.0,0.0,0.005841388824849067,0.0014603472062122667
251_H1,0.0001348921359749511,0.00021518881350390167,0.00029956120479854195,0.025778946756894485,0.00660714722779297
251_H3,0.0,5.4228467688813665e-05,1.734265773714169e-06,0.026150954904737754,0.00655172940955007
251_NCI,3.6712081055156887e-05,0.00012242765049763364,0.003873731597963084,0.07860596045212838,0.020659707945411065
252_H1,0.0,7.776965540230562e-05,2.0267704085136052e-06,0.025413880947910566,0.006373419343430347
252_NCI,0.0,7.662741904900837e-05,2.2534482647591698e-05,0.02126640418745694,0.005341391522288385
253_H1,0.0,0.0001040078887383134,1.064679241699349e-05,0.000674305514758754,0.00019724004897851523
253_NCI,0.0,2.5081649236143517e-05,5.833309674136469e-07,0.021174693286758018,0.005300089566740394
254_H1,0.00042998604476451874,0.0012928723265330318,0.00029316745716037276,0.06741565071248597,0.01735791913523597
254_NCI,0.0,0.00037734632166440494,0.00032909650619953516,0.01738678703873806,0.004523307466650499
255_H3,0.0,2.800278469891728e-06,0.0,0.024651423087654088,0.0061635558415309944
255_NCI,0.0,3.5103076442580956e-05,4.957664689928238e-05,0.00045413952410707333,0.00013470481186223415
256_H1,3.244891559006646e-05,6.876715914729567e-05,0.00015048384646579598,0.048858968820448004,0.01227766718541279
256_H3,0.0,4.110181685297889e-07,7.220578345332396e-05,0.06257223887287029,0.015661213918623035
257_H1,0.0,0.0009204320263247014,7.073238476495766e-05,0.01632673880227783,0.004329475803341872
257_H3,0.0,3.0168990911862408e-05,5.721860085297266e-05,0.03817829514433052,0.009566420684023838
257_NCI,0.004101160913705826,0.003454319907622989,0.06343161215098606,0.04759523056507506,0.029645580884347482
258_H1,5.2911425882484764e-05,0.0011748271096708065,1.7783355903699906e-05,0.0854691522023156,0.021678668523443148
258_H3,0.0,4.6392828200169116e-06,0.0,0.05643463639877199,0.014109818920398002
258_NCI,7.240010017994791e-05,0.0005125484393441022,4.3243826329597385e-06,0.0419479566053463,0.010634307381875829
259_H1,4.649083348340355e-05,4.6145633589829674e-06,0.009876714652908259,0.011334116258014513,0.005315484076941289
259_H3,0.0,4.7213042150585345e-07,0.0003452196896130527,0.0022148970821651366,0.0006401472255499238
259_NCI,0.0,1.9808977294631937e-06,3.428782268395218e-06,0.015613656383158982,0.00390476651578921
260_H1,0.0010291284415870905,0.005278264706095527,0.0030888631057391642,0.29681408227312284,0.07655258463163615
260_H3,0.012234330177307129,0.005417594203271738,0.018518250521318752,0.15873957621873733,0.048727437780158735
260_NCI,0.0,0.0006355113834579694,0.00029955142455595805,0.06438585201629923,0.016330228706078292
261_H1,0.0,3.4814051018588404e-05,1.2296871521165442e-05,0.0008220778937022746,0.0002172972040605071
261_NCI,0.0,3.260748019404317e-05,0.0014725365338171433,0.02138512556967311,0.005722567395921074
262_H1,2.55190025200136e-05,0.0001507027591284629,6.284086780766559e-05,0.04692862092027385,0.011791920887432498
262_H3,0.0,1.0132229170760531e-05,1.854684815501634e-05,0.08029273841019464,0.020080354371880105
262_NCI,4.696469477494247e-05,0.00017046352345327116,0.0004238418388943595,0.010521077444087253,0.0027905868753024567
263_H1,0.010167447850108147,1.5634319124872e-05,2.401833831454076e-07,0.031475829142002934,0.010414787873654775
263_NCI,0.0,5.90289430366416e-05,8.324565155526765e-05,0.02740566658468551,0.006886985294819355
264_H1,0.022456053644418716,0.07214069633474422,0.00027397969280684996,0.17719503205127476,0.06801644043081113
264_H3,0.0,0.00012777303995209664,5.244722361195755e-05,0.04327549999335533,0.010863930064229846
264_NCI,0.06865797191858292,0.032236433180575536,0.0002174801548879971,0.07782861981604987,0.04473512626752408
265_H1,0.0,0.00014199680209038337,5.297551317438742e-05,0.011656443551731961,0.002962853966749183
265_H3,0.0,1.4406845216760765e-05,5.205884339002063e-07,0.002194767222281488,0.0005524236639830373
265_NCI,1.8946173440781422e-05,0.0016649419290939637,3.2608817165539686e-06,0.07854355904056863,0.020057677006204984
268_H1,0.0011103944852948189,0.0022653432556144224,0.0005094404597669209,0.18590242869189397,0.04744690172314253
268_H3,0.0,0.0018690808110889377,0.000809958634149594,0.27450007697943213,0.06929477910616766
268_NCI,0.0,0.0020341618992279244,0.008729645539626761,0.0008143749797740295,0.0028945456046571786
269_H1,0.00018106670177076012,7.257370593723243e-05,1.5715219174660715e-05,0.005405805903638026,0.0014187903826301698
269_H3,0.0,3.726360455293637e-05,4.890608551056812e-06,0.0998911241374031,0.024983319587626774
269_NCI,0.0,7.497026414872496e-05,5.4941773928965715e-05,0.010774840563666063,0.0027261881504359385
270_H1,0.0004008893156424165,0.008552866849765167,9.040041832832931e-05,0.08877138804983518,0.024453886158392776
270_NCI,0.00012175281881354749,0.00023338330324972761,1.934877625053794e-05,0.09265780524577166,0.023258072536021367
271_H1,0.0,1.3971244014811697e-05,2.9410829113472432e-05,0.028567429563367587,0.0071527029091239674
271_H3,0.0,7.676234233597105e-06,9.297289006435177e-05,0.03285988516117881,0.00824013357136919
272_H3,0.0,5.4824023361944375e-06,0.00018543378976126562,0.0004740545768722341,0.00016624269224242352
273_H1,0.06323156505823135,0.029339199045979574,0.00026694177726053917,0.021833574678178133,0.0286678201399124
273_H3,0.0,7.195243642579208e-06,0.00020222580202961419,0.0634434129102692,0.015913208488985347
273_NCI,0.0005047868471592665,1.241144855522602e-05,1.3744041170660863e-06,0.014716656410279826,0.003808807277527846
274_H1,6.8481072048598435e-06,0.00011844345534199613,0.00016291565412976275,0.12890583200097225,0.032298509804412213
274_NCI,5.349585262592882e-05,0.005560848948054924,2.1282305973876333e-05,0.053835899458698405,0.014867881641338284
275_H1,0.0,6.814418531496397e-05,7.65687133903688e-05,0.022321181962432435,0.005616473715284442
275_NCI,0.0,9.500298955133417e-06,0.025086487986127472,0.01884507959950706,0.010985266971147416
276_H1,0.000772262632381171,0.00016919453165027183,7.36875026924578e-05,0.019052844198459193,0.005016997216295773
276_H3,0.0,2.3954436009912455e-05,0.0010740067674267768,0.01309640168352984,0.003548590721741632
276_NCI,0.0,3.890964937884721e-05,6.990854345830976e-05,0.009368493751646771,0.0023693279861209822
277_H3,0.0,9.620976274966342e-05,2.1948884513782886e-07,0.06358862479945943,0.015921263512763555
277_NCI,2.401610981905833e-05,6.401719916234126e-05,2.2868025541762046e-05,0.01784038489227064,0.004487821556698451
278_H1,0.0024544172920286655,0.004544060916110123,0.00025437834180773146,0.07014014617358803,0.01934825068088364
278_H3,0.0,5.441556367987333e-06,8.815031891808206e-05,0.04591739905618109,0.01150274773286679
278_NCI,0.0,0.00011474010683735228,4.3548927886882966e-07,0.07774598523519717,0.019465290207828348
279_H1,3.3998352591879666e-05,0.0008406972012416962,0.001204891723057062,0.011764260637918822,0.003460961978702365
279_H3,0.0,5.453407842905211e-06,0.00011007697175198512,0.011804027739606824,0.0029798895298004287
279_NCI,0.0004203920252621174,0.0003989830717192877,0.006005362965419133,0.014302048978690206,0.005281696760272686
280_H1,0.00017306354129686952,8.770978797109047e-05,0.00034114258851838854,0.0034279198259428317,0.0010074589359322951
280_H3,0.0,6.842079386189492e-05,2.8195492764979883e-06,0.04898749553569859,0.012264683969709245
280_NCI,0.0,9.648203173375166e-05,8.260517516283614e-05,0.11076317631699845,0.02773556588097376
281_H1,0.03412143141031265,0.02911946055580461,7.07496576479105e-05,0.04882064660595286,0.02803307205742951
281_H3,0.0,9.125683508946753e-05,2.0811541749607442e-05,0.004487455287747554,0.001149880916146657
281_NCI,0.0003441052103880793,0.01321390135139729,7.443783110286934e-05,0.04031159637216689,0.013486010191263782
282_H1,3.0594175768783316e-05,2.109660772250382e-05,0.06190138146857462,0.09048504009185146,0.03810952808597934
282_NCI,6.209887214936316e-05,1.4914187887379988e-05,0.00018644742407050808,0.06265111463059,0.015728643778674313
283_H1,0.0002066135493805632,7.535112303894435e-05,0.0030658958009049304,0.001732328750429248,0.0012700473059384216
283_H3,0.0,2.1092152536118972e-08,3.1064857816350352e-06,0.017410308545435457,0.004353359030842407
284_H1,0.0,1.6160681720306855e-05,0.0003551150824922185,0.03372832116340763,0.00852489923190504
284_NCI,0.000754623906686902,0.00017565146205485797,4.216045931867989e-05,0.03922346218099915,0.010048974502264897
285_H1,0.040735360234975815,0.708287205939796,0.007847932480843351,0.1721212075676646,0.23224792655581994
285_H3,0.0,2.218675592362318e-05,0.0,0.07349146939845125,0.018378414038593718
285_NCI,0.0,6.76204136847413e-05,5.087376976914256e-05,0.032106254544617366,0.008056187182017812
286_H1,8.502390301146079e-06,0.00046941488667457895,2.518721535751353e-05,0.005372748993336407,0.0014689633714174114
286_H3,0.0,7.900450730943186e-07,7.691225750631963e-06,0.00046814575735433506,0.00011915675704451534
286_NCI,0.0005633276887238026,0.00043954582162346957,0.0009592682548659599,0.05574951775977071,0.014427914881245986
287_H1,0.0,1.5560374939280732e-06,3.1576021523077676e-05,0.02560582243229524,0.006409738622828062
287_H3,0.0,1.6738015614897086e-05,0.0,0.03801144228887761,0.009507045076123127
287_NCI,0.0,0.0030926986811539406,2.850736301772192e-05,7.007919275159743e-05,0.000797821309230815
288_H1,5.3621730330633e-05,6.294122560133445e-05,1.9980534011661776e-05,0.1383219273999229,0.034614617722466635
288_H3,0.0,6.635604390806151e-05,0.0003840812627437345,0.15934108164642724,0.039947879738269756
288_NCI,4.1286875784862787e-05,0.0006394137471996255,0.0019847494138997184,0.09178369719813534,0.023612286808754886
289_H1,1.892870568553917e-05,0.00013710565140986048,1.4440220366719671e-05,0.013203256971050303,0.0033434328871281057
289_H3,0.0,0.0,0.0,0.009302846104677753,0.002325711526169438
289_NCI,1.1458242624939885e-05,9.07506497843402e-05,0.02975365629801205,0.025248825972581764,0.013776172790750774
290_H1,0.0,1.690181485947741e-05,8.455935830474155e-06,0.0032560786025731072,0.0008203590883157647
290_H3,0.0,0.0,0.0,0.026266718180835646,0.006566679545208912
290_NCI,0.0,1.9687141056170223e-05,0.0,0.05261968013371155,0.01315984181869193
291_H1,0.00026546319713816047,0.005267836888936669,0.0021057763519638463,0.12048627077996721,0.03203133680450147
291_H3,0.0,0.003691412720994494,0.0027182080626189167,0.3703230051519366,0.0941831564838875
292_H1,1.2507727660704404e-05,0.00013148492354663876,0.00015846111330485382,0.011290544519141169,0.0028982495709133417
292_H3,0.0,8.064132488638624e-06,1.1209747081378398e-05,0.03949369918643626,0.00987824326650157
292_NCI,0.0033437879756093025,0.0002374278815708886,0.008783015824517532,0.06009160699136809,0.018113959668266455
293_H3,0.0,2.619898393883486e-06,1.0369246185124296e-06,0.03745524512010825,0.009364725485780162
294_H1,0.0,0.004858837572875168,0.041762888031004204,0.008467208082736054,0.013772233421653856
294_H3,0.0,3.0178234473244855e-05,0.006036734816491175,0.006376549569118614,0.0031108656550207585
294_NCI,0.011855692602694035,0.008783684204876222,0.00015681273666522883,0.05627935773117768,0.01926888681885329
296_H1,0.0,0.0012141638459716808,0.00023848242017351733,0.03205994292087728,0.008378147296755619
296_H3,0.0,0.0001701299024513122,2.281888765118971e-05,0.015269391720913813,0.003865585127754079
297_H1,0.0004198740643914789,0.00012087992693769326,2.5500851044553756e-06,0.0221990340283728,0.005685584526201607
297_H3,0.0,7.592603809986704e-05,4.8389014952619296e-05,0.002703804569436774,0.0007070299056223151
298_H3,2.317296457476914e-05,5.4072125376880915e-05,0.00011547494016290109,0.04191518279619042,0.010526975706576243
298_NCI,8.686808541824576e-06,8.351108232499709e-05,2.4214379915170076e-05,0.023763280426219727,0.005969923174250429
299_H1,0.00047896700561977923,0.00011815467825718075,3.7852545018901744e-05,0.061367934917473894,0.01550072728659244
299_NCI,0.0,0.0002128911491350228,1.9908201453594617e-05,0.07243077255690678,0.01816589297687385
301_H1,0.0,0.0,0.011911762473801771,0.00846365414564939,0.00509385415486279
301_NCI,0.0,1.742289344282596e-07,2.8325431653491904e-06,0.011207265095312835,0.0028025679668531533
302_H1,0.0,3.860213947218263e-09,0.00011395064845297473,0.012513953243996824,0.0031569769381659366
302_NCI,0.0,4.037349437082835e-09,0.0,0.006856821642628577,0.0017142064199945036
303_H1,0.000332299736328423,0.0010882588596674927,0.0003056294717362697,0.020781728426132063,0.005626979123466062
303_H3,0.0,1.2543887908379532e-05,9.659246247640521e-05,0.021645347888899047,0.005438621059820958
303_NCI,2.120780663972255e-05,0.00039775070726129564,3.254322447392707e-05,0.0332282952812312,0.008419949254901537
304_H1,0.0,1.746610993149596e-07,7.833440539286586e-07,0.004109896371041673,0.0010277135940487292
304_NCI,0.0,2.7082771625172018e-05,0.0,0.012948866457599061,0.003243987307306058
306_H1,0.00015718935173936188,3.9618601852532905e-05,1.3210287458629141e-05,0.01504112538320393,0.0038127859060636134
306_H3,0.0,1.5607389220352782e-06,0.00043122396083930504,0.0598783304071102,0.015077778776717884
306_NCI,0.0,6.776060683984954e-05,0.06349285232568343,0.08478158269638202,0.037085548907226325
307_H1,0.0,9.901022442671756e-05,0.00027645720932532706,0.013843583782009075,0.0035547628039402797
307_H3,0.0,0.0006331053569631576,1.5082284869602366e-06,0.01800178869641045,0.004659100570465142
307_NCI,5.6554959883214906e-05,0.00017749869219368047,0.0009220685050498203,0.0032677479531863004,0.0011059675275782539
308_H1,1.3738677807850763e-05,2.6345745122424417e-05,8.437918688599232e-05,0.01618584732000412,0.004077577732455097
308_H3,0.0,2.212872389597147e-08,0.0,0.007408257725476536,0.001852069963550108
308_NCI,0.0,1.287977966053345e-05,6.34700176363142e-06,0.012994397578900882,0.003253406090081262
309_H1,0.0,1.2712673285420791e-05,1.3503437261341768e-05,0.00011942013500141438,3.6409061387044234e-05
310_H1,0.00017953173664864153,5.683408157379972e-07,0.0,0.021095538566299275,0.005318909660940914
310_H3,0.0,1.7977785206579258e-06,1.4795578286123327e-06,0.0011887647433630874,0.00029801051992808943
310_NCI,0.0,8.082994547596225e-06,0.00017607459533129413,0.03323018418119722,0.008353585442769028
311_H1,0.0,1.6475469809779405e-05,1.4510413089530344e-07,0.00025716081586820035,6.844534745221877e-05
311_H3,0.0,2.204973913769059e-05,0.0,0.003842115725664139,0.0009660413662004574
312_H3,0.0,0.0,0.0,0.004533269811067371,0.0011333174527668427
313_H1,0.0,7.1016319017775215e-06,3.0167908102733676e-06,0.012988119289830883,0.0032495594281357334
313_H3,0.0,9.216335654271745e-08,0.0,0.04920322146952541,0.012300828408220488
313_NCI,0.0,1.5831117412104725e-05,4.9611543172798166e-05,0.013757211690415137,0.00345566358775001
314_H1,0.0,0.0019788096734824293,0.0001091849392115848,0.018129879756520154,0.005054468592303542
314_H3,0.0,5.638943094749355e-05,2.599389314518149e-06,0.018587195219266897,0.004661546009882227
314_NCI,0.00019622661056928337,0.0001928021662971962,4.524435314471344e-05,0.2220913258101909,0.05563139973505052
315_H1,0.0,3.892024272143107e-06,3.509036432484072e-06,0.04128432592242249,0.010322931745781779
315_H3,0.0,8.060238220618098e-05,0.0,0.03443111723552272,0.008627929904432225
315_NCI,0.0,2.619091123957797e-05,1.8891541048297974e-05,1.562955803036698e-05,1.5178002579560732e-05
316_H1,0.0,0.00011028085049765996,2.183550702388085e-05,0.017506716785211634,0.004409708285683294
316_H3,0.0,0.0,0.0,0.0017357267116449363,0.00043393167791123407
316_NCI,0.0,3.3494602511706666e-05,6.149051589322954e-05,0.003122069228926082,0.0008042635868327545
317_H1,0.0019970841240137815,0.0004016442389694297,1.844019500437539e-05,0.09957665880450793,0.02549845684062388
317_H3,0.0,0.00023550138238477523,0.0,0.02125027202602879,0.005371443352103392
317_NCI,0.00031063760980032384,0.0004746088079744229,0.0013804006366059146,0.056699548642195195,0.014716298924143964
318_H1,0.0,0.0002180196618190086,0.00023149244650538578,0.02324542611910271,0.005923734556856776
318_H3,0.0,2.5521141967916215e-05,2.7342861226669043e-06,0.011924037592244275,0.0029880732550837145
318_NCI,0.0005939622060395777,0.0006882770818432125,4.749070244727558e-05,0.06634254859176485,0.01691806964552373
319_H1,0.0,0.00014736222267212304,0.00012956905000512605,0.08488401306895808,0.021290236085408833
319_H3,0.0,0.00013798900064206077,4.863991195763755e-05,0.08491035448046971,0.021274245848267353
319_NCI,0.0,1.0603713479691015e-05,4.624504038193624e-06,0.04644860341968483,0.011615957909300678
320_H1,0.0,0.0007538609369495663,4.8292299362403225e-05,0.04310066268166333,0.010975703979493824
320_NCI,0.0,0.0002339953854433927,5.1543126523259945e-05,0.0766335358635607,0.019229768593881837
321_H1,0.0008426050771959126,0.001083752975355048,2.2184315520695413e-05,0.019002712651641857,0.0052378137549283785
321_H3,6.39426289126277e-05,2.073143910381776e-05,1.0542639454717568e-07,0.006197201421278323,0.0015704952289223289
321_NCI,0.0,0.00017412104647722914,3.84542745029772e-05,0.045458375451240145,0.011417737693055088
322_H1,0.0,0.00015149127358254832,3.5979364529613616e-05,0.04319540327716498,0.010845718478819285
322_H3,0.0,0.0,6.346359122607253e-05,0.019400890677120534,0.004866088567086651
322_NCI,0.0,5.652664076322896e-05,0.0006943607872911395,0.024147507299648124,0.006224598681925623
323_H1,0.0,0.00024320314451297632,0.007402363644618937,0.045681085887818516,0.013331663169237607
323_H3,0.0,0.003345371226384218,5.02782693596219e-05,0.014009881524577935,0.0043513827550804435
323_NCI,0.0,0.00012117068252670527,0.00010118289089927111,0.056400731148902594,0.014155771180582142
324_H1,0.0,5.702446699303803e-05,0.00010893411365852446,0.010738557084778973,0.002726128916357634
324_H3,0.0001932202430907637,7.748638106828147e-05,0.00038837210444626305,0.10765658640431687,0.027078916283230545
324_NCI,0.0067824712023139,0.0006908450180121205,3.681150680171835e-05,0.10167111718903801,0.027295311229041438
325_H1,3.509223097353242e-05,0.00018244779029785065,0.0001609494226284069,0.08200208817589878,0.020595144404949643
325_NCI,0.0,0.0002331530433517162,0.0015386952759725763,0.03843984581309224,0.010052923533104134
326_H1,0.0,3.504872477502433e-05,0.0003199281991520759,0.03877038081502989,0.009781339434739248
326_H3,0.0,3.444231088031202e-05,6.74455898189571e-06,0.021168356440195366,0.0053023858275143936
326_NCI,0.0,0.00011122073599078613,2.715514475217884e-05,0.11177416397020684,0.02797813496273745
327_H1,0.0004007483657915145,0.00011728361184977666,0.001740222475639367,0.03341202511484967,0.008917569892032582
327_H3,0.0,0.00018939772759478184,6.96285560083814e-05,0.0216997776613268,0.005489700986232491
327_NCI,0.0009433550876565278,0.0003955779547237049,0.0010794736368921782,0.009410898633265665,0.002957326328134519
328_H1,0.0,0.0001047873735375253,0.00022168980378162683,0.0417055757218644,0.010508013224795889
328_H3,0.0,1.3548311961265481e-05,5.052032947938129e-06,0.023152283627943165,0.005792720993213092
328_NCI,0.0,2.0539499202156945e-05,8.12241687754853e-07,0.04341219123588115,0.010858385744192766
329_H1,0.001149641117081046,0.00048485310654338435,0.0023275480723288166,0.028146573446039068,0.008027153935498079
329_H3,0.0,0.00015546822837677514,2.307320572316819e-05,0.04530686430984734,0.01137135143598682
329_NCI,0.0007744240574538708,0.00018473903780568884,9.746051093610285e-05,0.1113499579852359,0.02810164539785789
330_H1,0.0002737764734774828,0.0023683415135123103,0.0003011209688770807,0.0167969601630353,0.004935049779725543
331_H1,6.281154492171481e-05,0.00017737810085658793,0.00027435532255438397,0.025018108931209,0.006383163474885422
331_H3,0.0,0.00010170644876265939,0.021390344909978955,0.037348935240096554,0.014710246649709543
331_NCI,5.558197517530061e-05,0.00021539029943056518,0.0008295194635424202,0.02211794726405974,0.0058046097505520065
332_H1,0.0,0.00018289707910871237,7.570084225395276e-05,0.09724999594231597,0.02437714846591966
332_H3,0.0002781077637337148,2.451635927377134e-05,4.418157114587587e-05,0.01354926866714822,0.0034740185903253955
332_NCI,1.5076460840646178e-05,0.00033102667814519646,4.249057473492092e-05,0.03699987174287077,0.009347116364147883
333_H1,7.38574963179417e-05,0.00022403629190759323,0.0001554505737025036,0.14426129675360305,0.03617866027888277
333_H3,0.0,2.2319162352166586e-05,0.00043911622180328025,0.05930227810805876,0.014940928373053552
333_NCI,0.0,5.236661648911688e-05,0.0001179745178214462,0.012564634247766264,0.003183743845519207
334_H1,1.2977925507584587e-06,0.00014012745164713086,7.794387707053852e-05,0.06482758339970808,0.016261738130244126
334_H3,0.0007327850325964391,0.00019621615252927237,6.798745729772772e-05,0.04395443323940971,0.011237855470458287
334_NCI,0.008479850366711617,0.0012285307699956517,0.00010665695293303077,0.0708299090480248,0.020161236784416274
335_H1,5.603479439741932e-05,0.00026442656623289613,7.53828952629526e-05,0.06778266149414461,0.01704462643750947
335_H3,0.0,1.0770987586581661e-05,3.702396936429574e-05,0.07578812801346069,0.018958980742602893
336_H3,0.005626074969768524,0.0016423994983579067,0.0009038386552593754,0.02531027594775457,0.008370647267785095
336_NCI,0.0022424114868044853,0.008293854363061329,0.00040454782145324424,0.0465447576197441,0.01437139282276579
337_H1,0.0,2.1197756447397258e-05,2.3044755220849343e-05,0.039701389765051644,0.009936408069179973
337_H3,0.0,2.1676579249000677e-05,9.417657328982955e-05,0.03544753659293763,0.008890847436369115
338_H1,3.595243106246926e-05,0.00658248171252035,0.002310811713580241,0.045589811022394185,0.01362976421988931
338_H3,0.0004723905585706234,9.803610867955477e-05,0.00016615053484038444,0.10243193790938325,0.025792128777868455
338_NCI,0.0,0.0007669589849078706,6.049829963277221e-05,0.09563851881933215,0.0241164940259682
339_H1,0.0,7.658299210549558e-05,7.940063311818861e-06,0.014261078458918885,0.00358640037858405
339_H3,0.0,1.2681094929674208e-05,9.444279117339467e-07,0.06099770840633738,0.015252833482294696
339_NCI,0.00030954560497775674,0.0019309855348811867,1.5190923044677783e-05,0.045427691962220705,0.011920853506281082
341_H1,0.0,8.235949944574032e-06,4.6807677856043026e-05,0.07419483753591449,0.01856247029092878
341_H3,0.0,9.021625960194215e-06,0.000189758988747645,0.061332557726823576,0.015382834585382853
341_NCI,0.0,3.50011743648689e-05,8.30442641106081e-05,0.016763518573251448,0.004220391002931731
342_H1,0.0,1.71965729273767e-05,7.861225771394772e-06,0.08130680067481365,0.020332964618378104
342_H3,0.0,3.5133521631816114e-06,1.4857277408099295e-05,0.017798032657954828,0.004454100821881527
342_NCI,0.0,3.920455413514632e-05,1.115119907479983e-05,0.028671558359152294,0.0071804785280905606
343_H1,0.0,0.0016144198642121983,0.00160969737070471,0.0074253224154562664,0.002662359912593294
343_H3,0.0,3.365950782354515e-05,0.00011927202012527001,0.056033455078798526,0.014046596651686836
343_NCI,0.0,0.0037530114620683724,0.0001281346083245435,0.15093356629751845,0.03870367809197784
344_H1,0.0,0.0002385154305249916,2.9149007011652907e-05,0.11143779323556022,0.027926364418274216
344_H3,0.0,1.4880651494923867e-05,1.967476715122556e-07,0.04737665517759328,0.011847933144189929
344_NCI,0.0003356949891895056,0.0007420651426213231,0.002700756348439672,0.09604352507370291,0.024955510388488353
345_H1,0.0,4.6730854674648655e-05,3.157956957712267e-05,0.05638744172932262,0.014116438038393598
345_H3,0.0,1.0197924098365648e-05,5.868588992710733e-06,0.02930669256871822,0.007330689770452324
345_NCI,0.000250871991738677,0.00015980088015873632,3.6550400864117593e-06,0.0029209098264528204,0.0008338094346091614
346_H1,0.0,7.11732682884403e-05,9.831302304402741e-05,0.028601619885594162,0.007192776544231658
346_H3,2.0026065612910315e-05,8.018352796731115e-05,5.3857801998193025e-05,0.05084040259163995,0.01274861749680459
346_NCI,0.0002024332934524864,4.146887415323031e-05,7.901318025856069e-05,0.027654848647307075,0.006994440998792839
347_H1,0.0,9.979938424848592e-05,0.0001123971559376858,0.03185214351977739,0.00801608501499089
347_H3,0.0,1.4040196995274e-05,3.6645971009565376e-05,0.0396260690332028,0.00991918880030191
347_NCI,0.0,3.2726033837410106e-05,0.0010757576096473937,0.04098504440838468,0.01052338201296737
348_H1,0.0,4.445674575145279e-05,0.0007121235419719929,0.03743739191574777,0.009548493050867805
348_H3,0.0,0.00016664685941170215,0.00015389572991476465,0.030418237843694962,0.007684695108255357
348_NCI,0.0,8.897414661593653e-05,4.466100423626785e-07,0.09021473106281126,0.02257603795486739
349_H1,0.0,5.292248182720559e-05,0.00015865617985961347,0.03648718470993401,0.009174690842905208
349_H3,0.0,2.5536842443016064e-05,0.0,0.029537507387535942,0.00739076105749474
350_H1,0.0,0.00033530847329265483,0.00031200504459315693,0.06300363954057434,0.015912738264615037
350_H3,0.001547827385365963,0.0015376596098101497,0.00013301277667699584,0.05319185681688553,0.014102589147184659
350_NCI,0.00014196154370438308,0.0010929501199578567,0.0038136036241207204,0.09622410194045623,0.025318154307059797
351_H1,0.0,5.0211667358318715e-06,0.00017493440959429724,0.01859939617558342,0.004694837937978387
351_H3,0.0,9.067178649815313e-06,0.00010965612809066168,0.006888237944777711,0.001751740312879547
351_NCI,0.0,8.627744485415738e-06,2.6278446729834255e-05,0.012096535357564692,0.0030328603871949853
352_H1,3.310920874355361e-05,0.0005511900813508933,0.0005203996643888129,0.030106261607407907,0.007802740140472792
352_H3,0.0,7.140174781020505e-05,0.0,0.0012145766088604794,0.0003214945891676711
352_NCI,0.0,4.796362191543717e-05,0.0006032660234777317,0.0016724894629827748,0.0005809297770939859
29_H3,0.0,0.00017292010873927165,0.0,0.006243093735232531,0.0016040034609929507
29_NCI,0.0,0.00017292010873927165,0.0,0.006243093735232531,0.0016040034609929507
30_H3,0.0,3.8609107278838435e-06,2.745449590188844e-05,0.005219836383015057,0.0013127879474112072
233_H1,0.0,3.8609107278838435e-06,2.745449590188844e-05,0.005219836383015057,0.0013127879474112072
241_H3,0.0,3.8609107278838435e-06,2.745449590188844e-05,0.005219836383015057,0.0013127879474112072
242_H1,0.0,3.8609107278838435e-06,2.745449590188844e-05,0.005219836383015057,0.0013127879474112072
242_H3,0.0,3.8609107278838435e-06,2.745449590188844e-05,0.005219836383015057,0.0013127879474112072
243_H3,0.0,3.8609107278838435e-06,2.745449590188844e-05,0.005219836383015057,0.0013127879474112072
206_H3,0.0,1.8194913981664282e-06,0.0020348568945029637,0.007380578749043246,0.002354313783736094
175_NCI,0.0,0.005205927829587014,0.001123289660574405,0.40331676384184656,0.10241149533300199
177_H3,0.0005508806789293885,0.005395625705175088,0.0017447388501526484,0.17487120122386307,0.04564061161453005
177_NCI,0.0005508806789293885,0.005395625705175088,0.0017447388501526484,0.17487120122386307,0.04564061161453005
191_H3,0.0,0.00010244174850294846,2.5898177286669413e-05,0.0037028157516579984,0.0009577889193619041
202_H3,4.789351442013867e-05,8.596527966859107e-05,2.521191918335721e-05,0.022649813078988362,0.0057022209480651126
202_NCI,4.789351442013867e-05,8.596527966859107e-05,2.521191918335721e-05,0.022649813078988362,0.0057022209480651126
222_NCI,0.0,0.0,4.439267352418308e-06,0.002166307429105372,0.0005426866741144475
239_NCI,0.0,0.0,3.50461434655648e-05,0.004684398846247993,0.0011798612474283893
240_H1,0.0,4.080376394603467e-06,1.9886608907948218e-06,0.03905187352801266,0.009764485641324516
283_NCI,0.0,2.1092152536118972e-08,3.1064857816350352e-06,0.017410308545435457,0.004353359030842407
309_NCI,0.0,2.212872389597147e-08,0.0,0.007408257725476536,0.001852069963550108
36_H1,6.418825796572492e-05,9.170673513293172e-05,1.9446108135796592e-05,0.05888224411334747,0.014764396303645481
311_NCI,0.0,2.204973913769059e-05,0.0,0.003842115725664139,0.0009660413662004574
312_H1,0.0,0.0,0.0,0.004533269811067371,0.0011333174527668427
312_NCI,0.0,0.0,0.0,0.004533269811067371,0.0011333174527668427
349_NCI,0.0,2.5536842443016064e-05,0.0,0.029537507387535942,0.00739076105749474
50_H3,0.0,3.68882513672835e-05,5.219758849722886e-07,0.011647944314636305,0.00292133863547214
57_H3,0.0,6.347831629551275e-09,2.6916687194794996e-05,0.02668575732470929,0.006678170089933929
57_NCI,0.0,6.347831629551275e-09,2.6916687194794996e-05,0.02668575732470929,0.006678170089933929
67_H1,0.0,0.0,0.0,0.004890930117829105,0.0012227325294572762
67_NCI,0.0,0.0,0.0,0.004890930117829105,0.0012227325294572762
72_H1,0.0,0.0,0.0,0.004890930117829105,0.0012227325294572762
72_NCI,0.0,0.0,0.0,0.004890930117829105,0.0012227325294572762
138_H3,0.0,0.0,0.0,0.004890930117829105,0.0012227325294572762
181_H1,0.0,0.0,0.0,0.004890930117829105,0.0012227325294572762
181_H3,0.0,0.0,0.0,0.004890930117829105,0.0012227325294572762
229_H3,0.0,0.0,0.0,0.004890930117829105,0.0012227325294572762
238_H3,0.0,0.0,0.0,0.004890930117829105,0.0012227325294572762
299_H3,0.0,0.0,0.0,0.004890930117829105,0.0012227325294572762
301_H3,0.0,0.0,0.0,0.004890930117829105,0.0012227325294572762
61_H1,0.0,0.0,0.0,0.005841388824849067,0.0014603472062122667
61_H3,0.0,0.0,0.0,0.005841388824849067,0.0014603472062122667
79_H3,1.8654887753655203e-05,6.0093351262236615e-06,0.002404992794554819,0.03510697825071535,0.00938415881703751
82_H3,0.00018924126925412565,0.0007015246190354384,0.00027128160671785874,0.006649748238017368,0.001952948933256198
82_NCI,0.00018924126925412565,0.0007015246190354384,0.00027128160671785874,0.006649748238017368,0.001952948933256198
109_H3,0.00015449548664037138,3.498975389628332e-05,5.181794257290115e-06,0.0793248214766184,0.019879872127853086
