feature,BayesianRidge,rf,gbr,xgb,mean
1_H3,0.24225927416955353,0.03265429142952412,0.000414737494509879,9.831218631006777e-05,0.0688566538199744
2_H1,0.02284839355275737,0.011780162404777925,4.163203936705495e-07,0.0017519104294478893,0.009095220676844214
2_H3,0.08860979640740742,0.0011215935100365858,5.67279626642501e-05,9.33104911382543e-06,0.02244936223230552
2_NCI,0.06740593523569052,0.0014315885856727923,1.7130809738360118e-07,0.010809252969920635,0.019911737024845333
3_H3,0.005215986246560763,2.266484521535229e-05,0.0,0.0,0.0013096627729440287
3_NCI,0.0915328319222054,0.01177227226032705,0.0,0.001211435184814036,0.026129134841836623
4_H3,0.043524978195025606,0.007162496654696508,8.100634590469725e-10,2.242426126031205e-05,0.012677474980261472
5_H1,0.11383950530132363,0.006864492164768104,0.00035049951835122137,0.012045246548950672,0.03327493588334841
5_H3,0.04241021428921761,0.006306278866666395,0.0,0.0,0.012179123288971002
6_H3,0.06477757644422444,0.00834492475310723,0.0,0.0,0.018280625299332918
6_NCI,0.08953948468830009,0.028357728605578583,1.4669904141757114e-08,0.0,0.029474306990945703
7_NCI,0.15985311867961569,0.04049947429791202,0.0005751941025053706,0.0015196785097941756,0.050611866397456816
8_NCI,0.01845751647342187,0.03741634834986991,7.734124825798003e-07,0.0,0.01396865955894359
9_H1,0.0016926174220445744,0.04054318478660604,4.233415667421901e-06,0.00023133405193220824,0.010617842419062561
9_NCI,0.1419212973329913,0.003012084364724051,2.0507397988208482e-07,0.0,0.03623339669292381
10_H3,0.06209193489001458,0.016520283194314925,0.0,0.0,0.019653054521082375
10_NCI,0.12797546169364793,0.0784688943287315,0.0,0.006738526280969381,0.0532957205758372
11_H1,0.11054950194698922,0.010586024847071145,1.053734815179896e-07,0.0,0.030283908041885473
12_H1,0.2374458952361237,0.3577547066771024,1.2464249380517275e-05,0.0,0.14880326654065165
12_H3,0.11491564405573812,0.2406681678399172,7.796919169478883e-08,0.0,0.08889597246621177
12_NCI,0.032616583520873266,0.03697818693049921,2.1715392133124308e-06,0.0,0.017399235497646444
13_H1,0.3126564651033229,0.05706572610955298,5.63711233400159e-05,2.3114236682886258e-05,0.09245041914322469
14_H1,0.06134578655278431,0.14299937016848646,0.000318402564005022,0.00040061018080450594,0.051266042366520076
14_H3,0.018822728712698696,0.008846099040744428,0.0,0.0,0.006917206938360781
14_NCI,0.18416328257674044,0.2273126871628201,1.0729823426340841e-07,0.0,0.1028690192594487
15_H3,0.08679602728959997,0.005903175549150384,3.613536611440849e-05,0.0,0.02318383455121619
15_NCI,0.11953778182017144,0.1230177719083903,0.0,0.0005957396933808923,0.06078782335548566
16_H1,0.01771266003283415,0.006955551686781199,2.27860215748497e-07,0.0,0.006167109894957774
16_H3,0.007333432874214776,0.006419425697303727,0.0,0.0,0.0034382146428796256
16_NCI,0.14446268832401335,0.017818662349272592,6.9963200495641515e-06,0.00015728935250081122,0.04061140908645908
17_H1,0.5036924421370463,0.08180763654427042,0.00033621827414384944,0.0003133735153824091,0.14653741761771075
17_H3,0.18993738710002564,0.001383227577231051,4.014332444098369e-08,0.0,0.047830163705145284
18_NCI,0.1862207370849137,0.007595007451975869,1.1410076534279833e-05,0.000515129417181015,0.048585571007651214
19_H1,0.10029403249223584,0.00525897641233979,0.0,0.0,0.026388252226143907
19_H3,0.13539638469891768,0.0026283284796979186,0.0,0.0,0.0345061782946539
19_NCI,0.09003036442975738,0.0029781039031674017,7.685969457136254e-06,0.0002621599705889821,0.023319578568242724
20_H1,0.0068576794389503945,0.001913285100118874,6.934863170322621e-06,0.0019600624218583107,0.002684490456024475
20_H3,0.02727763685837382,0.009528542646736284,0.0,0.0,0.009201544876277525
20_NCI,0.004999336899223125,0.026323057306069608,6.324175448978013e-05,0.0,0.007846408989945628
21_H1,0.047420639093276866,0.0010338296825638431,0.00021119015051250878,0.0,0.012166414731588306
21_H3,0.035332805676639024,0.0010335505178607856,0.0,0.0,0.009091589048624952
21_NCI,0.30060453142264015,0.0031619040894154873,0.0019277958627325024,0.007239636965095997,0.07823346708497103
22_H3,0.3348849407013422,0.0012952465061000713,1.134802922125791e-07,0.0,0.08404507517193363
22_NCI,0.15016508377119783,0.05333683309367628,0.07041137982209952,0.15101240575313568,0.10623142561002732
23_H1,0.10514468896487825,0.00842094639721812,7.976080073695737e-05,0.0,0.02841134904070833
23_H3,0.0634665622916221,2.9813949842374755e-09,0.0,0.0,0.01586664131825427
23_NCI,0.2044279992187927,0.024019459748308058,0.00010309595039316747,0.0,0.05713763872937348
24_H1,0.3353578992134843,0.026554767008310515,4.691302520883217e-06,1.4070245924813207e-05,0.09048285694256013
24_NCI,0.21022697469417737,0.04375794743171777,0.002513123721352086,0.005366746336221695,0.06546619804586723
25_H1,0.0483795054647914,0.01272472729589038,0.0,0.0,0.015276058190170446
25_H3,0.032944443580209586,0.0006397184804434653,0.0,0.0,0.008396040515163263
25_NCI,0.02928785488644332,0.01120698326647702,1.4079460171628494e-05,0.0,0.010127229403272993
26_H3,0.06330608232293385,0.008662499605612654,0.0,0.0,0.017992145482136623
26_NCI,0.042457022273449344,0.027078982336156684,1.8226127778644814e-05,0.0,0.01738855768434617
27_H1,0.008109683635601633,0.0016684530036390527,1.9420050397604253e-07,0.0,0.0024445827099361657
27_NCI,0.15801666914187087,0.007847480689560949,0.0003719930430321458,0.0,0.041559035718615994
28_H1,0.1416479102502573,0.007128265691299317,1.36755128666042e-05,0.0018362062983214855,0.03765651443818618
28_NCI,0.05932093793903551,2.8229913005078804e-05,2.070070236627131e-06,0.0,0.014837809480569305
29_H3,0.00955726373030777,0.0018656651023293287,3.257407237861536e-07,0.0,0.0028558136433402214
30_H3,0.008231228357811236,3.8283341256277e-05,1.1426025077595401e-06,0.0,0.002067663575393818
30_NCI,0.008436092148377905,0.014657443050533674,0.00023292104300083984,0.0,0.005831614060478105
31_H1,0.1782037991932672,0.05159034159682143,0.008337207846802964,0.01962953247129917,0.0644402202770477
31_H3,0.08519934878751481,0.0039094544971508514,0.0,0.0,0.022277200821166417
31_NCI,0.43046322345019034,0.014113939827340936,4.609798224527887e-05,0.0,0.11115581531494413
32_H1,0.10393677980576227,0.006967874905295321,4.594573497733223e-06,5.728587711928412e-05,0.027741633790418652
32_NCI,0.057038978608491255,0.0077407470068836595,0.0007203803464352304,0.0,0.016375026490452537
33_H1,0.04699759095666052,0.00047822545972728774,0.0,0.0014117206446826458,0.012221884265267614
34_H1,0.29238592287830495,0.4065957474671739,0.0,0.0,0.17474541758636972
34_H3,0.2590110806662727,0.803009835686847,0.2571496322708694,0.220352903008461,0.3848808629081125
34_NCI,0.19974738385084942,0.08178171203425118,2.523187735634666e-06,0.0,0.07038290476820906
35_H1,0.040001936235658245,0.06712351197394302,1.881409633543722e-06,0.0,0.026781832404808702
35_H3,0.020227802976871722,0.01661849599777267,1.754730713885124e-06,0.0,0.00921201342633957
35_NCI,0.17516252925804549,0.002017790815949538,1.6808465331883597e-05,0.0,0.04429928213483173
36_H1,0.07246786161827531,0.13102813698879368,0.00042259311484756855,0.0007836592267267406,0.051175562737160826
36_NCI,0.06852598535340113,0.03769647939090363,6.341675684437014e-05,0.0006343059940263629,0.02673004687379387
37_H1,0.14606664631924465,0.07818281986511035,0.00020214098192618488,0.0021898983977735043,0.05666037639101367
37_H3,0.19289656338966985,0.23888932432607338,1.387631162129268e-06,0.0,0.10794681883672634
37_NCI,0.06670483307912792,0.13240602536791873,6.695223214740673e-07,0.0,0.04977788199234203
39_H1,0.034740120326714405,0.23231141258084378,3.707416690724706e-06,0.0,0.06676381008106222
39_NCI,0.09065399931902947,0.11207953830805492,1.5067949429752197e-06,0.00015812550554983318,0.050723292481894305
40_H1,0.2411402677920653,0.011714883191773084,1.3481962305345582e-07,0.0,0.06321382145086536
40_H3,0.18585182834655153,0.005800217805057252,0.0,0.0,0.04791301153790219
40_NCI,0.39057214871788487,0.01459857303121611,1.2013349008619488e-06,0.0,0.10129298077100045
41_H3,0.016345649978212556,0.010682837696310028,0.007879647431262496,0.07692050188779831,0.027957159248395848
43_H3,0.04337538382844457,0.4388010733623887,1.809398444319597e-06,0.0,0.1205445666473194
43_NCI,0.025392864379174894,0.6653430745817949,9.834918043909615e-07,0.0,0.17268423061319355
44_H1,0.0738077756576412,0.012291476018254692,3.748672904863961e-05,0.0005065449513494968,0.021660820839073506
45_H3,0.030545156223270215,0.002560640936181397,2.8080854258176405e-08,0.0,0.008276456310076468
45_NCI,0.02285549489955339,0.0006086201533882971,0.0,0.0,0.005866028763235422
46_H1,0.010212490326853169,0.0038033648905015155,7.118306206968812e-07,0.0,0.0035041417619938453
46_H3,0.05349460926338161,0.0048615090439696204,1.572579685058133e-05,0.0,0.014592961026050452
46_NCI,0.12587197765242977,0.0,0.0,0.0,0.03146799441310744
47_H3,0.011864457371187796,0.000512342887893876,0.0,0.0,0.003094200064770418
47_NCI,0.11232059219409649,0.08123268247990467,0.0,0.0,0.04838831866850029
48_NCI,0.5825643537488737,0.7404674645389173,0.00011030927302877966,0.0012182720238342881,0.33109009989616356
49_H1,0.1289779844827299,0.0010439010973872242,0.0,0.0,0.03250547139502928
49_NCI,0.0646874499029841,0.009135615313731778,0.0024368915641430683,0.0,0.019064989195214734
50_H3,0.058982410089659126,4.427555696634625e-05,0.0,0.0,0.014756671411656368
50_NCI,0.03656579556009893,0.0017060123776108744,1.388919439041937e-05,0.0,0.009571424283025055
51_H1,0.05201821340210472,0.06338622871129733,2.7963367076963654e-06,0.0,0.028851809612527438
51_H3,0.0986208366174151,0.04191020575416263,2.2659748965859795e-05,0.0,0.035138425530135894
51_NCI,0.0639100023025507,0.007692960454297877,0.0,0.0,0.017900740689212144
52_NCI,0.04731207915236685,0.003432493254885296,5.250883869530795e-07,9.11496244953014e-05,0.0127090617800336
54_H1,0.3039364886386212,0.010145841618729343,0.0013801474628797952,0.0017415372421965003,0.07930100374060671
54_NCI,0.6994266016491706,0.02285439278617513,0.00020010132410100916,0.0001589622552273795,0.18066001450366853
55_H1,0.06591795841572572,0.002397434846246134,0.0,3.09010392811615e-05,0.017086573575313253
56_NCI,0.07451688358670341,0.0029268639353199006,1.129396552911142e-05,0.0,0.019363760371888108
57_NCI,0.2613013290118197,0.0018058541208135612,0.0,0.0,0.06577679578315831
58_H1,0.017310367282544276,0.014371586510048323,1.3504462746380813e-06,0.003928238060325384,0.008902885574798156
58_H3,0.0032136505517657015,0.00030906045429340097,0.0,0.0,0.0008806777515147756
59_H1,0.17519626303494398,0.005016979684874077,4.3016948388793455e-09,2.118723205057904e-05,0.04505860856339087
59_H3,0.06694819540724814,0.0010507081385852822,1.786323564683186e-05,0.0,0.017004191695370062
59_NCI,0.15921992114275618,0.18203570277912537,1.4339054851069651e-05,4.2724212107714266e-05,0.08532817179721008
60_H1,0.0963381270946803,0.04434927337156169,8.797965996869358e-07,0.0,0.03517207006571042
60_H3,0.04768021750998813,9.917505662190602e-06,2.0263995488307262e-07,0.0,0.011922584413901302
60_NCI,0.006299421998795315,0.002516838650099987,0.0,0.0,0.0022040651622238254
61_H1,0.059988824023491115,0.0035788181677491662,1.970407374702319e-05,8.450550376437604e-05,0.01591796294218792
61_H3,0.05393138922780326,0.000984336403298345,3.5004046909461356e-07,0.0,0.013729018917892674
62_NCI,0.08339276554907446,0.0020040359692103556,0.000286838572328371,0.000155281915795058,0.021459730501602062
64_H3,0.16425204099891433,0.0003254501217803314,0.0026779231331464396,0.0028077950701117516,0.042515802330988214
64_NCI,0.1861839597175703,0.003975412685036018,2.0647037055352182e-05,0.0,0.04754500485991541
65_H3,0.0354787127190412,0.0,0.0,0.0,0.0088696781797603
65_NCI,0.008385947432882018,0.06559955172042176,1.0754742580854863e-05,0.0010653856443241239,0.018765409885052188
66_H1,0.08571794589566835,0.0014950187165205157,2.9237717258440783e-07,3.71490532415919e-05,0.02181260151065076
69_H1,0.07556507023670737,0.02101744064151618,1.9361096924528153e-05,0.00020703552581835538,0.024202226875241612
69_H3,0.12101608001737349,6.209111682404607e-05,0.0,0.0,0.030269542783549385
69_NCI,0.012495625616998018,0.008503379600073645,0.002352091944143785,0.007222954649478197,0.007643512952673411
70_NCI,0.0657480017252185,0.0,0.0,0.0,0.016437000431304624
72_H1,0.048374827941128073,0.00045158693550072097,4.801638523992349e-07,0.0,0.0122067237601203
72_NCI,0.24911375041052344,0.0005232158580391155,2.029709709337869e-06,0.0,0.06240974899456797
73_H1,0.02648750005392339,0.006653282050646252,1.1836145990526752e-08,0.0,0.00828519848517891
73_NCI,0.06259143381028495,0.011571982465595456,0.0,0.0,0.018540854068970103
75_NCI,0.095024710192751,0.0008431822060522548,2.079855113227965e-07,0.0,0.023967025096078644
76_H1,0.059406427041939776,0.02330483278582106,0.0,0.0,0.02067781495694021
76_NCI,0.015145061097524002,0.0017748745664970694,0.0,0.0,0.004229983916005268
78_H1,0.03462095972048037,0.029519827316872953,0.0,0.0,0.01603519675933833
79_H1,0.20201700309611936,0.003312664576791877,0.0006854671787481526,0.0021628974936902523,0.05204450808633741
80_H1,0.06998982805996322,0.0032699544499334757,8.585959538223729e-06,0.0,0.018317092117358727
80_H3,0.052668571668364826,0.0015415134125589874,0.0,0.0,0.013552521270230954
81_H3,0.09160940323152252,0.006060120772142535,0.0,0.0,0.024417381000916262
85_H1,0.167926576224366,0.0013400657069119418,8.237605764317157e-07,0.0,0.04231686642296359
85_H3,0.0784007830744326,0.010727870192455927,3.883990902295208e-07,3.3828204323071986e-05,0.022290717467575456
87_H1,0.06797462689109268,0.021183712469667885,0.0,0.0,0.02228958484019014
87_H3,0.030109493785553956,0.0036851549049915383,0.0,0.0,0.008448662172636373
87_NCI,0.5999590405822486,0.0014351909616867676,0.0,0.0,0.15034855788598384
88_NCI,0.07239640183959556,0.00018442900724928627,3.2098953265131814e-06,0.0,0.01814601018554284
90_H1,0.045509364397137715,0.00025590691551124995,2.1960585847129914e-06,0.0,0.01144186684280842
90_NCI,0.0025744912424276413,0.0019459904969667042,0.0,0.0,0.0011301204348485865
91_H1,0.01095032506974549,4.679799196277251e-07,0.0,2.2572785383090377e-05,0.0027433414587620516
92_H1,0.05185567503115928,0.020669353510327292,0.005785087036482062,0.0,0.019577528894492158
92_H3,0.009566758426446295,0.0,0.0,0.0,0.0023916896066115737
92_NCI,0.053651331131294874,0.031058024177570972,0.0,0.0,0.021177338827216462
93_NCI,0.07979730765119107,0.011795998972173384,1.9372916814036454e-06,0.0,0.022898810978761466
97_H1,0.13988579526123993,0.007420354321361889,0.0013573991463542536,0.001309804618358612,0.03749333833682867
97_NCI,0.13669021844674623,0.006545866501606478,7.174253822888665e-06,0.0,0.0358108148005439
98_H1,0.0035211038103547493,0.026282429469199734,1.756839628174526e-05,0.0,0.0074552754189590575
98_H3,0.08892978120529803,0.0002825839017454681,0.0,0.0,0.022303091276760875
98_NCI,0.10767130142333875,0.14160597848582124,4.5946446776067346e-07,0.0,0.062319434843406935
100_H3,0.24012347421786037,0.10672401683314868,0.0001001788637754023,0.0,0.08673691747869611
101_NCI,0.22385126686109355,0.004110689746765507,0.0006783946967643758,0.0,0.05716008782615586
102_H1,0.09625236063086592,0.006550901366521758,0.0,0.0,0.02570081549934692
102_H3,0.08592773639295843,0.00030232512779292093,7.167019494191166e-07,0.0,0.021557694555675192
102_NCI,0.11200044826363086,0.02022347214570521,1.0563995422276122e-08,0.0,0.03305598274333287
103_H1,0.007693082084977561,0.0007912407808012994,0.0,0.0,0.002121080716444715
103_NCI,0.03304670790953369,0.0008454692398788243,1.3735114874641226e-05,0.0,0.00847647806607179
104_H3,0.08008662252356138,0.0004124986433199726,6.570411767883345e-05,4.585101123666391e-05,0.020152669073949216
105_H1,0.021113963351701535,0.012812169753461876,8.841411992474517e-05,0.0047172741033136845,0.00968295533210046
105_NCI,0.11523736592611229,0.009402918672909492,2.1803658026805944e-05,0.0,0.031165522064262145
106_H1,0.7739469196525528,0.31993901028787214,0.3330625644419654,0.12958543002605438,0.38913348110211116
106_H3,0.7541361806811164,0.06674530837139535,3.00330358493133e-07,0.0,0.20522044734571757
107_H1,1.0,0.11051775512685341,0.03647158986938077,0.006060590036213398,0.2882624837581119
107_H3,0.2510134637338362,0.013818487269519156,0.0,0.0,0.06620798775083885
107_NCI,0.16652113886354797,0.09319573323012456,0.0062240388489808,0.0004483622615225613,0.06659731830104398
109_H1,0.194908962059921,0.5468994789387269,4.438076598251335e-05,0.0,0.18546320544115763
109_NCI,0.2139159411416874,0.08380569894417655,9.727202028147695e-07,0.0,0.0744306532015167
110_H1,0.10373930490535879,0.16982073881105697,0.002120829391083377,0.00023065964342094958,0.06897788318773002
111_H1,0.004637616519566476,0.07791899521442394,5.192042880655991e-05,2.785419019346591e-05,0.02065909658824761
111_H3,0.029853511093563496,0.0004509564359013095,0.0,0.0,0.007576116882366202
111_NCI,0.13460479398576086,0.010597035419706123,7.471561614633535e-06,0.0008858944056555629,0.036523798843184296
112_H1,0.013849021963441744,0.19102843072721243,5.256836095100541e-06,0.0,0.05122067738168731
112_H3,0.031697505218058246,0.15531183395604378,1.7202942397802927e-06,0.0,0.046752764867085454
112_NCI,0.12421368180384704,0.1083555804308994,0.0,0.0,0.05814231555868661
113_H1,0.02205887303160792,9.163770414760663e-05,0.0,0.0,0.005537627683938882
114_NCI,0.03874188700630166,0.008949858118608267,0.0,2.3670512746321037e-05,0.011928853909414063
115_H1,0.005936514168556782,0.013237465860432378,1.5855881071874055e-06,0.0,0.004793891404274086
115_H3,0.00984065368810205,0.017737558351619956,4.6014949597179573e-07,0.0,0.006894668047304495
117_H1,0.043489800498997117,0.009069774048600938,2.732747269884806e-09,0.0026102473493665457,0.013792456157427968
118_H1,0.1854187989134641,0.4841003605317471,8.950329337674644e-06,0.0,0.16738202744363723
118_H3,0.03990896223253316,0.08337550758001054,1.7881267121153173e-07,0.0,0.03082116215630373
118_NCI,0.4873983373193551,0.35346099566210715,0.0,1.2663462257478386e-05,0.21021799911092992
119_H3,0.067973032467854,0.004234033409476211,0.0,0.0,0.018051766469332552
119_NCI,0.36949930242390316,0.013011803975303831,3.382625131631711e-07,0.0,0.09562786116543004
120_H1,0.10222598784681741,0.0742790026405518,0.00010747368106601018,0.0,0.04415311604210881
120_NCI,0.0892845688516755,0.25204139208332416,2.032854040862427e-06,0.0,0.08533199844726014
121_H1,0.018678895534527465,0.010831541262418976,0.0008324815394164058,0.0039213877171278,0.008566076513372663
121_H3,0.027599119371711105,1.782917826155514e-05,0.0,0.0,0.006904237137493165
121_NCI,0.12946609904595496,0.03518440998090868,0.00018494561724415105,6.760439282516018e-05,0.041225764759233244
123_H3,0.024991983366811688,0.0014718103202502391,6.790323716952025e-06,0.0,0.00661764600269472
123_NCI,0.20006945870581005,0.004132025652604075,2.375114984162015e-06,8.339698251802474e-05,0.051071814113979076
125_H1,0.13319098324907575,0.0033911482176119507,3.1013456344442814e-05,2.7815409339382313e-05,0.034160240083092874
125_H3,0.06831179203252837,0.0,0.0,0.0,0.01707794800813209
125_NCI,0.23333592276070458,0.0019503901444891552,1.5368220119362224e-05,0.0,0.058825420281328276
127_H1,0.28476424706071357,0.009416058000940877,2.2364265924600043e-05,8.53001547511667e-05,0.07357199237058255
127_H3,0.03134000055252839,0.0022934716490088493,1.586300878443428e-07,0.0,0.008408407707906271
127_NCI,0.10775082288872968,0.02726176487552254,8.432956370457838e-05,0.0,0.0337742293319892
128_H1,0.034247282276271544,0.05643085018602689,6.432729502303316e-06,0.00010317809937987477,0.022696935822795156
128_NCI,0.08265872015526635,0.0071494682242441146,9.627578473827772e-06,0.0,0.02245445398949607
129_H1,0.26711963173465597,0.07703998538135713,0.0002630296679603813,0.00013283937005326152,0.08613887153850669
130_H1,0.22922112998177874,0.028628275014677695,1.1587974821793505e-05,2.8034512070007622e-05,0.06447225687083706
130_H3,0.45334673116614943,0.018155387339786902,1.6242623443426632e-05,0.0,0.11787959028234493
131_H1,0.4965161411810853,0.13926480105877095,0.07472302295054783,0.15233370661735535,0.21570941795193987
131_NCI,0.6064260339145527,0.36554231637445256,0.013122594410769371,0.029735205695033073,0.25370653759870193
134_NCI,0.12552933416166093,0.02286144580182215,0.00806405064108728,0.00041297002462670207,0.039216950157299264
135_H1,0.08850237891733016,0.04972278348796685,6.141100072288561e-06,0.0,0.034557825876342325
135_H3,0.10029334684611381,0.002986971015941028,0.0,0.0,0.02582007946551371
135_NCI,0.11562822328777962,0.004044649086420453,9.826538742496022e-06,0.0,0.029920674728235643
136_H1,0.23211973428150703,0.14276814352976291,0.0001542917087064691,0.0015902677550911903,0.0941581093187669
136_H3,0.07256785591131135,0.1616310997774541,2.932208219085971e-06,0.0,0.058550471974246135
136_NCI,0.03657202353225161,0.18650793738257493,0.00011533650004353676,0.0,0.05579882435371752
138_H1,0.160797447130098,0.02930031148251903,0.00012048555840501947,0.00018037129484582692,0.047599653866466966
138_H3,0.1794327017123943,0.0007457828473093797,0.00016940804045049814,0.0,0.045086973150038546
138_NCI,0.28795788660693455,0.010040774274160197,0.0017537697094990425,0.00037178053753450513,0.07503105278203206
139_H1,0.09322731322526906,0.026662632136290353,0.0003771649523865461,0.00020989503536839038,0.03011925133732859
139_NCI,0.19123454530334663,0.017592533364722322,0.00013322068568216987,0.00037236534990370274,0.05233316617591371
140_H1,0.08910228650534234,0.0002018627167911378,1.3126510177328062e-07,0.0,0.022326070121808813
140_H3,0.09218780080577695,0.00010801377241730214,5.820829781393918e-07,0.0,0.023074099165293096
141_H1,0.0021527299773737123,0.003105762012697867,5.812776249758448e-07,0.0,0.0013147683169241386
141_NCI,0.13439463157350667,0.016229892749926648,7.696005585561155e-06,0.0,0.03765805508225472
142_H3,0.04718607231543227,0.002834760534120228,0.0,0.0,0.012505208212388125
144_H1,0.029389724684967863,0.0006146160090829011,1.3303673112118157e-05,0.0,0.00750441109179072
145_H1,0.04093179290802459,0.006389805452087559,2.060622371892252e-09,0.0,0.01183040010518363
145_H3,0.007738176996564206,0.0036499274990816426,0.0,0.0,0.002847026123911462
145_NCI,0.10428865677445898,0.005610754282913107,0.0,0.0,0.02747485276434302
148_H1,0.04169075685205844,0.002837042147595574,0.001100047609575935,0.0,0.011406961652307488
148_H3,0.05870411130027761,0.0012695368345473589,0.0,0.0,0.014993412033706242
149_H1,0.024681055826742283,0.047799258247572106,3.249830754905629e-06,0.0,0.018120890976267325
149_H3,0.06782843571007958,0.0011708110523427674,6.279282288503702e-07,7.08368097548373e-05,0.017267677875101507
149_NCI,0.05549321228609194,0.005714002631347266,0.0022874210259320547,0.03505609184503555,0.024637681947101704
152_H1,0.025211311402296245,0.0010133338115356511,0.0,0.0,0.006556161303457974
152_H3,0.01610526519105743,0.001639390944838682,0.0,0.0,0.004436164033974028
154_H1,0.005829340962155548,0.007857536758445431,0.0,0.0,0.0034217194301502446
154_H3,0.019227376874967853,0.004537498814219239,1.676756891668338e-06,0.0,0.00594163811151969
154_NCI,0.010905130892470086,0.006570374269515905,0.0,0.0,0.004368876290496497
155_NCI,0.04298566539764174,5.603571884451772e-05,0.0,0.0,0.010760425279121563
156_H1,0.06577891246264782,0.033742165557588286,0.000144028885627784,0.0,0.024916276726465972
156_H3,0.05775059015071345,0.0006062436810612648,5.403010323046063e-08,0.0,0.014589221965469487
156_NCI,0.0137213304654184,0.0011189213488879877,4.49589266320373e-06,0.0,0.003711186926742398
157_H3,0.310141374274079,0.001854154545179926,0.00027834222202137904,0.004858830012381077,0.07928317526341536
158_NCI,0.0831175332051325,0.10344339448960398,2.8177455481542855e-05,0.0,0.0466472762875545
159_NCI,0.07221901601124862,0.01501688510041293,0.0,0.0,0.02180897527791539
160_H1,0.08780641640784215,0.10775189292242936,6.068780072989133e-07,0.0,0.0488897290520697
160_H3,0.04983074207093157,0.0018256006896863555,0.0,0.0,0.012914085690154481
160_NCI,0.045666435922124986,4.218901966516411e-05,0.00043109664627764426,0.0,0.011534930397016948
161_H3,0.053762033017426124,1.5373173014904632e-05,0.0,0.0,0.013444351547610258
161_NCI,0.27327306013518665,0.0003235116730039845,2.706438987493165e-05,0.0,0.06840590904951639
162_H1,0.08845654764676629,0.0010537214670597163,4.22844230172598e-05,0.0,0.022388138384210818
162_H3,0.07592503100843681,0.070224737721212,0.0,0.0,0.0365374421824122
162_NCI,0.08378144888160485,0.146429239032397,6.907756972103865e-07,0.0,0.05755284467242476
163_H1,0.10769981355288011,0.11318627121554008,0.0008112011802854928,0.0,0.05542432148717642
163_H3,0.057472591808116355,0.016673319234544754,8.728347270224461e-08,0.0,0.01853649958153345
163_NCI,0.2004743883230496,0.012112745542078154,3.3126691072059784e-06,0.0,0.05314761163355874
164_NCI,0.1278400159384925,0.006564024995364746,0.0,0.0,0.03360101023346431
165_H1,0.1289160719357791,0.04311831987743487,0.0,0.0,0.04300859795330349
165_NCI,0.004576575209462548,0.05196977376005111,0.0,0.0,0.014136587242378415
166_H1,0.9416611539598267,0.02526680998919898,1.8812886450303022e-05,0.00010780119191622362,0.24176364450684806
166_H3,0.3712419355599202,0.012049006962047543,0.0,0.0,0.09582273563049193
166_NCI,0.14323333748139502,0.1911878488483303,0.0,0.0,0.08360529658243132
167_H1,0.1016199545352395,0.006479675957759823,2.766419619355684e-06,0.0,0.02702559922815467
167_H3,0.06894795500757274,0.0005510532879813378,0.0,0.0,0.01737475207388852
167_NCI,0.36117380144491124,0.003795608263303549,4.774905369971051e-07,0.0361332893371582,0.1002757941339775
168_H1,0.27471140827464374,0.0740336370707731,0.00026056755326508876,0.0,0.08725140322467048
168_H3,0.029891888594631776,4.238135382391307e-06,0.0,0.0,0.007474031682503542
168_NCI,0.2095935152905786,0.0010515478617356873,2.2644278306715063e-09,0.0,0.05266126635418553
170_NCI,0.1229323815661074,0.011803010870023866,3.7579800007547946e-06,1.0666956768545788e-05,0.03368745434322515
172_H1,0.09224377322748174,0.016279701731686327,0.0,0.0006911999662406743,0.027303668731352187
172_H3,0.10100733313729975,0.02522231076351924,0.0,0.0,0.031557410975204744
172_NCI,0.11663410363274898,0.007379936823467366,3.569519755340297e-08,0.0,0.031003519037853474
173_H1,0.14245513890806735,0.0037983716983332238,0.0,0.0,0.03656337765160014
174_H1,0.028447463109785433,0.017400008378413094,3.921024054331314e-05,0.0,0.011471670432185459
175_H1,0.37497157171084705,0.016166947588735138,0.0011241803901195987,0.0003084178897552192,0.09814277939486425
175_NCI,0.11921847522267387,0.012589471566915846,0.00014355419350652843,0.0,0.03298787524577406
176_H3,0.06616701498258855,0.013810499786049433,4.294686994207723e-05,0.00024192874843720347,0.020065597596754317
177_H1,0.07209393564476253,0.00047349995956696213,5.718776955618651e-06,0.0,0.018143288595321275
178_H1,0.007634402182063292,0.017563324351160568,0.0002844824388173166,0.0004103737883269787,0.006473145690092038
178_H3,0.014461974964295918,0.00011772630682529323,0.0,0.0,0.0036449253177803028
178_NCI,0.14828654831640206,0.07619245528777455,0.00031476661387963117,7.43295531719923e-05,0.05621702494280706
179_NCI,0.015872374846064415,0.026763608012136446,4.709183640078669e-06,0.0,0.010660173010460235
180_H1,0.1430750567828034,0.01692094490284321,0.013883707224561948,0.0,0.04346992722755214
180_H3,0.16870627859078463,9.102847149297608e-06,0.0,0.0,0.042178845359483484
181_H1,0.017997010200465423,0.01383323361907244,0.03079007430902891,0.05260255187749863,0.02880571750151635
181_H3,0.16244356912270497,0.016128734879338042,0.0,0.0,0.044643076000510755
181_NCI,0.023016238566500907,0.0063554603123916285,1.520977751912371e-07,0.0,0.007342962744166932
182_H1,0.014835934519230995,0.07930002103158508,7.028982916676103e-07,0.0,0.023534164612276937
182_NCI,0.028047723568280617,0.019091008049340226,8.200147223431373e-08,0.0,0.011784703404773271
183_H3,0.017175053249577545,0.0035931537651342255,0.0,0.0,0.005192051753677943
184_H1,0.06152909088063305,0.02566479488938128,0.0,0.0,0.021798471442503582
184_H3,0.12261577217434476,0.03046288328426379,8.301720972482331e-08,0.0,0.038269684618954566
184_NCI,0.021311689706493622,0.05291548949248923,1.2050861762028567e-07,0.0,0.018556824926900122
186_H1,0.008740412095981349,0.0011244785709121797,4.65808827136503e-05,0.0,0.0024778678874017948
186_H3,0.01238522911171265,0.00036354438920433406,0.0,0.0,0.003187193375229246
188_H3,0.01036064101505327,0.0012232256962167165,0.0,0.0,0.0028959666778174964
188_NCI,0.03173748029891586,0.005131553583964682,6.386539713473775e-06,0.0,0.009218855105648504
189_H1,0.022633687866352486,0.0023797208135666256,6.684651879362077e-06,0.0,0.006255023332949619
189_H3,0.003682098747290921,0.0016551682661641199,7.882050963437347e-05,0.0,0.0013540218807723534
189_NCI,0.051066563578967515,0.004363050365868999,3.884841279596695e-07,0.0,0.013857500607241119
190_H1,0.04011383919398394,0.0006011991008156076,1.2869469919611873e-05,0.0,0.01018197694117979
190_H3,0.10362365366884665,0.14197154735572748,0.0,0.0,0.06139880025614353
190_NCI,0.14132314219602496,0.16864112709959506,8.415585012270721e-05,0.0,0.07751210628643569
191_H3,0.03727724489942051,0.0017948494109901608,7.730942631966637e-08,0.0,0.009768042904959248
192_H1,0.354414922225275,0.006456435333324046,0.003899630086523854,0.0005812312592752278,0.09133805472609953
192_H3,0.5707235900853053,0.08763248542162957,0.003475094397014302,0.0,0.1654577924759873
193_H3,0.10173171901087398,0.0021248081466619245,1.2766876433508956e-08,0.0,0.025964134981103084
194_H1,0.24754529596446143,0.005123098233106264,0.0036766790136151433,0.0004060249775648117,0.06418777454718691
195_NCI,0.270956481117552,0.001475628382336818,0.002147703094463797,0.002424173289909959,0.06925099647106564
199_H1,0.11531190080340545,0.08234949442278022,7.247924174833321e-06,0.0,0.04941716078759013
199_H3,0.061797348296190144,0.0804010413617949,8.516371503210538e-07,0.0,0.03554981032378384
199_NCI,0.04121662223933308,0.15893977889382882,6.41054014939114e-09,0.0,0.050039101885925516
200_H1,0.039548541304549156,0.0014018294678201535,0.0,0.0,0.010237592693092327
201_H3,0.049150017497725844,5.595311678494047e-05,2.9156201249811094e-05,0.0,0.012308781703940149
202_H1,0.004947068341363481,0.012095479369030814,0.0009254614682205816,0.00011664670455502346,0.004521163970792475
202_H3,0.14536906018529197,0.0039936755411545235,3.116433054635219e-05,0.0001377472945023328,0.03738291183787379
204_H1,0.01693662534479996,0.0,0.0,0.0,0.00423415633619999
204_H3,0.036294622841209344,0.0008004158556177484,5.607385438189656e-07,0.0,0.009273899858842728
205_H1,0.08624466971565227,0.007768950095339927,1.4965750672171274e-07,0.0,0.02350344236712473
205_H3,0.06514588038498915,0.04806449697649867,0.0,0.0,0.028302594340371957
205_NCI,0.022163999179312558,0.03198090338502338,3.069161733428258e-06,0.0,0.01353699293151734
206_H1,0.001974476807844304,0.0005102865141686086,6.08075073375419e-06,1.10323662738665e-05,0.0006254691097551333
209_H1,0.0696690424045486,0.013202343398710388,7.260723673993281e-07,0.00024224536900874227,0.020778589311158783
210_H1,0.23622469142899097,0.0002503174300113197,1.153186239487558e-05,0.0,0.0591216351803493
210_H3,0.14018374068753015,0.0011179480080304287,0.0,0.0,0.03532542217389014
210_NCI,0.14525887972136173,0.013271286463459597,0.003374347551747307,0.0,0.04047612843414216
211_H3,0.02797371425485942,0.0003349297604327592,1.669734750256952e-05,0.0,0.0070813353406986865
211_NCI,0.024988247392894434,0.008004729297889465,0.0,0.0,0.008248244172695974
212_H1,0.08269963310505189,0.09686531278786688,1.292072167500634e-05,0.0,0.04489446665364844
212_NCI,0.7191607825094294,0.05868156272291605,0.0002647386108896967,4.511818406172097e-05,0.1945380505068242
213_H1,0.030012672146414968,0.013338068341499398,0.0006163105272493226,0.0,0.010991762753790922
213_H3,0.021614075357064465,0.03292912692699617,1.754876681803611e-07,0.0,0.013635844442932204
213_NCI,0.07172845323910672,0.054239280711192724,6.700244416733679e-05,0.00020924756245221943,0.03156099598922975
214_H1,0.151931548819031,0.024421552714791833,0.0,0.000297188846161589,0.044162572594996105
215_H1,0.3750932246849238,0.001688279021847581,8.59992845754743e-06,0.0002706562518142164,0.09426518997176078
215_H3,0.040178657833613324,0.0008693633603902457,1.7292231816869374e-07,0.0,0.010262048529080433
216_H1,0.13961959324113485,0.3346641570958083,0.000978335893852688,0.0,0.11881552155769896
216_NCI,0.011696880125064254,0.27058137173666547,0.0,0.0,0.07056956296543243
217_H1,0.09316837084106654,0.22878370283656146,1.5814530795263422e-06,0.0,0.08048841378267689
218_H1,0.027361642439244046,0.009878540831807595,4.475260778153714e-05,6.0585862229345366e-05,0.00933638043526563
218_NCI,0.010993787596371114,0.0017743165098027672,0.00015190315864119816,0.0,0.0032300018162037696
219_H1,0.10550928294104275,0.03583459017515662,0.0003699616006977157,0.0004542313690762967,0.035542016521493344
219_NCI,0.049150737032344446,0.010740430469407468,0.0005851924729409228,0.00024846085580065846,0.015181205207623373
220_H1,0.10343086851241531,0.005301434533237974,0.001525678761024504,0.003752654418349266,0.028502659056256766
220_H3,0.07129895644029306,0.0005715662922177446,5.750560597591779e-09,0.0,0.01796763212076785
221_H1,0.5442620200272099,1.0,6.131582245961679e-05,7.38369271857664e-05,0.3860992931942138
221_H3,0.03161638682595034,4.5155759071199937e-07,0.0,0.0,0.007904209595885264
221_NCI,0.40692199984152305,0.01251812224803752,6.579637450238557e-05,1.4592867046303581e-05,0.10488012783277731
222_H1,0.4401300540636136,0.3147206106253267,1.0,1.0,0.6887126661722351
222_H3,0.0165818041971224,0.0011095072159125158,0.0,0.0,0.004422827853258729
222_NCI,0.47677851682044375,0.02638090274035219,0.0005202305607664932,0.00014951342018321157,0.1259572908854364
223_H1,0.16365231656295925,0.02744738410120539,0.0005829512006862003,0.0013231433695182204,0.048251448808592265
223_H3,0.04228710300508772,0.0006182600693508591,0.0,0.0,0.010726340768609646
224_H3,0.10180465899796172,0.06972234201891621,4.176080409422627e-07,0.0,0.04288185465622972
224_NCI,0.03745372283126609,0.00048815578559922705,0.0,0.0,0.00948546965421633
225_H1,0.10429465184163399,0.012563209940502473,3.354304372623365e-05,0.00010983119864249602,0.029250309006126296
225_H3,0.03350880825934924,3.748995539104953e-05,1.913483137043225e-06,0.0,0.008387052924469333
226_H1,0.03876107450729212,0.00282421560980299,2.69630828209676e-06,0.0,0.010396996606344302
228_H1,0.05220407454187626,0.0010474697001700865,0.00029075772742805453,2.51517012657132e-05,0.01339186341768503
228_H3,0.08306630123791531,0.0004028302794022877,6.09923246122304e-05,0.0,0.020882530960482457
229_H3,0.005533890416307986,0.0,1.7973822874091393e-06,0.0,0.0013839219496488487
230_H1,0.014629693365251112,0.011134851545886181,2.4117915373820407e-06,0.0,0.006441739175668668
230_NCI,0.004116304256571687,0.03568823097717537,0.0,0.0,0.009951133808436765
231_H1,0.3193089021387738,0.24005247540344912,9.1976564646203e-08,0.0,0.1398403673796969
231_H3,0.3014731473017993,0.0919620699208601,0.0,0.0,0.09835880430566485
231_NCI,0.32747001036651224,0.09411815637885261,0.01600749015759233,0.04801315814256668,0.12140220376138097
232_H1,0.05016604710553206,0.07242783390952398,4.0944268985047594e-08,0.0,0.030648480489831258
232_NCI,0.0635105831450724,0.008511461801369438,1.2108590037211925e-09,0.0,0.01800551153932521
233_H1,0.08667755313145913,0.06463371162620869,5.521920553452932e-06,2.5666025976534e-05,0.03783561317604945
233_NCI,0.10570221953468975,0.05505082295990989,0.0010122237981598154,0.0,0.04044131657318987
234_H1,0.10069845253517573,0.01923822244298818,0.00019176336550944133,0.00012766865256708115,0.030064026749060106
235_NCI,0.03548198704313831,0.018443690160353538,0.0,0.0,0.013481419300872963
236_H1,0.059983054709800074,0.04351825277481928,0.0002061445458818461,0.0,0.0259268630076253
236_NCI,0.021383399211312527,0.006035321582767803,0.0,0.0,0.0068546801985200825
238_H1,0.08977341697288205,0.00431587124802972,1.3916904402685536e-07,1.2424355190887582e-05,0.02352546293628667
238_H3,0.002317286433899055,0.0014199263038740147,1.6911056327619995e-05,0.0,0.0009385309485251725
238_NCI,0.039413839434366084,0.0016316325382417297,4.132123341189295e-07,1.3258601939014625e-05,0.010264785946720237
239_H1,0.13871663274238447,0.027869246990032966,4.593534876070799e-06,0.0,0.04164761831682337
239_H3,0.03903131796915223,0.0,5.457238077024304e-07,0.0,0.009757965923239983
241_NCI,0.09198301149062085,0.08328999548647924,5.452031179937943e-05,0.009740379638969898,0.046266976731967335
242_H1,0.19956243575431434,0.01162552663349491,0.0,0.0,0.052796990596952316
242_H3,0.014294713637609641,0.001632976444281992,0.0,0.0,0.003981922520472908
243_H1,0.02337192180508344,0.013849941355158598,3.262076895822093e-06,0.0,0.009306281309284464
243_H3,0.06164330623268517,0.001361705340565776,0.0,0.0,0.015751252893312737
243_NCI,0.028196768897413356,0.06499520887016795,0.0,0.0,0.02329799444189533
245_NCI,0.0030530343384463587,0.058854181205867384,3.177367016502699e-05,0.011043096892535686,0.018245521526753614
246_H1,0.012849439043892259,0.13208546047087796,0.0007347414427240342,0.0,0.03641741023937357
246_H3,0.13627868231603749,0.0015870988139560721,0.0,0.0,0.03446644528249839
250_H3,0.1104371800913112,0.0166074779403753,1.947292363429602e-05,0.0,0.031766032738830205
250_NCI,0.041908421169210695,0.035975367096957665,0.019636665473815432,0.0383291020989418,0.0339623889597314
251_H1,0.03134220042304092,0.0005961511913206858,0.0,0.0,0.007984587903590402
251_NCI,0.023035744023942106,0.0015065213184546641,0.0,0.0,0.006135566335599193
253_NCI,0.018049158652126068,0.00042977776174244804,0.0,0.0,0.004619734103467129
255_H3,0.03488499154730905,0.0,3.5617377017418907e-06,0.0,0.008722138321252697
258_H3,0.053739323896487404,0.0,0.0,0.0,0.013434830974121851
260_H3,0.02847574325319535,0.0015100983347776636,7.93265135832752e-07,0.0,0.007496658713277212
260_NCI,0.056745939791031784,0.025438250553842544,1.0273780143287343e-06,0.0,0.020546304430722164
261_H1,0.028957647948629723,0.04140359861332613,0.0,0.0,0.017590311640488965
261_H3,0.05679113392588885,0.14745777947987682,0.0,0.0,0.05106222835144142
263_H1,0.026735059752109287,0.0,0.0,0.0,0.006683764938027322
264_NCI,0.058644084015019776,0.03933973804333952,1.5010158792602582e-05,0.0,0.024499708054287972
265_H1,0.10923628054692051,0.003985481768332084,4.1605970204364293e-08,0.0,0.0283054509803057
265_H3,0.11229127995125716,0.024247971389522144,0.0,0.0,0.03413481283519483
265_NCI,0.004449835257284002,0.0015071266913393394,1.0915951577596769e-05,0.0,0.0014919694750502345
268_H1,0.4085301653145677,0.008928045182250457,0.0028662645902048176,0.0028898781165480614,0.10580358830089276
268_H3,0.3119357248832176,0.006883848631447591,0.0044203204071530154,0.0,0.08080997348045454
269_H1,0.06643619734942575,0.004953208797837558,0.0024141306656495507,0.0,0.018450884203228216
269_H3,0.12336569331436319,0.005323403873928471,0.0,0.0,0.032172274297072916
271_H1,0.2684199376368145,0.017553727119435657,2.4981241785965984e-05,0.0,0.07149966149950902
273_H3,0.032355072604282185,0.0010834130043797792,1.5977272450454805e-07,0.0,0.008359661345346617
275_H1,0.07259228682495115,0.002062972932541503,0.0,0.0,0.018663814939373163
275_NCI,0.17484641265134931,0.04749995023559649,0.03200991570308325,0.0,0.06358906964750727
276_H1,0.07578990918903454,0.002792711851736369,0.0,0.0,0.019645655260192726
276_H3,0.08424785827021657,0.0038543850398241675,0.0,0.0,0.022025560827510185
276_NCI,0.040615282587950136,0.013507340845336262,0.0006551132197307291,0.0,0.013694434163254283
277_H1,0.02845767589043517,0.12885592568039297,3.619420313532629e-07,0.0,0.03932849087821487
277_NCI,0.011096554106646369,0.002202793542390464,0.0,0.0,0.003324836912259208
280_H1,0.012221467986127643,1.3345457142546821e-05,2.494786286606025e-08,0.0,0.003058709597783264
280_NCI,0.05764715033116126,0.017480084341206122,0.0,0.0,0.018781808668091846
281_H1,0.027616982378826982,0.00017191858647344846,0.0,0.0,0.006947225241325108
281_NCI,0.04350928985826865,1.371608471077884e-05,6.9772464279521115e-06,0.0,0.010882495797351845
282_H1,0.005944436356647942,0.002141654780829317,0.0005504420216769948,0.0,0.0021591332897885635
282_NCI,0.05591267832222225,0.011263511919069219,0.0,0.0,0.016794047560322867
283_H1,0.005799507156977898,0.03861998004914907,8.77093285814705e-07,0.0,0.011105091074853196
283_H3,0.00746279416732641,5.5169451775027754e-05,4.0004640623507686e-06,0.0,0.001880491020790947
284_H1,0.12965605899179747,0.06199487216142594,2.176989786568093e-08,0.0,0.047912738230780315
284_NCI,0.0298300288236207,0.02318425100172635,2.7849569983900177e-08,0.0,0.013253576918729259
285_H1,0.062433790398463,0.17727072935125338,1.62069940731375e-11,0.0,0.05992612994148084
285_H3,0.04387850276306866,0.005263343447650239,6.05040137997835e-08,0.0,0.012285476678683174
285_NCI,0.1547286276698974,0.1899615757380774,4.772842529624423e-08,0.0,0.08617256278410003
286_H1,0.14316668611319827,0.04353766694498998,0.02530256519090079,0.10935619473457336,0.0803407782459156
286_H3,0.1496301142774109,0.0039998636100938975,0.0,0.0,0.0384074944718762
287_NCI,0.05599438454352266,0.0,0.0,0.0,0.013998596135880665
288_H1,0.07075426747761564,0.001905566376274777,0.00026827623106477275,6.274131737882271e-05,0.018247712850583502
288_H3,0.030966036792055368,0.0003243196163697304,5.214250508158621e-06,0.0,0.007823892664733314
289_NCI,0.022764830336149414,0.006271729272909525,1.8020077055636623e-06,0.0,0.007259590404191126
291_H1,0.053513261780474226,4.639369873059772e-05,0.00022689182970417936,0.0,0.013446636827227252
296_H1,0.12479608144666889,0.021555662490593517,0.0,0.0,0.0365879359843156
296_H3,0.1507985495282166,0.0,8.883888490842499e-07,0.0,0.03769985947926643
296_NCI,0.3247332814811698,0.00013219033021300746,3.3759140842725086e-08,0.0,0.0812163763926309
297_H3,0.02291500189467232,0.0006586683015832128,3.337206016715099e-05,0.0,0.005901760564105671
297_NCI,0.1484931579594965,0.009305874206306061,4.572741737322525e-06,0.008411817252635956,0.041553855540043955
298_H1,0.06259248602832032,0.0006260525874650314,6.84881397887069e-08,0.0,0.015804651775981286
299_H1,0.06735365034924391,0.01517406097008895,0.0,0.0,0.020631927829833217
299_H3,0.07732794297774494,0.00046354847876481305,2.5317775294076486e-07,0.0,0.019447936158565673
300_H3,0.017323191028952155,0.0006633383095063957,0.0,0.0,0.004496632334614638
301_H1,0.033928913211249856,0.23387118795820153,4.77777420073104e-07,3.5552136978367344e-05,0.06695903277096246
301_H3,0.13339650459945676,0.06114009223535516,6.23205101521193e-06,0.0,0.048635707221456784
303_H1,0.050937747661431866,0.02962426834512409,7.422106673193419e-06,0.0,0.02014235952830729
303_NCI,0.03141022885080713,0.00045920131511971077,1.1110876507572991e-05,0.0,0.007970135260608602
304_NCI,0.021879805409930023,0.0027317356378821927,0.0,0.0,0.006152885261953054
305_H1,0.23726728114966578,0.1904249961922037,0.0,0.0,0.10692306933546737
305_H3,0.10183436374920007,0.08254677314002534,9.225329090983517e-11,0.0,0.046095284245369676
305_NCI,0.11954597998025195,0.1128631961183879,0.0,0.0,0.05810229402465996
306_H1,0.020354551615534178,0.007038161333978715,7.285091649583125e-07,0.0,0.0068483603646694625
307_H1,0.019900906349256356,0.0023153287368921356,0.001566999551499661,0.0,0.005945808659412038
307_H3,0.02589977398826287,0.001979670842015986,0.0,0.0,0.006969861207569714
308_H1,0.2025892426846457,0.00579613341619649,0.00023697271530193856,0.0003231945156585425,0.05223638583295067
309_H1,0.13892630348018156,0.7282782123204513,0.0,0.0001726627815514803,0.21684429464554608
309_H3,0.06375457803958828,0.0006198611629863607,0.0,0.0,0.01609360980064366
309_NCI,0.03448430348735893,0.04251148490072198,0.00010695121032425214,0.0,0.01927568489960129
311_H1,0.16222319895502932,0.15653581536826108,7.326698070254353e-05,0.0008550509810447693,0.07992183307125943
313_H1,0.038092612681317,0.021015212936364814,6.412456621593201e-05,5.322539800545201e-05,0.0148062938954758
313_NCI,0.1710751366795951,0.014697634912842032,1.2712386930562668e-05,0.0,0.046446370994841925
314_H1,0.0877449415765475,0.002882823302273733,2.6168182650882784e-07,0.0,0.022657006640161934
316_H1,0.04350723069564016,0.2233683845355723,2.891988260482871e-05,0.0,0.06672613377845432
316_NCI,0.07090469092695313,0.2390494276974145,0.0,0.0,0.0774885296560919
317_H1,0.08893085479477503,0.010562967371533054,1.3184558199671508e-06,0.0,0.024873785155532013
317_H3,0.019410920882737884,9.383395307106931e-07,0.00181722695348751,0.0,0.005307271543939026
317_NCI,0.053092086234936324,5.05780219581769e-05,0.0,0.0,0.013285666064223624
318_H1,0.03039578689383324,0.001178408593335043,0.0,0.0,0.007893548871792071
318_NCI,0.04126838642555137,0.0037200167617218393,0.0,0.0,0.011247100796818302
319_H1,0.10513940133621076,0.049338840035595195,0.0,0.0,0.03861956034295149
319_H3,0.1254080320556129,0.003341027216727431,0.0,0.0,0.032187264818085086
320_H1,0.12268857538675605,0.012106584300194994,0.0008692081103795804,0.005295552778989077,0.035239980144079926
320_NCI,0.1731264061066105,0.015709166614650036,2.6134840345658342e-05,0.0,0.047215426890401556
321_H1,0.02771238576512054,0.0002557062390075094,8.453561631225154e-07,0.0,0.006992234340072793
321_H3,0.05637440686275367,0.0005128714466224723,0.0,0.0,0.014221819577344036
321_NCI,0.05151353757025671,0.006372101176386073,0.0002772717439174368,0.0,0.014540727622640054
322_H1,0.11270834980116169,0.015859651588162698,0.0,0.0,0.0321420003473311
322_NCI,0.10707365757260955,0.04865173153599657,0.0,0.0,0.03893134727715153
324_H1,0.0951604843307187,0.056720264239021705,0.00010698595775884088,0.0,0.03799693363187481
324_H3,0.08623204985066665,0.01314781209023815,0.0,0.0,0.0248449654852262
324_NCI,0.038592101693043626,0.007948720545748291,0.00012572886324084664,0.0,0.011666637775508191
325_H1,0.16814848742251023,0.2259449547667869,0.0,0.0,0.09852336054732427
325_H3,0.13691455560197,0.08115938932234534,3.438572053094822e-07,0.0,0.054518572195380165
327_H1,0.052847292176455465,0.02288643895901188,2.9558797939015973e-06,0.0012548294616863132,0.01924787911923689
327_NCI,0.08863659003841864,0.005072579321885973,0.0,0.0,0.023427292340076154
328_H1,0.05557377464536222,0.04097829996217633,9.673839698034347e-07,0.0,0.02413826049787709
328_H3,0.03169830067261885,0.0005757514613887359,0.0,0.0,0.008068513033501897
328_NCI,0.0863631127529639,0.0013653538159302848,1.971882272207397e-06,0.0,0.021932609612791597
329_NCI,0.04383709586787375,0.15978698527255894,2.740946242946437e-07,0.0,0.050906088808764245
331_H1,0.11675432833679775,0.009829382479501407,0.0003740311296886641,0.0,0.03173943548649696
331_H3,0.0468909333369044,0.011264208277442582,1.7014209352763504e-06,0.0,0.014539210758820566
331_NCI,0.036614481287735035,0.05866366261740047,2.219328210375899e-05,0.0,0.023825084296809816
334_NCI,0.10859553145370626,0.005515835940325441,0.0,0.0,0.028527841848507925
335_H1,0.00952698264050811,0.013300178191231318,1.1522209358353578e-05,0.0,0.005709670760274445
335_H3,0.009432698627018038,1.863671581140371e-05,0.0,0.0,0.0023628338357073605
336_NCI,0.0008190935016350167,0.0003733906884184679,0.0,0.0,0.00029812104751337115
339_H1,0.05983996454053557,0.0030291209687177425,3.4004984087019446e-07,0.0,0.015717356389773545
339_H3,0.022677244517441374,0.000679418173373916,0.0,0.0,0.005839165672703823
341_H1,0.11165639439130537,0.0015300618715312153,0.0,1.8975675629917532e-05,0.028301357984616627
342_NCI,0.19060746560550976,0.007731604748807318,3.878858050759263e-06,0.0,0.04958573730309196
343_H1,0.14803273782289497,0.33243760177671755,1.6689190937024518e-06,0.0,0.12011800212967655
343_H3,0.09999756203791414,0.15429438679923702,0.0,0.0,0.06357298720928779
343_NCI,0.019635863095231052,0.027242850084149593,0.0,0.0,0.011719678294845161
345_H1,0.23086250661055735,0.17926999512893815,1.3150400735558712e-06,0.0,0.10253345419489227
345_H3,0.025235229799531515,0.020356569444354267,0.0,0.0,0.011397949810971445
346_H1,0.18018655775147482,0.001031761847626635,0.0,0.0,0.04530457989977536
346_H3,3.392431726938799e-05,0.0007720289189427616,0.0,0.0,0.0002014883090530374
347_H3,0.020037695209935168,8.065341653152608e-05,0.0,0.0,0.005029587156616673
347_NCI,0.027678387187982087,0.0010953001965443832,0.0,0.0,0.007193421846131617
348_H1,0.03700490516977113,0.4521550788798055,1.0995837361529752e-05,8.602006710134447e-05,0.12231424998850987
348_NCI,0.04504440175136834,0.010410392671700155,0.0005396267841305251,0.0,0.013998605301799756
350_H1,0.138089972444227,0.15602805308591122,2.444537644941751e-06,0.0,0.07353011751694578
350_NCI,0.01412693777786656,0.010149905900901875,1.2389466230459776e-05,0.0,0.006072308286249724
351_NCI,0.22638146526356132,0.06345326733758834,0.0,0.0,0.07245868315028742
352_H1,0.046520497470584635,0.007438191674324198,3.111975132432456e-06,0.0,0.013490450280010316
352_H3,0.059578183837521774,0.0011184235509980591,0.0,0.0,0.015174151847129959
353_H1,0.12079611577142901,0.24801763642823124,0.007010868508821306,0.04714372381567955,0.10574208613104029
353_NCI,0.09718686723516132,0.06269128501443051,5.935861420125773e-06,0.0,0.03997102202775299
354_H1,0.017548103776594597,0.11512498721704137,4.255132507225013e-05,1.4881503375363536e-05,0.033182630955520896
354_H3,0.2206488383871634,0.030726454015128243,4.2925256684734296e-07,0.0,0.06284393041371461
354_NCI,0.015923146014961014,0.006451970804139551,7.902331958019594e-05,0.0,0.0056135350346701906
355_H1,0.21279153896082897,0.17466448534575468,0.036606648549440235,0.05382535606622696,0.11947200723056271
355_H3,0.18044558405492128,0.008490278918170134,0.0,0.0,0.047233965743272856
355_NCI,0.27110802088056946,0.035260652094235304,2.8347591835385267e-05,0.0,0.07659925514166004
356_H1,0.33018452206559246,0.08183264338178921,0.014012549745800877,0.0,0.10650742879829563
357_H1,0.16295496885959448,0.02618750947200742,4.605777295478328e-05,0.0,0.04729713402613917
357_H3,0.03392018846276515,0.0015351646555345746,0.0,0.0,0.008863838279574932
358_H1,0.07570418201108835,0.01638163775329017,4.111951848677436e-05,0.0,0.023031734820716323
358_H3,0.01844212649135843,0.0016049351605550437,9.337891884800138e-06,0.0,0.005014099885949568
358_NCI,0.07827479358826867,0.005444122040208313,0.0008315957426219392,0.0,0.02113762784277473
359_H1,0.03837093499963764,0.01562173065118834,2.6636228614661046e-08,0.0,0.013498173071763648
359_NCI,0.009639091129761546,0.00019275523745010043,0.0,0.0,0.0024579615918029116
360_NCI,0.05331705573809022,0.006186922335594658,1.54127926750501e-07,0.0,0.014876033050402908
361_H1,0.20336625899663466,0.008287297045434839,1.0199156148128517e-05,0.000350444606738165,0.05300354995123895
361_H3,0.25707745902816376,0.006342808721085299,0.0,0.0,0.06585506693731226
361_NCI,0.27608149472459215,0.016111263388536072,0.0,0.0,0.07304818952828206
363_H1,0.0863079451595422,0.002461879391401222,0.0,0.0,0.022192456137735853
364_H1,0.08160556641763023,0.024240787046204384,0.0,0.0,0.026461588365958653
364_H3,0.03153505586483545,0.0012117760650612345,3.3611790989672522e-06,0.0,0.008187548277248912
364_NCI,0.00012983849516421628,0.08105644882874695,6.498998114553241e-05,0.0,0.020312819326264175
365_H1,0.0746482253078765,0.014691503211717211,0.00010316502888903131,0.0,0.022360723387120685
366_H3,0.12028341372506215,0.005604116260918067,0.0,0.0,0.03147188249649505
366_NCI,0.12180889872781195,0.03294889815776446,2.957126921624647e-05,0.0005868693115189672,0.0388435593665779
367_H1,0.006728045740365871,0.026511320160343223,0.0,0.0,0.008309841475177274
367_H3,0.12507645081836474,0.01738732018801535,0.0,0.0,0.03561594275159502
368_H3,0.16403315262381865,0.0004739215498974125,0.0,0.0,0.04112676854342902
368_NCI,0.08887271773038716,0.0010319203705207265,2.2059765991003754e-07,0.002221867674961686,0.023031681593382373
369_H3,0.15875521327725223,0.00024699817074880123,2.6935241763276067e-06,0.0,0.03975122624304434
369_NCI,0.06521772700974479,0.005360995095509585,0.0,0.0,0.017644680526313593
370_H1,0.045379189851553266,0.009280358530702007,0.00012642321819961318,9.338725794805214e-05,0.013719839714600734
370_H3,0.1463868815494763,0.07200491459174796,4.1842787358887285e-06,0.0,0.054598995104990035
370_NCI,0.22673161300955427,0.19950935986460833,0.0,0.0,0.10656024321854066
371_H3,0.02834469115834355,0.01663795447572391,0.0,0.0,0.011245661408516865
372_H1,0.030810099962095674,0.2896058041014748,1.7665427064344693e-07,0.0,0.08010402017946028
372_H3,0.18808310984867574,0.2547516390540324,0.0001027227508200957,0.0,0.11073436791338205
372_NCI,0.12849544282923375,0.1014500728638811,1.7324215278481232e-07,0.0,0.057486422233816906
373_H1,0.0010289268512825153,0.011550959035589526,6.558475319510302e-08,0.0,0.0031449878679063086
373_H3,0.07930499737047002,0.10298419292652303,0.0,0.0,0.04557229757424826
373_NCI,0.12613860659096904,0.003939329382334012,0.0,0.0,0.032519483993325764
374_H1,0.2112445007241566,0.15208773920810986,7.542589392816871e-07,0.0,0.09083324854780145
374_NCI,0.4382843539349205,0.01269079164313564,9.39831203946476e-07,0.0,0.11274402135231502
375_H1,0.35118184451427964,0.07934877411656109,0.000610193332029951,0.0,0.10778520299071767
375_H3,0.08539952014108636,0.0030901954753894223,0.0,0.0,0.022122428904118946
375_NCI,0.6396623729520782,0.04107373210005405,0.005249359514499583,0.025167522951960564,0.1777882468796481
376_NCI,0.05204864260195792,0.025549868138593227,0.0006789310339677053,1.279546722798841e-05,0.01957255931043671
377_H1,0.05570351303030129,0.00287591247345078,0.0,0.0,0.014644856375938018
378_H1,0.20070807169609403,0.06310417789206853,8.625851015522293e-05,0.0,0.06597462702457944
378_NCI,0.36211910965029365,0.0008342111380339714,2.1195985676845843e-06,0.0,0.09073886009672381
48_H3,0.005533890416307986,0.0,1.7973822874091393e-06,0.0,0.0013839219496488487
74_H1,0.005533890416307986,0.0,1.7973822874091393e-06,0.0,0.0013839219496488487
74_H3,0.005533890416307986,0.0,1.7973822874091393e-06,0.0,0.0013839219496488487
74_NCI,0.005533890416307986,0.0,1.7973822874091393e-06,0.0,0.0013839219496488487
77_H3,0.005533890416307986,0.0,1.7973822874091393e-06,0.0,0.0013839219496488487
84_H1,0.005533890416307986,0.0,1.7973822874091393e-06,0.0,0.0013839219496488487
84_NCI,0.005533890416307986,0.0,1.7973822874091393e-06,0.0,0.0013839219496488487
89_H1,0.005533890416307986,0.0,1.7973822874091393e-06,0.0,0.0013839219496488487
89_NCI,0.005533890416307986,0.0,1.7973822874091393e-06,0.0,0.0013839219496488487
95_H1,0.005533890416307986,0.0,1.7973822874091393e-06,0.0,0.0013839219496488487
95_NCI,0.005533890416307986,0.0,1.7973822874091393e-06,0.0,0.0013839219496488487
99_H1,0.005533890416307986,0.0,1.7973822874091393e-06,0.0,0.0013839219496488487
99_NCI,0.005533890416307986,0.0,1.7973822874091393e-06,0.0,0.0013839219496488487
143_H1,0.005533890416307986,0.0,1.7973822874091393e-06,0.0,0.0013839219496488487
143_H3,0.005533890416307986,0.0,1.7973822874091393e-06,0.0,0.0013839219496488487
143_NCI,0.005533890416307986,0.0,1.7973822874091393e-06,0.0,0.0013839219496488487
148_NCI,0.005533890416307986,0.0,1.7973822874091393e-06,0.0,0.0013839219496488487
151_H1,0.005533890416307986,0.0,1.7973822874091393e-06,0.0,0.0013839219496488487
151_NCI,0.005533890416307986,0.0,1.7973822874091393e-06,0.0,0.0013839219496488487
155_H3,0.005533890416307986,0.0,1.7973822874091393e-06,0.0,0.0013839219496488487
159_H3,0.005533890416307986,0.0,1.7973822874091393e-06,0.0,0.0013839219496488487
171_H3,0.005533890416307986,0.0,1.7973822874091393e-06,0.0,0.0013839219496488487
198_H1,0.005533890416307986,0.0,1.7973822874091393e-06,0.0,0.0013839219496488487
198_H3,0.005533890416307986,0.0,1.7973822874091393e-06,0.0,0.0013839219496488487
229_NCI,0.005533890416307986,0.0,1.7973822874091393e-06,0.0,0.0013839219496488487
237_H1,0.005533890416307986,0.0,1.7973822874091393e-06,0.0,0.0013839219496488487
237_H3,0.005533890416307986,0.0,1.7973822874091393e-06,0.0,0.0013839219496488487
237_NCI,0.005533890416307986,0.0,1.7973822874091393e-06,0.0,0.0013839219496488487
244_H1,0.005533890416307986,0.0,1.7973822874091393e-06,0.0,0.0013839219496488487
244_H3,0.005533890416307986,0.0,1.7973822874091393e-06,0.0,0.0013839219496488487
251_H3,0.005533890416307986,0.0,1.7973822874091393e-06,0.0,0.0013839219496488487
255_NCI,0.005533890416307986,0.0,1.7973822874091393e-06,0.0,0.0013839219496488487
256_NCI,0.005533890416307986,0.0,1.7973822874091393e-06,0.0,0.0013839219496488487
263_H3,0.005533890416307986,0.0,1.7973822874091393e-06,0.0,0.0013839219496488487
277_H3,0.005533890416307986,0.0,1.7973822874091393e-06,0.0,0.0013839219496488487
291_NCI,0.005533890416307986,0.0,1.7973822874091393e-06,0.0,0.0013839219496488487
292_H1,0.005533890416307986,0.0,1.7973822874091393e-06,0.0,0.0013839219496488487
292_H3,0.005533890416307986,0.0,1.7973822874091393e-06,0.0,0.0013839219496488487
293_NCI,0.005533890416307986,0.0,1.7973822874091393e-06,0.0,0.0013839219496488487
312_H1,0.005533890416307986,0.0,1.7973822874091393e-06,0.0,0.0013839219496488487
312_H3,0.005533890416307986,0.0,1.7973822874091393e-06,0.0,0.0013839219496488487
312_NCI,0.005533890416307986,0.0,1.7973822874091393e-06,0.0,0.0013839219496488487
327_H3,0.005533890416307986,0.0,1.7973822874091393e-06,0.0,0.0013839219496488487
329_H3,0.005533890416307986,0.0,1.7973822874091393e-06,0.0,0.0013839219496488487
332_NCI,0.005533890416307986,0.0,1.7973822874091393e-06,0.0,0.0013839219496488487
351_H3,0.005533890416307986,0.0,1.7973822874091393e-06,0.0,0.0013839219496488487
353_H3,0.005533890416307986,0.0,1.7973822874091393e-06,0.0,0.0013839219496488487
187_H1,0.0032136505517657015,0.00030906045429340097,0.0,0.0,0.0008806777515147756
187_NCI,0.0032136505517657015,0.00030906045429340097,0.0,0.0,0.0008806777515147756
230_H3,0.0032136505517657015,0.00030906045429340097,0.0,0.0,0.0008806777515147756
234_H3,0.0032136505517657015,0.00030906045429340097,0.0,0.0,0.0008806777515147756
177_NCI,0.07209393564476253,0.00047349995956696213,5.718776955618651e-06,0.0,0.018143288595321275
183_H1,0.017175053249577545,0.0035931537651342255,0.0,0.0,0.005192051753677943
191_H1,0.03727724489942051,0.0017948494109901608,7.730942631966637e-08,0.0,0.009768042904959248
191_NCI,0.03727724489942051,0.0017948494109901608,7.730942631966637e-08,0.0,0.009768042904959248
192_NCI,0.5707235900853053,0.08763248542162957,0.003475094397014302,0.0,0.1654577924759873
194_H3,0.24754529596446143,0.005123098233106264,0.0036766790136151433,0.0004060249775648117,0.06418777454718691
194_NCI,0.24754529596446143,0.005123098233106264,0.0036766790136151433,0.0004060249775648117,0.06418777454718691
204_NCI,0.036294622841209344,0.0008004158556177484,5.607385438189656e-07,0.0,0.009273899858842728
206_NCI,0.001974476807844304,0.0005102865141686086,6.08075073375419e-06,1.10323662738665e-05,0.0006254691097551333
216_H3,0.13961959324113485,0.3346641570958083,0.000978335893852688,0.0,0.11881552155769896
217_H3,0.09316837084106654,0.22878370283656146,1.5814530795263422e-06,0.0,0.08048841378267689
217_NCI,0.09316837084106654,0.22878370283656146,1.5814530795263422e-06,0.0,0.08048841378267689
284_H3,0.03161638682595034,4.5155759071199937e-07,0.0,0.0,0.007904209595885264
83_NCI,0.0354787127190412,0.0,0.0,0.0,0.0088696781797603
262_H3,0.053739323896487404,0.0,0.0,0.0,0.013434830974121851
262_NCI,0.053739323896487404,0.0,0.0,0.0,0.013434830974121851
329_H1,0.02845767589043517,0.12885592568039297,3.619420313532629e-07,0.0,0.03932849087821487
291_H3,0.053513261780474226,4.639369873059772e-05,0.00022689182970417936,0.0,0.013446636827227252
339_NCI,0.022677244517441374,0.000679418173373916,0.0,0.0,0.005839165672703823
78_NCI,0.03462095972048037,0.029519827316872953,0.0,0.0,0.01603519675933833
94_NCI,0.030109493785553956,0.0036851549049915383,0.0,0.0,0.008448662172636373
91_NCI,0.01095032506974549,4.679799196277251e-07,0.0,2.2572785383090377e-05,0.0027433414587620516
254_NCI,0.02205887303160792,9.163770414760663e-05,0.0,0.0,0.005537627683938882
129_H3,0.26711963173465597,0.07703998538135713,0.0002630296679603813,0.00013283937005326152,0.08613887153850669
129_NCI,0.26711963173465597,0.07703998538135713,0.0002630296679603813,0.00013283937005326152,0.08613887153850669
144_H3,0.011096554106646369,0.002202793542390464,0.0,0.0,0.003324836912259208
325_NCI,0.011096554106646369,0.002202793542390464,0.0,0.0,0.003324836912259208
147_H1,0.03488499154730905,0.0,3.5617377017418907e-06,0.0,0.008722138321252697
147_NCI,0.03488499154730905,0.0,3.5617377017418907e-06,0.0,0.008722138321252697
198_NCI,0.03488499154730905,0.0,3.5617377017418907e-06,0.0,0.008722138321252697
201_H1,0.03488499154730905,0.0,3.5617377017418907e-06,0.0,0.008722138321252697
255_H1,0.03488499154730905,0.0,3.5617377017418907e-06,0.0,0.008722138321252697
338_H3,0.03488499154730905,0.0,3.5617377017418907e-06,0.0,0.008722138321252697
