feature,xgb,gbr,BayesianRidge,rf,mean
1,0.004183548968285322,0.011480663225492743,0.027302104108279084,0.04860795221055852,0.022893567128153915
2,0.02541750855743885,0.030276919280761587,0.02094184499254461,0.03294164870721881,0.027394480384490966
3,0.0025707222521305084,0.005854957852384553,0.012159086941664727,0.015963207242287822,0.009136993572116902
4,0.001202260609716177,0.014944491233595559,0.02141416514704989,0.01638271074403837,0.013485906933599998
5,0.005158634856343269,0.0038985510477807447,0.028581317840170265,0.01826751390391622,0.013976504412052625
6,0.005269520450383425,0.00744150873759791,0.012191357404981859,0.005888965062232935,0.007697837913799032
7,0.0007896990864537656,0.03944668331512937,0.040163913281153325,0.031147716026412833,0.027887002927287324
8,0.006878179498016834,0.002407884280057917,0.0076985113831560216,0.005280214942542423,0.0055661975259432995
9,0.0,0.03580888128448575,0.005278802497518186,0.17599028314962314,0.054269491732906766
10,0.02308456227183342,0.021030202719704003,0.04870787181437334,0.04007635209185349,0.03322474722444106
11,0.006909251678735018,0.001994465224456413,0.01444758408817267,0.004506836980461047,0.0069645344929562866
12,0.0064608259126544,0.010514827291000716,0.037644443942323566,0.04895575817478115,0.025893963830189957
13,0.0,0.0031806078512857596,0.020601743988606612,0.006207513098563671,0.00749746623461401
14,0.0025707222521305084,0.02968309391578817,0.0322759013372645,0.021682137465992707,0.021552963742793974
15,0.041393063962459564,0.008354888820233095,0.030119950285732035,0.021050679190644156,0.025229645564767214
16,0.0025707222521305084,0.0066700233395795665,0.030048355215006855,0.009042410304678875,0.01208287777784895
17,0.0,0.013605173594688241,0.02941509319491875,0.01064409870566124,0.013416091373817059
18,0.0,2.321835195129418e-05,0.003426285993218828,0.0159118864214937,0.0048403476916659555
19,0.005183642264455557,0.0027164129990420414,0.02120316872217347,0.029146786365322315,0.014562502587748346
20,0.0,0.019459161990647393,0.038504080373816425,0.005642714562256235,0.015901489231680013
21,0.0,0.2548067479655522,0.03171251460566347,0.368035207236453,0.16363861745191716
22,0.01031551230698824,0.01358926489502545,0.012064518375163289,0.01384040505928939,0.012452425159116591
23,0.0,0.021179598143746106,0.046788143032947,0.048219679912828065,0.029046855272380292
24,0.016026241704821587,0.018591001407107614,0.02218125823247967,0.020740905683887166,0.01938485175707401
25,0.0,0.015783454860875765,0.04873436259277598,0.05905631032748892,0.030893531945285164
26,0.0019280416890978813,0.0012016742523696413,0.016124529393098323,0.04644031889180372,0.016423641056592393
27,0.0,0.010584578878663499,0.03232277194235807,0.005520742695567566,0.012107023379147283
28,0.05855351686477661,0.004292009987707487,0.0020062547059664874,0.029050042097980216,0.023475455914107702
29,0.001721143489703536,0.0731411750745877,0.015283970229628935,0.08335994830870444,0.04337655927565615
30,0.0025707222521305084,0.030286114374332988,0.010689145415115812,0.031195961793387957,0.018685485958741817
31,0.006670720875263214,0.050770913848083805,0.04111047654554535,0.05646361529656527,0.03875393164136441
32,0.0,0.013297982379038129,0.04394858285836798,0.016511440568364753,0.018439501451442714
33,0.018100565299391747,0.0030662225048075967,0.031870046081374094,0.03196594937869441,0.021250695816066964
34,0.0,0.24459560701690436,0.053101589135189156,0.20853998633162796,0.12655929562093038
35,0.0,0.06269978812662284,0.014297627135683378,0.09110090609833844,0.04202458034016117
36,0.0007213563658297062,0.01472105492657446,0.02602785855303088,0.018977535106527322,0.015111951237990591
37,0.012285006232559681,0.21585479045952116,0.035400237426909786,0.20072702319036637,0.11606676432733926
38,0.005274604540318251,0.0483884273292174,0.11707477363862145,0.06121088420847489,0.057987172429158
39,0.0010594570776447654,0.07073390855256657,0.03691362056177241,0.23789763524849689,0.08665115536012016
40,0.00030867199529893696,0.015318201016702615,0.03394059584794704,0.01617474141945358,0.016435552569850544
41,0.0,0.0,0.0,0.0,0.0
42,0.0,0.0,0.0,0.0,0.0
43,0.2594621777534485,0.1599379427517105,0.06331075548400203,0.12600189524093788,0.1521781928075247
44,0.0040907650254666805,0.011903704605633598,0.04083995391387417,0.010624081853534027,0.01686462634962712
45,0.0,2.301048824765921e-05,0.01720622812090504,0.0317638669149171,0.01224827638101745
46,0.007712166756391525,0.0,0.001602822005088961,1.6999821303848215e-05,0.0023329971456960835
47,0.0,0.06837129452502731,0.026012444866975515,0.2906996853433974,0.09627085618385006
48,0.0,0.1914934079801983,0.05412863419557514,0.2337828339001891,0.11985121901899064
49,0.0,0.0010857753058639474,0.023778186341940358,0.05157243480990775,0.019109099114428013
50,0.0009016955154947937,0.03478371197658927,0.011159208409716929,0.015838992654668118,0.015670902139117277
51,0.00451630586758256,0.13338489519986016,0.032410539748523225,0.11535570094844727,0.0714168604411033
52,0.0012853611260652542,0.026708311636793262,0.03276045333779232,0.01131182917081515,0.018016488817866494
53,0.0036067820619791746,0.019218910026034042,0.0168573247756213,0.019567975528731702,0.014812748098091553
54,0.010710420086979866,0.00489349872853463,0.05218229236592906,0.04763974563638441,0.028856489204456992
55,0.0,0.0,0.0,0.0,0.0
56,0.007712166756391525,0.0,0.001602822005088961,1.6999821303848215e-05,0.0023329971456960835
57,0.0038560833781957626,0.004947261900040135,0.012664163338191967,0.03533914596398567,0.014201663645103384
58,0.11374776065349579,0.40838218406130733,0.03854629562541562,0.3079314401784421,0.21715192012966522
59,0.0,0.16694345671497898,0.04783452303886385,0.11438725035128942,0.08229130752628307
60,0.0,0.602073527172746,0.057795159075751425,0.3361005054885709,0.24899229793426708
61,0.0,0.012536881936174025,0.023379713656667835,0.03085323392456358,0.01669245737935136
62,0.0021479176357388496,0.010162866732614913,0.03405517623439467,0.02341946347994754,0.017446356020673993
63,0.0,0.0,0.0,0.0,0.0
64,0.0018193722935393453,0.021945994588283776,0.040300869536093575,0.03623470404463803,0.02507523511563868
65,0.0,0.01655311500617187,0.04023452705923712,0.02446237691296149,0.02031250474459262
66,0.0,0.006951560649959616,0.0219792896967593,0.05307821955898294,0.020502267476425463
67,0.0,0.0,0.0,0.0,0.0
68,0.0,0.004762005441141915,0.01754243099215886,0.006879703971170293,0.007296035101117766
69,0.008279949426651001,0.02874430752068106,0.012326430449483373,0.06298930615961003,0.028084998389106365
70,0.0,0.0,0.0,0.0,0.0
71,0.0,0.0,0.0,0.0,0.0
72,0.0,4.471815974586061e-06,0.006434274950575057,0.009989338761468217,0.004107021382004465
73,0.0,0.624654163005127,0.029544644312937587,0.32769967336897726,0.24547462017176047
74,0.0,0.0,0.0,0.0,0.0
75,0.0,0.0109351030701507,0.03914643851102679,0.026501927983577894,0.019145867391188846
76,0.0,0.018672398420307733,0.060027601623749684,0.1099815279562497,0.04717038200007678
77,0.0,0.008426890504988752,0.03164666476975241,0.020114738488139466,0.015047073440720158
78,0.0,0.0,0.0,0.0,0.0
79,0.0,0.0027889705100267483,0.02380234941879313,0.011420258318345863,0.009502894561791434
80,0.007023126818239689,0.002587790770324232,0.053666405750216785,0.014636062752421054,0.019478346522800442
81,0.0,0.013444099473789274,0.017837603588909987,0.060909595787640075,0.023047824712584833
82,0.0,0.0,0.0,0.0,0.0
83,0.0,0.005147048603356346,0.02879495698559745,0.012941408254891573,0.011720853460961344
84,0.0,0.0,0.0,0.0,0.0
85,0.0,0.04472896363844504,0.008646689864506021,0.06313800240149076,0.029128413976110455
86,0.0,0.0,0.0,0.0,0.0
87,0.0,0.034004617966504745,0.05768459215664718,0.027243293994022713,0.02973312602929366
88,0.0,0.0,0.0,0.0,0.0
89,0.0,0.0,0.0,0.0,0.0
90,0.0,0.004983499872014424,0.04991428734006655,0.008378027847063244,0.015818953764786054
91,0.0,0.02604522923330456,0.03032701526350417,0.004987645572365257,0.015339972517293497
92,0.0,0.005688906113996678,0.02500853209716429,0.010957602931292106,0.010413760285613268
93,0.0,0.004445747205866985,0.06976540746276601,0.013651673287546177,0.021965706989044792
94,0.0,0.01002017454251741,0.06162999241482856,0.00035279274708592686,0.018000739926107973
95,0.0,0.0,0.0,0.0,0.0
96,0.0,0.0,0.0,0.0,0.0
97,0.037157412618398666,0.019812597032394838,0.018024158027321772,0.03814926262207812,0.028285857575048347
98,0.0,0.06712880949188471,0.025715594567406862,0.14132585376357013,0.05854256445571543
99,0.0,0.0,0.0,0.0,0.0
100,0.0,0.0312490236283726,0.029503386862600716,0.027491541204870167,0.02206098792396087
101,0.0,0.044413689489117315,0.03326589531060977,0.05709394866942519,0.03369338336728807
102,0.0,0.20395758052782137,0.009211941126667478,0.1838728976512579,0.09926060482643669
103,0.0,0.0,0.0,0.0,0.0
104,0.0,0.016433887060749434,0.059210331901919565,0.06113698324739105,0.03419530055251501
105,0.001202260609716177,0.017119058021769395,0.016990831443698947,0.03010652964109152,0.01635466992906901
106,0.2594621777534485,0.42879849767322276,0.04827018282160858,0.3854987686915285,0.28050740673495206
107,0.005761338397860527,0.13101382735769268,0.9973987104430585,0.04675903071628237,0.29523322672872354
108,0.0,0.0,0.0,0.0,0.0
109,0.0,0.14236870997293333,0.039672707688248064,0.13465598552490837,0.07917435079652244
110,0.05218459293246269,0.43053155032599255,1.0,0.37189507455434634,0.4636528044532004
111,0.0021074973046779633,0.015740567811250963,0.034540469013966166,0.02379448060959346,0.019045753684872137
112,0.0029154671356081963,0.27042759650903186,0.0830702543314853,0.2632075534192837,0.15490521784885225
113,0.0,0.0,0.0,0.0,0.0
114,0.0011096408125013113,0.00028490734659029253,0.043483441603233176,0.003921570336692404,0.012199890024754296
115,0.0038560833781957626,0.00019931437292229124,0.03413313954244531,0.04037020469509888,0.019639685497165563
116,0.0025707222521305084,0.0017474526180886647,0.011649671367091588,0.002372078489533513,0.004584981181711069
117,0.005434079095721245,0.016452964257699265,0.04141988494062145,0.022608266268194593,0.02147879864055914
118,0.19652467966079712,0.11499295930763533,0.0476064573886925,0.09301015011967965,0.11303356161920115
119,0.0009016955154947937,0.2822493316092361,0.019256442713440933,0.3592406917003128,0.16541204038462115
120,0.0,0.0005747031190919493,0.014715107080428209,0.0451481786796783,0.015109497219799614
121,0.00577167421579361,0.0945378111123854,0.0463653656717678,0.1509883800683851,0.07441580776708298
122,0.0,0.0,0.012757196857929321,0.001099491794809996,0.0034641721631848295
123,0.004635140299797058,0.06139017037948919,0.04594680493549208,0.0613393429330426,0.04332786463695523
124,0.0,0.035693878600269034,0.0256160740144164,0.04183026582493935,0.025785054609906197
125,0.0,0.016523375244002443,0.012415477484176343,0.02075559481039673,0.01242361188464388
126,0.0,0.0,0.0,0.0,0.0
127,0.010366462171077728,0.014987793203815181,0.023549186571372248,0.05677668023189237,0.026420030544539383
128,0.0030546532943844795,0.1571951311162374,0.027991002429605304,0.13138921116605845,0.07990749950157142
129,0.0,0.24010514390500703,0.023450044757595573,0.3578247549573165,0.1553449859049798
130,0.0,0.0,0.0,0.0,0.0
131,0.0011022498365491629,0.01666627890150785,0.02784695051340594,0.02277622482445906,0.017097926018980504
132,0.0033011555206030607,0.0456837999252322,0.05154561617735428,0.02231737631451624,0.030711986984426447
133,0.0,0.0,0.0,0.0,0.0
134,0.0025379150174558163,0.009304755664302587,0.10020590287684525,0.022537226312127807,0.033646449967682866
135,0.0,0.008174504085635031,0.02586659931967901,0.02255570394225992,0.01414920183689349
136,0.001123005524277687,0.01942196198459664,0.0884564259430731,0.04592913627804934,0.03873263243249919
137,0.0,0.0,0.0,0.0,0.0
138,0.0017041033133864403,0.006520925381600439,0.1365224607676008,0.0263380894145874,0.04277139471929377
139,0.003342750947922468,0.009166650908822311,0.057946674055017584,0.02102066467896743,0.02286918514768245
140,0.009962420910596848,0.094115885370742,0.015781711013569785,0.4636873950228674,0.145886853079444
141,0.0,0.15702556770369439,0.02562466982126921,0.20349584435878657,0.09653652047093754
142,0.0,0.05997005567698072,0.012465427100575494,0.04417816634864814,0.029153412281551088
143,0.0,0.00014695542170322984,0.005482636908378135,0.006241639000899666,0.0029678078327452576
144,0.0,0.2248051882259816,0.03997490213633164,0.20281646480167487,0.11689913879099703
145,0.0,0.02315181392608767,0.04762718771031718,0.035550095098324686,0.026582274183682385
146,0.0,0.0012881230427746824,0.032047882746198936,0.010453922336131787,0.010947482031276351
147,0.0,0.0,0.0,0.0,0.0
148,0.0,0.0,0.0,0.0,0.0
149,7.490710413549095e-05,0.1326673893454553,0.008159273806824465,0.09198695359340264,0.058222130962454474
150,0.0,0.0,0.0,0.0,0.0
151,0.0,0.0,0.0,0.0,0.0
152,0.0018033910309895873,0.022082114536638688,0.03377451874280529,0.03619111253286176,0.02346278421082383
153,0.0013405608478933573,0.04148553391583794,0.02329663509628361,0.028032487607631797,0.023538804366911678
154,0.004164585378021002,0.005469065881326797,0.06911526219584173,0.08461195474191242,0.040840217049275485
155,0.0,0.007098289132751969,0.0035299531245165136,0.018740082637216576,0.007342081223621264
156,0.0,0.1463225924544308,0.025715594567407705,0.18834211915157736,0.09009507654335397
157,0.0029271545354276896,0.11928032476497757,0.036712311781060075,0.12903117895643967,0.07198774250947626
158,0.0,0.9663554966322033,0.11959465977695294,0.40718274599576604,0.37328322560123056
159,0.0,0.07255750598835148,0.04502646816687587,0.029093745171094785,0.03666942983158053
160,0.0,0.02093291596248412,0.020911003138796368,0.09553690706677105,0.03434520654201288
161,0.0,0.04818411201759382,0.05874167191856628,0.0120926394284859,0.0297546058411615
162,0.0,0.6043078477969396,0.03137555814131904,0.48677310420953407,0.28061412753694814
163,0.0,0.2841408761332953,0.049429655571138605,0.27650897236937194,0.15251987601845146
164,0.0,0.02414597753233302,0.033684528337771406,0.0351046347798214,0.023233785162481455
165,0.027140352874994278,0.013598161625436131,0.12546662079263704,0.06939070712334552,0.05889896060410325
166,0.0019280416890978813,0.003996249167901908,0.04903567052053379,0.012313032697097246,0.016818248518657708
167,0.0,0.006622343478911783,0.03054177221325869,0.035874704840317004,0.01825970513312187
168,0.0,0.09197801218939745,0.004888355417492129,0.10710050903795885,0.05099171916121211
169,0.007712166756391525,0.0,0.001602822005088961,1.6999821303848215e-05,0.0023329971456960835
170,0.002784366486594081,0.02575085901855558,0.023312045638107112,0.033693542497178416,0.0213852034101088
171,0.0,0.07360320010425171,0.06450595446179468,0.018872322828150694,0.03924536934854927
172,0.0,0.0631189481099951,0.020805356905759936,0.17853546549168703,0.06561494262686052
173,0.0,0.0,0.0,0.0,0.0
174,0.0,0.01314473671842975,0.04060036754119471,0.02151806275520103,0.018815791753706373
175,0.0014310036785900593,2.316157832577641e-05,0.016809415811261108,0.008217631765441684,0.006620303208404657
176,0.0,0.017668804594485384,0.03971884928629018,0.09703061905319074,0.03860456823349158
177,0.009735279716551304,0.025424391987227686,0.04559296914107376,0.012009011405807698,0.023190413062665113
178,0.02078675478696823,0.00955850217753004,0.06861709739765692,0.013726388792606539,0.028172185788690435
179,0.0,0.0006708315907007758,0.03231445399101152,0.02503904601049417,0.014506082898051617
180,0.0,0.1081834690646237,0.02664825872854817,0.07889263160900602,0.05343108985054447
181,0.0,0.3051910372442725,0.037150854925620744,0.14921878857177118,0.1228901701854161
182,0.0,0.24667300595339228,0.03994597410815045,0.1574555193935143,0.11101862486376426
183,0.0,0.029355180533218263,0.012099212257250714,0.13027250966984774,0.04293172561507918
184,0.004531089216470718,0.027847489196086234,0.04928920227429771,0.012228601438100553,0.0234740955312388
185,0.0,0.03568902235587316,0.03410669170694679,0.028943115053305896,0.02468470727903146
186,0.0,0.003177081331025323,0.0030048037425807095,0.008251864079430167,0.00360843728825905
187,0.0036067820619791746,0.019218910026034042,0.0168573247756213,0.019567975528731702,0.014812748098091553
188,0.003427100833505392,0.006165654008746402,0.014867909012818847,0.010145107436272649,0.008651442822835823
189,0.0,0.014754445978206838,0.025681278821328486,0.02564682242338374,0.016520636805729766
190,0.009448901750147343,0.14840983026483512,0.019774638156566146,0.09648947656224066,0.06853071168344732
191,0.0,0.0,0.0,0.0,0.0
192,0.03447777032852173,0.030924524252461012,0.02709947711713911,0.014799235277019152,0.02682525174378525
193,0.0,0.0017341464526672201,0.021131071521319367,0.004641614660692323,0.006876708158669727
194,0.02835121378302574,0.1183710980052646,0.8649424355346969,0.0573683990773551,0.26725828660008555
195,0.0019280416890978813,0.007453070040931408,0.03609183603454658,0.013814584653453157,0.014821883104507258
196,0.0,0.0004665762934156126,0.018676241928712013,0.00027028096665593116,0.004853274797195889
197,0.0,0.0,0.0,0.0,0.0
198,0.0,0.0,0.0,0.0,0.0
199,0.0,0.020605634710014878,0.03947167823250675,0.044250789639333446,0.026082025645463768
200,0.0,0.07956279338037966,0.03169660728197913,0.4512411461665192,0.1406251367072195
201,0.0,0.0,0.0,0.0,0.0
202,9.98005416477099e-05,0.0025977960931522774,0.041761004554155566,0.008307153132808677,0.013191438580441058
203,0.0,0.0,0.0,0.0,0.0
204,0.0,0.07070308918003894,0.02743794116203488,0.08718816790000493,0.04633229956051969
205,0.0,0.4188753480249998,0.029019949062465758,0.3297452152888491,0.19441012809407865
206,0.0,0.0,0.0,0.0,0.0
207,0.0,0.0,0.0,0.0,0.0
208,0.0,0.0,0.0,0.0,0.0
209,0.0,0.012988612027128173,0.07348839592603096,0.03374191443420213,0.030054730596840315
210,0.0011559511767700315,0.040138137769310675,0.045297521971533874,0.036185092710478595,0.030694175907023294
211,0.00041108738514594734,0.012267417876307519,0.03513874468508374,0.017488634274492664,0.016326471055257467
212,0.0015424333978444338,0.05953599465364213,0.033698221970630146,0.09963116938925834,0.048601954852843764
213,0.0019280416890978813,0.002406376971265626,0.009744268166926485,0.0051641541572960145,0.004810710246146502
214,0.0,0.0007276484204324431,0.02379167993379934,0.0072094999729896,0.007932207081805346
215,0.0,0.011122110635451392,0.06184280421063388,0.01794020039423396,0.02272627881007981
216,0.0,0.022885204747593632,0.02856065344629414,0.034742208759378425,0.02154701673831655
217,0.0053439270704984665,1.0,0.10584109063868792,0.47154261290771465,0.3956819076542253
218,0.0,0.8509720328669478,0.057848486677854,1.0,0.47720512988620045
219,0.0015787379816174507,0.010253261106231225,0.016963765584553533,0.01196344115963764,0.010189801458009962
220,0.0,0.002750127920590224,0.04741848783812148,0.00950643839576238,0.014918763538618521
221,0.00435388321056962,0.20771326349247593,0.28196634790526204,0.22872058233259643,0.180688519235226
222,1.0,0.2965250375640738,0.3228471252374408,0.5931282066816189,0.5531250923707833
223,0.001195420976728201,0.011218967063399766,0.041852561827797535,0.016347878695778483,0.017653707140925998
224,0.0,0.0024825659015521285,0.005730602674359726,0.053789475814834044,0.015500661097686474
225,0.01907390169799328,0.10669980122384416,0.1160994404504522,0.07295365663806104,0.07870670000258767
226,0.0,0.00022130395561981576,0.0465358897883339,0.01799041634327133,0.01618690252180626
227,0.0,0.022181372060404516,0.10657606331437011,0.5147377849161675,0.16087380507273552
228,0.0014660226879641414,0.021667505630304104,0.010779608337069443,0.021439593519430207,0.013838182543691974
229,0.0,0.0,0.0,0.0,0.0
230,0.0018033910309895873,0.01066443450812836,0.017951480603405134,0.01252463971995392,0.010735986465619251
231,0.0,0.0630890073314957,0.05320863887535819,0.039088167209968744,0.038846453354205654
232,0.0025410244707018137,0.009475698057523255,0.03949525489266491,0.02784007918720389,0.019838014152023468
233,0.0,0.0,0.0,0.0,0.0
234,0.0028297370299696922,0.006694832669805873,0.02247146618541706,0.01588457038490242,0.011970151567523759
235,0.0,0.03135340248182055,0.0473559792496848,0.016424044141768495,0.023783356468318462
236,0.0,0.017213323596205973,0.021390075344829274,0.04822743323479548,0.021707708043957684
237,0.0,0.0,0.0,0.0,0.0
238,0.0011796195758506656,0.04051638431048439,0.046977902931979273,0.025488195316009057,0.028540525533580847
239,0.0,0.03931173036496712,0.009687869185413095,0.08831837266771837,0.03432949305452465
240,0.0,0.10896888389803419,0.007722149973106229,0.016383979937486363,0.0332687534521567
241,0.0,0.0015656935439124016,0.004976473083609561,0.014401344580101316,0.005235877801905819
242,0.0019280416890978813,0.0129556664179398,0.023156131317049578,0.062073179882938416,0.02502825482675642
243,0.0,0.24892532792156669,0.016935111548636833,0.31077683296013603,0.1441593181075849
244,0.0,0.0,0.0,0.0,0.0
245,0.0,0.040140156199033494,0.07150926804600859,0.06562349529498915,0.044318229885007804
246,0.0012684263056144118,0.008986324528844743,0.012050601767103535,0.008705219101141188,0.007752642925675969
247,0.0,0.0,0.0,0.0,0.0
248,0.0,0.0,0.0,0.0,0.0
249,0.0,0.0,0.0,0.0,0.0
250,0.0,0.01047269174700808,0.00359812954465413,0.007596171220492027,0.005416748128038559
251,0.0,0.17800282293349487,0.07048087019685319,0.12329336977667048,0.09294426572675464
252,0.0,0.013477052051143596,0.06644263940916892,0.048829122388526935,0.032187203462209865
253,0.0,0.00022130395561981576,0.0465358897883339,0.01799041634327133,0.01618690252180626
254,0.0,0.0,0.0,0.0,0.0
255,0.0,0.0,0.0,0.0,0.0
256,0.0,0.0,0.0,0.0,0.0
257,0.0,0.0,0.0,0.0,0.0
258,0.0,0.0,0.0,0.0,0.0
259,0.0,0.0,0.0,0.0,0.0
260,0.0,0.0,0.0,0.0,0.0
261,0.0,0.0370651755434308,0.0249999485400591,0.022070574816955516,0.021033924725111352
262,0.0,0.0,0.0,0.0,0.0
263,0.0,0.0,0.0,0.0,0.0
264,0.0025707222521305084,0.03942743912824197,0.028031968174545473,0.056594579213679,0.031656177192149235
265,0.0039018879178911448,0.017637099153811182,0.04105253163196121,0.03656542931726022,0.02478923700523094
266,0.0009016955154947937,0.010490251750887943,0.029328791267936725,0.018129209598546317,0.014712487033216445
267,0.0,0.011739705806768901,0.03174180835807001,0.008032225600484557,0.012878434941330865
268,0.0011128736659884453,0.021769818967152257,0.07086161108114826,0.04243485252566638,0.03404478905998884
269,0.001202260609716177,0.006787449568216538,0.024642388918525833,0.01642915033783882,0.01226531235857434
270,0.0,0.0009893527401357083,0.037732343520138906,0.028253410279615372,0.016743776634972497
271,0.0019280416890978813,0.006022365266404948,0.015009480154534911,0.01320862840234186,0.0090421288780949
272,0.0018033910309895873,0.01106080730991568,0.03613660027966852,0.01321777108356191,0.015554642426033926
273,0.0,0.01303446210337158,0.03613626300038085,0.018493224317135078,0.016915987355221877
274,0.0,0.0,0.0,0.0,0.0
275,0.0025707222521305084,0.0013349142304469137,0.01988257113216437,0.01013276195824713,0.00848024239324723
276,0.0,0.003805765941967526,0.038573391851110965,0.1097127390655986,0.03802297421466927
277,0.0,0.1552071412226605,0.021571208286365516,0.10923422757975318,0.0715031442721948
278,0.0,0.0,0.0,0.0,0.0
279,0.0,0.0,0.0,0.0,0.0
280,0.0,0.055907189207753595,0.03337997047364371,0.0030008657349306234,0.02307200635408198
281,0.0,0.0,0.0,0.0,0.0
282,0.0,0.11546769452280461,0.06890076029485245,0.11794258781241093,0.075577760657517
283,0.0,0.1251791519016891,0.03822269380399538,0.16591467089214104,0.08232912914945638
284,0.0,0.2037612337230953,0.03947687582013646,0.28905957260529763,0.13307442053713234
285,0.0025707222521305084,0.2116037438747951,0.015090006287613847,0.04643248135847667,0.06892423844325403
286,0.17781639099121094,0.08793452331791365,0.05157880192783682,0.053859963121836385,0.09279741983969944
287,0.0,0.04844829263036848,0.000164255158006207,0.03729180478038545,0.021476088142190035
288,0.0,0.1552071412226605,0.021571208286365516,0.10923422757975318,0.0715031442721948
289,0.0,0.0169080454789001,0.02113107152131892,0.020680699114249607,0.014679954028617156
290,0.0,0.04993998510826436,0.039781540208391634,0.08311324436510122,0.0432086924204393
291,0.0,0.06410581110428318,0.047864045794881196,0.03822210980956348,0.037547991677181966
292,0.0,0.0,0.0,0.0,0.0
293,0.0,0.007098289132751969,0.0035299531245165136,0.018740082637216576,0.007342081223621264
294,0.0,0.0,0.0,0.0,0.0
295,0.0,0.0,0.0,0.0,0.0
296,0.0025707222521305084,0.010901305277723913,0.022877938052992274,0.07338492895235026,0.02743372363379924
297,0.000722892873454839,0.07825184372679586,0.017147432299299818,0.07242711616652232,0.042137321266518216
298,0.0,0.0575730794100015,0.06865930211821837,0.049866850879111836,0.04402480810183292
299,0.0,0.012921654409871742,0.022764111745056992,0.04134273058903364,0.01925712418599059
300,0.0008873062906786799,0.007892205939737893,0.023810961817061497,0.011417224306801796,0.011001924588569967
301,0.011059542186558247,0.24515715410742892,0.046708012280057054,0.14200504406326264,0.11123243815932671
302,0.0,0.0,0.0,0.0,0.0
303,0.0038560833781957626,6.418436379977303e-05,0.009663772959892014,0.035545087628829033,0.012282282082679147
304,0.0,0.0,0.0,0.0,0.0
305,0.0,0.3615382325066212,0.06377140107744493,0.6105794364486864,0.25897226750818814
306,0.0038560833781957626,0.0,0.01037218647305203,0.0008604606164580564,0.0037721826169264624
307,0.0,0.00893332124342474,0.028254635210485702,0.030488487672402562,0.01691911103157825
308,0.0019280416890978813,0.0024515973605765246,0.0039980408422741025,0.005948226540640767,0.003581476608147319
309,0.0,0.39886304589318683,0.009799901955353928,0.3638049837197287,0.19311698289206736
310,0.0,0.008394809237782318,0.0674634542058728,0.015651379593069756,0.02287741075918122
311,0.23668056726455688,0.7316808033424064,0.05926655798883976,0.9723944069600486,0.5000055838889629
312,0.0,0.0,0.0,0.0,0.0
313,0.0006194001180119812,0.010717859955265875,0.04081362626587136,0.07164336985602272,0.030948564048792985
314,8.131071081152186e-05,0.013901704003866495,0.04714570170846735,0.028284301456430825,0.022353254469894047
315,0.0,0.003177512150843353,0.05023195694101799,0.00695387162651886,0.01509083517959505
316,0.0053439270704984665,1.0,0.10584109063868792,0.47154261290771465,0.3956819076542253
317,0.0,0.311936052060503,0.03186165614443306,0.27405129514355814,0.15446225083712356
318,0.0,0.2500752049792352,0.031221839450911663,0.20720612421143733,0.12212579216039604
319,0.0008948728791438043,0.22070850263585792,0.37366773611458726,0.2604039210703727,0.21391875817499043
320,0.0,0.009416747050661506,0.006468699887409706,0.023491396879293726,0.009844210954341234
321,0.0,3.725800255617726e-05,0.03950584679499217,0.018971669465818387,0.014628693565841682
322,0.009072565473616123,0.0859338512515989,0.11878125408762033,0.15780468366243486,0.09289808861881754
323,0.0,0.0,0.0,0.0,0.0
324,0.012333227321505547,0.046472978294499416,0.034414462579661693,0.029836974566814983,0.03076441069062041
325,0.0,0.45154891035456773,0.02889762950632247,0.3387363194642907,0.20479571483129522
326,0.0,0.0,0.0,0.0,0.0
327,0.0,1.0542033182063058e-05,0.01753090067081,0.09396090956732896,0.027875588067830255
328,0.0,0.01294219998878914,0.02087210975228797,0.10234980538561829,0.03404102878167385
329,0.0,0.0879909268580253,0.0962433444220777,0.13063853145729376,0.07871820068434919
330,0.0,0.0,0.0,0.0,0.0
331,0.0,0.38806200321256995,0.04504225625144237,0.4190001229633506,0.21302609560684072
332,0.0,0.0,0.0,0.0,0.0
333,0.0,0.0,0.0,0.0,0.0
334,0.0,0.014669030051837301,0.003605313184289538,0.30290427809883774,0.08029465533374114
335,0.0025707222521305084,0.00011301387295017938,0.021131071521318698,0.01794455463067095,0.010439840569267583
336,0.0,0.0014790773632677552,0.00978071280761405,0.003667876445591899,0.003731916654118426
337,0.0,0.0,0.0,0.0,0.0
338,0.0,0.0,0.0,0.0,0.0
339,0.0,0.008127816363446814,0.13501094879852546,0.02353781323042448,0.041669144598099186
340,0.0,0.0,0.0,0.0,0.0
341,0.0,0.0011275774345660572,0.02445600816918387,0.005739256089434795,0.00783071042329618
342,0.001202260609716177,0.014814627992918175,0.02895297420401202,0.024731635871046622,0.01742537466942325
343,0.0053439270704984665,1.0,0.10584109063868792,0.47154261290771465,0.3956819076542253
344,0.0,0.0,0.0,0.0,0.0
345,0.0,0.395281609750424,0.05240203168095962,0.25293656746322335,0.17515505222365174
346,0.0,0.03278561589538662,0.0526484113548726,0.04049940915628476,0.031483359101635994
347,0.0,0.0,0.0,0.0,0.0
348,0.0,0.08577016867782948,0.05543517760714161,0.12385757874039027,0.06626573125634033
349,0.0,0.0,0.0,0.0,0.0
350,0.0,0.3282963732045888,0.033404721884320386,0.11195835698820591,0.11841486301927878
351,0.0,0.27091577961932023,0.02249342840207558,0.12571300664023927,0.10478055366540877
352,0.0,0.10534295777238038,0.06567344124210711,0.14583123417007224,0.07921190829613994
353,0.001202260609716177,0.07573483390012233,0.023093894892938886,0.05093398728034475,0.037741244170780536
354,0.0,0.02847574337883185,0.033753143909599846,0.11587839065647526,0.044526819486226735
355,0.00829651765525341,0.262127239426249,0.04581938066356351,0.15626981601389484,0.11812823843974019
356,0.0,0.13129629610882418,0.028178186285267217,0.07990317398130424,0.05984441409384891
357,0.004064867272973061,0.020916187213162983,0.03020958840157711,0.016545539727881392,0.017934045653898636
358,0.0,0.06410581110428318,0.047864045794881196,0.03822210980956348,0.037547991677181966
359,0.0,0.053331767125644865,0.04375494297628056,0.021461901314796025,0.029637152854180365
360,0.0,0.04872106686764822,0.04837418035163188,0.01627201417012003,0.02834181534735003
361,0.0,0.005026141450723923,0.01717474971450381,0.014304704724755661,0.009126398972495849
362,0.0,0.02764620612555093,0.031172482705164206,0.018752289434436218,0.01939274456628784
363,0.0,0.0012317375522171519,0.018639750914617927,0.007580911818098126,0.006863100071233301
364,0.006878179498016834,0.0008950349347422576,0.04091990905810863,0.0056929443229556806,0.013596516953455852
365,0.0,0.15748614613463277,0.020005380184220593,0.0618619278970157,0.059838363553967266
366,0.0,0.011663451615767723,0.03847482801693769,0.028762663645322213,0.019725235819506907
367,0.0015424333978444338,0.006317043786553481,0.011185867339338663,0.013864442958960527,0.008227446870674275
368,0.0025707222521305084,0.04950313954974997,0.03793149316094588,0.025856694816667684,0.028965512444873512
369,0.0038560833781957626,0.0044555619953938795,0.004721038009766392,0.006783222117406944,0.0049539763751907445
370,0.0,0.004057286418150906,0.017279871764650876,0.024025017562957836,0.011340543936439905
371,0.00454894220456481,0.0360924717348687,0.03689369058072065,0.022779991073968706,0.025078773898530717
372,0.08414901047945023,0.5641047662718605,0.026834098561899576,0.6242293327149833,0.3248293020070484
373,0.0009016955154947937,0.015537685792520954,0.031040505239373573,0.01804007684543926,0.016379990848207144
374,0.0,0.0042232027024659,0.030977565206261493,0.0101215287103092,0.011330574154759148
375,0.0028297370299696922,0.010792591111412913,0.020563989995634805,0.025993961477762083,0.015045069903694874
376,0.0,0.01655454726734747,0.04770652942900853,0.024984015461186632,0.022311273039385657
377,0.0,0.00486825114628032,0.03696571953118915,0.014901856454111713,0.014183956782895295
