feature,p_value,score,xgb
p1_H2,0.08873760067462207,2.905791155184775,0.0
p1_H3,9.771863650099655e-07,24.43701659831796,8.577515e-06
p1_PKB,1.767803232317107e-12,51.70923715730356,0.00024118471
p2_H2,0.2023643536904454,1.6284999313419954,0.0
p2_H3,0.10223130496448747,2.6779055487120704,0.0
p2_PKB,0.06458435531270659,3.4271407643423215,2.354538e-05
p3_H2,1.0341782420393077e-19,88.0574239249007,2.8317236e-05
p3_H3,0.0034126247281589233,8.635747581888745,2.8939789e-05
p3_PKB,0.0004640130537400306,12.380269490397929,8.697346e-05
p4_H2,0.05375813698332296,3.733675444611115,1.4506942e-05
p4_H3,2.751314884936898e-76,449.3540401914781,1.029675e-05
p4_PKB,2.390134434040972e-87,538.600620380723,1.528901e-05
p5_H2,4.809768951660368e-99,640.8785547967103,2.7230815e-06
p5_H3,4.207253069918521e-105,697.2702977455086,0.0
p5_PKB,1.3288232256720386e-104,692.5292212673468,0.0
p6_H2,5.585868986804861e-07,25.55670073351166,7.07854e-06
p6_H3,0.03871236891835794,4.29075211854487,6.6361845e-06
p6_PKB,0.01294391213826026,6.210837536399907,1.1138587e-06
p7_H2,6.461485633740614e-29,137.3056377787286,9.020119e-05
p7_H3,5.138430351813476e-49,256.99048233946803,1.5143505e-06
p7_PKB,2.7734808770392346e-44,227.24222381253728,8.627816e-06
p8_H2,0.4192848926521775,0.6531447802783409,0.0
p8_H3,0.82119821065026,0.05111899096759543,0.0
p8_PKB,0.009555799197114476,6.755729523231395,2.6082256e-05
p9_H2,6.47304464210521e-33,159.76137960304519,0.006802516
p9_H3,0.44197112165025254,0.5918803031998487,0.0
p9_PKB,1.153328426239159e-47,248.39426117843104,3.3059572e-05
p10_H2,1.0953547190469744e-17,77.67125615745205,5.6144772e-06
p10_H3,1.232935196273395e-71,413.8603077459666,0.0
p10_PKB,1.3851233981085988e-11,47.363949094278446,0.0002797717
p11_H2,2.1774081127024727e-46,240.35169795407353,1.5089465e-05
p11_H3,7.399443018349792e-31,148.12381781240327,0.0
p11_PKB,5.416476194267838e-26,121.29949091548423,0.0
p12_H2,0.0032190975600855077,8.743592040105668,0.0
p12_H3,1.182347121941273e-10,42.87437786876085,0.0
p12_PKB,0.026505061337676484,4.945164514019257,0.0
p13_H2,1.8389573217380358e-59,326.3154082046777,0.0014198709
p13_H3,5.704313623227691e-06,20.929061145714297,3.085422e-05
p13_PKB,1.6427060052066897e-41,210.27411785291383,5.218482e-06
p14_H2,0.02631508035774625,4.957698951327575,5.492186e-05
p14_H3,0.011715578390628216,6.389330379015365,1.6273865e-05
p14_PKB,0.000892829697708542,11.13998566583072,3.0423356e-05
p15_H2,2.3475368915790545e-64,360.604568466445,0.0
p15_H3,4.449436692177302e-127,923.3194701429644,0.00026760108
p15_PKB,3.258308803296869e-112,766.6151808902065,0.00026760108
p16_H2,4.9994584241726973e-17,74.32419980570646,9.315499e-06
p16_H3,6.1203387481208524e-77,454.4292646585907,1.5310958e-05
p16_PKB,2.903173221868378e-124,892.3727659403676,0.00026760108
p17_H2,5.4949751682569905e-17,74.11642874244187,9.696061e-05
p17_H3,2.4999058053860367e-134,1005.9286690711141,0.0
p17_PKB,1.3090444439932062e-122,874.4705767292908,0.00026760108
p18_H2,3.6910520884831296e-11,45.307151765142336,0.0
p18_H3,0.10922234098425299,2.5724556543096524,0.0
p18_PKB,0.007965910049028154,7.084667363472185,0.0
p19_H2,0.04555498048061692,4.013317809110283,1.1122301e-05
p19_H3,0.01994943072903894,5.443019760518853,0.0
p19_PKB,0.021505463352845765,5.3108848313297,0.0
p20_H2,5.691281541913528e-10,39.60859633864726,0.00047322025
p20_H3,0.10104043008133903,2.696655725338545,0.0
p20_PKB,0.011201625646339322,6.469811279419432,0.0
p21_H2,1.5564893486883823e-153,1246.3222637774654,1.701703e-06
p21_H3,3.4866721558098694e-89,554.1016001551191,1.6761875e-05
p21_PKB,2.6851618639208817e-128,936.9183135651864,8.7013095e-06
p22_H2,2.6469470114466757e-08,31.72046792567997,1.8395787e-05
p22_H3,0.012820351218980671,6.227985227262019,1.3717338e-06
p22_PKB,0.0333029892098617,4.5493773693064625,0.009921717
p23_H2,0.49569371729452927,0.46466452459743945,0.0
p23_H3,0.4956937172946976,0.46466452459713237,0.0
p23_PKB,0.49569371731051703,0.4646645245629297,0.0
p24_H2,1.5389208775047844e-42,216.5284645982205,1.021511e-05
p24_H3,1.857332411536469e-15,66.4242171487084,2.703593e-05
p24_PKB,2.7494846059161363e-32,156.19112487636176,6.0235784e-06
p25_H2,8.832980048228805e-11,43.48266557311179,0.0
p25_H3,1.1804005810174147e-10,42.87781308607343,0.0
p25_PKB,4.921142347189769e-16,69.31536064134322,1.621821e-05
p26_H2,0.0005992101536253132,11.894469888450299,1.4499454e-05
p26_H3,1.4074045406614735e-10,42.51122747892232,6.690533e-06
p26_PKB,7.311060446624814e-11,43.87752986001709,6.732456e-06
p27_H2,0.6652879690445896,0.18733373176587478,0.0
p27_H3,0.2678381261818327,1.2298826347239846,0.0
p27_PKB,0.24215302630958271,1.3705000462558106,0.0
p28_H2,8.323687863384278e-51,268.5103880980165,4.5836472e-07
p28_H3,0.21517973105123625,1.5392184438555185,0.0
p28_PKB,1.5946200405227376e-49,260.2450868770862,4.5836472e-07
p29_H2,7.148520444976141e-13,53.631007952031965,1.0953942e-05
p29_H3,1.7661821142320867e-10,42.03836096803677,2.6800328e-05
p29_PKB,1.2546463252776463e-10,42.750651761479396,2.065999e-06
p30_H2,0.0011048305714619587,10.738570700082795,0.0
p30_H3,0.0008002488074311422,11.34670798605152,0.0
p30_PKB,0.02863785301860311,4.810551474116439,0.0
p31_H2,0.007026548340202377,7.312369832318642,3.921207e-05
p31_H3,0.21517973105152755,1.5392184438535532,0.0
p31_PKB,0.004224528450594204,8.242545104328219,3.860186e-06
p32_H2,1.3412543871116364e-07,28.428417615099782,4.5985325e-05
p32_H3,0.8025786024435384,0.06255652950962556,0.0
p32_PKB,0.33377172405473243,0.9355936393142963,0.0
p33_H2,4.216356367813147e-05,17.001805249545782,8.789721e-06
p33_H3,0.009515562566717872,6.763338762714611,0.0
p33_PKB,0.22120450648626466,1.4994049444357824,0.0
p34_H2,2.1638292720707448e-54,292.0220284179599,3.381437e-05
p34_H3,5.98217932044004e-22,99.7224978253306,9.888738e-06
p34_PKB,0.3939084515092376,0.7278048724430988,0.0
p35_H2,0.10115299547536905,2.694873061529323,0.0
p35_H3,0.41006184691413117,0.6794944520897841,0.0
p35_PKB,0.22357568846712866,1.4840898489352283,0.0
p36_H2,0.10282840934489819,2.668594118669853,0.0
p36_H3,0.14942653449623985,2.0830018926029257,0.0
p36_PKB,0.014040984780792371,6.065598558387071,1.174722e-05
p37_H2,4.248663512975186e-11,45.012550849847045,0.0007547099
p37_H3,1.408722774802506e-62,348.00782118864845,4.4616296e-05
p37_PKB,4.185038421443199e-10,40.245825498125775,6.1702563e-06
p38_H2,4.001024422932176e-41,207.9346336501069,0.0008820482
p38_H3,0.001367045068895001,10.338560693891905,9.401633e-05
p38_PKB,0.009223071947251957,6.819665975955514,1.3195028e-05
p39_H2,0.944192493663102,0.004903977009182649,0.0
p39_H3,5.247174712087904e-07,25.68214827752494,1.3658671e-06
p39_PKB,1.7524647603652303e-08,32.56115887099881,1.08299455e-05
p40_H2,4.596669366339321e-15,64.45929551622159,1.6426178e-05
p40_H3,3.487762532365559e-06,21.903360330158275,0.0
p40_PKB,2.2446795330115732e-14,61.035714215941404,5.861007e-06
p41_H2,4.80723560619103e-10,39.95841722509851,0.00013678493
p41_H3,0.00711046379350893,7.290795458081491,2.6261703e-05
p41_PKB,0.04313608912775192,4.106047656757868,4.4895958e-05
p42_H2,1.2300383489187946e-07,28.603347911033023,0.000118890595
p42_H3,0.04049294755476956,4.213860559251033,2.4091622e-05
p42_PKB,0.05100871702217999,3.8220443809081033,3.1368687e-05
p43_H2,1.9332135374003248e-29,140.21121948544715,0.0
p43_H3,2.593720806213662e-167,1439.989642675615,0.0036357045
p43_PKB,9.488984900617555e-27,125.40868145584051,0.0
p44_H2,0.10907835195791683,2.574551855682232,0.0
p44_H3,0.41380551324720316,0.6686941884366777,0.0
p44_PKB,0.12348812454532516,2.378651530490048,0.0
p45_H2,2.350264946493279e-68,389.52345962410897,7.57955e-06
p45_H3,0.23710871321383012,1.4002716196286573,0.0
p45_PKB,0.00019324574846814357,14.055400234478984,7.5079442e-06
p46_H2,0.9041256091550977,0.014519804601859525,0.0
p46_H3,0.13824529572559585,2.2027723309726706,0.0
p46_PKB,0.7548737466956286,0.09756294496132598,0.0
p47_H2,0.0007899861713214994,11.371101400528326,3.641869e-06
p47_H3,0.06815486742925579,3.3379582516887165,0.0
p47_PKB,0.31404818145972063,1.0151383473216546,0.0
p48_H2,7.994718267337904e-153,1236.8346673090873,4.70328e-05
p48_H3,0.17212007029097715,1.868476437847237,0.0
p48_PKB,1.8431959211294816e-133,995.8188014114006,0.002046982
p49_H2,1.1417338667391229e-21,98.24841059709573,2.4663723e-05
p49_H3,0.20009405955731102,1.6450135557803185,0.0
p49_PKB,7.587874276306971e-21,93.9467179971734,6.442159e-05
p50_H2,0.05417749220834196,3.7206197516394814,0.00071894174
p50_H3,0.002488190038851081,9.220752453807371,0.0001210603
p50_PKB,0.013137050553111922,6.184369012806681,0.00012828113
p51_H2,8.14476186704331e-36,176.4572862436106,0.0
p51_H3,2.8722137902468035e-55,297.8653592532958,0.0
p51_PKB,6.012146315682803e-48,250.1874582979499,0.0
p52_H2,2.0023372230315947e-27,129.0982143683419,0.003972095
p52_H3,3.086396752003282e-55,297.6566205016123,0.0
p52_PKB,9.279111103477848e-36,176.12794274059314,0.00013875646
p53_H2,4.114646270732626e-40,201.8403540297037,0.0
p53_H3,0.027960711540656068,4.8521241258210495,1.2408076e-06
p53_PKB,3.7770701353138625e-28,133.07397491945432,9.946327e-06
p54_H2,1.5348686602256381e-59,326.8560768491148,8.147724e-06
p54_H3,2.4536140179036162e-55,298.3226983017752,0.0
p54_PKB,9.703244364974971e-54,287.7034305191765,0.0
p56_H2,1.1482008792480803e-05,19.549129147080755,1.0262e-05
p56_H3,0.009544963386999358,6.757775464809668,1.3126067e-05
p56_PKB,0.14741357450343529,2.103801580321837,0.0
p57_H2,2.9307703698720575e-07,26.852290405065567,0.00018120084
p57_H3,1.3583612211934444e-08,33.08129250003395,0.0
p57_PKB,0.00010800875115641497,15.176420054724622,0.0001029587
p58_H2,0.003906613141706317,8.386488567281607,0.0
p58_H3,0.020131948999230674,5.426977299398524,0.0
p58_PKB,0.02528565524089638,5.027299872851393,0.0
p59_H2,0.18658501022787802,1.7480498272445169,0.0
p59_H3,1.0,0.0,0.0
p59_PKB,0.18223314167493962,1.783110340903283,0.0
p60_H2,0.612382389571219,0.25696744217403894,0.0
p60_H3,1.0860416620153108e-05,19.65867177705778,0.00027083408
p60_PKB,0.020540867901687996,5.391576160101001,6.231314e-05
p61_H2,0.0004064144660829413,12.632670695489276,0.0
p61_H3,0.0926691552785072,2.835689007727806,0.0
p61_PKB,3.9590444278872525e-11,45.16036557295387,0.0
p62_H2,0.00023353017592597815,13.691940475953405,0.0
p62_H3,6.199508616826212e-05,16.251916016192276,0.0
p62_PKB,0.00012845019106442397,14.841755333156753,0.0
p63_H2,0.003402588755428131,8.64118518621763,3.6271398e-05
p63_H3,1.406570927081753e-07,28.332357010609915,0.0
p63_PKB,0.0007518920044155735,11.464544337487514,1.8527737e-05
p64_H2,0.7631644893150322,0.09087435893008983,0.0
p64_H3,0.0004559116136559629,12.413789303899732,3.402864e-05
p64_PKB,0.0018480478483105555,9.774505193009432,8.008751e-06
p65_H2,3.200627154706178e-05,17.539428971102794,0.0
p65_H3,0.0006626416481852694,11.70372528469897,0.0
p65_PKB,0.48691592689819085,0.4838836073272406,0.0
p66_H2,1.0,0.0,0.0
p66_H3,0.2699928943317229,1.2188511060182248,0.0
p66_PKB,0.26999289969488993,1.2188510786981455,0.0
p67_H2,1.0,0.0,0.0
p67_H3,0.45825772889161165,0.5508003176222283,0.0
p67_PKB,0.4582577339168571,0.5508003053012218,0.0
p68_H2,0.8036296863194046,0.06187829754134776,0.0
p68_H3,0.8036296863198553,0.06187829754108018,0.0
p68_PKB,0.8036296862852566,0.06187829756332064,0.0
p69_H2,0.18511291246068276,1.7598022836106413,0.0
p69_H3,0.8036296863191793,0.06187829754153076,0.0
p69_PKB,0.3216930886137175,0.9835426287153972,0.0
p70_H2,5.143682388713938e-16,69.21887195456816,0.0002987875
p70_H3,6.437756243751906e-27,126.32697923382594,0.0
p70_PKB,1.3459960704349927e-18,82.32136025557108,0.0
p71_H2,1.4154710314213334e-09,37.72482778475522,0.0
p71_H3,6.632562238037435e-13,53.79030369665391,0.0
p71_PKB,2.925893616843221e-11,45.79395117904597,1.8802947e-06
p72_H2,0.8036296863194046,0.06187829754139365,0.0
p72_H3,0.8036296863198553,0.06187829754108018,0.0
p72_PKB,0.8036296862831152,0.061878297564716134,0.0
p74_H2,3.165125088625527e-42,214.61887664383787,9.305929e-05
p74_H3,0.42950745723146344,0.6249318550549778,0.0
p74_PKB,3.8199347482715844e-52,277.2168968257198,1.5891148e-05
p75_H2,0.7387517436291238,0.11132148292176938,0.0
p75_H3,1.0,0.0,0.0
p75_PKB,0.7107181663253278,0.13768056475588084,0.0
p76_H2,0.5982834691078662,0.2778643295659044,0.0
p76_H3,0.4692317714935873,0.5243961341026997,0.0
p76_PKB,0.7475538988896849,0.10368557258583706,0.0
p77_H2,0.00023096577607973425,13.713115653861493,0.00117275
p77_H3,1.0,0.0,0.0
p77_PKB,0.00022950003562709887,13.725325774365416,0.00117275
p78_H2,0.9683356839427889,0.001576962087444032,0.0
p78_H3,1.0,0.0,0.0
p78_PKB,0.9683356839362416,0.0015769620882000466,0.0
p79_H2,3.9560504100844535e-13,54.89029308212579,2.0786454e-06
p79_H3,1.0,0.0,0.0
p79_PKB,0.07159725107595344,3.2565958602733405,0.0
p80_H2,2.0547574732033674e-127,927.0500254911498,0.0
p80_H3,2.5076961691906927e-149,1190.8417243573615,0.0
p80_PKB,8.513742690342774e-124,887.294528054837,0.0
p81_H2,8.327008874829061e-12,48.434892686084055,1.8843388e-05
p81_H3,0.8554977420448906,0.0331896759146621,0.0
p81_PKB,2.254805852876784e-22,101.95364028877415,2.9779958e-06
p82_H2,5.054802441430477e-28,132.37789433692546,9.408588e-06
p82_H3,2.6068757448029404e-16,70.7031401510498,0.0
p82_PKB,1.3629385159411039e-19,87.43805293061817,0.0
p83_H2,9.948272415995128e-58,314.45463025013083,0.00021418274
p83_H3,2.4817629094038094e-37,185.32493941610323,0.0
p83_PKB,4.639275950739697e-06,21.33796739557485,0.00077064696
p84_H2,2.6850275243489637e-34,167.67460024901422,0.00022336759
p84_H3,0.8821079054870793,0.02200939625559103,0.0
p84_PKB,3.65373819820115e-72,417.83234169555953,9.310026e-06
p85_H2,5.9935934556474795e-15,63.88508596630846,4.6539084e-05
p85_H3,1.0372063491891736e-08,33.632726687013275,0.0
p85_PKB,0.25214087278466646,1.3137266328401696,0.0
p86_H2,2.3748343099809607e-81,489.34688690799186,0.006507035
p86_H3,6.057014246274489e-44,225.1480023144147,0.0031448146
p86_PKB,3.720338933760552e-15,64.91737899890222,0.001940026
p87_H2,0.18628157890101688,1.7504634122866956,0.0
p87_H3,2.4545935037749615e-20,91.29367452389388,3.950695e-06
p87_PKB,1.154992996610247e-31,152.6642341308217,0.00029700296
p88_H2,6.777229617712811e-16,68.61752223569886,7.74527e-05
p88_H3,9.152915620906569e-51,268.243377486017,0.0
p88_PKB,0.00033429390339933016,13.00540295367612,1.1483048e-05
p89_H2,1.0834523291187097e-07,28.8599266048431,9.632606e-05
p89_H3,0.1285819270755909,2.3154059230934863,0.0
p89_PKB,2.123228588182642e-17,76.21004274437699,1.676403e-05
p90_H2,3.0588065105305835e-60,331.6942305672805,0.00041312375
p90_H3,3.2959229018238237e-95,606.4003595416377,0.0
p90_PKB,6.436483577023096e-80,477.8837786773178,5.082079e-05
p91_H2,0.0023598878877849274,9.319113258318922,8.751476e-05
p91_H3,8.061377163742313e-17,73.27452474752648,0.0
p91_PKB,2.7793578482441548e-142,1101.5512112837157,3.8451917e-06
p92_H2,1.3168090389990944e-40,204.8141144311315,2.6829687e-06
p92_H3,6.000352155321019e-65,364.83672520583434,0.0
p92_PKB,0.0018795402334899642,9.742971191518313,0.00020695383
p93_H2,7.200336691414433e-71,408.12330391720513,0.0073882537
p93_H3,2.614093972371896e-38,191.09331324607766,0.0003400802
p93_PKB,8.889222805031685e-22,98.81887203907336,0.000111798836
p94_H2,8.45668015788528e-233,2667.7509636319955,0.04404045
p94_H3,9.808736971141811e-169,1461.0746783192255,0.008284718
p94_PKB,1.3373764275027142e-105,702.0116783351872,0.03221987
p95_H2,4.1751987000737555e-64,358.82351809727055,3.371745e-05
p95_H3,0.56642240329482,0.32904002671849897,0.0
p95_PKB,1.1698314378646411e-38,193.16393886473506,1.899868e-05
p96_H2,0.0008619380334210663,11.206445122359792,0.0010334562
p96_H3,1.4479308056245128e-07,28.273820918333193,7.5874086e-06
p96_PKB,0.6679219489168255,0.18420945307436937,0.0
p97_H2,2.0317385134764412e-51,272.48459539579727,0.00015285776
p97_H3,1.980523170442622e-71,412.3164302919722,0.00059062487
p97_PKB,7.264711738643909e-109,733.5301272756019,0.0005750736
p98_H2,5.348294379463069e-08,30.29036379484832,0.0017358996
p98_H3,0.01967393146140774,5.467525289180725,0.0
p98_PKB,0.09809655680152073,2.7440647721888274,0.0
p99_H2,5.69069888739571e-64,357.8669477108074,6.0215138e-05
p99_H3,1.0335031849695148e-36,181.68955307363296,0.0
p99_PKB,0.0024051297426629457,9.28382138675884,1.7437784e-05
p100_H2,1.0117636549782625e-19,88.10661472082299,0.00020011091
p100_H3,4.3990688528678515e-11,44.939731476129616,0.0007485931
p100_PKB,0.03162605127397468,4.638586974765042,7.242744e-06
p101_H2,4.2245301004791565e-08,30.769398030117394,1.9186606e-05
p101_H3,6.0443438079531354e-09,34.738644910495104,3.8668545e-06
p101_PKB,4.806000332953521e-13,54.475764841408,0.0
p102_H2,0.8178132253511816,0.05310783364799788,0.0
p102_H3,0.9146539396450665,0.011494355131944094,0.0
p102_PKB,0.9245353674188191,0.008979257461878153,0.0
p103_H2,1.6982686625495297e-13,56.694877232821426,0.0
p103_H3,3.425184686627441e-31,150.00356328308436,0.0
p103_PKB,0.46739267859183486,0.5287518674475395,0.0
p104_H2,0.0009431118669964663,11.036641756197406,0.0031374495
p104_H3,0.04197469595655636,4.152538500984251,0.0
p104_PKB,9.55194476077723e-37,181.88992635892973,1.933051e-06
p105_H2,9.553411637363758e-10,38.53679434112301,6.7675624e-06
p105_H3,0.6776657826993593,0.1729205460553612,0.0
p105_PKB,1.9608951407663952e-13,56.38763471289774,2.616492e-06
p107_H2,3.278016698756544e-08,31.285191655097385,2.1247155e-05
p107_H3,5.506426455127379e-07,25.585424693211966,3.5523477e-05
p107_PKB,0.9805326525586199,0.0005958711577678231,0.0
p108_H2,1.2971590010159246e-08,33.17548945350698,1.5669486e-05
p108_H3,5.411932478786199e-21,94.7123150921434,5.2340136e-05
p108_PKB,2.8764930181319186e-55,297.8610379124009,0.00015253607
p109_H2,0.1467438803962121,2.110792778670654,0.0
p109_H3,0.8441397566332627,0.03868272153071541,0.0
p109_PKB,2.7804162145099006e-16,70.56223800879646,2.1150121e-05
p110_H2,0.4692317714941101,0.5243961341014916,0.0
p110_H3,1.0,0.0,0.0
p110_PKB,0.46923177163091456,0.5243961337784758,0.0
p111_H2,7.98903772529712e-14,58.30884560412429,0.00015910438
p111_H3,0.36463755653556107,0.8230054398825991,0.0
p111_PKB,0.5756466763421972,0.31364076407949903,0.0
p112_H2,7.496428910902915e-05,15.88331446292953,1.4565947e-05
p112_H3,1.0,0.0,0.0
p112_PKB,0.06864519432295418,3.326103239876786,1.0569303e-05
p113_H2,0.8036296863195171,0.061878297541316164,0.0
p113_H3,0.8036296863191793,0.06187829754153076,0.0
p113_PKB,0.9614136995188329,0.0023423848982170813,0.0
p114_H2,8.161871958537636e-35,170.65580763277902,0.000114325856
p114_H3,1.365248709830837e-08,33.070959935518275,0.0
p114_PKB,0.03474983650041559,4.476109164228313,4.8440554e-05
p115_H2,8.224349197375842e-27,125.74711342648422,1.0404774e-05
p115_H3,1.7889757198168154e-30,145.9749436163671,8.690069e-06
p115_PKB,2.1812115021758957e-38,191.55907125038866,1.3472263e-05
p116_H2,0.03590317681231824,4.419958786229456,5.336442e-05
p116_H3,1.320353256597519e-16,72.19226666199141,0.0019775385
p116_PKB,2.975252591481668e-31,150.34773461515553,1.9704632e-05
p117_H2,3.3426251867519275e-101,660.690444124266,0.0
p117_H3,0.18819811480019916,1.7352950185914775,0.0
p117_PKB,2.2148706192887887e-07,27.416281709540616,0.0
p118_H2,0.0030080489367425023,8.869004204885886,5.3565574e-05
p118_H3,1.742845652117559e-19,86.8868302813868,0.0001223625
p118_PKB,1.4360873724383124e-16,72.00814625299391,0.0057122344
p119_H2,0.04449602705065427,4.053258114768155,8.939705e-05
p119_H3,0.004949539889709379,7.951854491534492,0.0
p119_PKB,0.00278534785984012,9.011456338379489,0.00010953337
p120_H2,3.0974276011643736e-15,65.31450239832904,1.4745485e-05
p120_H3,2.6712237522195753e-08,31.701874255721478,0.0
p120_PKB,8.551213327525325e-46,236.6320399787837,0.0060386187
p121_H2,0.5594687573601331,0.3409747650160576,0.0
p121_H3,0.8036296863198553,0.06187829754108018,0.0
p121_PKB,0.8036296848200445,0.0618782985059876,0.0
p122_H2,5.98195722067376e-11,44.29680758944861,0.0004560689
p122_H3,1.2815722137616273e-10,42.70639454408832,0.0
p122_PKB,8.850688890917813e-10,38.69474574186365,0.002714039
p123_H2,2.06613737276466e-31,151.23962161375428,0.00014596418
p123_H3,4.0190497966300676e-37,184.09463437647116,0.00035555867
p123_PKB,4.031576670654726e-30,144.00248643365856,8.794692e-05
p124_H2,0.02214697894807247,5.259273757449926,0.00018147174
p124_H3,5.867889433339271e-116,804.5543879393227,0.00032411565
p124_PKB,5.493518541233047e-120,846.5078962960882,0.00036162583
p125_H2,1.2651955617497192e-145,1143.354978883905,0.00029031356
p125_H3,3.279846243486002e-14,60.21983600516324,0.0
p125_PKB,3.1749943983088916e-06,22.089781543678253,0.0
p126_H2,0.8036296863186156,0.06187829754180679,0.0
p126_H3,0.8036296863186156,0.06187829754185035,0.0
p126_PKB,0.8036296861292798,0.06187829766368732,0.0
p127_H2,0.6043896735335763,0.26868673426371054,0.0
p127_H3,0.6740057429971085,0.17711166123545483,0.0
p127_PKB,0.6359276256581722,0.22431801037870688,0.0
p128_H2,0.9214327790747432,0.009735219545974028,0.0
p128_H3,0.8036296863198553,0.06187829754108018,0.0
p128_PKB,0.7815042312734899,0.07699164445703971,0.0
p129_H2,9.159592190050665e-09,33.887085924420475,2.3945213e-05
p129_H3,8.86700070912433e-11,43.47464176722779,0.0
p129_PKB,1.3936903327486917e-17,77.13908508642587,2.201076e-05
p130_H2,2.246597901577381e-19,86.31809461113183,4.031431e-05
p130_H3,1.0,0.0,0.0
p130_PKB,2.716378858855344e-52,278.1852893999993,1.6876615e-05
p131_H2,4.531073594523235e-06,21.38469637103256,0.0
p131_H3,1.0,0.0,0.0
p131_PKB,4.531073177432233e-06,21.384696553316374,0.0
p132_H2,3.393408274906711e-21,95.77115365664991,0.0
p132_H3,3.393408274906831e-21,95.77115365664976,0.0
p132_PKB,3.393408276616248e-21,95.77115365550621,0.0
p133_H2,9.127861214584802e-07,24.573318145995135,2.8774813e-05
p133_H3,7.11666034200405e-54,288.59401953332673,0.0
p133_PKB,9.185389066669818e-40,199.7506304003966,2.5937683e-05
p134_H2,0.8036296863194046,0.06187829754136489,0.0
p134_H3,1.0,0.0,0.0
p134_PKB,0.803629686434584,0.061878297467257565,0.0
p135_H2,0.8036296863194046,0.06187829754139365,0.0
p135_H3,1.0,0.0,0.0
p135_PKB,0.8036296906409967,0.06187829476080648,0.0
p136_H2,4.1548849507238024e-22,100.55515877307153,0.0
p136_H3,2.052009432129595e-05,18.408977639618744,0.0
p136_PKB,2.7531601526592545e-23,106.7863102129123,0.0
p137_H2,0.16343042727812473,1.946577701521754,0.0
p137_H3,0.5853742286596477,0.29792241679409054,0.0
p137_PKB,1.2857562244688102e-10,42.6996013382773,1.6684049e-06
p138_H2,0.37168865220940006,0.7991109707812918,0.0
p138_H3,1.0,0.0,0.0
p138_PKB,0.37168861538770226,0.7991110939067233,0.0
p139_H2,7.6298273139552945e-149,1184.5739140246765,0.0
p139_H3,1.0,0.0,0.0
p139_PKB,7.629807061450363e-149,1184.5739289512974,0.0
p141_H2,0.007510937142532664,7.191303884334195,0.0
p141_H3,0.007510937142497915,7.1913038843426005,0.0
p141_PKB,0.007510937307224209,7.191303844546758,0.0
p142_H2,0.03150636835406687,4.645142006732774,0.0
p142_H3,0.03150636835392634,4.645142006740444,0.0
p142_PKB,0.0315063683636769,4.64514200620534,0.0
p143_H2,0.5576835997001924,0.34408472118841893,0.0
p143_H3,0.6976058875859587,0.1511075580873184,0.0
p143_PKB,3.010295066632615e-05,17.659177153701325,9.185604e-07
p144_H2,0.002292464442587038,9.373006720525959,0.0
p144_H3,9.536421320896138e-05,15.417158712977239,0.0
p144_PKB,0.00021590917810382923,13.842446926643651,0.0
p145_H2,4.370237619411242e-08,30.70049686895806,0.0
p145_H3,2.1271700045807684e-26,123.50152809672612,0.0
p145_PKB,1.0848299442926681e-14,62.60314343671945,0.0017990599
p146_H2,2.8578159160323075e-42,214.88908222831762,2.1476412e-06
p146_H3,1.0,0.0,0.0
p146_PKB,2.318420257110035e-40,203.33634752265803,4.526287e-07
p147_H2,1.336712116874775e-10,42.61860506107781,0.0005201487
p147_H3,0.08614284318596627,2.953932227845903,0.0
p147_PKB,1.4706694551724652e-11,47.23796420569882,1.9269364e-06
p148_H2,0.8199737199015436,0.051833829187831644,0.0
p148_H3,0.8036296863198553,0.06187829754108018,0.0
p148_PKB,0.8456899777430648,0.03790729018085576,0.0
p149_H2,5.5422040534465486e-05,16.46968257458726,6.331023e-06
p149_H3,7.754259706320935e-07,24.89959230727687,0.0
p149_PKB,2.1209527396698061e-29,139.98765587995342,9.295612e-05
p150_H2,0.9269732452873993,0.008406875425201073,0.0
p150_H3,2.491877125366984e-28,134.06863185237862,0.00096325803
p150_PKB,1.7002696346847124e-23,107.89854126099416,0.00020537068
p151_H2,0.37903109178532124,0.7748941854576783,0.0
p151_H3,2.240296687827657e-09,36.77828487873639,0.0014591189
p151_PKB,0.00024832615426256897,13.574175963911635,9.697418e-06
p152_H2,2.1836825622532538e-45,234.0918362508391,6.9118e-05
p152_H3,2.7907212419850023e-47,245.9676996237147,0.0
p152_PKB,5.986171316119011e-47,243.87736268525504,0.0017615663
p153_H2,0.0013424237518396963,10.372649555404081,0.0
p153_H3,0.00015631165175872315,14.463390847831219,0.0
p153_PKB,0.00013443943623795405,14.753855340942776,0.0
p154_H2,0.00017289138308169424,14.269372923865145,2.7666214e-05
p154_H3,9.011564968506184e-07,24.59896001195364,6.057429e-06
p154_PKB,4.615713840634463e-06,21.348048969081244,8.574676e-05
p155_H2,2.217482150925838e-08,32.08117351007227,5.123777e-05
p155_H3,0.20880832052568554,1.5827943221557497,0.0
p155_PKB,0.4086315080985148,0.6836593430032796,0.0
p156_H2,7.844953108263941e-89,551.1126283470023,0.0
p156_H3,0.37335534722545805,0.7935552627744911,0.0
p156_PKB,1.1658158114264983e-07,28.711756596859487,0.0
p157_H2,4.261446033448589e-37,183.94530186812526,1.9722575e-05
p157_H3,1.0,0.0,0.0
p157_PKB,4.317733660269577e-14,59.629035143486604,1.6002301e-06
p158_H2,0.7188136097906349,0.1297444619486903,0.0
p158_H3,0.23657166930328122,1.4034865728279444,0.0
p158_PKB,0.009866731500763736,6.698015267939842,6.4705375e-05
p159_H2,4.677773906326354e-54,289.80079490038725,2.4351913e-05
p159_H3,0.3126001438020488,1.0212366882086685,0.0
p159_PKB,3.314424875744047e-30,144.47752587093314,5.9731615e-06
p160_H2,3.648482491154067e-47,245.2330318481445,5.1643146e-05
p160_H3,0.00035212922985498467,12.906148386637318,0.0
p160_PKB,0.7318756645641822,0.11749687097592616,0.0
p162_H2,0.0009206058685268054,11.082189650492925,1.4995699e-05
p162_H3,0.015063456055324545,5.940411295721056,0.0
p162_PKB,4.669597787879396e-18,79.55835998762366,1.1073861e-05
p163_H2,2.465944752456325e-18,80.9751367907879,5.1428142e-05
p163_H3,5.3420298097566956e-51,269.7583753261164,0.0
p163_PKB,4.206578271277363e-06,21.531882410338262,8.221978e-06
p164_H2,6.328204907573588e-06,20.7239049454559,0.00061598665
p164_H3,7.9910863158472255e-25,114.99501368082939,0.00035823975
p164_PKB,0.00010975373532123687,15.14545233832788,6.485511e-05
p165_H2,3.523556863822252e-20,90.47877677258825,1.3555424e-05
p165_H3,0.24381977558407097,1.3608286100375413,0.0
p165_PKB,0.028631681003875843,4.81092575042765,5.971593e-05
p166_H2,4.624564059728442e-22,100.31040418312227,4.6780333e-05
p166_H3,0.7109204809152168,0.137478970420037,0.0
p166_PKB,0.34672038107111636,0.8867036263483294,0.0
p167_H2,3.0855089748149804e-42,214.68626716451126,0.004562584
p167_H3,5.121241674065471e-54,289.540178944826,0.0
p167_PKB,0.006117856885622243,7.564486525731591,0.0
p168_H2,1.1459013086401444e-42,217.3106004522791,0.0005922625
p168_H3,0.11963653503436708,2.428431859541689,0.0
p168_PKB,2.3124224369547038e-05,18.174975031093577,3.446628e-05
p169_H2,1.1806085711675948e-28,135.85839628091762,3.4849327e-06
p169_H3,1.0324119632360073e-14,62.71004756958436,0.0
p169_PKB,2.4547457347716763e-06,22.600835064124286,0.00034636867
p170_H2,0.10382886748465063,2.653124804933025,0.0
p170_H3,1.0,0.0,0.0
p170_PKB,2.6696836189436784e-05,17.89388140307576,0.00024911782
p171_H2,0.8036296863195171,0.061878297541255754,0.0
p171_H3,0.8036296863198553,0.06187829754108018,0.0
p171_PKB,0.8036296863310127,0.06187829753385128,0.0
p172_H2,1.8609710785500094e-127,927.5289680427172,2.7458678e-05
p172_H3,0.0008366944693444381,11.262571361703385,0.0
p172_PKB,1.2989626642536985e-116,811.2933071938893,2.7923068e-05
p173_H2,0.8937093230954746,0.017866109691110046,0.0
p173_H3,0.017609438240751122,5.663322711148912,0.0
p173_PKB,0.7180417389129008,0.13048964417979175,0.0
p174_H2,0.8036296863195171,0.061878297541239205,0.0
p174_H3,1.0,0.0,0.0
p174_PKB,0.8036296862805231,0.061878297566454854,0.0
p175_H2,0.7367929166089777,0.11306179175629756,0.0
p175_H3,0.7367929166093841,0.1130617917559394,0.0
p175_PKB,0.7367929164758442,0.11306179187512762,0.0
p176_H2,0.7414093671764437,0.10898428750936799,0.0
p176_H3,0.7414093671769415,0.10898428750887663,0.0
p176_PKB,0.7414093671734575,0.10898428751190758,0.0
p178_H2,5.116252328604861e-12,49.461933826480625,4.838252e-06
p178_H3,5.116252330640674e-12,49.461933825640834,4.838252e-06
p178_PKB,5.116250687265672e-12,49.461934503550985,4.838252e-06
p179_H2,1.7681512661791056e-54,292.60474421676605,0.0
p179_H3,2.4536140179048018e-55,298.32269830177364,0.0
p179_PKB,2.0222238756226764e-37,185.84809547996267,0.00026227642
p180_H2,0.8036296863195171,0.06187829754124572,0.0
p180_H3,1.0,0.0,0.0
p180_PKB,0.8036296863460018,0.06187829752418665,0.0
p181_H2,5.51359182926714e-50,263.2092042018765,0.0
p181_H3,0.03520900564296458,4.453523659701536,0.0010702542
p181_PKB,2.3968599758463684e-54,291.72703590299255,0.0
p183_H2,2.5541795068795743e-06,22.521907996202767,0.00065922044
p183_H3,0.9254135960422679,0.008770869736512931,0.0
p183_PKB,1.8979731920736074e-07,27.727573887604283,0.0009350147
p184_H2,5.393265748141804e-59,323.1032579312934,0.0
p184_H3,5.36882637019956e-13,54.2400177281348,0.0
p184_PKB,5.529638836797674e-95,604.4093115950881,0.0
p185_H2,9.223042476601411e-25,114.66068652445341,6.028377e-07
p185_H3,3.005602487465268e-47,245.76430326943682,0.0
p185_PKB,1.9745331402831848e-45,234.3642751247908,0.0010388903
p186_H2,0.0558707597409105,3.6689739823703786,0.0
p186_H3,0.05310601709661586,3.7541941186710552,0.0
p186_PKB,0.054646607539778555,3.7061414859361137,0.0
p187_H2,0.46923177149395634,0.5243961341018406,0.0
p187_H3,1.0,0.0,0.0
p187_PKB,0.46923177159083895,0.5243961338731316,0.0
p189_H2,0.00015211905410259617,14.515749608972506,1.4604914e-05
p189_H3,0.8036296863198553,0.06187829754108018,0.0
p189_PKB,8.459990146888411e-05,15.648995382908685,0.0
p191_H2,1.828909814278678e-240,2852.1298989032193,1.0
p191_H3,3.38409211161684e-55,297.3894381043999,0.0
p191_PKB,0.03250047361145361,4.591468199630016,0.0
p192_H2,7.990153762227802e-09,34.16673132715224,0.0
p192_H3,2.863356865677611e-51,271.5160824113981,0.0
p192_PKB,3.482727921737857e-09,35.870494142322286,0.0
p193_H2,2.448776222124603e-42,215.29790510947325,0.0
p193_H3,0.482844873491175,0.49299421553170536,0.0
p193_PKB,5.1067606889159923e-11,44.6275958432252,0.0
p194_H2,0.004866371196389056,7.982909180859731,3.9351013e-05
p194_H3,5.332722632664804e-11,44.53703420817449,1.2137296e-05
p194_PKB,8.715753655830861e-07,24.66571304231097,9.617148e-06
p195_H2,0.000824627005763622,11.290011297413225,5.6956533e-06
p195_H3,6.705101436825831e-05,16.099713128182675,2.7874614e-06
p195_PKB,0.07538650178603302,3.1717586826778814,0.0
p196_H2,0.20686559061713325,1.5963960390201573,0.0
p196_H3,5.302983246562538e-05,16.55547005001624,7.00168e-06
p196_PKB,8.609196698832131e-11,43.53623122576095,5.2299172e-05
p197_H2,3.013839000568336e-19,85.6605792906022,4.7572452e-05
p197_H3,1.2654958423963705e-10,42.732705107518285,6.469338e-06
p197_PKB,1.9455177345526102e-32,157.04345282820387,2.102982e-05
p198_H2,4.1857042474750044e-58,317.01522149233574,9.541784e-06
p198_H3,1.0689284084039453e-61,341.8315874847825,2.2036917e-05
p198_PKB,6.721826848116113e-65,364.4837890945322,2.9479967e-05
p199_H2,3.068622424608505e-23,106.53620946840275,0.00017314221
p199_H3,1.137285259429294e-09,38.17658345485441,4.3629345e-07
p199_PKB,6.4534012182385054e-21,94.31348829090585,0.00025015086
p200_H2,0.0002717768191800522,13.401330019662351,0.060709525
p200_H3,6.940504285907401e-29,137.1337825624655,0.0
p200_PKB,0.03657435820315044,4.3881467057326375,0.08564174
p201_H2,7.825853410210756e-12,48.565668256432055,6.547403e-05
p201_H3,0.47242371817238216,0.516901237957054,0.0
p201_PKB,1.2117206662626782e-19,87.70185914851467,1.5964788e-05
p202_H2,2.0378884165465364e-52,279.00237536663866,0.0
p202_H3,2.5163012847429985e-43,221.34276508404363,0.0
p202_PKB,0.04026410353417432,4.223541456832901,0.0
p203_H2,0.0005320652307503096,12.120073658382546,8.154723e-06
p203_H3,0.0005320652307534564,12.120073658371323,8.154723e-06
p203_PKB,0.0005320652186278132,12.120073701664763,8.154723e-06
p204_H2,2.492351841389804e-43,221.3682614408377,8.882933e-05
p204_H3,2.006972220813534e-88,547.6596043080506,0.0
p204_PKB,0.00017288222410186937,14.2694748291569,0.094135866
p205_H2,5.798765443901699e-06,20.896591703379766,0.00041864204
p205_H3,4.865868191396284e-83,503.0033854137977,0.000104343
p205_PKB,3.431229651549045e-52,277.52160485962645,3.9065704e-05
p206_H2,8.605362717943496e-73,422.57396496389043,0.0
p206_H3,1.6035515135315545e-14,61.7602350021888,0.0
p206_PKB,1.838135753805451e-42,216.05757523329817,0.0
p207_H2,8.896504738169249e-07,24.624658991904,0.002371105
p207_H3,0.8036296863200809,0.06187829754094808,0.0
p207_PKB,1.7531707635780546e-12,51.72684946285104,0.0012812143
p208_H2,4.2461762767309184e-21,95.26240602306001,1.2138321e-05
p208_H3,0.05981150200397285,3.5549577780688075,0.0
p208_PKB,3.807960550494993e-05,17.200384396076913,0.0
p209_H2,0.914355023169771,0.011575324310995302,0.0
p209_H3,0.1427217323580681,2.153554313748443,0.0
p209_PKB,9.076297307836671e-07,24.584646556710513,2.5584375e-05
p210_H2,2.688905644243762e-46,239.7769270398385,5.2430827e-05
p210_H3,2.8309151984698123e-12,50.71237752432231,0.0
p210_PKB,0.0001770276985609286,14.223899687921795,0.00025473267
p211_H2,6.562094514921241e-10,39.31375419797964,0.0
p211_H3,3.176094198896653e-10,40.81833470425951,0.0
p211_PKB,3.1137097807366624e-10,40.85952884084604,0.0
p212_H2,2.830533409447312e-51,271.5486112634079,0.0
p212_H3,0.8346117090862354,0.043628364380762764,0.0
p212_PKB,2.2066648122420573e-54,291.96548357905425,0.0
p213_H2,5.0042498645959e-10,39.8751629432238,0.00019786684
p213_H3,0.8412355078239059,0.04015741587529233,0.0
p213_PKB,1.5103201902929863e-12,52.0428927879329,0.00018792458
p214_H2,4.333376404312424e-11,44.97122440416079,2.3267394e-05
p214_H3,0.450168000090331,0.5709150156239661,0.0
p214_PKB,0.2145621121086553,1.543374922415725,0.0
p215_H2,1.0,3.042723761818567e-14,0.0
p215_H3,1.0,0.0,0.0
p215_PKB,0.3181302395408744,0.9981433794197745,0.0
p216_H2,1.8222547817099615e-05,18.64175724121458,8.465115e-06
p216_H3,1.0,0.0,0.0
p216_PKB,2.5455842099757404e-05,17.986980634249935,0.0
p217_H2,2.014171052907144e-05,18.445449263645095,3.5194615e-05
p217_H3,1.0632634222179893e-14,62.64648603499286,1.174104e-05
p217_PKB,1.8418138610609257e-10,41.95109024616467,3.4312267e-05
p218_H2,0.005666389103217109,7.704401267019381,1.2759389e-05
p218_H3,0.00010873667605873597,15.163440832523294,1.1275585e-05
p218_PKB,0.20709661718129768,1.5947706336967757,0.0
p219_H2,0.1629071994596737,1.951431603077929,0.0
p219_H3,1.0,0.0,0.0
p219_PKB,0.22145971002293208,1.4977471951897963,0.0
p220_H2,9.03121704697527e-06,20.021985070132356,1.6653357e-05
p220_H3,0.5949908236282072,0.28289508252032874,0.0
p220_PKB,3.623926516816193e-20,90.41550462433791,7.926661e-06
p221_H2,1.9778897184084922e-38,191.81092134839642,0.0
p221_H3,0.10562934610059184,2.6256932010592307,0.0
p221_PKB,5.178611713000225e-48,250.5987788922614,0.0
p222_H2,1.1491250982790182e-55,300.5281828310456,0.00024490655
p222_H3,1.9679528677719744e-26,123.68511719518489,0.0
p222_PKB,2.0108848105630757e-24,112.84585337695262,0.0
p223_H2,0.7367929166085714,0.11306179175660606,0.0
p223_H3,0.736792916607921,0.11306179175724482,0.0
p223_PKB,0.7367929095863941,0.1130617980223313,0.0
p224_H2,9.291924292435986e-65,363.478002816997,5.9252743e-06
p224_H3,3.3657275673774367e-132,981.2296560343177,0.0
p224_PKB,5.848717621082711e-107,715.0441831514769,0.00035026303
p225_H2,0.5481862949391442,0.3609523027879756,0.0
p225_H3,1.2755771862631324e-12,52.40115573940003,0.0
p225_PKB,3.2192961378396126e-06,22.062280274590478,1.7108532e-05
p226_H2,2.372349565716433e-54,291.75667713905597,0.0
p226_H3,1.0,0.0,0.0
p226_PKB,2.372348687574839e-54,291.7566782065148,0.0
p227_H2,9.531050806990395e-37,181.89549569005734,1.0817145e-05
p227_H3,5.9560983014997585e-53,282.50791746835796,0.0
p227_PKB,1.621829509110066e-39,198.27436718418002,0.0
p228_H2,3.3808220916734085e-55,297.3922428486479,0.000118231554
p228_H3,7.642997764932247e-18,78.46713198762137,9.761905e-06
p228_PKB,2.064290935059962e-06,22.94540145546569,0.00019844496
p229_H2,0.4981407165464624,0.45940830183444326,0.0
p229_H3,0.48806686901741925,0.4813307615188007,0.0
p229_PKB,0.34984672393037,0.8752685088731346,0.0
p230_H2,4.035646371695935e-06,21.614079502166526,0.0
p230_H3,1.0,0.0,0.0
p230_PKB,0.0006315116349495897,11.794909836341732,0.0
p231_H2,0.045418918020942306,4.018394448539174,0.0
p231_H3,0.017420577888668926,5.682408111185954,0.002617302
p231_PKB,0.27011088793122584,1.2182502096084387,0.0
p232_H2,9.113829512147846e-06,20.004037001803766,1.973961e-05
p232_H3,4.4829101488940726e-05,16.882397553050417,0.0
p232_PKB,0.04000917297629849,4.234394313922574,6.599501e-06
p233_H2,0.00223799730333444,9.417734751562277,0.0
p233_H3,0.4692317714935873,0.5243961341026997,0.0
p233_PKB,0.002191239597652717,9.457024194545177,0.0
p234_H2,0.8501197823598425,0.03573632565202442,0.0
p234_H3,0.4692317714935873,0.5243961341026997,0.0
p234_PKB,0.052385662890844016,3.777172940521656,0.0
p235_H2,0.38220661943438083,0.7646245750363819,0.0
p235_H3,0.13473148594129433,2.2426781512565226,0.0
p235_PKB,5.4316938862681467e-05,16.5088390237794,1.4311246e-05
p236_H2,0.03855127809053188,4.297891236565285,0.0
p236_H3,0.02866845173327497,4.808697184000836,0.0
p236_PKB,0.04428762605055195,4.061236419372791,0.0
p237_H2,0.34950406124042144,0.876515057742841,0.0
p237_H3,1.0,0.0,0.0
p237_PKB,0.5340447332400191,0.38710030362027914,0.0
p238_H2,3.069527355505166e-54,291.0139821192374,3.5485984e-06
p238_H3,0.0007689236722255355,11.422187204866486,0.0
p238_PKB,1.2746262360219844e-75,444.20122742213977,0.0
p239_H2,0.006196259547108116,7.5412692419474485,0.0
p239_H3,0.3017125610982471,1.0682992044174304,0.0
p239_PKB,0.0386552583590745,4.293279528299674,0.001277868
p240_H2,0.7045019826471002,0.14395684687073143,0.0
p240_H3,0.4692317714942026,0.5243961341013033,0.0
p240_PKB,0.4571909827614845,0.5534206232653859,0.0
p241_H2,9.027174943227546e-57,307.96233652745445,7.1856266e-05
p241_H3,2.1075671726731505e-54,292.0980273185261,7.1856266e-05
p241_PKB,0.03592922099747441,4.418712769308448,1.5869531e-05
p242_H2,9.742272517240313e-06,19.87263928437972,1.4983032e-06
p242_H3,1.0,0.0,0.0
p242_PKB,9.742272537522014e-06,19.87263928027836,1.4983032e-06
p244_H2,0.3583595390687977,0.8448260705996364,0.0
p244_H3,1.0,0.0,0.0
p244_PKB,0.31913464352668053,0.99400556438807,0.0
p245_H2,0.8036296863194046,0.06187829754141263,0.0
p245_H3,0.004625887305079858,8.075851284441812,0.0
p245_PKB,0.004877280888097776,7.978804802082304,0.0
p246_H2,0.8036296863195171,0.06187829754125403,0.0
p246_H3,0.8036296863198553,0.06187829754108018,0.0
p246_PKB,0.8036296864894688,0.06187829743190522,0.0
p247_H2,0.8036296863194046,0.06187829754139365,0.0
p247_H3,1.0,0.0,0.0
p247_PKB,0.9389589493407537,0.00586876840920344,0.0
p248_H2,0.5604776415036091,0.3392255382717786,0.0
p248_H3,5.345956894214703e-09,34.990480909085754,8.091389e-06
p248_PKB,0.015246946834701486,5.918876558552316,9.553553e-06
p249_H2,1.0,0.0,0.0
p249_H3,1.0,0.0,0.0
p249_PKB,0.553470676743721,0.3514996917078227,0.0
p250_H2,0.8036296863198553,0.06187829754109694,0.0
p250_H3,1.0,0.0,0.0
p250_PKB,0.8036296815287556,0.06187830062364176,0.0
p251_H2,0.0017536404147046796,9.8724172563444,0.0
p251_H3,0.061318370034228895,3.5134614024744275,0.0
p251_PKB,0.00015158759931960567,14.52249046889685,0.0
p252_H2,3.6113572432689274e-05,17.30377644793937,0.0
p252_H3,2.2179145712893834e-05,18.25667871824603,7.3989334e-08
p252_PKB,0.04014982302092318,4.228397618844548,0.0
p253_H2,0.7231822116545726,0.125572235573427,0.0
p253_H3,0.8036296863198553,0.06187829754108018,0.0
p253_PKB,0.24798744650188367,1.3369950321256612,0.0
p254_H2,4.810611067607883e-10,39.95696218089083,0.0
p254_H3,1.0,0.0,0.0
p254_PKB,0.0012664600645121342,10.481969005050741,0.0
p255_H2,0.00025990240073247347,13.48688139287565,4.766504e-06
p255_H3,1.0,0.0,0.0
p255_PKB,0.008475778336133869,6.972346503692071,4.7180315e-06
p256_H2,0.0010663314508395855,10.805312363292476,1.12157e-05
p256_H3,1.0,0.0,0.0
p256_PKB,0.9438195678931507,0.0049698454690023305,0.0
p257_H2,0.37022023553845884,0.8040347105057437,0.0
p257_H3,1.0,0.0,0.0
p257_PKB,0.24808416151528165,1.3364477852647623,0.0
p258_H2,3.049767436071829e-25,117.2451177774849,0.0
p258_H3,1.0,0.0,0.0
p258_PKB,0.005817235750334785,7.6564214968499105,0.0
p259_H2,2.874588959749409e-67,381.57916554176404,2.7078771e-05
p259_H3,0.8481032731039013,0.03671634971202118,0.0
p259_PKB,6.576291673498189e-10,39.3092799902759,1.335417e-05
p260_H2,1.0494057254808627e-38,193.4440973500861,2.8658646e-06
p260_H3,1.8674047808213214e-50,266.24102336633206,3.8878265e-05
p260_PKB,3.124201489560289e-56,304.32693278715345,5.47295e-06
p261_H2,2.8682267398216096e-41,208.8086320919339,0.001413579
p261_H3,2.8682267389100133e-41,208.80863209276876,0.001413579
p261_PKB,2.86822552622743e-41,208.8086332035078,0.001413579
p262_H2,0.23587584467933778,1.4076652484182626,0.0
p262_H3,1.0,0.0,0.0
p262_PKB,0.15308744774298436,2.0459754812106192,0.0
p263_H2,1.0384323050322625e-37,187.55316837165145,2.5747637e-05
p263_H3,3.73284948099479e-27,127.61895269866885,0.0
p263_PKB,0.38413529026033644,0.7584461203183013,0.0
p264_H2,0.0017841355062075022,9.840216128604489,0.0
p264_H3,0.26442307642800167,1.2475952263018733,0.0
p264_PKB,0.0009025006341801486,11.119658279643263,0.0044481163
p265_H2,2.137167472225771e-156,1285.0206843687245,0.038479716
p265_H3,0.4692317714947254,0.5243961341000385,0.0
p265_PKB,4.47287123553086e-155,1267.0670356791695,0.0
p266_H2,7.62244941504377e-15,63.365332405062276,5.206012e-05
p266_H3,0.03331325034788277,4.548846087849655,0.0
p266_PKB,0.4685522047191808,0.5260024262382964,0.0
p267_H2,0.8036296863195171,0.06187829754125141,0.0
p267_H3,0.8036296863198553,0.06187829754108018,0.0
p267_PKB,0.8036296863283079,0.06187829753560035,0.0
p268_H2,0.8036296863186156,0.061878297541824806,0.0
p268_H3,0.8036296863207569,0.06187829754054183,0.0
p268_PKB,0.8036296809428286,0.06187830100061068,0.0
p269_H2,9.194522664510091e-05,15.487804153131327,0.00082794594
p269_H3,1.8141859783527817e-38,192.03334840817658,0.0022577078
p269_PKB,4.6164007721962486e-39,195.56492781018738,0.0022577078
p270_H2,6.853455388813217e-08,29.787338556569072,5.2983858e-05
p270_H3,0.1045577417015312,2.64195742026128,0.0
p270_PKB,2.1290884244904457e-25,118.0863604725147,4.7285812e-05
p271_H2,1.6557502037903767e-29,140.5850810996647,0.00032166578
p271_H3,1.1770838095500095e-10,42.88367958271989,0.0001239113
p271_PKB,6.345010162937902e-08,29.94364063548276,3.0606378e-05
p272_H2,7.800723947964439e-11,43.74212996525436,0.0
p272_H3,0.29644062054933723,1.0918848383090605,0.0
p272_PKB,0.7505001131197332,0.10119656567629881,0.0
p273_H2,0.08230461887389649,3.028105472454588,0.0
p273_H3,0.027705802409856248,4.86804687918655,0.0
p273_PKB,6.064407881612334e-40,200.83035149334862,6.02467e-05
p274_H2,0.0490704503002554,3.8874322245297837,1.2151549e-05
p274_H3,1.4201948091026453e-49,260.5679346174777,4.4165434e-05
p274_PKB,0.005840172770123485,7.649237559589025,1.582406e-05
p275_H2,4.648670008740757e-37,183.7235768694511,0.00037803483
p275_H3,0.0030410724071457704,8.848799764301495,0.0
p275_PKB,8.781152854586312e-159,1317.88602823075,0.10475722
p276_H2,0.9724371735235203,0.0011947392290778426,0.0
p276_H3,0.1885991738772453,1.7321436220732194,0.0
p276_PKB,1.2787718204690526e-08,33.204663121495436,0.09225355
p277_H2,1.0865677799408162e-35,175.7294387014922,7.754332e-06
p277_H3,5.646130344831759e-44,225.33613083764197,0.0
p277_PKB,3.0475424676652875e-83,504.6579867593156,2.1663001e-05
p278_H2,0.516264269508326,0.42180874480596064,0.0
p278_H3,0.0006264917492286106,11.810038974692057,0.0
p278_PKB,0.006259233810837892,7.522837425852273,0.00028241373
p279_H2,2.0069991626109497e-29,140.12085917184655,6.99325e-05
p279_H3,2.7447027803267263e-49,258.73319333772605,0.0006554273
p279_PKB,1.751513389812001e-36,180.34933059007724,7.248824e-06
p280_H2,5.100516243249881e-119,836.3206218000901,9.329704e-07
p280_H3,1.0661856078571267e-142,1106.7029518063773,3.8451917e-06
p280_PKB,2.296183097826251e-39,197.37281498337194,0.00041226868
p281_H2,7.912902555897459e-49,255.79257192521268,0.0035866008
p281_H3,4.3480248313066265e-15,64.57969809404835,0.0
p281_PKB,1.5274791444912004e-05,18.98804927019055,7.500561e-06
p282_H2,0.10418664041619505,2.647632501523323,0.0
p282_H3,0.21992926880082794,1.5077230809385591,0.0
p282_PKB,3.935779381971963e-05,17.136013341413562,3.870181e-05
p283_H2,3.26465538771609e-63,352.487822084655,0.0
p283_H3,0.9193417469459758,0.010262115069535211,0.0
p283_PKB,3.193843772180951e-26,122.54316843214332,2.738277e-05
p284_H2,4.575553317045845e-218,2340.1570795899274,0.00014764623
p284_H3,6.350340862977173e-05,16.205236788053806,0.0
p284_PKB,7.227489899134476e-51,268.90757098067036,7.9914835e-06
p285_H2,3.3190909436795235e-195,1894.684048221971,0.12215933
p285_H3,1.8604226549854093e-36,180.1962144664847,0.0
p285_PKB,5.742409922320242e-96,613.1475759640252,0.0
p286_H2,1.6858599648972187e-190,1811.5659305417223,0.000112040034
p286_H3,1.2388258702684337e-99,646.256993420048,0.0
p286_PKB,5.410211953831627e-110,744.5891012469765,0.000113286005
p287_H2,1.166922771654072e-12,52.59006400791342,5.068262e-05
p287_H3,3.3818475733602955e-08,31.22175127196042,0.0
p287_PKB,5.486557436020292e-08,30.238560788079106,5.1305517e-05
p288_H2,2.612505740033832e-41,209.053998145312,0.024695605
p288_H3,0.2991619988666237,1.07964305224171,0.0
p288_PKB,0.021181609266945678,5.337549941302219,0.0
p289_H2,0.2689704874630424,1.2240716320570955,0.0
p289_H3,6.400058406154882e-41,206.70270637043208,0.00017996615
p289_PKB,2.181720805726493e-42,215.60365130851457,0.00017996615
p290_H2,1.6190874848693392e-07,28.04823270030376,9.340243e-05
p290_H3,1.0,0.0,0.0
p290_PKB,5.4455657039383336e-09,34.95260699209457,7.865058e-06
p291_H2,0.8036296863195171,0.061878297541255754,0.0
p291_H3,1.0,0.0,0.0
p291_PKB,0.8036296863488194,0.06187829752237614,0.0
p292_H2,1.9169517769381187e-09,37.09940986758471,0.001828898
p292_H3,1.0576988241191943e-09,38.32645427744792,0.0013903483
p292_PKB,2.091242301273556e-09,36.920101902898445,0.0013903483
p293_H2,7.589207921076889e-08,29.580658995205276,4.0255632e-05
p293_H3,4.300071747288784e-48,251.1114020023748,0.0
p293_PKB,7.537783384983578e-17,73.42197071314858,0.0
p294_H2,0.0004963412914848473,12.252162477963086,0.00013155228
p294_H3,1.0,0.0,0.0
p294_PKB,5.391028766756222e-06,21.040770055486128,0.0
p295_H2,3.184836917580172e-107,717.589807268263,1.1587049e-06
p295_H3,2.587048964954404e-109,737.9158397022709,1.1587049e-06
p295_PKB,2.848578034056622e-105,698.8818040726998,1.1587049e-06
p296_H2,0.8036296863194046,0.06187829754136489,0.0
p296_H3,1.0,0.0,0.0
p296_PKB,0.8036296863851087,0.06187829749911453,0.0
p297_H2,4.2587642764296816e-05,16.98230722597799,1.858949e-05
p297_H3,1.4159472200530266e-06,23.696478889048702,2.18637e-06
p297_PKB,4.047744083350956e-07,26.203109992066075,2.18637e-06
p298_H2,6.107682688884135e-15,63.84430323606314,5.7897327e-05
p298_H3,4.5572034693612246e-17,74.52789344122735,0.00019035407
p298_PKB,3.9663463652370345e-17,74.83340687613284,0.00019035407
p299_H2,5.223164099589451e-43,219.3979370762801,0.00015613524
p299_H3,1.0578568403395364e-23,108.99533751463142,9.071235e-05
p299_PKB,2.816153858764329e-75,441.5464735338672,0.00019685223
p300_H2,7.154506381262626e-109,733.5949560011072,3.23522e-05
p300_H3,1.0,0.0,0.0
p300_PKB,6.493486744849917e-07,25.254924824965812,0.0003320485
p301_H2,0.10526639708203463,2.631181464296253,0.0
p301_H3,0.9905293153561507,0.00014100535612279733,0.0
p301_PKB,0.1023524725696109,2.6760112095238906,0.0
p302_H2,0.8036296863195171,0.06187829754127504,0.0
p302_H3,0.8036296863191793,0.06187829754153076,0.0
p302_PKB,0.8036296862923565,0.0618782975587417,0.0
p303_H2,0.1010264816164759,2.69687677439665,0.0
p303_H3,1.0,0.0,0.0
p303_PKB,0.1010264816195936,2.6968767743471562,0.0
p304_H2,4.261702624816471e-05,16.98096351213144,1.3695881e-05
p304_H3,0.8036296863200809,0.06187829754094808,0.0
p304_PKB,0.5972116083390513,0.2794956573960601,0.0
p306_H2,0.8036296862672245,0.061878297574946575,0.0
p306_H3,0.8036296863186156,0.06187829754185035,0.0
p306_PKB,0.8036296387780674,0.061878328129498464,0.0
p307_H2,1.016957303002634e-54,294.20264063798015,0.0
p307_H3,1.3713427760355836e-10,42.56530878234894,0.0
p307_PKB,1.2749494270707767e-35,175.32598623974243,0.0
p308_H2,0.0004335718469759004,12.509440054827829,7.129189e-06
p308_H3,0.07119153625077494,3.2659643069654676,0.0
p308_PKB,0.0006907173806157042,11.625134175570016,1.3292283e-05
p309_H2,0.21793372812778375,1.5208560985646682,0.0
p309_H3,1.0,0.0,0.0
p309_PKB,0.045295999246243876,4.022994508896819,2.4650242e-05
p310_H2,0.8036296863195171,0.06187829754127502,0.0
p310_H3,0.8036296863191793,0.06187829754153076,0.0
p310_PKB,0.8036296862931456,0.061878297558178884,0.0
p311_H2,0.7576416114621413,0.09530104115861864,0.0
p311_H3,9.53075262534253e-48,248.918845242407,7.910251e-05
p311_PKB,1.026409858965227e-44,229.91464872313063,0.0
p312_H2,0.1933754299687522,1.6952042525357474,0.0
p312_H3,0.2467075030651446,1.3442621289925463,0.0
p312_PKB,0.13390953217871868,2.252181507596146,0.0
p313_H2,0.987430091673072,0.0002484006051795014,0.0
p313_H3,1.0,0.0,0.0
p313_PKB,0.987430091673072,0.00024840060513540703,0.0
p314_H2,3.415038915188847e-29,138.83971763471263,0.0
p314_H3,0.02868523503904528,4.807680988284514,0.0
p314_PKB,3.492856326700982e-28,133.26095943434277,0.0
p315_H2,9.563951002140811e-26,119.96318640955306,2.8508923e-06
p315_H3,2.0194236640280818e-84,514.3025229997796,0.0
p315_PKB,3.00913177828938e-81,488.52062302793667,3.0199017e-05
p317_H2,0.00663050703851472,7.417886648847563,0.030219866
p317_H3,1.0,0.0,0.0
p317_PKB,0.005115512227093242,7.891444174906518,0.02383445
p318_H2,1.3677489902770567e-14,62.1031581386181,1.2711606e-05
p318_H3,6.723381928094851e-07,25.185225874474682,0.0
p318_PKB,1.8962333410003388e-29,140.2578167558739,1.3879235e-05
p319_H2,1.653406005088825e-98,636.0021205134518,2.0303203e-05
p319_H3,1.181932639381524e-05,19.492158099048964,0.0
p319_PKB,3.6758518161277574e-45,232.68399877225056,3.784176e-06
p320_H2,2.911014070101808e-09,36.23922519401367,2.122842e-06
p320_H3,0.00594968710642234,7.615330526166167,0.0
p320_PKB,1.0020566075155504e-27,130.74574542653605,0.0
p321_H2,7.336389237256247e-101,657.536122743402,5.032443e-06
p321_H3,1.0,0.0,0.0
p321_PKB,4.678204628883687e-54,289.8005299322461,2.9620447e-05
p322_H2,0.19097363162436531,1.713644707503326,0.0
p322_H3,0.025572694629481967,5.007600170839964,1.0188942e-05
p322_PKB,0.01487241156804174,5.963122285311599,1.0188942e-05
p323_H2,2.8801375411379042e-70,403.63834247925513,1.6270462e-06
p323_H3,7.880711971134948e-49,255.80387471686362,0.0
p323_PKB,9.827542872617918e-45,230.03168598560853,2.489048e-06
p324_H2,5.622945751211305e-07,25.543435230094,7.465069e-05
p324_H3,1.3364900632182176e-15,67.13933872660701,0.0
p324_PKB,2.833180444885858e-10,41.055636576245675,0.0
p325_H2,0.04866603900625269,3.901419818536232,6.5216386e-06
p325_H3,5.361861123873209e-08,30.285221550663785,1.40449965e-05
p325_PKB,0.0016881563844760342,9.943531525362905,2.4979702e-06
p326_H2,1.8165803151195048e-29,140.3613601210065,5.789604e-05
p326_H3,0.021873924512115128,5.281049220631151,4.2555534e-06
p326_PKB,0.43654173217540615,0.6061007806280471,0.0
p327_H2,6.579339316157916e-95,603.7412083370643,0.0
p327_H3,9.164028350001312e-31,147.60266260718643,0.0
p327_PKB,1.611830954448238e-22,102.72289111591743,0.0
p328_H2,5.8955627720705514e-18,79.04182474983027,1.2591292e-05
p328_H3,5.937261809821726e-86,526.9553743944714,1.1691119e-05
p328_PKB,3.423246515769264e-29,138.83393684631454,1.1552087e-05
p329_H2,0.010050645183883544,6.664750924506293,9.127758e-06
p329_H3,0.00395484643718367,8.363896758654866,0.0
p329_PKB,0.02320680499530897,5.177319109862727,0.0
p330_H2,1.1314225634781788e-51,274.13948354088376,0.0057854997
p330_H3,8.041135232469254e-52,275.10621163439305,0.0057854997
p330_PKB,0.9116561982786326,0.012319391319922799,0.0
p331_H2,1.520934787030696e-38,192.4874624459935,0.0
p331_H3,3.3070701965409327e-18,80.32353438714136,0.0
p331_PKB,4.176779972919156e-09,35.49710274229549,9.824165e-06
p332_H2,4.147467026708261e-118,826.8029197803844,0.0
p332_H3,0.32500152820836103,0.970174259449417,0.0
p332_PKB,6.12470289400074e-113,773.8918834573889,7.170408e-06
p333_H2,1.9461739365409675e-39,197.8015231283021,6.195735e-05
p333_H3,1.040157642473751e-24,114.38040235887436,5.9648983e-06
p333_PKB,0.003159489401560564,8.778143978895924,7.837191e-05
p334_H2,8.568985469363014e-70,400.1243587015163,0.00015365664
p334_H3,9.878493515122787e-28,130.7797679103571,6.482461e-07
p334_PKB,0.899053641158657,0.0161052044490062,0.0
p335_H2,1.3457045144251662e-40,204.75736108200573,1.2119166e-05
p335_H3,0.095695922551862,2.783891545026561,0.0
p335_PKB,0.006793396823563846,7.3737266157865875,7.818352e-06
p336_H2,8.497801324809359e-05,15.640358796275697,7.967405e-06
p336_H3,5.257888501745701e-15,64.16840652641278,0.0
p336_PKB,1.4829921513715077e-11,47.22042517460255,4.9652026e-05
p337_H2,0.14018527355991442,2.1812254254990817,0.0
p337_H3,2.087737758212628e-12,51.356872011548454,6.191629e-05
p337_PKB,1.1045184751682918e-13,57.61504840313109,0.00016892189
p338_H2,3.5749837606710355e-17,75.06205716206341,0.00017522152
p338_H3,2.264964002371047e-16,71.01062612098296,0.0005311007
p338_PKB,8.314433584192603e-20,88.54742047085877,1.8788247e-05
p339_H2,0.02129219984755177,5.328396972511091,0.00020121747
p339_H3,4.2774355545082715e-09,35.44819603047147,8.656069e-05
p339_PKB,4.031598950559479e-09,35.56976985801004,0.0
p340_H2,4.517940050639337e-12,49.72447141628901,0.0
p340_H3,0.01398263685268301,6.0730237392424655,2.5084522e-05
p340_PKB,1.4047791471748266e-09,37.74047449759375,2.2409327e-05
p341_H2,0.8036296863195171,0.0618782975412366,0.0
p341_H3,1.0,0.0,0.0
p341_PKB,0.8036296939038854,0.06187829266154778,0.0
p342_H2,6.5628814926846e-06,20.65196543203405,0.0
p342_H3,0.03150636835401012,4.645142006735904,0.0
p342_PKB,0.00013718540087296618,14.714868571210475,0.0
p343_H2,2.3244585576793075e-08,31.9851484177336,4.476202e-06
p343_H3,0.7007635930584484,0.1478085713785181,0.0
p343_PKB,0.3054128523064446,1.0520603298897362,0.0
p344_H2,4.227365455807767e-08,30.768034623567097,9.909791e-06
p344_H3,3.982448689955617e-08,30.889331021324548,6.043261e-05
p344_PKB,4.2684590250935856e-08,30.748376916582696,6.043261e-05
p345_H2,0.0004641099683054666,12.379872099866418,2.7379107e-05
p345_H3,0.0032959372198869863,8.700001463945727,0.0
p345_PKB,5.224420533623818e-08,30.33793159734648,6.043261e-05
p346_H2,0.00012377833449143602,14.913243218406738,0.00018116011
p346_H3,1.5000162502996462e-10,42.378472349193885,0.0
p346_PKB,1.1792467734437188e-11,47.702373599834246,0.0
p347_H2,0.0039669348967916376,8.358278741973564,4.6753354e-05
p347_H3,0.0014368935223055494,10.245143477051517,0.0005108961
p347_PKB,0.0004211213019712902,12.564937067597118,0.0005108961
p348_H2,1.7199256167203833e-11,46.90896567896794,0.0
p348_H3,1.0842974899920685e-10,43.05489380589563,0.0
p348_PKB,2.454781075419849e-10,41.35355703930604,0.0
p349_H2,0.20886913877547195,1.5823709360139655,0.0
p349_H3,8.303977453133664e-11,43.61158810327124,0.0
p349_PKB,1.5741679579080753e-09,37.50559430832941,0.0
p350_H2,2.4029157027710976e-26,123.21398270590515,6.7319907e-06
p350_H3,5.859578033890398e-31,148.69275685780102,0.0
p350_PKB,6.162579170735335e-31,148.56978396151726,0.0
p351_H2,0.015741321094190894,5.862162125850446,3.5459832e-06
p351_H3,1.0397952651120687e-16,72.71600547113141,3.4205998e-05
p351_PKB,6.952590833508968e-19,83.79334927963129,3.0939238e-05
p352_H2,3.729692736249325e-05,17.240885290475656,2.422623e-06
p352_H3,8.027054118617688e-07,24.830396106511344,3.1357833e-06
p352_PKB,1.513382599991795e-06,23.563770397498796,1.2037962e-06
p353_H2,1.0296564851967649e-35,175.86524116258386,7.969724e-06
p353_H3,3.920203772140096e-06,21.67160017399659,1.0057677e-06
p353_PKB,1.7722226090885488e-08,32.538282022368705,1.2037962e-06
