feature,rf,gbr,xgb,BayesianRidge,mean
1_H1,1.1733372577998043e-05,3.932741670945551e-10,4.900458952761255e-05,0.07710946029955563,0.01929254966373385
1_H3,7.506154859898905e-07,1.1259548122509093e-07,0.0,0.008741885050354186,0.00218568706533035
1_NCI,8.952800982306259e-06,2.660310986854062e-06,0.00020823031081818044,0.031181615423856883,0.007850364711661057
2_H3,1.2832659999253002e-05,1.0961871273960948e-06,6.64625913486816e-05,0.1325401541185223,0.033155136389249405
2_NCI,0.00013634121123168766,0.00013263739042084782,0.00015652137517463416,0.049379899350995356,0.012451349831955632
3_H1,5.06913047504495e-05,4.7140522620493915e-06,9.044129546964541e-05,0.07058378626780064,0.017682408230070695
3_H3,2.7285896832923728e-05,7.578811318358193e-06,0.0,0.013441988772349981,0.0033692133701253156
3_NCI,2.0914232273787186e-05,8.044901013325649e-06,0.0,0.13828856597319733,0.034579381276621114
4_H1,3.4571006375781344e-05,2.3306818691915242e-05,0.0001390009856550023,0.044548406597013354,0.011186321351934014
4_H3,5.7340726959644635e-06,2.09619640286083e-06,0.0,0.035092894700023435,0.008775181242280565
4_NCI,4.312127045324215e-05,5.3207925660748695e-05,7.451896817656234e-05,0.08765760195298133,0.021957112529317972
5_H3,1.2919308821986e-06,3.5640820903624035e-09,0.0,0.08981027302762205,0.022452892130646586
5_NCI,3.812696079710373e-05,4.598593525829563e-06,2.7178928576176986e-05,0.002744973114489201,0.0007037193993470779
6_H1,0.0035482276716776342,3.3514849486553185e-06,3.119905886705965e-05,0.027691935149989702,0.007818678341370762
6_H3,7.30660567890388e-07,8.556336317007163e-08,5.643218628392788e-06,0.06345809764258571,0.01586613927128629
6_NCI,1.2647478295517925e-06,2.729135903637889e-07,0.0,0.06187579071064627,0.015469332093016546
7_H1,5.443509152872771e-05,0.00015566256041218502,0.00014954137441236526,0.026047169188351565,0.006601702053676211
7_H3,8.06560224699507e-06,1.5871157616652427e-10,1.6964526366791688e-05,0.08387522863104944,0.020975064729593703
7_NCI,3.4473178582933936e-05,1.6144314434521162e-05,4.986571366316639e-05,0.009913050342190857,0.0025033833872178694
8_H1,0.0001236090504622477,2.3030353850421764e-05,0.00012449723726604134,0.015940134877358278,0.0040528178797342475
8_H3,3.0517121071481202e-05,2.381219248712313e-05,0.0,0.01863890992115562,0.004673309808678556
8_NCI,0.0001505480893741705,4.951345666252466e-05,0.0002496537927072495,0.005017233839295759,0.001366737294509926
9_H1,1.0315917849461113e-05,3.719990438571531e-06,2.9393053409876302e-05,0.010229192252475452,0.00256815530354334
9_H3,2.5831103269395924e-07,5.223988948746031e-07,0.0,0.006519465849231578,0.0016300616397897866
9_NCI,3.4192846677450136e-05,4.654435563079693e-06,0.0001606378791620955,0.037672564667156704,0.009468012457139833
10_H1,1.549111276743471e-05,0.0,0.001158838509581983,0.03139423668425957,0.008142141576652247
10_H3,1.410730729408747e-05,1.0588852574379984e-08,0.0,0.013996971262877234,0.003502772289755974
10_NCI,6.713155196518879e-06,6.909210493785742e-06,7.641874253749847e-05,0.016826457826449613,0.004229124733669354
11_H1,2.7485248009940708e-05,2.742499596942666e-06,0.00012918729044031352,0.05502894430826261,0.013797089836577452
11_H3,2.935553857650401e-07,1.0508194290637274e-06,0.0,0.05794391148362284,0.014486313964609416
11_NCI,1.0194793185409175e-05,2.2850466680184367e-09,5.000608871341683e-05,0.08795823459200147,0.02200460943973674
12_H3,4.945726025948945e-07,0.0,0.0,0.017742219205098,0.004435678444425149
13_H1,8.14434986377168e-06,2.69141818200668e-06,8.024799899430946e-05,0.029717896148317373,0.007452244978839365
13_NCI,8.727681254721524e-06,5.923334518678653e-06,4.918219929095358e-06,0.12172396955849135,0.030435884698548462
14_H1,1.5318559358827053e-05,0.0,0.0,0.05480151737739932,0.013704208984189538
14_H3,1.6968781518685032e-06,9.298510719155405e-08,1.0064622074423824e-05,0.06194245703603125,0.015488577880341184
14_NCI,9.259385851569499e-07,0.0,0.0,0.03252331324416423,0.008131059795687347
15_H1,5.880156921856798e-05,5.7308363681951336e-06,2.358090569032356e-05,0.07207958513649934,0.018041924611944107
15_H3,2.3238495764047978e-05,0.0,0.0,0.004681776133608867,0.0011762536573432288
15_NCI,7.163945186822537e-05,1.927347916448405e-05,2.4453420337522402e-05,0.022305808231974297,0.005605293645836132
17_H1,4.9242960959637467e-05,2.469250922074611e-06,5.962815703242086e-05,0.005691983851333198,0.0014508310550618328
17_H3,1.2469494286698534e-06,1.1998217329467033e-06,0.0,0.0023517537958713222,0.0005885501417582347
17_NCI,7.787120789306371e-05,5.1471109677990176e-05,9.967281221179292e-05,0.09903342095562787,0.02481560902135268
18_H1,4.563547261680816e-06,3.6240938904317754e-07,7.481363354600035e-06,0.014393881907686193,0.003601572306922879
18_NCI,4.2594208513207717e-07,1.872510113981767e-06,0.0,0.003217460022786275,0.0008049396187463472
19_H1,3.180453927838722e-05,3.1016057433147406e-05,6.586888775927946e-05,0.12194832042292622,0.030519252476849258
19_H3,4.988627890114504e-06,2.551447095970195e-08,0.0,0.014980887049896292,0.0037464752980643414
19_NCI,3.969020430790714e-05,2.0090108033041093e-05,0.0,0.03495401132852742,0.008753447910217092
20_H1,0.00015379317325852994,4.9053540399635545e-06,8.29142391012283e-06,0.021610634397876555,0.005444406087271292
20_H3,3.755170005353586e-07,1.6131136222195243e-07,0.0,0.00561724096541303,0.0014044444484439468
20_NCI,1.5925387057043162e-05,1.4063974333398189e-05,8.342653927684296e-06,0.027406238335101026,0.006861142587604788
21_H1,1.9922313236319984e-06,3.519624687021295e-06,5.6965782277984545e-05,0.10485289745714155,0.026228843773857546
21_NCI,8.208264786025017e-06,9.71290811119425e-06,0.0,0.05322363953388813,0.013310390176696338
22_H1,0.00014297949651201214,8.45090616263411e-05,0.00039312412263825536,0.022194307744112286,0.0057037301062222235
22_H3,6.136893132374142e-06,5.644780490677898e-07,0.0,0.003152871207815024,0.0007898931447491165
24_H1,6.783830129946198e-05,1.9032273843643716e-06,6.436539479182102e-06,0.07909454979741232,0.019792681966393832
24_H3,1.5196358984790495e-05,7.104900839237209e-07,0.0,0.03054132665288097,0.007639308375487421
24_NCI,1.0084936276199273e-05,6.860115576162957e-08,1.9780696675297804e-05,0.023731217487491508,0.005940287930399692
25_H3,0.00012978191557292437,0.0,0.0,0.03328218036267915,0.00835299056956302
25_NCI,0.0002507324279338333,9.825220844005264e-06,0.00014264868514146656,0.0081090904751677,0.002128074202271751
26_H1,2.21262721784504e-06,0.0,0.0,0.04923827159083741,0.012310121054513812
26_H3,2.327186174842733e-06,0.0,0.0,0.054718251777364696,0.013680144740884885
26_NCI,3.029655528881126e-06,4.955353169729446e-07,0.0,0.07295675851932072,0.018240070927541645
28_H1,7.748339549905956e-07,2.583600339914335e-08,0.0,0.058580550219861166,0.014645337722454889
30_H1,4.446806003096053e-06,3.981555270068446e-06,0.0001012465581879951,0.10339279911578593,0.025875618508811773
31_H1,1.4548441056183643e-05,3.0998495450207835e-05,0.0,0.019868348910026496,0.004978473961633222
31_NCI,4.96951254155362e-05,2.373357817392169e-05,1.1988860933342949e-05,0.0031973750387228115,0.0008206981508114031
32_H1,9.914620979277819e-06,0.0,8.505548976245336e-06,0.013382046659028403,0.0033501167072459816
32_NCI,8.000776906467864e-06,7.529268438072968e-08,0.0,0.15956971303475329,0.039894447276086036
33_H1,5.945721074889834e-05,3.791068709805113e-05,0.0001998116640606895,0.04684476519502,0.01178548618923191
33_H3,7.500987194853173e-07,0.0,0.0,0.026565213531744746,0.006641490907616058
34_H1,0.00022211397996813628,0.00013644448397410203,7.066015677992254e-05,0.0811731797440654,0.020400599591196892
34_H3,2.2387440064314114e-07,1.3122769772357268e-07,0.0,0.04327377485229125,0.010818532488597404
34_NCI,5.1946434356871746e-05,6.7759798048099685e-06,3.241920785512775e-05,0.06286145261559287,0.01573814855940242
35_H1,2.0118695844102966e-05,5.663191566666016e-07,3.1896051950752735e-05,0.035088621751288865,0.008785300704560097
35_H3,1.6587893307135532e-06,1.5347715755686837e-07,0.0,0.03200987312135065,0.008002921346959731
35_NCI,2.260412625026947e-06,6.324776284185781e-07,0.0,0.15845959806712234,0.03961562273934395
36_H1,2.2327368660334375e-05,8.003368064708543e-06,0.00023650492948945612,0.012583801653829876,0.0032126593300110936
36_H3,7.583758541001125e-06,1.4663326700972823e-06,0.0,0.004284490228683112,0.0010733850799735526
36_NCI,4.839338961495498e-05,2.4484202630377316e-08,3.7223500839900225e-05,0.014700603876393426,0.0036965613127627277
37_H3,4.6397020339799536e-05,4.217092525130699e-05,7.023711805231869e-05,0.056947299457172786,0.014276526130204052
38_NCI,4.5915267464608095e-05,1.8484180278125603e-05,9.186739043798298e-05,0.04332707806613173,0.010870836226078111
39_H1,8.992358948357162e-05,1.851175435726418e-05,0.00012942374451085925,0.06575950454348764,0.016499340907959834
39_NCI,2.974818948998335e-05,3.577687217939578e-05,7.367927173618227e-05,0.014808265583476202,0.003736867479220441
40_H1,4.6410125791522995e-05,4.8315330959022294e-05,1.809680907172151e-05,0.12202301227943314,0.030533958636313852
40_H3,1.4099776817549563e-06,6.581619382237638e-07,0.0,0.0476713070495224,0.011918343797285595
40_NCI,8.457937362322646e-06,8.181876038203955e-06,0.00019664388673845679,0.014815233355350104,0.003757129263872272
41_H1,2.250459444879887e-05,3.194916132232539e-06,3.6345656553748995e-05,0.01393968272445421,0.0035004319728972476
41_H3,1.4260089218147231e-05,2.7177800990424765e-06,0.0,0.052428983432400315,0.013111490325429376
41_NCI,2.7277494747708466e-05,3.055645864573804e-05,7.483251101803035e-05,0.047638108522311116,0.011942693746680649
42_H1,9.316812868657202e-05,6.14901769795982e-05,0.00015465402975678444,0.08299266859195446,0.020825495231844356
42_H3,8.939336496270227e-06,3.0337222271861526e-06,0.0,0.10806101257704083,0.02701824640894107
42_NCI,6.508846911842264e-05,6.397526933980663e-05,1.1915599316125736e-05,0.07884301408017072,0.019745998354486267
43_H1,0.008881807986691963,3.711180717257567e-06,0.0,0.07981925125667971,0.022176192606022233
43_H3,0.015394869773050626,1.2729347066545475e-06,0.0,0.04993040992894257,0.016331638159174964
43_NCI,5.7154847184607245e-06,1.1224732296869855e-06,0.0,0.02803516851231928,0.007010501617566857
44_H1,2.0794438635339586e-05,2.8159151971427094e-05,0.00015960284508764744,0.050073149814720115,0.012570426562603633
45_H1,0.002319686368603165,0.0001652420331373652,0.0026893250178545713,0.06123385639880312,0.016602027454599554
45_NCI,0.00024287147139108396,1.9553143331791325e-05,6.11732029938139e-05,0.008879334058948014,0.002300732969166176
46_H1,0.0001328582251745114,0.00011111023723571818,8.11700738267973e-05,0.006975418539795294,0.0018251392690080803
46_H3,1.6391847844649403e-05,2.521879968566315e-06,0.0,0.031734450870018284,0.007938341149457875
46_NCI,0.00010946472952247285,0.00010709329290125399,0.00014257297152653337,0.05438162826651301,0.013685189815115817
47_H1,8.998279846064998e-06,0.0,0.0,0.048442565089761434,0.012112890842401875
47_NCI,1.6218390789789536e-06,3.3403461338312866e-07,0.0,0.0088597703701967,0.0022154315609722655
48_H1,1.6924266711764157e-05,6.087392444498478e-06,2.3546510419691913e-05,0.02025400346227797,0.005075140407963481
49_H1,0.000269820342164373,0.0008406008362447055,0.00024967710487544537,0.07045536460260991,0.01795386572147361
49_H3,6.874178034581223e-05,1.0842515251169631e-07,0.0,0.06850902965065617,0.017144469964038622
49_NCI,0.00011454521442096072,5.1000053045770385e-05,1.71300234796945e-05,0.008517632655902075,0.002175076986712125
50_H1,4.014088575370167e-05,4.3932186327207345e-05,0.00012513945694081485,0.011010991246089766,0.0028050509437778726
50_H3,3.6880871188703623e-06,0.0,0.0,0.07221879385230011,0.018055620484854745
50_NCI,0.0004965401441932798,0.00014591981272164622,0.002269102493301034,0.0297286330122475,0.008160048865615865
51_NCI,8.633922402076571e-08,1.3396177089491503e-06,0.0,0.001193259851909179,0.0002986714522105372
52_H1,9.762010733952219e-05,6.836421483815613e-05,0.0001562530524097383,0.28056410624573913,0.07022158590508164
52_H3,6.350335823134367e-05,2.818133775850075e-05,0.0,0.19736927819297928,0.049365240722242285
52_NCI,8.192635627738864e-05,5.7860642984386185e-05,3.030962761840783e-05,0.13157357377550846,0.032935917600597164
53_H1,2.6860982394859618e-05,1.8761250109332425e-06,0.0,0.06871874568612768,0.01718687069838337
53_NCI,1.6119825953278403e-06,1.3727922636900733e-06,0.0,0.03749734593046078,0.009375082676329949
54_H1,9.987518950975177e-06,1.2177028169879582e-05,0.0007271593203768134,0.02181294363009415,0.005640566874397954
54_NCI,9.367659256821187e-06,2.4342025650761275e-05,0.0,8.256159453684533e-06,1.049146109031675e-05
56_H1,4.263478037841781e-05,4.620033554573866e-05,0.00022905397054273635,0.09024505191462918,0.02264073525027402
56_NCI,0.0002669766238172062,0.0005288248493114974,0.002221338916569948,0.058543542640302745,0.015390170757500349
57_H1,0.0016884605736650006,0.00045663416755816253,0.0024685554672032595,0.057189440756975886,0.015450772741350576
57_H3,2.1523553135774384e-06,6.598844319188005e-05,0.0,0.00927070479620177,0.002334711398676807
57_NCI,0.00015310440299389402,4.366672934697056e-05,2.0381377908051945e-05,0.000504663686396434,0.00018045404916133763
59_H1,4.099455344204125e-07,7.265748621782236e-07,0.0,0.010392265813218593,0.0025983505834037976
60_H1,4.337334165863808e-05,2.5317443711483146e-05,0.00025251106126233935,0.015799150742919158,0.004030088147387905
60_H3,3.65972580495298e-06,6.084734378019107e-07,0.0,0.02098334425809268,0.005246903114333859
60_NCI,3.528849637973033e-05,1.6075595586654744e-05,0.00010702896543079987,0.05494548559058405,0.013775969661995308
61_H1,5.419277313585267e-06,1.0768148836840728e-05,0.0,0.06621491751884319,0.016557776236248403
63_H1,3.879465272259844e-05,1.578877897392531e-05,4.979448567610234e-05,0.04837980014196144,0.012121044514833517
63_H3,1.2573980210422164e-07,0.0,1.6073383449111134e-05,0.021203234193502545,0.00530485832918844
63_NCI,5.6923573397028857e-05,3.1731000044844694e-05,7.622293924214318e-05,0.04713977027122853,0.011826161945978136
64_H1,3.080629252886247e-05,3.482631495168631e-06,1.316172165388707e-05,0.0735277982884355,0.018393812233528355
65_H3,5.912642587091744e-07,7.745646767548758e-07,0.0,0.050074845455038014,0.01251905282099337
65_NCI,3.985616737388586e-07,1.4028921450901876e-07,8.908980817068368e-06,0.02844785273313071,0.007114325141209007
66_H1,3.7251964227952605e-06,0.0,1.1497806553961709e-05,0.06201339470034713,0.015507154425830972
67_H1,6.159705766780365e-07,0.0,0.0,0.03453033612730485,0.008632738024470381
67_H3,1.0007561641491752e-06,5.828521456666652e-08,0.0,0.005749170621254659,0.0014375574156583438
67_NCI,3.625068316150734e-07,1.6059907269782634e-07,0.0,0.011799632886962457,0.0029500389982166928
69_H1,2.7835295006461465e-07,2.1633184613371327e-08,0.0,0.05649456249976074,0.014123715621473854
70_H1,2.716467216259723e-06,0.0,0.0,0.02526814154049261,0.006317714501927217
70_H3,6.558216091628656e-08,0.0,0.0,0.020430719490429745,0.005107696268147666
70_NCI,1.8397757124520682e-06,4.666534557157599e-08,0.0,0.00020238195632456474,5.1067099345647097e-05
71_H1,2.540873972411176e-06,5.027935759758876e-07,1.2160506230429746e-05,0.006632275479561075,0.0016618699133349728
71_H3,0.0,0.0,0.0,0.013377686359636392,0.003344421589909098
71_NCI,3.0529444078780656e-06,6.014394997127515e-07,0.0,0.05052154769159775,0.012631300518876336
74_H1,3.832172038982433e-06,4.317610730089634e-06,0.0001634470681892708,0.04562648601984135,0.011449520717699923
74_H3,5.947889982478884e-07,2.2141719450414675e-07,0.0,0.027436237682551507,0.0068592634721860645
74_NCI,1.4391139608005176e-06,3.335097724372818e-06,0.0,0.005543701969467771,0.001387119045288236
77_H1,4.300889098369191e-06,2.168971984197618e-06,8.35432147141546e-05,0.0032433925952617625,0.0008333514177646209
77_NCI,8.340288768921906e-07,5.392630772782163e-06,0.0,0.0003062045697423611,7.810780734800887e-05
79_H1,2.2742737758105505e-05,2.624709321032191e-06,0.0,0.014960886870514589,0.0037465635793984316
79_NCI,2.8641214331386724e-05,3.3354109427114816e-05,0.0,0.03883387309382516,0.009723967104395916
80_H1,8.573889730217896e-06,1.1194039667328648e-06,0.0,0.03400259103081652,0.008503071081128369
80_NCI,2.4871892875548267e-05,1.1905323731643964e-05,7.53260901547037e-05,0.01606082039288132,0.004043230924910804
81_H1,0.00010860685381616631,8.437731667607593e-06,5.174589387024753e-05,0.052341221056983536,0.01312750288408439
81_NCI,6.898117972911462e-05,2.8628513499764708e-06,1.0492801266082097e-05,0.02447706156009852,0.006139849598110924
82_H1,8.070495944993331e-05,4.337835463263659e-05,0.0,0.04902202421575753,0.012286526882460024
82_H3,5.267185137297747e-06,1.3949454324866397e-07,0.0,0.07205297698894124,0.018014595917155447
82_NCI,1.1663730495865707e-05,7.195060195254254e-06,0.0,0.1023478107984736,0.02559166739729118
83_H1,0.0004673387629028806,0.0007342924361257374,0.00044838013127446175,0.0430088401659925,0.011164712874073893
84_H1,0.0020656291929867484,0.0019913435247257,0.0004719881108030677,0.29159326384652745,0.07403055616876074
84_NCI,0.00017880181661711412,0.0002554157390415134,0.00025113587616942823,0.032363819847010075,0.008262293319709534
85_H1,4.728511003531535e-05,1.1338594303994913e-05,1.251299363502767e-05,0.1314630481952138,0.03288354622329703
85_H3,1.3154939794649007e-07,0.0,0.0,0.05535961568297151,0.013839936808092363
85_NCI,3.344887210870442e-05,2.6524766231832463e-06,0.0,0.022338309342005182,0.005593602672684267
86_H1,0.03777962483227056,0.02540506380674642,0.002894202945753932,1.0,0.26651972289619275
86_H3,0.00035951243974600413,0.00019790369037845512,0.0,0.1865378479284243,0.04677381601463719
86_NCI,0.0014146987332265143,0.0027066611331276187,0.005629700608551502,0.2409787794095165,0.06268245997110554
87_H1,0.00017618376850863458,0.00013884296354712528,0.0007739286520518363,0.11981012525409608,0.03022477015955092
87_H3,6.626897161455174e-07,0.0,0.0,0.03611280337029062,0.009028366515001692
87_NCI,0.00011847919072404652,9.343723301963879e-05,0.0,0.176652415305632,0.04421608293234392
88_H1,3.797178753778424e-05,2.6012727314394726e-05,0.00016200759273488075,0.14842263642925066,0.03716215713420943
88_H3,1.3866322201955848e-05,1.4724375402952195e-05,0.0,0.07033983027567593,0.01759210524332021
88_NCI,2.1785890634572083e-05,1.0820763573862398e-05,3.47555433108937e-05,0.10486838990041919,0.026233938024484628
89_H1,2.0545425242487352e-05,7.280637825270399e-06,0.00025814733817242086,0.09528055305284952,0.023891631613522424
89_NCI,1.2932609014471295e-05,3.4323305617387114e-05,5.641600728267804e-05,0.10514206544586964,0.026311434341946043
90_H1,0.0009927056983107029,0.0005316062971451161,0.00018041711882688105,0.09727926881398284,0.024745999482066385
90_H3,0.0007250030513462902,0.00017835479264479253,0.0002166069025406614,0.356832872970637,0.08948820942929218
90_NCI,0.0019996368088978653,0.002482608628008461,0.0009583670762367547,0.3924921001813143,0.09948317817361435
91_H1,0.00010705411822290691,8.063416996511479e-06,5.5347092711599544e-05,0.030295887255023475,0.007616587970738623
91_H3,1.3772468213503192e-05,3.055623601320782e-06,0.0,0.025961653727896213,0.006494620454927759
91_NCI,0.00012730665818669302,1.1045394594165482e-05,7.066153193591163e-05,0.16031856640418127,0.04013189499722451
92_H1,6.600482074939379e-06,2.441612139313526e-05,0.0004462742363102734,0.05723950240213163,0.014429198310477495
92_H3,3.6578503404699555e-06,2.5718457905083794e-06,0.0,0.02991066117167877,0.007479222716952437
92_NCI,7.866003918618597e-06,7.615408537798033e-07,0.0,0.0057481697178691565,0.0014391993156603888
93_H1,0.0008227455955604695,0.0019066831261293955,0.0008224193588830531,0.02045395412551005,0.0060014505515207425
93_H3,0.0002482702984967739,3.1708987068097995e-05,0.0,0.30424876265544804,0.07613218548525323
93_NCI,0.00498353719692842,0.005839648645026816,0.0024167862720787525,0.24549257323220544,0.06468313633655985
94_H1,0.0003567233002464223,0.002319859256099155,0.0006051254458725452,0.08131254993211555,0.021148564483583418
94_H3,0.00034213807978533445,0.042429758805534824,0.0708923488855362,0.31786333418742413,0.10788189498957013
94_NCI,0.0005713932784147167,0.00040617579011877314,0.0006142986821942031,0.08610091464418364,0.021923195598727834
95_H1,0.00010719946588049636,0.00011915771052465631,9.050015796674415e-05,0.025564552709661365,0.006470352511008316
95_NCI,8.227300599943562e-05,7.821784086680219e-05,0.00018695907783694565,0.0976493011086033,0.024499187758326622
96_H1,0.00028051110790667036,0.00028800282187106744,0.0018910130020231009,0.02566835217438344,0.0070319697765460695
96_H3,0.00040732633417843537,0.0006077239442443886,0.0,0.024359525033349257,0.00634364382794302
96_NCI,0.002718311779362648,0.0015746194433755847,0.004775306209921837,0.00034899914805816676,0.002354309145179559
97_H1,0.00013473314979745517,3.310018317296714e-05,0.00010353632387705147,0.07842473034987149,0.01967402500167974
97_H3,6.882121987189894e-05,1.2041197360062606e-05,0.0,0.2362511135611192,0.05908299399458779
97_NCI,0.00022015446846918808,0.0001699625152516996,0.00021844795264769346,0.014966504385588924,0.003893767330489376
98_H1,8.868333238329982e-06,2.3180835731336167e-05,2.3610595235368237e-05,0.0990415472653511,0.024774301757389032
98_NCI,1.0239144135090298e-05,2.614192896530374e-05,0.0,0.07137134523498281,0.0178519315770208
99_H1,0.00013904955401585224,5.882286983191669e-05,0.000366926658898592,0.02044381276993504,0.00525215296317035
99_H3,7.268465199925667e-06,9.432273221404635e-07,0.0,0.06120706979757055,0.015303820372523154
99_NCI,0.00011484058099098098,3.298544792233001e-05,2.58738382399315e-05,0.11795756496982214,0.029532816209243844
100_H1,0.00010987970860914282,9.59978654840602e-05,0.0002357841149205342,0.009852112101548774,0.002573443447640628
100_H3,8.969569047106696e-05,8.61973112254391e-06,0.0,0.0359554981518914,0.009013453393371252
100_NCI,0.00022573987393013234,0.0002704262575110866,0.00048516193055547774,0.04077396960032209,0.010438824415579697
101_H1,1.2484219810261518e-05,0.0,1.5009801245469134e-05,0.001507917591805202,0.00038385290321523314
101_NCI,2.0133340976371404e-05,0.00011207140166812094,0.0011211690725758672,0.12448331372623576,0.03143417188536403
103_H1,3.747958608194025e-07,0.0,0.0,0.032183894893226025,0.008046067422271711
103_H3,5.020975011757684e-09,0.0,0.0,0.005561459760551986,0.0013903661953817495
103_NCI,3.5875911519374833e-06,0.0,0.0,0.02162489688934386,0.005407121120123949
104_H1,0.00900727904051645,0.006298210052854036,0.01459242682904005,0.1705519013696165,0.05011245432300676
105_H1,6.161303122718814e-06,6.0326564408648844e-05,0.0005724868387915194,0.008416237140047371,0.0022638029615925648
105_NCI,9.894556459794324e-06,3.0540976415855e-08,0.0,0.010941138217273673,0.0027377658286774705
107_H1,1.0956335263671668e-05,2.4263970099875564e-05,0.0,0.003856970321515192,0.0009730476567196848
107_H3,5.5326599724614776e-06,2.421232462346497e-05,0.0,0.0372048193197181,0.009308641076078506
107_NCI,1.828002299263101e-05,6.8537991261313595e-06,0.00013830140233039856,0.0774459228056121,0.019402339507515316
108_H1,0.000665218153854696,0.000667263126559696,0.0013519246131181717,0.08763788294717022,0.022580572210175696
108_H3,0.0005833801650098812,0.00027033666373191473,0.0,0.08797981186379931,0.02220838217313528
108_NCI,0.00014159099655698372,0.00013977081361118754,0.00015483862080145627,0.06772867096782331,0.017041217849698236
109_H1,0.003000052607514725,0.002421868473066702,0.0012160397600382566,0.23710957995029433,0.0609368851977285
109_NCI,0.0007958617038266596,0.00013415165750119444,7.031928544165567e-05,0.24235384751658062,0.060838545040837536
110_H1,2.9812945551438486e-05,1.2758605135380648e-05,7.982763781910762e-05,0.10211864379526941,0.025560260745943836
110_NCI,2.355207885392397e-05,1.0262286214300928e-05,0.0,0.035666519640603966,0.008925083501418048
111_H1,0.0013446736117798427,2.3200073126140883e-05,8.984037413029e-05,0.0852799604396115,0.021684418624661944
111_H3,2.6816484368660966e-05,6.924897018521046e-07,0.0,0.14455862992158144,0.036146534723912986
111_NCI,0.0003842949315771199,0.00031932570152971986,0.00024185887014027685,0.04753961551842313,0.012121273755417562
112_H1,0.0013961590333082554,0.00022637460489535928,8.117303514154628e-05,0.07533395171522632,0.01925941459714287
113_H1,0.0020914239687840784,0.002604124202474717,0.0005233335541561246,0.10123655722979436,0.026613859738802318
113_NCI,0.0025997564921856984,0.002815805795749981,0.0003889942599926144,0.03660184061279166,0.01060159929017999
114_H1,0.00017512936839992889,0.0011128030098386998,0.0012567758094519377,0.024605478095284756,0.006787546570743831
114_H3,1.68685827007516e-06,0.0,0.0,0.01608243581199718,0.0040210306675668136
114_NCI,0.00013569554346692705,3.4220900232572483e-06,0.0,0.20161630405968373,0.050438855423293474
115_H1,1.671299037878125e-05,2.6019720899092977e-05,0.0002648959052748978,0.03645402011706728,0.009190412183405014
115_H3,2.244325831885636e-05,2.094871222358037e-05,0.0,0.02172936284646819,0.005443188704252657
115_NCI,1.2937797878270376e-05,1.0865831967388211e-05,0.0,0.015408264649967043,0.0038580170699531757
116_H1,0.0003531473356213561,0.00014740983908226966,0.00012740855163428932,0.1747722477454804,0.043850053367954576
116_H3,7.317660245571717e-05,1.1369487751417054e-05,0.0,0.1396619278831891,0.03493661849334906
116_NCI,0.0003107084958631967,0.0002395315539555136,0.00014611239021178335,0.009117410283844343,0.0024534406809687092
117_H1,0.011269422355846895,0.0003195999298595193,0.0006318246014416218,0.035437829548511546,0.011914669108914895
117_H3,0.00019360837303616831,0.0001356641030183629,0.0,0.03963293472434117,0.009990551800098927
117_NCI,0.0002378134655116102,0.00012381185404533953,0.0001813457638490945,0.2048205011843847,0.05134086806694768
118_H1,0.0006314561613207129,0.0002912601007773495,0.00017763942014425993,0.037414044664988766,0.009628600086807772
118_H3,0.00017006447313098233,0.00017102460712334791,0.0,0.19484215142023187,0.04879581012512155
119_H3,1.0860440175273153e-05,1.5795291145196818e-06,0.0,0.06675416320376285,0.01669165079326316
120_H1,9.729285737839188e-05,2.567009079128616e-05,2.2132599042379297e-06,0.09259970846780925,0.02318122116897079
120_H3,7.236345458771321e-05,1.0680851411220925e-05,0.0,0.15537041395537218,0.03886336456534278
120_NCI,0.00022962975232798124,1.6631562447519325e-05,0.0,0.08276089468546938,0.020751789000061218
122_H1,0.0028655759814337533,0.0025980044191784265,0.00047112430911511183,0.04913713008187022,0.013767958697899377
122_H3,4.8541138401906785e-05,3.2867400873012996e-05,0.0,0.11982122688949283,0.029975658857191938
122_NCI,0.0017521537965739487,0.002636324207232391,0.00041986751602962613,0.4477869579751392,0.11314882587374378
123_H1,2.9687004929568378e-06,1.4550857931490444e-06,0.0,0.04235169742857567,0.010589030303715444
123_H3,4.634016611064739e-07,1.676074319561928e-06,0.0,0.01013618852258934,0.002534581999642502
123_NCI,4.470312860935635e-06,0.0,0.0,0.040248190179962284,0.010063165123205806
124_H1,2.8037210756385383e-05,0.0002698891741332991,0.0016389795346185565,0.05335387982200557,0.013822696435378453
124_H3,1.7591081916045942e-05,0.0002999591323051431,0.0,0.07632421699827974,0.01916044180312523
124_NCI,1.8346557752244523e-05,0.00017859321421494562,0.0,0.05031273526496093,0.012627418759232031
125_H1,2.7755557321875904e-06,7.531759399133634e-08,0.0,0.03345090137195226,0.00836343806131961
125_H3,2.4109113516474546e-07,4.5460569232157337e-07,0.0,0.013815422492996885,0.003454029547456093
125_NCI,1.9878910957926524e-08,4.648588848700194e-07,0.0,0.0311067589096025,0.007776810911849581
129_H1,5.0308988492877175e-06,3.4689178299257625e-07,3.073382322327234e-05,0.026362849957385352,0.006599740392810226
129_H3,2.777292704561577e-06,4.6720083635248134e-06,0.0,0.022261962408842574,0.005567352927477665
129_NCI,1.2573876573449474e-06,6.606852051022453e-07,0.0,0.060201703500165855,0.015050905393257076
130_H1,6.984991833904149e-06,6.8235066987758005e-12,0.0,0.03750204930152985,0.009377258575046815
131_H1,2.035330253931871e-05,5.988347577261135e-05,0.0,0.008086560446016645,0.0020416993060821437
131_NCI,1.4910036922099563e-05,3.061020143796958e-05,0.0,9.366740923102581e-05,3.479691189777374e-05
132_H1,2.727498308882773e-07,0.0,0.0,0.002877194022482245,0.0007193666930782833
133_H1,3.165179477608728e-05,1.000066332619803e-05,0.00014271082181949168,0.03119888985913281,0.007845813284763647
133_H3,1.7216804112179796e-07,0.0,0.0,0.006773615209821582,0.001693446844465676
133_NCI,2.2693049260574425e-05,3.611159861526242e-05,0.00010619127715472132,0.06654312782154234,0.016677030936643224
136_H1,5.397470280697508e-06,0.0,0.0,0.016910861788006857,0.0042290648145718885
136_H3,4.228539132913103e-08,0.0,0.0,0.05033001093922968,0.012582513306155252
136_NCI,4.492367699894136e-06,1.2906956489290068e-06,0.0,0.019155827486798057,0.00479040263753672
137_H1,4.146045941315949e-05,1.197212610255556e-05,5.34469545527827e-05,0.04014047374344254,0.01006183832087776
137_NCI,4.640754531641276e-05,3.0542936332085264e-05,0.00011929147876799107,0.045812139355556565,0.011502095328993264
138_NCI,1.2272067299068204e-06,1.2582578939825415e-05,0.0,0.019648944025872406,0.004915688452885534
139_H1,3.954016940730985e-06,0.0,0.0,0.05233681592359683,0.013085192485134392
143_H1,1.1444702652101248e-05,1.7857118216688917e-06,0.00010448563989484683,0.010998300655969668,0.0027790041775845715
143_NCI,7.673148571712258e-06,1.082451739534144e-08,0.0,0.016013656495478843,0.004005335117141988
144_H1,4.216145766706458e-06,8.119811001180855e-07,0.0,0.035502023324142644,0.008876762862752368
144_NCI,9.974889435402507e-07,0.0,0.0,0.01778051234940863,0.0044453774595880425
145_H1,2.281626671454144e-05,7.963297766303068e-07,0.0,0.001897585109726733,0.00048029942655447615
145_H3,1.4728361329859246e-06,0.0,0.0,0.04275883290552265,0.010690076435413908
146_H1,9.982080001820773e-06,1.1823335508881672e-06,0.0,0.0021356045621826604,0.0005366922439338424
146_NCI,1.353557271429849e-05,6.569687298296677e-06,0.0,0.00187897112046253,0.0004747690951187813
147_H1,0.0018652733559491941,7.009826962445089e-05,0.0,0.18616201093387494,0.047024345639862145
147_H3,9.75333667075009e-06,1.670381835150945e-06,0.0,0.013199484407087944,0.003302727031398461
149_H1,4.7652538787228256e-05,1.2829015711233133e-05,0.00014959843247197568,0.08024065129065402,0.020112682819406116
149_H3,1.1334334208965729e-05,5.041533252598824e-06,0.0,0.07085015890217602,0.017716633692409396
149_NCI,2.7072519657688006e-05,9.600782585961264e-06,9.808978938963264e-05,0.007111554815893667,0.0018115794768817372
150_H1,9.571958588290137e-05,3.2040113667573175e-05,0.00012005465396214277,0.0492869259948889,0.01238368508710038
150_H3,6.048859868757531e-06,2.372979466566316e-07,0.0,0.002295885860892079,0.0005755430046768733
150_NCI,8.956554691940712e-05,1.7276108071285e-05,0.0002460493124090135,0.13929034090997344,0.03491080796934329
151_H1,7.655935657866693e-05,1.4087629659605323e-05,3.453741373959929e-05,0.07414711127792985,0.01856807391947693
151_H3,0.0016424794792979347,0.0,0.0,0.09203427213322968,0.023419187903131904
151_NCI,0.00020357842571902882,0.00025943279652315107,0.0015642797807231545,0.0803667242449008,0.020598503811966533
152_H1,1.0172287761040273e-06,8.062043863585074e-08,0.0,0.004896536541513942,0.0012244085976821704
152_NCI,4.193274799798116e-06,0.0,0.0,0.01444275837801583,0.0036117379132039073
154_H1,4.00293262548467e-05,1.700334066184842e-05,1.4139804989099503e-05,0.07609815383102189,0.019042331575731923
154_H3,3.691761422895368e-06,2.7266949487435738e-06,0.0,0.07206748722504898,0.018018476420355155
154_NCI,8.445153133446846e-05,1.32878042288486e-05,0.0,0.004872854929277016,0.0012426485662100832
155_H1,6.452815267520165e-05,0.00012085402506200098,0.0002896336081903428,0.00887663304093649,0.002337912206716009
155_H3,2.1955852682859767e-06,0.0,0.0,0.003473637544519394,0.00086895828244692
155_NCI,4.484940905834254e-05,0.00011935152371974384,0.0008504432626068592,0.00012424997807517182,0.0002847235433650293
156_H1,0.00013716789095696662,0.0,0.0,0.03825480839966221,0.009597994072654794
156_NCI,9.200123103699879e-06,2.045055142862818e-07,0.0,0.09249952393881773,0.02312723214185893
157_H1,0.000226949537075814,0.0,0.0,0.08040723532747801,0.020158546216138457
157_NCI,1.6466161368638125e-05,1.943164580572855e-06,4.973450631950982e-05,0.09290268572923774,0.023242707390376614
158_H1,8.905015680940858e-05,5.745228930983948e-05,9.739639790495858e-05,0.01196879960687653,0.0030531746127251845
158_H3,2.8340075260436212e-06,4.825184645427242e-08,0.0,0.07710827226810799,0.01927778863187012
158_NCI,4.026334519176721e-05,8.116334489495744e-06,3.243942774133757e-05,0.005736631305691732,0.0014543626032785832
159_H1,0.00027708655549236446,0.00016697771167118488,0.0005428111762739718,0.05416544592094381,0.013788080341095332
159_NCI,4.194590803398115e-05,3.5610378254265955e-05,0.0001974368205992505,0.03108175751479388,0.007839187655420344
160_H1,5.112289516211769e-06,0.0,1.0032166755991057e-05,0.011068194977819166,0.002770834858522842
160_H3,1.915561663738096e-06,0.0,0.0,0.014451970531916493,0.003613471523395058
160_NCI,3.636533369591992e-06,8.260248886347367e-07,4.597970109898597e-05,0.008364341526418928,0.002103695946444035
162_H1,0.00010635892586325897,4.265118365514028e-05,5.997068001306616e-05,0.019689023810864688,0.004974501150099038
162_H3,1.281125041296025e-05,1.5394306667697088e-05,0.0,0.0163962724595863,0.004106119504166739
162_NCI,0.00012097612340493649,2.56155100730431e-05,2.3587017494719476e-05,0.0758152208949147,0.01899634988647185
163_H1,6.165909782272006e-06,3.4779651237452922e-06,1.4122493666945957e-05,0.03205493771122057,0.008019676019948383
163_H3,6.677587737666898e-09,0.0,0.0,0.0013043750602377022,0.00032609543445636
164_H1,0.0002575070761139593,0.00018696220912702566,0.0004178778035566211,0.12166487421817282,0.030631805326742607
164_H3,0.00022622303002043065,0.00031517185882178246,0.0,0.1742259050335037,0.04369182498058648
164_NCI,0.0002637879630840145,0.00017888015797021584,4.353674376034178e-05,0.06399991333064108,0.01612152954886391
165_H1,0.00013512579062180453,8.561791301960482e-05,0.00012299719674047083,0.07176095810676668,0.01802617475178714
165_H3,1.3416546599538064e-05,0.0,0.0,0.05291325337389502,0.01323166748012364
166_H1,7.17545488579281e-05,6.45142311203314e-05,0.00010001043847296387,0.108880424825366,0.027279176010954306
166_H3,1.0718424130969918e-05,7.02821036023569e-06,0.0,0.02493214142891303,0.006237472015851059
166_NCI,4.0114142117857144e-05,3.4913152762556785e-05,6.389732152456418e-05,0.09764935798815505,0.024447070651140008
167_H1,2.5221323818617955e-06,3.118121375050382e-08,0.0,0.01624427291496194,0.0040617065571393884
168_H1,0.00022281804871412413,0.00017816312770843192,0.0014361843932420015,0.04592856547688356,0.01194143276163703
168_H3,0.00012359657079961803,0.00018030121890614354,0.0,0.031499422798717605,0.007950830147105842
168_NCI,0.0001709996936794644,0.00015286813173122016,2.468002276145853e-05,0.02928434260908408,0.007408222614314056
169_H1,0.00011769038618023699,0.0001332369030613566,0.00023271190002560616,0.06900371358386881,0.017371838193284
169_H3,2.363013669060834e-06,9.993328879903762e-09,0.0,0.07532619731631232,0.018832142580827566
169_NCI,8.669824956012738e-05,0.0002898912468873416,0.0007391216931864619,0.0745981939270009,0.018928476279158706
172_H1,4.280731733233667e-06,1.616778108251677e-05,0.0,0.02923927527218148,0.007314930946249308
172_H3,1.3298204099126884e-06,0.0,0.0,0.029495772588413825,0.007374275602205934
173_H1,6.165557498740394e-05,2.677026193376785e-05,6.307775038294494e-05,0.014961573046884903,0.003778269158547255
173_H3,3.46808461330273e-07,0.0,0.0,0.01282392472908617,0.0032060678843868753
173_NCI,0.00017596078143896002,9.361925219315015e-07,0.0,0.005314860428986821,0.001372939350736928
178_H1,5.788155154269612e-05,6.419103279523507e-05,9.285796113545075e-05,0.11086051591744601,0.027768861615729848
179_H1,0.0002438126105618958,0.008150224929694186,0.021590135991573334,0.11102215692877654,0.03525158261515149
179_NCI,3.629046612420029e-05,5.823955192093882e-06,1.847583189373836e-05,0.027570632074301066,0.006907805581877775
181_H1,0.0006774269049533659,0.0011204722796090754,0.0005243862979114056,0.01684683745942581,0.004792280735474914
181_H3,0.0005667648004168563,0.00102612666905877,0.0,0.1840725139185555,0.046416351347007785
181_NCI,0.005015223962639743,0.004140847830534411,0.0014367884723469615,0.18564067957577862,0.049058384960324934
183_H1,7.023550286061336e-05,1.6607602666095548e-05,0.00022407052165362984,0.028567666862133745,0.007219645122328521
183_NCI,1.9583743934484042e-05,6.86764827420943e-07,0.0,3.178000179793086e-05,1.301262763995896e-05
184_H1,0.023874148021099106,0.004227558566722721,0.010159010998904705,0.23508749116361327,0.06833705218758496
184_H3,0.0027282871161024565,2.0270938127106505e-08,0.0,0.11512680884819647,0.029463779058809262
184_NCI,0.0028622460989703243,3.622927804443904e-06,0.0,0.05421911939733207,0.01427124710602671
185_H1,1.0300984474379567e-05,1.4970648423749391e-06,6.204268720466644e-05,0.037171956382647885,0.009311449279792326
185_H3,1.5598939388702505e-06,4.09367587546212e-10,0.0,0.08568757268023572,0.021422283245885545
185_NCI,1.2049494285320906e-05,1.2805049362988313e-05,0.0001959094515768811,0.05725608695884784,0.014369212738518258
191_H1,7.015355844027743e-07,0.0,0.0,0.017200180000870972,0.004300220384113844
194_H1,4.871175694555479e-05,0.00011598485726930205,0.00020052853506058455,0.03181247336344577,0.008044424628180303
194_NCI,4.781942193501307e-05,3.280131082039184e-06,1.8927403289126232e-05,0.07372541811153278,0.01844886126695974
195_H1,9.853025516376544e-05,5.0862273106902424e-05,0.00015479951980523765,0.030529406572761746,0.007708399655209413
195_H3,1.00089035085727e-05,5.251504068191237e-07,0.0,0.019764852163002628,0.004943846554229505
195_NCI,2.9191120778955073e-05,8.9597051452117e-06,0.0,0.011324023904115736,0.0028405436825099757
196_H1,0.0005093501597690193,8.768874247880356e-06,0.0002525387390051037,0.07398550032002317,0.018689039523261293
196_H3,8.758189301073364e-06,1.0242095248954145e-06,0.0,0.11871080352560474,0.02968014648110768
197_H1,7.507583633068189e-06,2.511987664212687e-07,0.0,0.027786523211662903,0.006948570498515598
197_H3,3.351627497774766e-06,2.5366832407962864e-07,1.8630125850904733e-05,0.015084038821473083,0.003776568560786461
197_NCI,1.7462258505952382e-05,3.857630906173469e-07,9.417713590664789e-05,0.04443916673828954,0.01113779797394819
198_H1,0.0004368281151306897,0.0008513731783212786,0.003137381747364998,0.039858822197809715,0.01107110130965667
198_H3,0.0004201248838227968,0.001053477038558875,0.0,0.03650665478452982,0.009495064176727873
198_NCI,1.0868619674132467e-05,7.567088318094092e-07,4.9729071179172024e-05,0.0448314958198283,0.011223212554878353
199_H1,2.5602021915488494e-05,6.554167067939427e-06,0.00010289558122167364,0.05573511264778263,0.013967541104496932
199_H3,2.325076817270548e-05,1.5539423603123957e-05,0.00010611505422275513,0.03569374674356521,0.008959662997390948
199_NCI,4.088550815337364e-05,5.321181446868786e-07,0.0,0.05557379893748147,0.013903804140944883
200_H1,2.2516332205911735e-06,6.954471054743544e-07,0.0,0.05179130369088231,0.012948562692802094
200_H3,1.6142631981700393e-07,0.0,0.0,0.011793757408942892,0.002948479708815677
200_NCI,4.4982591503824227e-07,3.588173273002735e-07,2.9581051421700977e-05,0.0279723320910614,0.00700068044643136
201_H1,2.1891921479053707e-05,2.0714704666506192e-05,3.028934406756889e-05,0.007603678707502628,0.001919143669428939
202_H1,1.591729235146545e-05,1.59758726895916e-05,6.56901829643175e-05,0.030393256871517733,0.0076227100548807766
202_H3,1.3969199052246936e-05,2.0446830956080813e-05,0.0,0.008107733665690967,0.0020355374239248237
202_NCI,1.2804202661439433e-05,2.794503727878532e-05,1.4423857464862522e-05,0.011213937025674102,0.0028172775307697974
203_H1,9.318522589375253e-06,2.564644287416657e-06,0.0,0.01563597529760198,0.003911964616119693
204_H1,1.8764863020931614e-06,5.8733400799395274e-08,0.0,0.05047474515574475,0.01261917009386191
204_H3,4.094910626116761e-07,2.2627015920582455e-08,0.0,0.07535204066366735,0.01883811819543647
205_H1,1.7679088599793085e-05,1.1511716944891262e-05,9.819693514145911e-05,0.11534596341452362,0.02886833778880244
205_H3,8.891908181856607e-08,0.0,0.0,0.006114491981509596,0.0015286452251478538
205_NCI,0.0004025482021899118,2.3184916153027455e-05,4.971331509295851e-05,0.040220946105686384,0.01017409813478057
206_H3,5.266734009019514e-06,1.2405880177313979e-05,0.0,0.031861572103687084,0.007969811179468354
207_H1,3.3728417998898115e-05,1.2248137856492676e-05,5.715352017432451e-05,0.019218553370962947,0.004830420861748165
207_NCI,3.125144022800529e-05,1.5456043618867547e-05,0.0,0.19768741904663756,0.04943353163262111
208_H1,7.511813581609385e-06,1.0431300562535212e-06,0.0,0.025906284927669224,0.006478709967826772
208_NCI,5.63317409628779e-06,2.98742982639356e-07,0.0,0.04252963312515182,0.010633891260557686
209_H1,4.886444047977979e-05,0.00014830787452070282,0.00010960671352222562,0.15535565447320074,0.038915608375430864
209_H3,9.22221032305246e-06,7.948768949716052e-07,0.0,0.0535487541661597,0.013389692813344432
209_NCI,5.889144360730513e-05,3.292065695410091e-05,4.7372133849421516e-05,0.02265427973633381,0.005698365992686159
210_H1,3.174338280845795e-05,5.022964977463817e-06,0.0,0.010437618713423944,0.0026185962653024666
210_NCI,1.6013003448092185e-05,3.0815324105268836e-05,0.00019199140660930425,0.0010974185263797277,0.00033405956513559825
211_H3,6.459754204865355e-07,2.1069920638868236e-06,0.0,0.048626413208613266,0.01215729154402441
211_NCI,8.086964008152499e-07,0.0,0.0,0.018061742709924743,0.00451563785158139
212_H1,3.498702466975287e-06,2.7829337952273853e-05,0.0,0.058982881659371864,0.014753552424947778
212_H3,5.045567249541327e-07,0.0,0.0,0.024879112950714606,0.00621990437685989
213_H1,0.00012097329071663659,5.611056803776121e-05,0.00014246307546272874,0.16989835830863392,0.04255447631071276
213_H3,1.1756048943048237e-05,2.6305736251042352e-06,0.0,0.04048760604089582,0.010125498165865993
213_NCI,4.43969720501851e-05,9.047929815574861e-06,3.807707616942935e-05,0.06466145491851763,0.016188244224138205
214_H3,1.1308244555207784e-05,7.125646296258023e-06,9.740019595483318e-05,0.15974566730125708,0.039965375347015844
214_NCI,4.7105615331623786e-05,7.653158163798864e-05,0.0003087798831984401,0.05607969287073055,0.01412802748772465
216_H1,1.6636867326087484e-05,1.8958244684454842e-06,3.629563070717268e-05,0.06573930252428119,0.01644853271169572
217_H1,0.0005019366032602023,0.00045108814098700065,0.00035755534190684557,0.018455069316465227,0.004941412350654819
217_H3,4.8813552733163e-05,5.647703672757215e-06,0.0,0.10203459651188947,0.025522264442073846
217_NCI,7.16542036456027e-05,3.719998956632801e-05,5.600604708888568e-05,0.08986265810922382,0.022506879587381158
218_H1,2.0942159743551815e-05,2.9660568107935857e-06,4.412591351865558e-06,0.0722728903681185,0.018075302794006178
218_NCI,2.1991114125682713e-05,1.993865290923508e-06,0.00033782265381887555,0.057083559209914723,0.014361341710787552
219_H1,8.150455558866879e-07,0.0,0.0,0.010262978104086301,0.002565948287410547
219_NCI,7.436014088717904e-07,0.0,5.319705815054476e-05,0.033809877228193154,0.008465954471938143
220_H1,3.926894231204195e-05,2.156959273098646e-05,5.0474307499825954e-05,0.0035792356470522235,0.0009226371223987694
220_NCI,5.001009855184853e-05,8.582529424291262e-06,5.2896615670761093e-05,0.009820025152833043,0.002482878599119986
221_H1,9.997970999020007e-08,0.0,0.0,0.0051837895507560235,0.0012959723826165034
221_NCI,5.050214557216487e-07,0.0,0.0,0.010482682180091555,0.002620796800386819
222_H1,2.0633585425236004e-06,0.0,0.0,0.010095059778777025,0.0025242807843298873
222_H3,5.067817319760476e-07,1.0318332312171314e-07,0.0,0.030539132678279887,0.007634935660833746
224_H1,0.00014752401550413666,1.9078587204083076e-05,0.0,0.039892162508689884,0.010014691277849526
224_H3,5.060480633016996e-06,9.020439037244653e-07,0.0,0.06156144007370593,0.015391850649560668
224_NCI,3.694340321443111e-05,6.903487714270878e-06,0.0,0.039016438403992916,0.009765071323730404
225_H1,1.4081224680249743e-05,2.7000412777083276e-06,0.0,0.018636899099541693,0.0046634200913749126
225_H3,1.9989594547222615e-06,1.752212005946225e-06,0.0,0.017497560011972252,0.00437532779585823
225_NCI,7.522273055435841e-07,1.7785211432903486e-06,0.0,0.06574180250691812,0.016436083313841738
227_H1,1.5660197609526868e-06,8.462599187464638e-08,0.0,0.006491449119558345,0.0016232749413277931
227_NCI,4.215390881530238e-06,1.0796690430982301e-07,3.0481203339149943e-06,0.015458119953504124,0.0038663728579059697
228_H1,0.000166793509967621,7.906709092661741e-05,0.000646572036202997,0.06279117000630827,0.015920900660851375
228_H3,6.531917040633015e-05,8.639504348652736e-05,0.0,0.09009709882859296,0.022562203260621454
228_NCI,3.0362829480433143e-05,3.43721391428603e-05,0.0002018494560616091,0.06054483258276228,0.015202854251861797
229_H1,8.166493336657307e-06,9.268923267457678e-09,0.0,0.0728157637882589,0.018205984887629704
229_H3,5.1794365119576025e-05,3.24731729770058e-07,0.0,0.040903982563505574,0.01023902541508873
230_H1,9.644886299909277e-07,0.0002974586251750714,0.003200938692316413,0.011821879184748871,0.003830310247717587
230_NCI,5.075796207811249e-09,0.0,0.0,0.020771745449780592,0.0051929376313942
231_H3,7.11855515302252e-06,0.0,0.0,0.08312840941305948,0.020783881992053124
231_NCI,6.365844759852631e-05,4.136213415298704e-05,9.723005496198311e-05,0.02366386950265562,0.005966530034842279
232_H1,6.682980199349665e-06,2.777346016111489e-07,1.6996207705233246e-05,0.012573051509761214,0.003149252108066852
232_H3,5.640061569951433e-06,5.807612567585105e-07,0.0,0.007778051505729072,0.0019460680821389454
232_NCI,5.066489196782835e-06,3.45074702301211e-06,0.0,0.039807672122133944,0.009954047339588434
233_H1,3.819669269707639e-07,0.0,0.0,0.026462937330950696,0.0066158298244694165
233_NCI,7.4229778271998e-07,0.0,0.0,0.00176541036097356,0.00044153816468907
235_H1,1.9299625990329493e-06,1.964298144966773e-06,0.0,0.013991862254411245,0.003498939128788811
235_H3,5.0239352115916e-07,7.330361423248535e-07,0.0,0.05475668501095725,0.013689480110155182
235_NCI,4.963814943206548e-06,2.3286713065472033e-06,0.0,0.026187549927072878,0.006548710603330658
236_H1,2.133421647163962e-06,7.425347528491369e-09,0.0,0.05957353426014543,0.014893918776785031
236_NCI,2.4640508979240637e-06,6.849210645956723e-07,0.0,0.02106177757153378,0.0052662316358740744
238_H1,6.025461056538614e-07,1.606548518216536e-06,0.0,0.06335481385540946,0.015839255737508332
238_H3,4.473947900736604e-06,0.0,0.0,0.019217895542283547,0.00480559237254607
238_NCI,5.852632532001613e-07,2.0640197212740896e-06,0.0,0.02351760026392603,0.005880062386725126
239_NCI,1.7281487714523156e-06,3.641737476519733e-07,0.0,0.019014018525652005,0.004754027712042777
241_H1,3.6348239138145786e-06,0.0,0.0,0.011499719693593957,0.002875838629376943
241_NCI,4.2178539295487526e-07,0.0,0.0,0.01290558470349801,0.003226501622222741
242_H1,1.12093654504813e-05,7.023701533147396e-06,0.0,0.004256190370000378,0.0010686058592460019
245_NCI,3.2032817649301056e-07,0.0,0.0,0.03031326565411064,0.0075783964955717835
248_H1,7.708428752811134e-06,3.8460240369862145e-06,1.9253358914284036e-05,0.00017788951106334876,5.2174330691857536e-05
248_H3,9.711666630730491e-06,4.0233003092935733e-07,0.0,0.0008066568904658666,0.00020419272178188162
248_NCI,1.2469485526140794e-05,8.532891226478107e-06,0.0,0.025338324200140656,0.0063398316442233186
249_H1,1.717595613735586e-07,0.0,0.0,0.00032612469814314785,8.157411442613036e-05
251_H1,1.773467688240551e-05,3.837249729114637e-06,0.0,0.012817853864203636,0.003209856447703789
252_H1,1.2298584877331044e-05,1.4763223441196014e-05,0.00027024143491871655,0.05758302847104329,0.014470082928570133
252_H3,9.875007077806922e-08,0.0,0.0,0.013722098919408182,0.00343054941736974
252_NCI,7.700460518028546e-06,2.4553262052381303e-06,0.0,0.026555061491789433,0.006641304319628175
254_H1,5.252450094906471e-07,0.0,0.0,0.015224207922385624,0.003806183291848779
254_NCI,2.7426370756787103e-06,6.978581743246592e-07,3.8582493289140984e-05,0.03243123498219893,0.008118314492684518
255_H1,5.972713883899246e-05,8.528346166677483e-06,2.2211661416804418e-05,0.06393207417705954,0.016005635330870502
255_NCI,4.697983543889859e-05,7.475589962984298e-06,0.0,0.024054254006917304,0.006027177358079797
256_H1,2.1596067650363123e-05,4.554844977748307e-05,0.00019812774553429335,0.02457990387816241,0.006211294035281137
256_NCI,1.483812614757313e-05,1.925061292447595e-06,0.0,0.0738325699954676,0.018462333295726906
258_H1,6.10131711798014e-06,3.935219463067141e-06,2.441351898596622e-05,0.01640676612607291,0.004110304045409981
258_NCI,7.984492607883931e-06,3.220454637579026e-06,0.0,0.07121764503396022,0.01780721249530142
259_H1,6.89899094902133e-05,1.96621991525121e-05,0.0,0.04963431622105349,0.012430742082424055
259_NCI,0.00013403298836712254,0.00011483026598898788,0.00026746370713226497,0.04784949093211364,0.012091454473400503
260_H1,1.1188002651175822e-05,5.5689739631826794e-08,4.134976552450098e-05,0.028939807567994715,0.007248100256477506
260_H3,2.518991793841764e-06,3.0420862500507424e-07,0.0,0.037071702139334355,0.0092686313349383
260_NCI,0.0001091045932120618,3.523807245916922e-07,0.0,0.07964901747699017,0.019939618612731705
261_H3,0.0010955738863825304,0.0019263201464647865,0.0007480412605218589,0.4142592961835226,0.10450730786922294
262_H1,3.5061009602110125e-05,0.00015325364091125105,0.0,0.00864302064202833,0.0022078338231354224
263_H1,0.00030874348115300475,5.8496685430166276e-05,0.0012709664879366755,0.0023161592557002066,0.0009885914775550134
263_H3,3.936472581209737e-07,0.0,0.0,0.055730397682030884,0.013932697832322252
263_NCI,0.00020938087295321382,0.00018277816285617606,0.0006147833191789687,0.09583280440074926,0.024209936688934404
264_H1,2.489651679769533e-05,0.0,0.0,0.014516354214497531,0.0036353126828238065
264_NCI,1.6329353575621996e-05,1.5075888044904932e-08,0.0,0.0178610596282937,0.004469351014439342
265_H1,0.019345205561257687,0.0218307169076169,0.026899706572294235,0.11732884258531831,0.04635111790662178
265_NCI,0.010964329479184902,0.03243716684397771,0.004897415637969971,0.08938107251076294,0.03441999611797388
266_H1,7.981760164817126e-05,6.408112441387212e-05,6.869606295367703e-05,0.11638704420564244,0.02914990974866454
266_H3,1.0980834454441463e-05,4.720769442112554e-07,0.0,0.0802262549624959,0.020059426968473636
266_NCI,0.0005025751844637068,3.0160330626535826e-05,7.867671229178086e-05,0.010447339659724499,0.0027646879717766306
269_H3,0.004557965446669766,0.0038637764779898146,0.0015489074867218733,0.5699280153886688,0.14497466620001256
270_H3,7.867114474970755e-05,3.434852942898143e-05,4.499602800933644e-05,0.06735207145486986,0.016877521789264473
270_NCI,0.0019091349968029018,0.00039846645258920016,0.0,0.007471041648541608,0.0024446607744834275
271_H1,0.00013144460470162735,2.5395478256719705e-06,0.0,0.11482698199068708,0.028740241535803596
271_NCI,2.5719661068816206e-05,1.5174120962156223e-06,9.923292964231223e-06,0.07918534224758247,0.019805625653427934
272_NCI,3.3674522927953024e-07,1.1761856547793637e-07,0.0,0.039315296461758326,0.00982893770638827
273_H3,1.586520025571096e-06,0.0,0.0,0.0054825296082658395,0.0013710290320728526
274_H1,3.721831081250806e-06,5.841518250175172e-08,0.00010726520122261718,0.032626751883593416,0.008184449332769947
274_H3,5.304338917530091e-06,0.0,0.0,0.02313533245374737,0.005785159198166225
274_NCI,0.00011208513766022184,3.643160995529524e-08,0.0,0.0053728211495659576,0.0013712356797090336
275_H1,0.00016504996881422604,0.0007581002544758464,0.0048529403284192085,0.15766944626498663,0.04086138420417398
275_H3,0.0,0.0,0.0,0.005056379696262019,0.0012640949240655048
275_NCI,0.002867505739981124,0.0002320110693339498,0.0009247949346899986,0.08508030638545412,0.022276154532364797
276_H1,1.8392642779046687e-05,2.5649485187556328e-05,0.00010727873450377956,0.010004165624813707,0.0025388716218210225
276_NCI,1.6505315000517927e-05,2.586884759696839e-05,2.6438072382006794e-05,0.010519782699390077,0.0026471487335923928
277_H1,1.8077611148308315e-05,1.1828827076827708e-06,2.1052683223388158e-05,0.042839022207571506,0.010719833846162721
277_H3,6.709017875279555e-06,0.0,0.0,0.04977283680624428,0.01244488645602989
277_NCI,4.233734885255243e-05,5.842582388488154e-06,1.3092132576275617e-05,0.03019712828489401,0.007564600087177832
278_H1,2.322286054319483e-05,2.687905718238945e-05,0.00018869602354243398,0.038721642913066665,0.009740110213583671
278_NCI,2.326038133825526e-05,4.590811978371812e-05,0.0,0.034283562068831853,0.008588182642488456
279_H1,0.008888259681734983,0.010268318384679892,0.018341276794672012,0.13713074572210218,0.04365715014579727
279_H3,1.425440289265163e-06,2.5398052829195937e-06,0.0,0.05360997925327975,0.013403486124712984
279_NCI,6.729928213465491e-06,5.157403335626516e-06,7.020559678494465e-06,0.0572954349567349,0.01432858571199062
280_H1,0.0023307536958431544,7.451170472284602e-08,0.0,0.022232558387038543,0.006140846648646605
281_H1,1.8898060688274882e-05,1.2392038518516214e-05,0.00010121527884621173,0.0032274954541121666,0.0008400002080412923
281_H3,8.819535210665325e-06,0.0,0.0,0.06662819638669351,0.016659253980476043
281_NCI,4.8043141713304774e-05,3.568241988896e-05,0.00011604718019952998,0.06191174026030064,0.015527878250525609
282_H1,0.0003565080154584312,0.00015907606608240912,0.0008225303026847541,0.0637006456959123,0.016259690020034474
282_H3,2.710046145193163e-05,3.65625794725399e-05,0.0,0.08847072405907364,0.02213359677499953
282_NCI,0.00014342669072755975,0.00010754103991131608,9.036678966367617e-05,0.04716562811349,0.011876740658448138
283_H1,6.195605359474269e-06,1.0404064704874471e-06,0.0003942510229535401,0.0036975653881306143,0.001024763105728529
283_NCI,9.166703798729155e-06,9.70725551640319e-06,0.0,0.05966238184291694,0.014920313950558017
284_H1,0.06403020171366679,0.0,0.0,0.0367664892055233,0.02519917272979752
284_H3,2.3135218207038353e-08,0.0,0.0,0.004316869995687653,0.001079223282726465
285_H1,1.2767527407581035e-06,7.579740411189856e-07,3.243709943490103e-05,0.05549668716660369,0.013882789748205117
285_H3,5.214967369502812e-10,9.106286903760763e-06,0.0,0.002341848933144618,0.0005877389353862789
285_NCI,7.873383377789267e-07,1.612432774231028e-07,0.0,0.005593615311418256,0.0013986409732583646
286_H1,1.0,1.0,1.0,0.1858269111925988,0.7964567277981497
286_H3,5.891350822602439e-05,0.0,0.0,0.03184730908784999,0.007976555649019003
286_NCI,2.7582667119685317e-05,5.5498640527785915e-06,1.2060195331287105e-05,0.06174157747622523,0.015446692550682246
287_H1,0.00016710488857956302,0.000125871938046862,0.00043654165347106755,0.04335581222224907,0.01102133267558664
287_H3,9.251047525135651e-07,0.0,0.0,0.004220708999070912,0.0010554085259558564
287_NCI,0.0002348145032162735,0.00013050828949545557,1.2752788279613014e-05,0.11371325795096661,0.028522833382989488
288_H1,1.5424708189988904e-05,3.051367139976211e-08,0.0,0.01154841846606189,0.0028909684219808195
289_H1,3.0771478638635e-05,5.773314835085666e-05,0.0004816906002815813,0.2586069745798563,0.06479429245178185
289_NCI,0.00014250820224202408,0.00010342024842657174,0.00016381865134462714,0.2463946479673724,0.061701098767346405
290_H1,4.2169659306726085e-05,0.00012583465931007874,5.619764851871878e-05,0.0473096037457666,0.011883451428225531
290_NCI,2.9986803628361153e-05,6.696714503279124e-06,0.00011686250945786014,0.07659624592582359,0.019187447988353274
293_H1,3.886850299938228e-05,9.335276944674151e-06,9.393087566422764e-06,0.04131728009571392,0.0103437192408061
293_H3,1.3191299493139433e-05,7.557064055614781e-07,0.0,0.0637074082787089,0.0159303388211519
294_H1,4.590334086193475e-06,1.682277461151897e-06,0.0,0.015502804050289096,0.0038772691654591104
294_NCI,8.591588247618404e-07,3.247105559146757e-07,0.0,0.010385143430280432,0.0025965818249152773
295_H1,1.879808874565264e-06,1.0178155497324319e-07,0.0,0.06515462133882441,0.016289150732313486
295_NCI,1.5463406127352513e-06,1.1376332435946193e-07,0.0,0.01070741237303018,0.0026772681192418183
297_NCI,8.166711089811569e-05,3.053405321414943e-05,2.0399669665494002e-05,0.04947035543700761,0.012400739067696342
298_H1,6.817267042287311e-05,7.015618476171397e-06,0.00022974975581746548,0.08224020076843654,0.020636284703288262
298_NCI,5.560014068773672e-05,7.995047395403363e-06,0.0,0.006730566357973735,0.0016985403865142188
299_H3,5.672957317567916e-05,2.9708900232303617e-05,0.00013974997273180634,0.06454528762141351,0.016192869016888326
299_NCI,5.689436252365302e-05,4.1937643131146735e-05,7.867962995078415e-05,0.031015533730140786,0.0077982613414365924
300_H1,3.031588853271731e-05,5.16426733745611e-07,0.0,0.007491848174539482,0.0018806701224514863
300_NCI,1.7814659714441258e-05,1.0087904777003894e-06,0.0,0.005400290731247689,0.0013547785453599576
303_H1,5.885173083713214e-07,0.0,0.0,0.03378402344289777,0.008446152990051536
303_NCI,5.342407082309007e-07,0.0,0.0,0.07223075322080086,0.01805782186537727
304_H1,4.08717448687465e-05,1.2189329447390786e-05,4.309932410251349e-05,0.006822329740915923,0.0017296225348336434
304_NCI,4.594276561088401e-05,1.2662901258449828e-05,0.0,0.01595735222785609,0.004003989473681356
307_H1,4.419659300864371e-06,2.566104908603773e-06,2.9393841032288037e-05,0.00021849088541933567,6.371762266527297e-05
307_H3,3.183801615540617e-06,0.0,0.0,0.025983116391447212,0.006496575048265688
307_NCI,8.353370727154665e-06,2.6349429873133198e-06,0.0,0.057239384330660434,0.014312593161093725
308_H1,5.926317357091582e-05,3.8996759282470004e-05,0.0004062310035806149,0.014913838605462257,0.0038545823854740646
308_NCI,8.803981797322321e-05,0.00020843142936297087,0.00027167031657882035,0.021561780118322736,0.005532480420559437
309_H1,1.227223532255251e-05,3.827966171714567e-08,8.522970165358856e-05,0.007992577226583098,0.0020225293608052393
311_H1,1.0659242190135603e-06,0.0,2.2550904759555124e-05,0.016778516908994446,0.004200533434493253
311_H3,4.245445461658491e-06,4.596586680559528e-09,0.0,0.002962094189895412,0.0007415860579859378
311_NCI,1.1073921277772517e-06,3.383060600369154e-10,0.0,0.003578331870301075,0.000894859900183728
314_H1,2.6672945123353953e-06,2.8316397451492834e-07,0.0,0.09731348522857147,0.02432910892176458
314_NCI,1.6156300085092286e-06,0.0,0.0,0.0419171377735572,0.010479688350891426
315_H1,2.5548691537755933e-05,3.196308054887709e-07,1.02944804893923e-05,0.010898833780264454,0.0027337491457742726
315_NCI,3.381962748665922e-05,9.547968870967904e-07,0.0,0.07017039470307884,0.01755129228186315
317_H1,0.008653264428680705,0.03755400089019997,0.07910194993019104,0.07531364506204806,0.05015571507777994
317_NCI,0.0010312096662567366,0.0005976454955014201,0.0,0.022141680789609562,0.00594263398784193
318_H1,6.743284246484288e-05,4.297473758378512e-06,7.073180313454941e-05,0.09489576013495984,0.023759555563579404
318_H3,6.790720016909283e-08,0.0,0.0,0.01950783912924821,0.004876976759112094
318_NCI,0.00011282379243018644,0.0001369893433551985,0.0004897046601399779,0.09216944713120531,0.02322724123178267
319_H1,2.099290128875169e-05,4.5583330929627126e-05,4.8606798372929916e-05,0.025160076852703484,0.006318814970823698
319_NCI,0.053441537458560055,0.04438205200921718,0.2887187600135803,0.061537030978867445,0.11201984511505625
320_H1,3.666847428411675e-05,2.474783572407143e-05,0.0,0.05301427415395297,0.013268922615990289
320_H3,2.6794715978818508e-05,4.899488738905595e-07,0.0,0.07286479456645441,0.018223019807826778
320_NCI,6.4087235018773616e-06,1.7921356027974027e-06,0.0,0.0021643023769100734,0.0005431258090036871
321_H1,0.00019107613843053568,0.00028440133606046157,0.0,0.060792152995276266,0.015316907617441816
321_NCI,0.00015741017735408178,0.0002258948871054095,0.0,0.011493929684312391,0.002969308687192971
322_H1,1.030472369677228e-05,0.0,0.0,0.021407460773380602,0.0053544413742693435
322_NCI,2.8637681032664165e-06,1.1503062028799085e-06,0.0,0.023081018151282495,0.00577125805639716
323_H1,8.978753737367484e-06,2.642272297064224e-07,0.0,0.04095379156945749,0.01024075863760614
323_H3,5.349646501105378e-06,4.538594632816929e-08,0.0,0.027514565666011695,0.006879990174614782
323_NCI,5.096716643757057e-06,0.0,0.0,0.03952697273660548,0.009883017363312308
324_H1,3.042061820637019e-06,3.771134987438674e-05,0.0002900009567383677,0.0674324472674127,0.016940800408961523
324_H3,1.1675603000964539e-05,0.0,0.0,0.03949116336207407,0.009875709741268758
324_NCI,5.667781770360381e-06,3.403579486203096e-05,0.0,0.06270686119460256,0.01568664119280874
325_H1,6.680934892732997e-05,8.934260477969732e-06,0.0,0.056238558370354984,0.014078575494940071
325_H3,2.1268017809355865e-05,0.00012593417017886787,0.00042557227425277233,0.09158224098227269,0.02303875386112842
325_NCI,5.815076524932125e-05,6.082653023611619e-06,0.0,0.03373864035126046,0.008450718442383348
326_H1,9.778024555657448e-06,2.366648162877183e-10,0.0,0.001680258426231818,0.00042250917186307293
326_H3,4.55520718815008e-06,1.2729996879754768e-06,0.0,0.0329923253414126,0.008249538387072182
326_NCI,8.942544369478743e-06,2.6847771237569256e-07,0.0,0.04450893456171388,0.011129536395948932
327_H1,6.702585321436411e-06,7.084750467298228e-06,7.443837239407003e-05,0.029540052274949415,0.007407069495783055
327_H3,4.519350801442408e-07,1.8081400756641298e-06,0.0,0.040880781432707396,0.010220760376965801
327_NCI,1.205514211282906e-05,8.512131829080976e-07,9.019504432217218e-06,0.09754365052769577,0.02439139409685593
328_H1,0.001124391203269642,6.990151615177052e-05,9.315463830716908e-05,0.06323605793655432,0.016130876323570725
328_H3,2.689348041431217e-05,1.08401784888444e-06,0.0,0.006476712670692456,0.0016261725422389132
328_NCI,0.0032382915390340213,3.884121615590927e-05,0.0004570446035359055,0.029791181163284768,0.008381339630502652
329_H1,8.447954534300067e-06,9.429201472629524e-08,0.0,0.03512902608907639,0.008784392083906354
329_H3,5.429163390888899e-07,2.3166520050156658e-07,0.0,0.024836931266032022,0.006209426461892903
329_NCI,7.206995700264304e-06,3.9586133155942705e-07,0.0,0.019854284457476116,0.004965471828626985
330_H1,4.676706246435441e-05,1.9529675015696136e-05,3.1512976420344785e-05,0.05186924510653117,0.01299176370510789
330_H3,1.296205088772043e-05,0.0,0.0,0.06316331894249941,0.01579407024834678
330_NCI,4.6622233547805866e-05,1.640646110923086e-05,0.0,0.1109010690371558,0.027741024432953208
331_H1,5.922613783431104e-06,6.5987152915111544e-06,0.0,0.044966294261280924,0.011244703897588967
331_H3,5.511368563368481e-07,0.0,0.0,0.034174193319169245,0.008543686114006396
332_H1,4.0576058459334364e-05,2.135118361545499e-05,0.0001222437567776069,0.0040137860617021175,0.0010494892651386285
332_H3,4.1360030115540645e-06,4.250734977689703e-06,0.0,0.058262265679276476,0.01456766310431643
332_NCI,0.0001530475769911436,1.3858186953571553e-05,6.600254710065201e-05,0.02172562580711815,0.005489633529540879
333_H1,0.00048237993121957715,0.001224202468063243,0.0008277944289147854,0.061542589720189445,0.01601924163709676
333_H3,1.243270511946569e-05,7.3546042196648895e-06,0.0,0.01737100796974981,0.004347698819772235
333_NCI,0.0002997480683846795,0.0002801097408370347,0.00018540873134043068,0.08595533566354362,0.021680150551026442
334_H1,1.1259424521044469e-05,1.2820971340749766e-06,0.0,0.021696873950158194,0.005427353867953328
334_H3,6.8561603369040965e-06,6.865057970673117e-07,0.0,0.06790429552009249,0.016977959546556613
334_NCI,8.180854755847981e-06,4.304523493549831e-09,0.0,0.007276145862563671,0.0018210827554607531
335_H1,0.00020514470392676436,5.801302876498492e-05,0.00018795381765812635,0.06545059489596734,0.016475426611579306
335_H3,1.621070010962815e-05,3.8972716092721235e-06,0.0,0.06818244725943157,0.017050638807787618
335_NCI,5.84658649779355e-05,3.20434711522877e-06,0.00018715893384069204,0.02463029356686724,0.006219780678200275
336_H1,3.883512374132251e-05,3.333622890415926e-05,0.0002333850134164095,0.14127040355919876,0.03539398998131516
336_H3,8.73135913786179e-06,2.3709275496260895e-07,0.0,0.02017763828361477,0.005046651683876898
336_NCI,3.743778541860411e-05,5.938507982210619e-06,0.0,0.017625990860440182,0.004417341788460249
337_H3,0.00020681535082628169,2.3566244258871167e-05,0.0,0.06963423354816296,0.017466153785812028
337_NCI,0.000547189442017842,0.0009737604450123545,0.0037250081077218056,0.0041113101196508985,0.002339317028600725
338_H1,7.792982135112067e-06,8.896544482392533e-09,1.967484422493726e-05,0.03863036555564802,0.009664460569638138
338_H3,4.337594483280104e-06,7.92664105412806e-06,0.0001465612294850871,0.032280368403121526,0.008109798467036005
338_NCI,4.597775962602923e-06,8.758314490350556e-07,0.0,0.06746378077848002,0.016867313596472915
339_H3,1.3116573441877387e-05,4.021559246755602e-05,9.307470463681966e-05,0.07661675289269237,0.019190789940809656
340_H1,1.9717946868665447e-06,4.035011423225085e-07,0.0,0.007769377026188133,0.0019429380805043306
340_H3,3.7814460390950152e-06,2.2355555019442082e-07,0.0,0.03304490689674162,0.008262227974582727
340_NCI,1.1772571347566781e-06,3.666919719899e-08,0.0,0.019201583176230632,0.004800699275640647
341_H3,2.3896103968445596e-06,3.417883204525492e-09,0.0,0.02820214676063182,0.007051134947227967
342_H1,4.965817797494887e-05,3.260364831262259e-05,0.00015295471530407667,0.04174148559429771,0.01049417553397234
342_H3,5.2103273927560076e-06,4.26978610824727e-06,2.9825925594195724e-05,0.07742397399484084,0.01936582000848401
343_H1,4.862426119667185e-06,3.246583889041692e-06,6.105502961872844e-06,0.007657268205402404,0.0019178706795932466
344_H1,0.00016979274077775434,1.0052703265800205e-05,0.0,0.0027750484162781127,0.0007387234650804168
344_H3,7.311743340806074e-06,1.5072075278085927e-06,0.0,0.013610442823715832,0.003404815443646112
344_NCI,5.2105479090127945e-05,2.388517690529156e-07,0.0,0.03757906157009136,0.009407851475237636
345_H1,8.781750768377354e-06,8.887275324821022e-06,0.0,0.03309103269891821,0.00827717543125285
345_H3,3.166926715704578e-06,2.2349126481165225e-07,1.7850848962552845e-05,0.06908327818909954,0.017276129864010652
345_NCI,6.575472904256057e-06,1.945505803482856e-06,3.771281262743287e-05,0.0521082107033616,0.013038611123674193
346_H1,9.883816799580031e-06,1.744289202400207e-07,0.0,0.007161531165081478,0.0017928973527003244
346_H3,9.522576145943067e-06,2.799901412195968e-07,0.0,0.048432482655427676,0.012110571305428709
346_NCI,8.697880934283321e-06,4.530464749037202e-07,0.0,0.03226893673962936,0.008069521916759637
347_H1,1.4202575743515008e-05,3.5911684593346497e-06,2.2130623619887047e-05,0.052934678775439906,0.01324365078581566
347_H3,1.6864865290607825e-05,3.908255857209069e-06,0.00010910956916632131,0.0423684783326872,0.010624590255750334
347_NCI,2.4775846013871808e-05,3.403850009324369e-06,0.0,0.03250056057624116,0.008132185068066088
349_H1,8.236306976696494e-06,6.265124565397583e-06,0.0002789822465274483,0.06328239892567124,0.015893970650935195
349_NCI,1.586098568870037e-05,6.760222670319757e-07,0.0,0.11358104639913623,0.02839939585177299
351_NCI,0.00016090190368944437,5.317778446496342e-06,1.1384505341993645e-05,0.06519725261672789,0.016343714201051456
352_H1,7.02285353794251e-06,6.760805012506165e-07,6.737978310411563e-06,0.020021628618305424,0.005009016382663757
352_H3,3.070782822182662e-06,3.517231028576862e-08,0.0,0.03201289883193599,0.008004001196767115
352_NCI,2.749084194077749e-06,3.2740792808741434e-09,0.0,0.057841893971030255,0.014461161582325903
353_H1,0.00010705699596836128,1.0989652973716827e-06,0.0,0.06374317522182227,0.015962832795772
353_H3,6.889997984010732e-06,1.269598270572028e-08,0.0,0.0011436806785698355,0.000287645843134138
353_NCI,0.0001493178588676354,3.1886091330246248e-06,0.0,0.05999740991112485,0.015037479094781378
12_H1,4.945726025948945e-07,0.0,0.0,0.017742219205098,0.004435678444425149
12_NCI,4.945726025948945e-07,0.0,0.0,0.017742219205098,0.004435678444425149
322_H3,4.945726025948945e-07,0.0,0.0,0.017742219205098,0.004435678444425149
13_H3,3.029655528881126e-06,4.955353169729446e-07,0.0,0.07295675851932072,0.018240070927541645
33_NCI,3.029655528881126e-06,4.955353169729446e-07,0.0,0.07295675851932072,0.018240070927541645
58_H1,3.029655528881126e-06,4.955353169729446e-07,0.0,0.07295675851932072,0.018240070927541645
58_H3,3.029655528881126e-06,4.955353169729446e-07,0.0,0.07295675851932072,0.018240070927541645
58_NCI,3.029655528881126e-06,4.955353169729446e-07,0.0,0.07295675851932072,0.018240070927541645
204_NCI,3.029655528881126e-06,4.955353169729446e-07,0.0,0.07295675851932072,0.018240070927541645
80_H3,8.573889730217896e-06,1.1194039667328648e-06,0.0,0.03400259103081652,0.008503071081128369
83_H3,0.0004673387629028806,0.0007342924361257374,0.00044838013127446175,0.0430088401659925,0.011164712874073893
83_NCI,0.0004673387629028806,0.0007342924361257374,0.00044838013127446175,0.0430088401659925,0.011164712874073893
110_H3,2.9812945551438486e-05,1.2758605135380648e-05,7.982763781910762e-05,0.10211864379526941,0.025560260745943836
113_H3,0.0020914239687840784,0.002604124202474717,0.0005233335541561246,0.10123655722979436,0.026613859738802318
132_H3,2.727498308882773e-07,0.0,0.0,0.002877194022482245,0.0007193666930782833
132_NCI,2.727498308882773e-07,0.0,0.0,0.002877194022482245,0.0007193666930782833
139_NCI,3.954016940730985e-06,0.0,0.0,0.05233681592359683,0.013085192485134392
144_H3,4.216145766706458e-06,8.119811001180855e-07,0.0,0.035502023324142644,0.008876762862752368
189_H1,9.974889435402507e-07,0.0,0.0,0.01778051234940863,0.0044453774595880425
189_NCI,9.974889435402507e-07,0.0,0.0,0.01778051234940863,0.0044453774595880425
152_H3,1.0172287761040273e-06,8.062043863585074e-08,0.0,0.004896536541513942,0.0012244085976821704
226_H1,1.0172287761040273e-06,8.062043863585074e-08,0.0,0.004896536541513942,0.0012244085976821704
226_NCI,1.0172287761040273e-06,8.062043863585074e-08,0.0,0.004896536541513942,0.0012244085976821704
167_NCI,2.5221323818617955e-06,3.118121375050382e-08,0.0,0.01624427291496194,0.0040617065571393884
21_H3,1.9922313236319984e-06,3.519624687021295e-06,5.6965782277984545e-05,0.10485289745714155,0.026228843773857546
278_H3,3.46808461330273e-07,0.0,0.0,0.01282392472908617,0.0032060678843868753
178_H3,5.788155154269612e-05,6.419103279523507e-05,9.285796113545075e-05,0.11086051591744601,0.027768861615729848
178_NCI,5.788155154269612e-05,6.419103279523507e-05,9.285796113545075e-05,0.11086051591744601,0.027768861615729848
210_H3,0.0027282871161024565,2.0270938127106505e-08,0.0,0.11512680884819647,0.029463779058809262
196_NCI,8.758189301073364e-06,1.0242095248954145e-06,0.0,0.11871080352560474,0.02968014648110768
203_H3,9.318522589375253e-06,2.564644287416657e-06,0.0,0.01563597529760198,0.003911964616119693
203_NCI,9.318522589375253e-06,2.564644287416657e-06,0.0,0.01563597529760198,0.003911964616119693
206_H1,5.266734009019514e-06,1.2405880177313979e-05,0.0,0.031861572103687084,0.007969811179468354
211_H1,6.459754204865355e-07,2.1069920638868236e-06,0.0,0.048626413208613266,0.01215729154402441
222_NCI,5.067817319760476e-07,1.0318332312171314e-07,0.0,0.030539132678279887,0.007634935660833746
231_H1,6.365844759852631e-05,4.136213415298704e-05,9.723005496198311e-05,0.02366386950265562,0.005966530034842279
236_H3,2.133421647163962e-06,7.425347528491369e-09,0.0,0.05957353426014543,0.014893918776785031
22_NCI,6.136893132374142e-06,5.644780490677898e-07,0.0,0.003152871207815024,0.0007898931447491165
241_H3,3.6348239138145786e-06,0.0,0.0,0.011499719693593957,0.002875838629376943
242_NCI,1.12093654504813e-05,7.023701533147396e-06,0.0,0.004256190370000378,0.0010686058592460019
245_H1,3.2032817649301056e-07,0.0,0.0,0.03031326565411064,0.0075783964955717835
245_H3,3.2032817649301056e-07,0.0,0.0,0.03031326565411064,0.0075783964955717835
249_NCI,1.717595613735586e-07,0.0,0.0,0.00032612469814314785,8.157411442613036e-05
251_NCI,1.773467688240551e-05,3.837249729114637e-06,0.0,0.012817853864203636,0.003209856447703789
261_H1,0.0010955738863825304,0.0019263201464647865,0.0007480412605218589,0.4142592961835226,0.10450730786922294
261_NCI,0.0010955738863825304,0.0019263201464647865,0.0007480412605218589,0.4142592961835226,0.10450730786922294
262_NCI,3.5061009602110125e-05,0.00015325364091125105,0.0,0.00864302064202833,0.0022078338231354224
269_H1,0.004557965446669766,0.0038637764779898146,0.0015489074867218733,0.5699280153886688,0.14497466620001256
280_H3,0.0023307536958431544,7.451170472284602e-08,0.0,0.022232558387038543,0.006140846648646605
280_NCI,0.0023307536958431544,7.451170472284602e-08,0.0,0.022232558387038543,0.006140846648646605
315_H3,0.0023307536958431544,7.451170472284602e-08,0.0,0.022232558387038543,0.006140846648646605
284_NCI,2.3135218207038353e-08,0.0,0.0,0.004316869995687653,0.001079223282726465
28_NCI,1.7216804112179796e-07,0.0,0.0,0.006773615209821582,0.001693446844465676
51_H1,1.7216804112179796e-07,0.0,0.0,0.006773615209821582,0.001693446844465676
51_H3,1.7216804112179796e-07,0.0,0.0,0.006773615209821582,0.001693446844465676
54_H3,1.7216804112179796e-07,0.0,0.0,0.006773615209821582,0.001693446844465676
167_H3,1.7216804112179796e-07,0.0,0.0,0.006773615209821582,0.001693446844465676
179_H3,1.7216804112179796e-07,0.0,0.0,0.006773615209821582,0.001693446844465676
191_H3,1.7216804112179796e-07,0.0,0.0,0.006773615209821582,0.001693446844465676
192_H1,1.7216804112179796e-07,0.0,0.0,0.006773615209821582,0.001693446844465676
192_H3,1.7216804112179796e-07,0.0,0.0,0.006773615209821582,0.001693446844465676
192_NCI,1.7216804112179796e-07,0.0,0.0,0.006773615209821582,0.001693446844465676
193_H1,1.7216804112179796e-07,0.0,0.0,0.006773615209821582,0.001693446844465676
193_NCI,1.7216804112179796e-07,0.0,0.0,0.006773615209821582,0.001693446844465676
201_NCI,1.7216804112179796e-07,0.0,0.0,0.006773615209821582,0.001693446844465676
212_NCI,1.7216804112179796e-07,0.0,0.0,0.006773615209821582,0.001693446844465676
227_H3,1.7216804112179796e-07,0.0,0.0,0.006773615209821582,0.001693446844465676
288_NCI,1.5424708189988904e-05,3.051367139976211e-08,0.0,0.01154841846606189,0.0028909684219808195
289_H3,3.0771478638635e-05,5.773314835085666e-05,0.0004816906002815813,0.2586069745798563,0.06479429245178185
295_H3,1.879808874565264e-06,1.0178155497324319e-07,0.0,0.06515462133882441,0.016289150732313486
298_H3,6.817267042287311e-05,7.015618476171397e-06,0.00022974975581746548,0.08224020076843654,0.020636284703288262
309_NCI,1.227223532255251e-05,3.827966171714567e-08,8.522970165358856e-05,0.007992577226583098,0.0020225293608052393
343_H3,4.862426119667185e-06,3.246583889041692e-06,6.105502961872844e-06,0.007657268205402404,0.0019178706795932466
343_NCI,4.862426119667185e-06,3.246583889041692e-06,6.105502961872844e-06,0.007657268205402404,0.0019178706795932466
30_H3,4.446806003096053e-06,3.981555270068446e-06,0.0001012465581879951,0.10339279911578593,0.025875618508811773
30_NCI,4.446806003096053e-06,3.981555270068446e-06,0.0001012465581879951,0.10339279911578593,0.025875618508811773
37_H1,4.6397020339799536e-05,4.217092525130699e-05,7.023711805231869e-05,0.056947299457172786,0.014276526130204052
37_NCI,4.6397020339799536e-05,4.217092525130699e-05,7.023711805231869e-05,0.056947299457172786,0.014276526130204052
59_NCI,4.099455344204125e-07,7.265748621782236e-07,0.0,0.010392265813218593,0.0025983505834037976
61_NCI,5.419277313585267e-06,1.0768148836840728e-05,0.0,0.06621491751884319,0.016557776236248403
66_H3,3.7251964227952605e-06,0.0,1.1497806553961709e-05,0.06201339470034713,0.015507154425830972
66_NCI,3.7251964227952605e-06,0.0,1.1497806553961709e-05,0.06201339470034713,0.015507154425830972
