,feature,xgb,rf,gbr,BayesianRidge,mean,feat_pos,true_position,TMD,amino_acid
0,1_H1,5.375111868488602e-06,1.1733372577998045e-05,2.5895601116547687e-06,0.0771094602995808,0.0192822895860347,1,1,CT/EC,M
1,1_H3,0.0,7.506154859898905e-07,0.0,0.0087418850500821,0.002185658916392,1,1,CT/EC,M
2,1_NCI,2.6967018129653297e-06,8.952800982306259e-06,8.99746093649493e-08,0.0311816154235646,0.0077983387252423,1,1,CT/EC,M
3,2_H3,4.0269507735501975e-05,1.2832659999253002e-05,5.937191596366244e-07,0.1325401541188559,0.0331484625014375,2,2,CT/EC,N
4,2_NCI,9.701686212792993e-05,0.0001363412112316,0.0001500377708958,0.049379899351015,0.0124408237988176,2,2,CT/EC,N
5,3_H1,4.375389471533708e-05,5.06913047504495e-05,2.774886348585064e-06,0.0705837862679598,0.0176702515884435,3,3,N-Termina,G
6,3_H3,0.0,2.7285896832924e-05,9.645704338695465e-07,0.0134419887723103,0.0033675598098942,3,3,N-Termina,G
7,3_NCI,3.536657095537521e-05,2.0914232273787183e-05,3.587417897809521e-06,0.1382885659731629,0.0345871085485724,3,3,N-Termina,G
8,4_NCI,0.0001311370870098,4.312127045324215e-05,5.5228208809294e-05,0.0876576019529229,0.0219717721297988,4,4,N-Termina,T
9,4_H3,0.0,5.734072695964464e-06,8.104994118200898e-08,0.0350928947000854,0.0087746774556806,4,4,N-Termina,T
10,4_H1,0.0001126786955865,3.457100637578135e-05,2.74823801620101e-05,0.044548406597003,0.0111807846697818,4,4,N-Termina,T
11,5_H3,1.4998347069195006e-05,1.2919308821986e-06,0.0,0.0898102730278659,0.0224566408264543,5,5,N-Termina,E
12,5_NCI,4.779701703228056e-05,3.812696079710372e-05,1.3474638147402009e-05,0.0027449731145797,0.0007110929326391,5,5,N-Termina,E
13,6_H1,4.001124034402892e-05,0.0035482276716776,2.4728921806059166e-06,0.0276919351501664,0.0078206617385921,6,6,N-Termina,G
14,6_H3,0.0,7.30660567890388e-07,1.6899807306526089e-07,0.0634580976426891,0.0158647493253325,6,6,N-Termina,G
15,6_NCI,0.0,1.2647478295517923e-06,1.5459975248830336e-06,0.0618757907104874,0.0154696503639604,6,6,N-Termina,G
16,7_H1,4.243715011398308e-05,5.443509152872771e-05,0.0002336857728273,0.0260471691882986,0.0065944318006921,7,7,N-Termina,P
17,7_H3,0.0,8.06560224699507e-06,1.2964096130007367e-06,0.0838752286311481,0.020971147660752,7,7,N-Termina,P
18,7_NCI,4.403222555993125e-05,3.447317858293485e-05,5.054909536745872e-05,0.0099130503421984,0.0025105262104272,7,7,N-Termina,P
19,8_H3,0.0,3.051712107148121e-05,1.2632689639409575e-09,0.0186389099211693,0.0046673570763774,8,8,N-Termina,N
20,8_NCI,0.0,0.0001505480893741,5.172944490347818e-05,0.005017233839267,0.0013048778433861,8,8,N-Termina,N
21,8_H1,9.895956463878974e-05,0.0001236090504622,5.350346576480574e-05,0.0159401348773008,0.0040540517395416,8,8,N-Termina,N
22,9_H1,2.247455449833069e-05,1.0315917849461112e-05,1.2615195255955388e-06,0.0102291922524347,0.002565811061077,9,9,N-Termina,F
23,9_H3,0.0,2.5831103269395924e-07,2.460150592462006e-06,0.0065194658492535,0.0016305460777196,9,9,N-Termina,F
24,9_NCI,5.604320176644251e-05,3.4192846677450136e-05,5.717276929945528e-06,0.0376725646670714,0.0094421294981113,9,9,N-Termina,F
25,10_H1,0.0001484018575865,1.5491112767434718e-05,2.317521167167425e-07,0.0313942366842765,0.0078895903516868,10,10,N-Termina,Y
26,10_H3,0.0,1.410730729408747e-05,1.1653942517277105e-07,0.0139969712628419,0.0035027987773903,10,10,N-Termina,Y
27,10_NCI,0.0,6.713155196518881e-06,1.0417646606270734e-05,0.0168264578264597,0.0042108971570656,10,10,N-Termina,Y
28,11_H1,0.0001494576281402,2.7485248009940708e-05,2.5015809351693667e-05,0.0550289443082185,0.0138077257484301,11,11,N-Termina,V
29,11_H3,0.0,2.935553857650401e-07,0.0,0.0579439114835883,0.0144860512597435,11,11,N-Termina,V
30,11_NCI,3.0428695026785132e-05,1.0194793185409177e-05,1.5533914082911388e-06,0.0879582345921572,0.0220001028679444,11,11,N-Termina,V
31,12_NCI,0.0,4.945726025948945e-07,6.4637614431291285e-09,0.017742219205301,0.0044356800604162,12,12,N-Termina,P
32,12_H3,0.0,4.945726025948945e-07,6.4637614431291285e-09,0.017742219205301,0.0044356800604162,12,12,N-Termina,P
33,12_H1,0.0,4.945726025948945e-07,6.4637614431291285e-09,0.017742219205301,0.0044356800604162,12,12,N-Termina,P
34,13_NCI,6.559691246366128e-05,8.727681254721524e-06,1.0806687306692116e-05,0.1217239695585798,0.0304522752099012,13,13,N-Termina,F
35,13_H3,0.0,3.029655528881126e-06,7.198477175244051e-07,0.0729567585193581,0.0182401270056511,13,13,N-Termina,F
36,13_H1,8.860964044288266e-06,8.14434986377168e-06,3.063593430654412e-06,0.0297178961482154,0.0074344912638885,13,13,N-Termina,F
37,14_H1,0.0,1.5318559358829158e-05,8.12464256555564e-08,0.0548015173775334,0.0137042292958294,14,NA,NA,-
38,14_H3,0.0,1.6968781518685038e-06,2.403762737670273e-05,0.0619424570361268,0.0154920478854138,14,NA,NA,-
39,14_NCI,0.0,9.2593858515695e-07,0.0,0.0325233132440135,0.0081310597956496,14,NA,NA,-
40,15_H1,1.831378722272348e-05,5.880156921856798e-05,2.7427191515393805e-05,0.0720795851365569,0.0180460319211284,15,14,N-Termina,S
41,15_H3,0.0,2.323849576404761e-05,4.86402306997101e-07,0.0046817761335927,0.0011763752579159,15,14,N-Termina,S
42,15_NCI,1.8754901248030365e-05,7.16394518682263e-05,4.768092260433211e-05,0.0223058082320186,0.0056109708769348,15,14,N-Termina,S
43,17_NCI,7.7360040450003e-05,7.787120789306306e-05,2.641112420699629e-05,0.0990334209555678,0.0248037658320294,17,16,N-Termina,K
44,17_H1,4.830209491046844e-06,4.924296095963786e-05,5.038715250614571e-06,0.005691983851377,0.0014377739342695,17,16,N-Termina,K
45,17_H3,0.0,1.2469494286698557e-06,4.3087449848128076e-08,0.0023517537957648,0.0005882609581608,17,16,N-Termina,K
46,18_NCI,0.0,4.259420851320772e-07,3.459562578025024e-09,0.0032174600228157,0.0008044723561158,18,17,N-Termina,T
47,18_H1,0.0,4.563547261680816e-06,0.0,0.0143938819077376,0.0035996113637498,18,17,N-Termina,T
48,19_H1,5.339585550245829e-05,3.1804539278388854e-05,4.90068271943103e-05,0.1219483204228849,0.030520631911215,19,18,N-Termina,G
49,19_H3,0.0,4.988627890114507e-06,8.077907512340148e-08,0.0149808870499797,0.0037464891142362,19,18,N-Termina,G
50,19_NCI,0.0,3.969020430790714e-05,9.672169803522776e-07,0.0349540113288,0.008748667187522,19,18,N-Termina,G
51,20_H1,6.744103302480653e-06,0.0001537931732585,5.721198243310357e-06,0.0216106343979101,0.0054442232181786,20,19,N-Termina,V
52,20_H3,0.0,3.755170005353586e-07,0.0,0.0056172409653595,0.00140440412059,20,19,N-Termina,V
53,20_NCI,1.1559610356925988e-05,1.592538705704379e-05,3.366902782513489e-05,0.0274062383350093,0.0068668480900621,20,19,N-Termina,V
54,21_H1,3.0473027436528355e-05,1.9922313236319984e-06,4.841432882599592e-06,0.1048528974573148,0.0262225510372394,21,20,N-Termina,R
55,21_NCI,2.1058800484752283e-05,8.208264786025017e-06,2.283739188994527e-06,0.0532236395337664,0.0133137975845565,21,20,N-Termina,R
56,21_H3,3.0473027436528355e-05,1.9922313236319984e-06,4.841432882599592e-06,0.1048528974573148,0.0262225510372394,21,20,N-Termina,R
57,22_H1,0.0002230309328297,0.000142979496512,1.2482059537697496e-05,0.0221943077440893,0.0056432000582421,22,21,N-Termina,S
58,22_H3,0.0,6.136893132374142e-06,3.784573901669425e-08,0.0031528712078653,0.0007897614866841,22,21,N-Termina,S
59,22_NCI,0.0,6.136893132374142e-06,3.784573901669425e-08,0.0031528712078653,0.0007897614866841,22,21,N-Termina,S
60,24_NCI,1.0614334314595908e-05,1.0084936276199273e-05,1.2172738119643704e-05,0.023731217487343,0.0059410223740133,24,23,N-Termina,F
61,24_H3,0.0,1.5196358984790495e-05,2.921096439938134e-06,0.0305413266529413,0.0076398610270915,24,23,N-Termina,F
62,24_H1,6.633736484218389e-05,6.783830129946087e-05,1.3901472255218849e-06,0.0790945497972832,0.0198075289026626,24,23,N-Termina,F
63,25_NCI,3.582182034733705e-05,0.0002507324279338,3.9711448181881886e-05,0.0081090904752364,0.0021088390429248,25,24,N-Termina,E
64,25_H3,0.0,0.0001297819155729,0.0,0.0332821803627327,0.0083529905695764,25,24,N-Termina,E
65,26_H3,0.0,2.327186174842733e-06,6.386312443999008e-08,0.0547182517773261,0.0136801607066563,26,25,N-Termina,A
66,26_NCI,0.0,3.029655528881126e-06,7.198477175244051e-07,0.0729567585193581,0.0182401270056511,26,25,N-Termina,A
67,26_H1,0.0,2.2126272178450405e-06,9.025479603950988e-07,0.0492382715908603,0.0123103466915096,26,25,N-Termina,A
68,28_H1,0.0,7.748339549905957e-07,5.645123292673458e-09,0.0585805502197322,0.0146453326747026,28,27,N-Termina,Q
69,28_NCI,0.0,1.7216804112179796e-07,0.0,0.0067736152098285,0.0016934468444674,28,27,N-Termina,Q
70,30_H3,0.0,4.446806003096052e-06,9.898862336249182e-06,0.103392799115788,0.0258517861960318,30,29,N-Termina,Y
71,30_H1,0.0,4.446806003096052e-06,9.898862336249182e-06,0.103392799115788,0.0258517861960318,30,29,N-Termina,Y
72,30_NCI,0.0,4.446806003096052e-06,9.898862336249182e-06,0.103392799115788,0.0258517861960318,30,29,N-Termina,Y
73,31_NCI,0.0841133594512939,4.96951254155362e-05,1.413424136840414e-05,0.0031973750387216,0.0218436409641998,31,30,N-Termina,L
74,31_H1,3.26782937918324e-05,1.4548441056183645e-05,2.33559513306182e-06,0.0198683489100293,0.0049794778100026,31,30,N-Termina,L
75,32_NCI,0.0,8.000776906467864e-06,3.189211026052872e-08,0.1595697130347617,0.0398944364259446,32,31,N-Termina,A
76,32_H1,0.0060948971658945,9.914620979277816e-06,1.1498272514246837e-07,0.0133820466590247,0.0048717433571559,32,31,N-Termina,A
77,33_H3,0.0,7.500987194853173e-07,0.0,0.0265652135317914,0.0066414909076277,33,32,N-Termina,E
78,33_H1,2.703595419006888e-05,5.945721074889834e-05,2.8620898516018875e-05,0.0468447651950387,0.0117399698146234,33,32,N-Termina,E
79,33_NCI,0.0,3.029655528881126e-06,7.198477175244051e-07,0.0729567585193581,0.0182401270056511,33,32,N-Termina,E
80,34_H3,0.0,2.238744006431412e-07,1.0339441540360963e-06,0.0432737748522821,0.0108187581677092,34,33,N-Termina,P
81,34_NCI,1.093252285500057e-05,5.194643435687152e-05,1.6484135232908574e-05,0.0628614526155653,0.0157352039270025,34,33,N-Termina,P
82,34_H1,2.694779323064722e-05,0.0002221139799681,0.0001884036287593,0.0811731797437345,0.0204026612864231,34,33,N-Termina,P
83,35_H1,1.1761204405047463e-05,2.011869584410297e-05,2.212753472913996e-06,0.0350886217512477,0.0087806786012424,35,34,N-Termina,W
84,35_H3,0.0,1.6587893307135532e-06,1.1306709632333748e-07,0.0320098731213216,0.0080029112444371,35,34,N-Termina,W
85,35_NCI,0.0,2.260412625026947e-06,0.0,0.1584595980670521,0.0396154646199192,35,34,N-Termina,W
86,36_H1,6.390704947989434e-05,2.2327368660334375e-05,1.1985069053182302e-05,0.0125838016538494,0.0031705052852607,36,35,N-Termina,Q
87,36_NCI,2.9104481654940173e-05,4.839338961495498e-05,1.963528048855419e-05,0.0147006038763684,0.0036994342570317,36,35,N-Termina,Q
88,36_H3,0.0,7.583758541001125e-06,5.2551576747049886e-06,0.0042844902286913,0.0010743322862267,36,35,N-Termina,Q
89,37_NCI,3.064241900574416e-05,4.6397020339802254e-05,3.970206831954328e-05,0.056947299457289,0.0142660102412385,37,36,N-Termina,F
90,37_H3,3.064241900574416e-05,4.6397020339802254e-05,3.970206831954328e-05,0.056947299457289,0.0142660102412385,37,36,N-Termina,F
91,37_H1,3.064241900574416e-05,4.6397020339802254e-05,3.970206831954328e-05,0.056947299457289,0.0142660102412385,37,36,N-Termina,F
92,38_NCI,0.0001111269302782,4.5915267464607865e-05,2.773135771310762e-05,0.0433270780661059,0.0108779629053904,38,37,1,S
93,39_NCI,3.162616485496983e-05,2.974818948998335e-05,5.637166666006223e-05,0.0148082655834421,0.0037315029011117,39,38,1,M
94,39_H1,6.79169170325622e-05,8.992358948357162e-05,5.32828214397167e-05,0.0657595045434825,0.0164926569678596,39,38,1,M
95,40_H3,0.0,1.4099776817549563e-06,1.2729155165681593e-07,0.0476713070493074,0.0119182110796352,40,39,1,L
96,40_H1,4.03219492000062e-05,4.6410125791523e-05,1.8640126460828484e-05,0.1220230122792959,0.030532096120187,40,39,1,L
97,40_NCI,1.4654700862593018e-05,8.457937362322646e-06,4.38015124026647e-08,0.0148152333553918,0.0037095974487822,40,39,1,L
98,41_H1,0.0012395563535392,2.250459444879887e-05,4.234376681688141e-05,0.013939682724432,0.0038110218598092,41,40,1,A
99,41_H3,0.0,1.4260089218147233e-05,0.0,0.0524289834323348,0.0131108108803882,41,40,1,A
100,41_NCI,3.964139978052117e-05,2.72774947477082e-05,5.550150819979348e-05,0.0476381085222904,0.0119401322312546,41,40,1,A
101,42_NCI,2.645409040269442e-05,6.508846911842264e-05,4.031384592456897e-05,0.0788430140800554,0.0197437176213752,42,41,1,A
102,42_H3,0.0,8.939336496270227e-06,7.661894463414467e-06,0.1080610125769223,0.0270194034519705,42,41,1,A
103,42_H1,6.836190004833043e-05,9.316812868657202e-05,0.0001478523676661,0.0829926685919983,0.0208255127470998,42,41,1,A
104,43_H3,0.0,0.0153948697730506,0.0,0.0499304099289678,0.0163313199255046,43,42,1,Y
105,43_H1,0.092887669801712,0.0088818079866919,1.0695426179336945e-08,0.0798192512566485,0.0453971849351196,43,42,1,Y
106,43_NCI,0.0,5.7154847184607245e-06,0.0,0.0280351685123035,0.0070102209992554,43,42,1,Y
107,44_H1,6.146550003904849e-05,2.0794438635340185e-05,1.2860004685807891e-05,0.0500731498147852,0.0125420674395363,44,43,1,M
108,45_H1,0.0,0.0023196863686031,3.577476311169667e-05,0.0612338563986828,0.0158973293825994,45,44,1,F
109,45_NCI,7.38624248697306e-06,0.000242871471391,4.309964281925074e-05,0.0088793340587284,0.0022931728538564,45,44,1,F
110,46_NCI,2.262955968035385e-05,0.0001094647295224,0.0001339458053802,0.0543816282665183,0.0136619170902753,46,45,1,L
111,46_H3,0.0,1.6391847844649403e-05,2.0346717320259145e-05,0.031734450870089,0.0079427973588134,46,45,1,L
112,46_H1,3.2351643312722445e-05,0.0001328582251745,0.0001652310395302,0.0069754185398578,0.0018264648619688,46,45,1,L
113,47_NCI,0.0,1.6218390789789536e-06,0.0,0.0088597703702199,0.0022153480523247,47,46,1,L
114,47_H1,0.0017753021093085,8.998279846064998e-06,8.268114600191468e-09,0.0484425650897514,0.0125567184367551,47,46,1,L
115,48_H1,1.009505103866104e-05,1.6924266711764157e-05,6.60591263586233e-06,0.0202540034622494,0.0050719071731589,48,47,1,I
116,49_H3,0.0,6.87417803458111e-05,2.834923259421808e-05,0.0685090296506508,0.0171515301658977,49,48,1,M
117,49_H1,0.0001667669130256,0.0002698203421643,0.0009235614427938,0.070455364602584,0.0179538783251419,49,48,1,M
118,49_NCI,1.921331204357557e-05,0.0001145452144209,5.07918643289908e-05,0.0085176326559219,0.0021755457616788,49,48,1,M
119,50_H3,0.0,3.6880871188703615e-06,1.2596153448670289e-07,0.0722187938521917,0.0180556519752112,50,49,1,L
120,50_NCI,0.0002611982054077,0.0004965401441932,7.391233546765162e-06,0.0297286330122339,0.0076234406488454,50,49,1,L
121,50_H1,2.8630660381168127e-05,4.014088575370531e-05,4.203452153192709e-05,0.0110109912461407,0.0027804493284518,50,49,1,L
122,51_NCI,0.0,8.633922402076572e-08,2.193956501351168e-08,0.0011932598520058,0.0002983420326987,51,50,1,G
123,51_H1,0.0,1.7216804112179796e-07,0.0,0.0067736152098285,0.0016934468444674,51,50,1,G
124,51_H3,0.0,1.7216804112179796e-07,0.0,0.0067736152098285,0.0016934468444674,51,50,1,G
125,52_NCI,5.6635693908901885e-05,8.192635627738864e-05,4.009293878603226e-05,0.1315735737754848,0.0329380571911142,52,51,1,F
126,52_H3,0.0,6.350335823134299e-05,1.9623504129489983e-05,0.197369278193006,0.0493631012638417,52,51,1,F
127,52_H1,0.0001339743757853,9.762010733952196e-05,0.0001076229592803,0.28056410624567,0.0702258309220188,52,51,1,F
128,53_NCI,0.0,1.6119825953278403e-06,0.0,0.037497345930405,0.00937473947825,53,52,1,P
129,53_H1,0.0,2.6860982394859618e-05,5.37101872831956e-08,0.0687187456862193,0.0171864150947003,53,52,1,P
130,54_H1,0.0001157417427748,9.987518950975175e-06,2.0664535798204966e-07,0.0218129436300453,0.0054847198842822,54,53,1,I
131,54_H3,0.0,1.7216804112179796e-07,0.0,0.0067736152098285,0.0016934468444674,54,53,1,I
132,54_NCI,5.212629912421107e-05,9.367659256821189e-06,1.0689470955299763e-06,8.256159410627975e-06,1.7704766221797557e-05,54,53,1,I
133,56_NCI,6.02438194619026e-06,0.0002669766238172,0.0004681974794002,0.0585435426402993,0.0148211852813657,56,55,1,F
134,56_H1,1.1402583368180784e-05,4.263478037841781e-05,0.0001449754316472,0.090245051914583,0.0226110161774942,56,55,1,F
135,57_H1,0.0,0.001688460573665,0.0004860609356956,0.0571894407569859,0.0148409905665866,57,56,1,L
136,57_NCI,2.277971179864835e-05,0.0001531044029938,0.0001296630532518,0.0005046636864876,0.000202552713633,57,56,1,L
137,57_H3,0.0,2.1523553135774384e-06,1.7421962836482038e-06,0.0092707047961591,0.0023186498369391,57,56,1,L
138,58_H1,0.0,3.029655528881126e-06,7.198477175244051e-07,0.0729567585193581,0.0182401270056511,58,57,1,T
139,58_H3,0.0,3.029655528881126e-06,7.198477175244051e-07,0.0729567585193581,0.0182401270056511,58,57,1,T
140,58_NCI,0.0,3.029655528881126e-06,7.198477175244051e-07,0.0729567585193581,0.0182401270056511,58,57,1,T
141,59_NCI,0.0,4.099455344204125e-07,2.062329256016496e-08,0.010392265813282,0.0025981740955272,59,58,1,L
142,59_H1,0.0,4.099455344204125e-07,2.062329256016496e-08,0.010392265813282,0.0025981740955272,59,58,1,L
143,60_H1,0.0001238635886693,4.337334165863796e-05,2.857434682535649e-05,0.0157991507428383,0.0039987405049979,60,59,1,Y
144,60_H3,0.0,3.65972580495298e-06,5.189925355093633e-07,0.020983344258114,0.0052468807441136,60,59,1,Y
145,60_NCI,2.454995410516858e-05,3.528849637973033e-05,1.326161242357472e-05,0.0549454855904991,0.0137546464133519,60,59,1,Y
146,61_H1,0.0,5.419277313585267e-06,0.0001596173223153,0.0662149175189934,0.0165949885296555,61,60,1,V
147,61_NCI,0.0,5.419277313585267e-06,0.0001596173223153,0.0662149175189934,0.0165949885296555,61,60,1,V
148,63_H1,0.0005603695753961,3.879465272259844e-05,0.0001237279114115,0.0483798001419066,0.0122756730703592,63,62,CT/EC,V
149,63_H3,0.0,1.2573980210422164e-07,1.8424786000519767e-06,0.0212032341935294,0.0053013006029829,63,62,CT/EC,V
150,63_NCI,7.054977322695777e-05,5.6923573397028857e-05,2.859997696861673e-06,0.0471397702713254,0.0118175259039115,63,62,CT/EC,V
151,64_H1,6.274115003179759e-05,3.080629252886254e-05,7.654990521493943e-06,0.0735277982884458,0.0184072501803819,64,63,CT/EC,Q
152,65_NCI,0.0,3.985616737388586e-07,0.0,0.0284478527330952,0.0071120628236922,65,64,CT/EC,H
153,65_H3,0.0,5.912642587091744e-07,2.3317668999487514e-07,0.0500748454550531,0.0125189174740004,65,64,CT/EC,H
154,66_H3,0.0,3.725196422795261e-06,1.7260066900969926e-07,0.0620133947003562,0.015504323124362,66,65,CT/EC,K
155,66_NCI,0.0,3.725196422795261e-06,1.7260066900969926e-07,0.0620133947003562,0.015504323124362,66,65,CT/EC,K
156,66_H1,0.0,3.725196422795261e-06,1.7260066900969926e-07,0.0620133947003562,0.015504323124362,66,65,CT/EC,K
157,67_H3,0.0,1.0007561641491752e-06,0.0,0.0057491706212654,0.0014375428443574,67,66,CT/EC,K
158,67_H1,0.0,6.159705766780365e-07,2.540800236223084e-07,0.0345303361272779,0.0086328015444695,67,66,CT/EC,K
159,67_NCI,0.0,3.625068316152515e-07,3.112903672278059e-07,0.0117996328869709,0.0029500766710424,67,66,CT/EC,K
160,69_H1,0.0,2.7835295006461465e-07,0.0,0.0564945624997208,0.0141237102131677,69,68,CT/EC,R
161,70_H1,0.0,2.716467216259723e-06,5.5219718585359764e-08,0.0252681415404905,0.0063177283068563,70,69,CT/EC,T
162,70_H3,0.0,6.558216091628657e-08,0.0,0.0204307194903728,0.0051076962681334,70,69,CT/EC,T
163,70_NCI,0.0,1.8397757124520684e-06,0.0,0.0002023819562171,5.105543298240832e-05,70,69,CT/EC,T
164,71_H1,0.0,2.540873972411176e-06,3.143319956799846e-06,0.0066322754795862,0.0016594899183788,71,70,CT/EC,P
165,71_H3,0.0,0.0,3.534592354611289e-07,0.013377686359659,0.0033445099547236,71,70,CT/EC,P
166,71_NCI,0.0,3.052944407878061e-06,5.975748471752208e-07,0.050521547691611,0.0126312995527165,71,70,CT/EC,P
167,74_H3,0.0,5.947889982478884e-07,0.0,0.0274362376825844,0.0068592081178956,74,73,CT/EC,Y
168,74_NCI,0.0,1.4391139608005176e-06,8.878614382264973e-06,0.0055437019694876,0.0013885049244576,74,73,CT/EC,Y
169,74_H1,2.70863142759481e-06,3.832172038982433e-06,3.529395957295542e-10,0.0456264860198244,0.0114082567940576,74,73,CT/EC,Y
170,77_H1,0.0,4.300889098369191e-06,2.006703681108041e-08,0.0032433925952889,0.000811928387856,77,76,2,L
171,77_NCI,0.0,8.340288768921904e-07,0.0,0.0003062045698023,7.675964966981636e-05,77,76,2,L
172,79_H1,0.0001035679742926,2.2742737758105505e-05,6.399002651155419e-07,0.0149608868705387,0.0037719593707136,79,78,2,L
173,79_NCI,3.308974555693567e-05,2.8641214331386724e-05,5.447284284600621e-07,0.0388338730938534,0.0097240371955425,79,78,2,L
174,80_H1,3.950822065235116e-05,8.573889730217762e-06,2.0019343462971685e-06,0.0340025910307397,0.0085131687688671,80,79,2,A
175,80_H3,3.950822065235116e-05,8.573889730217762e-06,2.0019343462971685e-06,0.0340025910307397,0.0085131687688671,80,79,2,A
176,80_NCI,7.842831109883264e-05,2.4871892875548267e-05,3.349512546872861e-05,0.0160608203929731,0.004049403930604,80,79,2,A
177,81_NCI,3.521882899804041e-05,6.898117972911361e-05,1.7405603278000607e-05,0.0244770615601738,0.0061496667930447,81,80,2,V
178,81_H1,1.2296164641156793e-05,0.0001086068538161,2.875964310971476e-05,0.0523412210569995,0.0131227209296416,81,80,2,V
179,82_NCI,0.0,1.1663730495865708e-05,1.3329139035439668e-06,0.1023478107985022,0.0255902018607254,82,81,2,A
180,82_H3,0.0,5.267185137298202e-06,1.5340830014014374e-07,0.0720529769888574,0.0180145993955737,82,81,2,A
181,82_H1,2.5618570361984894e-05,8.070495944993331e-05,5.719361485629557e-05,0.0490220242156246,0.0122963853400732,82,81,2,A
182,83_H3,0.000259918248048,0.0004673387629028,0.00075503417569,0.0430088401660699,0.0111227828381777,83,82,2,D
183,83_NCI,0.000259918248048,0.0004673387629028,0.00075503417569,0.0430088401660699,0.0111227828381777,83,82,2,D
184,83_H1,0.000259918248048,0.0004673387629028,0.00075503417569,0.0430088401660699,0.0111227828381777,83,82,2,D
185,84_H1,0.0001367285731248,0.0020656291929867,0.0022175451064165,0.2915932638465985,0.0740032916797816,84,83,2,L
186,84_NCI,9.329975000582635e-05,0.0001788018166171,0.0001863325259334,0.0323638198470231,0.0082055634848948,84,83,2,L
187,85_H1,2.229111123597249e-05,4.728511003531558e-05,1.6035053790196818e-06,0.1314630481952409,0.0328835569804728,85,84,2,F
188,85_NCI,2.66718943748856e-05,3.344887210870442e-05,4.5927900592559945e-06,0.022338309342046,0.0056007557246472,85,84,2,F
189,85_H3,0.0,1.315493979464901e-07,2.5029935323504373e-06,0.0553596156829733,0.0138405625564759,85,84,2,F
190,86_NCI,0.0002243636263301,0.0014146987332265,0.0011308067789389,0.2409787794094443,0.0609371621369849,86,85,2,M
191,86_H3,0.0,0.000359512439746,0.0002137001970257,0.1865378479284061,0.0467777651412944,86,85,2,M
192,86_H1,0.0022020146716386,0.0377796248322705,0.0251096642869286,1.0,0.2662728259477094,86,85,2,M
193,87_H1,0.0233355741947889,0.0001761837685086,0.0001361533012565,0.1198101252542161,0.0358645091296925,87,86,2,V
194,87_H3,0.0,6.626897161455174e-07,5.02423283905436e-07,0.0361128033702775,0.0090284921208193,87,86,2,V
195,87_NCI,0.0373419597744941,0.000118479190724,3.935800895921485e-08,0.1766524153057034,0.0535282234072326,87,86,2,V
196,88_H1,7.725686009507626e-05,3.797178753778369e-05,3.9703708452660966e-05,0.1484226364292858,0.0371443921963428,88,87,2,F
197,88_H3,0.0,1.3866322201955848e-05,1.1144854855142328e-08,0.0703398302757049,0.0175884269356904,88,87,2,F
198,88_NCI,3.188255141139962e-05,2.1785890634571822e-05,5.5837005375944e-06,0.104868389900379,0.0262319105107406,88,87,2,F
199,89_NCI,4.126405838178471e-05,1.2932609014471295e-05,3.070595423767686e-05,0.1051420654459952,0.0263067420169073,89,88,2,G
200,89_H1,0.0001854430593084,2.0545425242487352e-05,5.364373148055187e-05,0.0952805530527886,0.023885046317205,89,88,2,G
201,90_H1,0.0002190950763178,0.0009927056983107,0.0006604044183822,0.097279268813941,0.0247878685017379,90,89,2,G
202,90_H3,0.00013724094606,0.0007250030513462,0.0002356732888992,0.3568328729706172,0.0894826975642307,90,89,2,G
203,90_NCI,0.0003050705126952,0.0019996368088978,0.0022292133349047,0.3924921001812774,0.0992565052094438,90,89,2,G
204,91_H3,0.0,1.37724682135027e-05,8.799855322282271e-07,0.0259616537279477,0.0064940765454233,91,90,2,F
205,91_H1,3.224909596610814e-05,0.0001070541182229,4.692728146526441e-05,0.0302958872548496,0.0076205294376259,91,90,2,F
206,91_NCI,3.0447907192865387e-05,0.0001273066581866,7.341415067833629e-05,0.1603185664041662,0.040137433780056,91,90,2,F
207,92_H1,9.692167623143176e-06,6.600482074939379e-06,4.056449242391164e-05,0.0572395024021096,0.0143240898860579,92,91,2,T
208,92_H3,0.0,3.657850340469956e-06,0.0,0.0299106611717002,0.0074785797555101,92,91,2,T
209,92_NCI,0.0,7.866003918618596e-06,1.6025830346650674e-06,0.0057481697178209,0.0014394095761935,92,91,2,T
210,93_NCI,0.0005070265033282,0.0049835371969284,0.0059494511877833,0.2454925732321809,0.0642331470300552,93,92,2,T
211,93_H3,0.0,0.0002482702984967,9.014480841356768e-05,0.3042487626554896,0.0761467944405999,93,92,2,T
212,93_H1,0.0002348887210246,0.0008227455955604,0.002368347564548,0.0204539541255017,0.0059699840016587,93,92,2,T
213,94_H3,0.0851044580340385,0.0003421380797853,0.0356467628402225,0.3178633341873336,0.109739173285345,94,93,2,T
214,94_NCI,0.0001487442787038,0.0005713932784147,0.000438738035112,0.0861009146441486,0.0218149475590948,94,93,2,T
215,94_H1,0.0158828869462013,0.0003567233002464,0.0010783779205727,0.0813125499320214,0.0246576345247605,94,93,2,T
216,95_NCI,0.0001331599050899,8.22730059994354e-05,0.000121461185602,0.0976493011086792,0.0244965488013426,95,94,2,L
217,95_H1,4.336548954597674e-05,0.0001071994658804,0.0001457605984972,0.0255645527097535,0.0064652195659193,95,94,2,L
218,96_NCI,0.0011199720902368,0.0027183117793626,0.0014582271183321,0.0003489991481966,0.001411377534032,96,95,2,Y
219,96_H3,0.0,0.0004073263341784,0.0005287165999872,0.0243595250334352,0.0063238919919002,96,95,2,Y
220,96_H1,8.116233220789582e-05,0.0002805111079066,0.0004599343745132,0.0256683521743776,0.0066224899972513,96,95,2,Y
221,97_H1,7.439091859851032e-05,0.0001347331497974,4.383329198399185e-05,0.0784247303498108,0.0196694219275477,97,96,CT/EC,T
222,97_H3,0.0,6.882121987190039e-05,1.520259856842113e-05,0.2362511135611582,0.0590837843448996,97,96,CT/EC,T
223,97_NCI,0.0001110299999709,0.0002201544684691,0.0001101399314017,0.014966504385574,0.0038519571963539,97,96,CT/EC,T
224,98_NCI,8.453089321847074e-06,1.0239144135090298e-05,1.9926430934583182e-06,0.0713713452350465,0.0178480075278992,98,97,CT/EC,S
225,98_H1,0.0,8.868333238329984e-06,2.832814614360825e-06,0.0990415472653608,0.0247633121033033,98,97,CT/EC,S
226,99_H1,2.8084585210308436e-05,0.0001390495540158,5.826169605591605e-05,0.0204438127700129,0.0051673021513237,99,98,CT/EC,L
227,99_H3,0.0,7.268465199925903e-06,2.9429923780222474e-06,0.0612070697975096,0.0153043203137719,99,98,CT/EC,L
228,99_NCI,2.9570179322035983e-05,0.0001148405809909,2.082331856646968e-05,0.1179575649699142,0.0295306997621984,99,98,CT/EC,L
229,100_H1,0.0001774746924638,0.0001098797086091,2.5025480470961698e-05,0.0098521121016014,0.0025411229957863,100,99,CT/EC,H
230,100_H3,0.0,8.969569047106607e-05,5.943290372294428e-06,0.0359554981518767,0.00901278428318,100,99,CT/EC,H
231,100_NCI,6.690908048767596e-05,0.0002257398739301,0.0003055234788154,0.0407739696003897,0.0103430355084057,100,99,CT/EC,H
232,101_H1,2.7931941076531075e-05,1.2484219810261528e-05,3.895765015031826e-07,0.0015079175918849,0.0003871808323183,101,100,CT/EC,G
233,101_NCI,0.0003628495906013,2.0133340976371404e-05,5.550852734133673e-05,0.1244833137262125,0.0312304512962829,101,100,CT/EC,G
234,103_H1,0.0,3.747958608194025e-07,0.0,0.0321838948932,0.0080460674222652,103,102,CT/EC,F
235,103_H3,0.0,5.0209750117576844e-09,0.0,0.0055614597605183,0.0013903661953733,103,102,CT/EC,F
236,103_NCI,0.0,3.5875911519374837e-06,1.875772396755291e-07,0.0216248968894001,0.0054071680144479,103,102,CT/EC,F
237,104_H1,0.0053264959715306,0.0090072790405164,0.0065094612753062,0.1705519013695657,0.0478487844142297,104,103,CT/EC,V
238,105_H1,1.3750764992437324e-05,6.161303122718704e-06,4.860337035546601e-05,0.0084162371400548,0.0021211881446313,105,104,CT/EC,F
239,105_NCI,0.0,9.894556459794324e-06,5.97742906978032e-07,0.0109411382172296,0.002737907629149,105,104,CT/EC,F
240,107_H1,0.0,1.0956335263671668e-05,1.53592429884379e-06,0.0038569703214761,0.0009673656452596,107,106,CT/EC,P
241,107_H3,0.0,5.5326599724614776e-06,9.525386451603176e-07,0.0372048193197234,0.0093028261295852,107,106,CT/EC,P
242,107_NCI,0.0001230128400493,1.8280022992630743e-05,6.886398684380415e-06,0.0774459228055954,0.0193985255168304,107,106,CT/EC,P
243,108_H3,0.0,0.0005833801650098,0.0007466196371657,0.0879798118638011,0.0223274529164941,108,107,CT/EC,T
244,108_H1,0.0001527018757769,0.0006652181538546,0.0002125465270291,0.0876378829472151,0.022167087375969,108,107,CT/EC,T
245,108_NCI,3.092618499067612e-05,0.0001415909965569,0.0001612346009319,0.0677286709678108,0.0170156056875726,108,107,CT/EC,T
246,109_NCI,0.0,0.0007958617038266,7.448711692925918e-05,0.2423538475165136,0.0608060490843173,109,108,CT/EC,G
247,109_H1,0.001624756376259,0.0030000526075147,0.0024897013819738,0.2371095799502299,0.0610560225789943,109,108,CT/EC,G
248,110_H3,4.202100899419747e-05,2.981294555143849e-05,3.202686779397979e-05,0.1021186437953141,0.0255556261544134,110,109,CT/EC,C
249,110_NCI,0.0,2.3552078853923968e-05,6.079432345311154e-06,0.0356665196404995,0.0089240377879246,110,109,CT/EC,C
250,110_H1,4.202100899419747e-05,2.981294555143849e-05,3.202686779397979e-05,0.1021186437953141,0.0255556261544134,110,109,CT/EC,C
251,111_H3,0.000260824279394,2.681648436865993e-05,2.429246685069988e-06,0.1445586299216408,0.0362121749830221,111,110,CT/EC,N
252,111_H1,0.0017769351834431,0.0013446736117798,3.770346172619166e-05,0.0852799604395302,0.0221098181741198,111,110,CT/EC,N
253,111_NCI,8.47832143335836e-06,0.0003842949315771,0.000305100599906,0.0475396155184834,0.0120593723428499,111,110,CT/EC,N
254,112_H1,1.4772553186048754e-05,0.0013961590333082,0.0001621108922236,0.0753339517152463,0.019226748548491,112,111,3,L
255,113_H3,0.0002981622237712,0.002091423968784,0.0025088200426791,0.1012365572298246,0.0265337408662647,113,112,3,E
256,113_NCI,0.0001936483895406,0.0025997564921856,0.0033037716058631,0.0366018406127928,0.0106747542750955,113,112,3,E
257,113_H1,0.0002981622237712,0.002091423968784,0.0025088200426791,0.1012365572298246,0.0265337408662647,113,112,3,E
258,114_NCI,7.226416983030504e-06,0.0001356955434669,2.470973743951651e-05,0.2016163040597199,0.0504459839394023,114,113,3,G
259,114_H3,0.0,1.68685827007516e-06,0.0,0.0160824358120309,0.0040210306675752,114,113,3,G
260,114_H1,0.0006998989847488,0.0001751293683999,0.0010309803132365,0.0246054780952321,0.0066278716904043,114,113,3,G
261,115_NCI,0.0,1.2937797878270376e-05,2.0708568172775764e-05,0.0154082646499913,0.0038604777540106,115,114,3,F
262,115_H1,0.0001392709818901,1.6712990378781245e-05,9.581056843062616e-05,0.0364540201172877,0.0091764536644968,115,114,3,F
263,115_H3,0.0,2.244325831885636e-05,4.837933319911909e-05,0.0217293628464154,0.0054500463594833,115,114,3,F
264,116_NCI,7.272179936990142e-05,0.0003107084958631,0.0003185096936529,0.009117410283796,0.0024548375681705,116,115,3,F
265,116_H3,0.0,7.317660245571717e-05,3.6276109850505193e-06,0.1396619278832659,0.0349346830241766,116,115,3,F
266,116_H1,5.074667205917649e-05,0.0003531473356213,0.0002730740630711,0.1747722477453967,0.0438623039540371,116,115,3,F
267,117_H3,0.0,0.0001936083730361,0.0002037512462501,0.0396329347243979,0.010007573585921,117,116,3,A
268,117_H1,0.0112648094072937,0.0112694223558468,0.0001656153136628,0.0354378295485155,0.0145344191563297,117,116,3,A
269,117_NCI,6.207326805451885e-05,0.0002378134655116,9.038410546719644e-05,0.2048205011843387,0.051302693005843,117,116,3,A
270,118_H3,0.0,0.0001700644731309,0.0001589978749705,0.1948421514202347,0.048792803442084,118,117,3,T
271,118_H1,6.208444392541423e-05,0.0006314561613207,0.0004805743550836,0.0374140446649777,0.0096470399063268,118,117,3,T
272,119_H3,0.0,1.0860440175272856e-05,1.640754903354059e-07,0.0667541632037938,0.0166912969298648,119,118,3,L
273,120_H1,8.112245996017009e-05,9.729285737839188e-05,9.242693575458556e-06,0.0925997084678605,0.0231968416196936,120,119,3,G
274,120_H3,0.0,7.236345458771324e-05,5.17752712386762e-06,0.1553704139552845,0.038861988734249,120,119,3,G
275,120_NCI,0.0,0.0002296297523279,7.796760322207512e-05,0.0827608946854902,0.02076712301026,120,119,3,G
276,122_H1,0.0002162177115678,0.0028655759814337,0.0054152064730846,0.0491371300817237,0.0144085325619525,122,121,3,E
277,122_H3,0.0,4.854113840190635e-05,1.4376890170166595e-05,0.1198212268893037,0.0299710362294689,122,121,3,E
278,122_NCI,0.0002465077559463,0.0017521537965739,0.0042258496914665,0.4477869579751485,0.1135028673047838,122,121,3,E
279,123_H1,8.901012733986136e-06,2.9687004929568378e-06,2.5154530885292065e-07,0.042351697428446,0.0105909546717454,123,122,3,I
280,123_H3,0.0,4.634016611064739e-07,3.7667257428356746e-08,0.0101361885227016,0.002534172397905,123,122,3,I
281,123_NCI,1.0116373232449403e-05,4.470312860935635e-06,4.024372184274934e-07,0.0402481901800111,0.0100657948258307,123,122,3,I
282,124_NCI,0.0,1.8346557752244523e-05,0.0005030621632533,0.0503127352650075,0.0127085359965032,124,123,3,A
283,124_H1,0.0023176025133579,2.8037210756385383e-05,9.566590143889444e-05,0.0533538798219743,0.0139487963618819,124,123,3,A
284,124_H3,0.0,1.7591081916046366e-05,0.000191406688825,0.0763242169981818,0.0191333036922307,124,123,3,A
285,125_H1,0.0,2.7755557321875904e-06,7.732537886721269e-10,0.0334509013718605,0.0083634194252116,125,124,3,L
286,125_H3,0.0,2.4109113516474546e-07,0.0,0.013815422492925,0.003453915896015,125,124,3,L
287,125_NCI,0.0,1.9878910957926524e-08,2.351308548258482e-06,0.0311067589093517,0.0077772825242027,125,124,3,L
288,129_NCI,0.0,1.2573876573449474e-06,2.7471950561351856e-06,0.0602017035001103,0.0150514270207059,129,128,3,V
289,129_H3,0.0,2.777292704561577e-06,0.0,0.022261962408842,0.0055661849253866,129,128,3,V
290,129_H1,0.0,5.0308988492877175e-06,7.953071203645685e-07,0.026362849957387,0.0065921690408391,129,128,3,V
291,130_H1,0.0,6.984991833904149e-06,3.014995294421373e-07,0.0375020493014342,0.0093773339481994,130,129,3,V
292,131_H1,0.0,2.035330253931871e-05,2.5245527905346217e-05,0.0080865604460052,0.0020330398191124,131,130,3,L
293,131_NCI,0.0,1.4910036922099565e-05,5.037194249792248e-05,9.366740926406424e-05,3.9737347171021575e-05,131,130,3,L
294,132_H1,0.0,2.727498308882773e-07,0.0,0.002877194022451,0.0007193666930704,132,131,3,A
295,132_NCI,0.0,2.727498308882773e-07,0.0,0.002877194022451,0.0007193666930704,132,131,3,A
296,132_H3,0.0,2.727498308882773e-07,0.0,0.002877194022451,0.0007193666930704,132,131,3,A
297,133_NCI,7.940486102597788e-05,2.2693049260574035e-05,3.13940927526542e-05,0.0665431278215105,0.0166691549561374,133,132,3,I
298,133_H3,0.0,1.7216804112179796e-07,0.0,0.0067736152098285,0.0016934468444674,133,132,3,I
299,133_H1,1.3582379324361682e-05,3.165179477608728e-05,4.217521406444965e-05,0.0311988898591434,0.007821574811827,133,132,3,I
300,136_NCI,0.0,4.492367699894136e-06,1.3728875921438105e-07,0.0191558274868205,0.0047901142858199,136,135,CT/EC,Y
301,136_H3,0.0,4.228539132913102e-08,0.0,0.0503300109392061,0.0125825133061493,136,135,CT/EC,Y
302,136_H1,0.0001193426069221,5.397470280697508e-06,7.56451456841338e-08,0.016910861787935,0.0042589193775708,136,135,CT/EC,Y
303,137_NCI,0.0,4.640754531641128e-05,4.985180517991884e-05,0.0458121393555114,0.0114770996765019,137,136,CT/EC,V
304,137_H1,3.595453381421976e-05,4.146045941315898e-05,2.3754682205769974e-05,0.0401404737435173,0.0100604108547376,137,136,CT/EC,V
305,138_NCI,0.0,1.2272067299068204e-06,1.0981891834794449e-05,0.0196489440258602,0.0049152882811062,138,137,CT/EC,V
306,139_NCI,0.0,3.954016940730985e-06,7.37680948451237e-08,0.0523368159235942,0.0130852109271574,139,138,CT/EC,V
307,139_H1,0.0,3.954016940730985e-06,7.37680948451237e-08,0.0523368159235942,0.0130852109271574,139,138,CT/EC,V
308,143_NCI,0.0,7.673148571712258e-06,3.3191807094461875e-09,0.016013656495493,0.0040053332408113,143,142,CT/EC,M
309,143_H1,0.0,1.1444702652101248e-05,1.0238044443303993e-06,0.0109983006559949,0.0027526922907728,143,142,CT/EC,M
310,144_H3,0.0,4.216145766706458e-06,0.0,0.0355020233242124,0.0088765598674947,144,143,CT/EC,S
311,144_H1,0.0,4.216145766706458e-06,0.0,0.0355020233242124,0.0088765598674947,144,143,CT/EC,S
312,144_NCI,0.0,9.974889435402507e-07,0.0,0.0177805123493341,0.0044453774595694,144,143,CT/EC,S
313,145_H3,0.0,1.4728361329859246e-06,1.235921603051277e-07,0.0427588329054458,0.0106901073334347,145,144,CT/EC,N
314,145_H1,0.0,2.281626671454144e-05,9.813469593721046e-06,0.0018975851097104,0.0004825537115046,145,144,CT/EC,N
315,146_H1,1.4701957297802435e-05,9.982080001820773e-06,1.6809362307368803e-06,0.0021356045622085,0.0005404923839347,146,145,CT/EC,F
316,146_NCI,0.0,1.353557271429849e-05,2.116299985324181e-05,0.0018789711204684,0.0004784174232589,146,145,CT/EC,F
317,147_H1,8.364253517356701e-06,0.0018652733559491,4.613329404995969e-05,0.1861620109339113,0.0470204454593569,147,146,CT/EC,R
318,147_H3,0.0,9.75333667075009e-06,1.2091746105581248e-05,0.013199484407082,0.0033053323724645,147,146,CT/EC,R
319,149_H1,2.625017805257812e-05,4.7652538787228615e-05,8.460188995492635e-06,0.0802406512906523,0.0200807535491219,149,148,CT/EC,G
320,149_H3,0.0,1.1334334208965727e-05,0.0,0.0708501589021198,0.0177153733090822,149,148,CT/EC,G
321,149_NCI,0.0,2.707251965768801e-05,2.7098548021763647e-05,0.0071115548159152,0.0017914314708986,149,148,CT/EC,G
322,150_H1,6.735733768437058e-05,9.571958588290135e-05,3.080862989838404e-05,0.0492869259948339,0.0123702028870748,150,149,CT/EC,E
323,150_H3,0.0,6.048859868756208e-06,4.053111896499052e-07,0.002295885860873,0.0005755850079828,150,149,CT/EC,E
324,150_NCI,0.0,8.956554691940655e-05,4.698500666553017e-05,0.1392903409099185,0.0348567228658758,150,149,CT/EC,E
325,151_H1,8.810255530988798e-05,7.65593565786669e-05,2.023438786739068e-05,0.0741471112779114,0.0185830018944168,151,150,CT/EC,N
326,151_H3,0.0,0.0016424794792979,2.5052487854671885e-07,0.0920342721331063,0.0234192505343207,151,150,CT/EC,N
327,151_NCI,0.0004188756865914,0.000203578425719,0.0003186857182756,0.0803667242449674,0.0203269660188883,151,150,CT/EC,N
328,152_H3,2.97603000944946e-05,1.0172287761040273e-06,9.171873224444984e-07,0.0048965365414172,0.0012320578144025,152,151,CT/EC,H
329,152_NCI,0.0,4.193274799798116e-06,0.0,0.0144427583779412,0.0036117379131852,152,151,CT/EC,H
330,152_H1,2.97603000944946e-05,1.0172287761040273e-06,9.171873224444984e-07,0.0048965365414172,0.0012320578144025,152,151,CT/EC,H
331,154_H1,9.262823368771931e-06,4.002932625484671e-05,4.042078846767677e-05,0.0760981538310767,0.019046966692292,154,153,4,I
332,154_H3,0.0,3.691761422895368e-06,1.4704084200570897e-05,0.0720674872250604,0.0180214707676709,154,153,4,I
333,154_NCI,4.997509313398041e-05,8.445153133446846e-05,1.3914927061702596e-05,0.0048728549292171,0.0012552991201868,154,153,4,I
334,155_H1,5.211304141994333e-06,6.452815267520165e-05,7.098892797275622e-05,0.0088766330409481,0.0022543403564345,155,154,4,M
335,155_H3,0.0,2.1955852682859767e-06,0.0,0.0034736375445709,0.0008689582824598,155,154,4,M
336,155_NCI,0.0,4.484940905834254e-05,0.0001505195715968,0.0001242499780207,7.990473966898199e-05,155,154,4,M
337,156_H1,0.0,0.0001371678909569,1.1612149931695849e-07,0.0382548083996254,0.0095980231030204,156,155,4,G
338,156_NCI,0.0,9.20012310369988e-06,9.703015096386147e-10,0.0924995239386643,0.0231271812580173,156,155,4,G
339,157_H1,0.0,0.0002269495370758,4.204347930896169e-08,0.0804072353275083,0.0201585567270158,157,156,4,V
340,157_NCI,6.315546488622203e-05,1.6466161368638122e-05,3.4797158445460963e-06,0.0929026857291893,0.0232464467678221,157,156,4,V
341,158_H1,3.698494037962519e-05,8.905015680940847e-05,5.503318400138559e-05,0.011968799606819,0.0030374669720023,158,157,4,A
342,158_H3,0.0,2.834007526043621e-06,0.0,0.0771082722680951,0.0192777765689052,158,157,4,A
343,158_NCI,0.0001931795850396,4.026334519176721e-05,7.152619738437682e-06,0.0057366313056678,0.0014943067139094,158,157,4,A
344,159_H1,0.0003703176626004,0.0002770865554923,0.000201791773565,0.0541654459210556,0.0137536604781783,159,158,4,F
345,159_NCI,6.381204730132595e-05,4.194590803398135e-05,5.9007770895075456e-05,0.0310817575147567,0.0078116308102467,159,158,4,F
346,160_H3,0.0,1.915561663739371e-06,0.0,0.0144519705318906,0.0036134715233885,160,159,4,T
347,160_NCI,0.0,3.636533369591992e-06,1.2386590691706949e-06,0.0083643415264487,0.0020923041797218,160,159,4,T
348,160_H1,8.971224815468304e-06,5.112289516211769e-06,5.293952564076288e-06,0.0110681949779045,0.0027718931112,160,159,4,T
349,162_NCI,0.0,0.0001209761234049,7.813557933280261e-06,0.0758152208948856,0.0189860026440559,162,161,4,V
350,162_H3,0.0,1.281125041296025e-05,6.011199615184344e-10,0.0163962724595393,0.004102271077768,162,161,4,V
351,162_H1,3.076023131143302e-05,0.0001063589258632,6.635236362204632e-05,0.0196890238108691,0.0049731238329164,162,161,4,V
352,163_H3,0.0,6.6775877376669004e-09,0.0,0.001304375060214,0.0003260954344504,163,162,4,M
353,163_H1,6.936842055438319e-06,6.165909782272006e-06,4.040207546533078e-06,0.0320549377113497,0.0080180201676834,163,162,4,M
354,164_H3,0.0,0.0002262230300204,0.0003924294778733,0.1742259050335433,0.0437111393853592,164,163,4,A
355,164_NCI,6.535441934829578e-05,0.000263787963084,0.0001073156924394,0.0639999133305506,0.0161090928513556,164,163,4,A
356,164_H1,0.0003158984181936,0.0002575070761139,0.0002123172491845,0.121664874218126,0.0306126492404045,164,163,4,A
357,165_H1,3.895680492860265e-05,0.0001351257906218,0.00013508371037,0.0717609581067901,0.0180175311031776,165,164,4,L
358,165_H3,0.0,1.3416546599538069e-05,8.041765355370051e-06,0.0529132533739191,0.0132336779214685,165,164,4,L
359,166_H3,0.0,1.0718424130969918e-05,3.0694628934977093e-06,0.0249321414289753,0.0062364823289999,166,165,4,A
360,166_H1,3.597019167500548e-05,7.175454885792813e-05,5.6587252719648375e-05,0.1088804248252763,0.0272611842046322,166,165,4,A
361,166_NCI,5.1996827096445486e-05,4.01141421178574e-05,2.232149969177862e-05,0.0976493579879471,0.0244409476142133,166,165,4,A
362,167_H3,0.0,1.7216804112179796e-07,0.0,0.0067736152098285,0.0016934468444674,167,166,4,C
363,167_H1,0.0,2.522132381861795e-06,4.6743469216104784e-08,0.0162442729149241,0.0040617104476938,167,166,4,C
364,167_NCI,0.0,2.522132381861795e-06,4.6743469216104784e-08,0.0162442729149241,0.0040617104476938,167,166,4,C
365,168_NCI,6.990730526013067e-06,0.0001709996936794,0.0001837741725036,0.0292843426091289,0.0074115268014595,168,167,4,A
366,168_H3,0.0,0.0001235965707996,8.408947118927351e-05,0.0314994227986987,0.0079267772101719,168,167,4,A
367,168_H1,0.0002483717689756,0.0002228180487141,2.686505859191555e-06,0.0459285654768949,0.0116006104501109,168,167,4,A
368,169_H3,0.0,2.363013669060834e-06,0.0,0.0753261973162959,0.0188321400824912,169,168,4,A
369,169_H1,0.0005111988284625,0.0001176903861802,0.0001533948852574,0.0690037135839389,0.0174464994209597,169,168,4,A
370,169_NCI,0.0014756949385628,8.669824956012741e-05,0.0002634017819899,0.0745981939270049,0.0191059972242794,169,168,4,A
371,172_H1,0.0,4.280731733233667e-06,1.3788163975368754e-07,0.0292392752721386,0.0073109234713779,172,171,4,L
372,172_H3,0.0,1.3298204099126884e-06,4.356119680535446e-07,0.0294957725883871,0.0073743845051912,172,171,4,L
373,173_H1,3.305525387986563e-05,6.165557498740443e-05,2.8674486343002505e-05,0.0149615730469168,0.0037712395905317,173,172,4,V
374,173_H3,0.0,3.46808461330273e-07,1.6127526465241722e-08,0.01282392472911,0.0032060719162744,173,172,4,V
375,173_NCI,0.0,0.0001759607814389,9.316082951891614e-06,0.0053148604289399,0.0013750343233326,173,172,4,V
376,178_H1,1.8619088223204017e-05,5.788155154270589e-05,5.775641762195376e-05,0.1108605159173824,0.0277486932436925,178,177,CT/EC,Y
377,178_H3,1.8619088223204017e-05,5.788155154270589e-05,5.775641762195376e-05,0.1108605159173824,0.0277486932436925,178,177,CT/EC,Y
378,178_NCI,1.8619088223204017e-05,5.788155154270589e-05,5.775641762195376e-05,0.1108605159173824,0.0277486932436925,178,177,CT/EC,Y
379,179_H1,2.6362662538303997e-05,0.0002438126105618,0.0071264097174215,0.1110221569287342,0.0296046854798139,179,178,CT/EC,I
380,179_NCI,0.0,3.629046612420029e-05,1.928342705188148e-05,0.0275706320742018,0.0069065514918444,179,178,CT/EC,I
381,179_H3,0.0,1.7216804112179796e-07,0.0,0.0067736152098285,0.0016934468444674,179,178,CT/EC,I
382,181_H3,0.0,0.0005667648004168,0.0006470650092999,0.1840725139185385,0.0463215859320638,181,180,CT/EC,E
383,181_NCI,0.0039469897747039,0.0050152239626397,0.0045396727324259,0.1856406795757599,0.0497856415113823,181,180,CT/EC,E
384,181_H1,5.440786117105745e-05,0.0006774269049533,0.0012595857597716,0.0168468374594374,0.0047095644963333,181,180,CT/EC,E
385,183_NCI,3.855682734865695e-05,1.958374393448404e-05,2.696721246948883e-12,3.178000177521083e-05,2.2480143938768268e-05,183,182,CT/EC,M
386,183_H1,4.763740435009822e-05,7.023550286061336e-05,5.851285545625154e-06,0.028567666862121,0.0071728477637193,183,182,CT/EC,M
387,184_H3,6.29979604127584e-06,0.0027282871161024,7.826031810305239e-07,0.1151268088481933,0.0294655445908795,184,183,CT/EC,Q
388,184_H1,0.0178297869861125,0.0238741480210991,0.007987469168224,0.2350874911636052,0.0711947238347602,184,183,CT/EC,Q
389,184_NCI,0.0,0.0028622460989703,6.501617564769534e-06,0.0542191193973544,0.0142719667784723,184,183,CT/EC,Q
390,185_H3,0.0,1.5598939388702505e-06,0.0,0.0856875726802989,0.0214222831435594,185,184,CT/EC,C
391,185_NCI,7.701923459535465e-05,1.2049494285320906e-05,3.2831376089092416e-05,0.0572560869589255,0.0143444967659738,185,184,CT/EC,C
392,185_H1,3.931651372113265e-05,1.0300984474379569e-05,7.372008226933159e-06,0.0371719563826786,0.0093072364722752,185,184,CT/EC,C
393,189_H1,0.0,9.974889435402507e-07,0.0,0.0177805123493341,0.0044453774595694,189,188,CT/EC,I
394,189_NCI,0.0,9.974889435402507e-07,0.0,0.0177805123493341,0.0044453774595694,189,188,CT/EC,I
395,191_H3,0.0,1.7216804112179796e-07,0.0,0.0067736152098285,0.0016934468444674,191,190,CT/EC,Y
396,191_H1,0.0,7.015355844027743e-07,3.318362151399484e-08,0.0172001800008077,0.0043002286800034,191,190,CT/EC,Y
397,192_H1,0.0,1.7216804112179796e-07,0.0,0.0067736152098285,0.0016934468444674,192,191,CT/EC,Y
398,192_H3,0.0,1.7216804112179796e-07,0.0,0.0067736152098285,0.0016934468444674,192,191,CT/EC,Y
399,192_NCI,0.0,1.7216804112179796e-07,0.0,0.0067736152098285,0.0016934468444674,192,191,CT/EC,Y
400,193_H1,0.0,1.7216804112179796e-07,0.0,0.0067736152098285,0.0016934468444674,193,192,CT/EC,T
401,193_NCI,0.0,1.7216804112179796e-07,0.0,0.0067736152098285,0.0016934468444674,193,192,CT/EC,T
402,194_NCI,1.0293492778146174e-05,4.781942193501308e-05,6.153908576754469e-06,0.0737254181115325,0.0184474212337056,194,193,CT/EC,P
403,194_H1,0.0006967290537431,4.871175694555479e-05,3.3749806192145378e-06,0.031812473363506,0.0081403222887035,194,193,CT/EC,P
404,195_NCI,4.4776490540243685e-05,2.91911207789537e-05,5.540767393109152e-06,0.0113240239042252,0.0028508830707343,195,194,CT/EC,H
405,195_H3,0.0,1.00089035085727e-05,1.1003434719081665e-05,0.0197648521630427,0.0049464661253176,195,194,CT/EC,H
406,195_H1,9.16909848456271e-05,9.853025516376277e-05,0.0001428021837847,0.0305294065727396,0.0077156074991334,195,194,CT/EC,H
407,196_H3,0.0,8.758189301073364e-06,4.246956356755905e-06,0.11871080352563,0.0296809521678219,196,195,CT/EC,E
408,196_NCI,0.0,8.758189301073364e-06,4.246956356755905e-06,0.11871080352563,0.0296809521678219,196,195,CT/EC,E
409,196_H1,3.847462721751072e-05,0.000509350159769,4.200985185301409e-06,0.0739855003200078,0.0186343815230449,196,195,CT/EC,E
410,197_NCI,0.0,1.7462258505952385e-05,1.0889150763179202e-06,0.0444391667382389,0.0111144294779553,197,196,CT/EC,E
411,197_H3,0.0,3.351627497774766e-06,1.487145055010785e-06,0.0150840388215121,0.0037722193985162,197,196,CT/EC,E
412,197_H1,0.0,7.507583633068189e-06,5.223180128422202e-06,0.0277865232116304,0.0069498134938479,197,196,CT/EC,E
413,198_H1,0.000490034755785,0.0004368281151306,0.0016524418862725,0.0398588221977745,0.0106095317387407,198,197,CT/EC,T
414,198_H3,0.0,0.0004201248838227,0.0006295950782848,0.0365066547846232,0.0093890936866827,198,197,CT/EC,T
415,198_NCI,0.0,1.086861967412952e-05,1.1716057617126174e-05,0.0448314958198132,0.0112135201242761,198,197,CT/EC,T
416,199_NCI,0.0003931632672902,4.0885508153372414e-05,4.1214196310058877e-07,0.0555737989374965,0.0140020649637258,199,198,CT/EC,N
417,199_H3,0.0,2.325076817270548e-05,3.2262062520579586e-06,0.0356937467436016,0.0089300559295066,199,198,CT/EC,N
418,199_H1,3.652039958979003e-05,2.560202191548849e-05,5.736198577602073e-06,0.0557351126477526,0.0139507428169588,199,198,CT/EC,N
419,200_NCI,0.0,4.498259150382424e-07,0.0,0.0279723320910402,0.0069931954792388,200,199,CT/EC,N
420,200_H3,0.0,1.6142631981700393e-07,9.824831051496464e-09,0.011793757408886,0.0029484821650092,200,199,CT/EC,N
421,200_H1,0.0,2.251633220591173e-06,1.1164856091563363e-07,0.0517913036909258,0.0129484167431768,200,199,CT/EC,N
422,201_H1,0.0,2.1891921479051844e-05,1.3253884122161292e-05,0.0076036787075144,0.0019097061282789,201,200,CT/EC,E
423,201_NCI,0.0,1.7216804112179796e-07,0.0,0.0067736152098285,0.0016934468444674,201,200,CT/EC,E
424,202_H1,1.4910799109202344e-05,1.5917292351465567e-05,1.4041802223090352e-05,0.0303932568715736,0.0076095316913143,202,201,CT/EC,S
425,202_NCI,0.0,1.280420266143943e-05,1.7097379650711994e-05,0.0112139370257094,0.0028109596520054,202,201,CT/EC,S
426,202_H3,0.0,1.39691990522467e-05,8.400851684719076e-05,0.0081077336655817,0.0020514278453703,202,201,CT/EC,S
427,203_NCI,2.0920546376146376e-05,9.318522589375251e-06,5.288505173791987e-06,0.0156359752976176,0.0039178757179392,203,202,CT/EC,F
428,203_H1,2.0920546376146376e-05,9.318522589375251e-06,5.288505173791987e-06,0.0156359752976176,0.0039178757179392,203,202,CT/EC,F
429,203_H3,2.0920546376146376e-05,9.318522589375251e-06,5.288505173791987e-06,0.0156359752976176,0.0039178757179392,203,202,CT/EC,F
430,204_H3,0.0,4.094910626116761e-07,2.6789388537527688e-08,0.0753520406634872,0.0188381192359846,204,203,5,V
431,204_NCI,0.0,3.029655528881126e-06,7.198477175244051e-07,0.0729567585193581,0.0182401270056511,204,203,5,V
432,204_H1,0.0,1.8764863020931612e-06,3.271853483915277e-07,0.0504747451557951,0.0126192372068614,204,203,5,V
433,205_NCI,5.506686284206808e-05,0.0004025482021899,2.518935885014913e-05,0.0402209461057579,0.01017593763241,205,204,5,I
434,205_H3,0.0,8.891908181856608e-08,0.0,0.006114491981481,0.0015286452251407,205,204,5,I
435,205_H1,9.044977196026592e-05,1.7679088599793502e-05,2.357812285574565e-05,0.1153459634144855,0.0288694175994753,205,204,5,I
436,206_H3,0.0,5.266734009019514e-06,7.271769337946798e-06,0.0318615721036114,0.0079685276517395,206,205,5,Y
437,206_H1,0.0,5.266734009019514e-06,7.271769337946798e-06,0.0318615721036114,0.0079685276517395,206,205,5,Y
438,207_H1,2.4821421902743168e-05,3.372841799889841e-05,5.8967750588553374e-05,0.0192185533709993,0.0048340177403723,207,206,5,M
439,207_NCI,0.0,3.1251440228005514e-05,3.289619979511337e-05,0.1976874190465397,0.0494378916716407,207,206,5,M
440,208_NCI,0.0,5.63317409628779e-06,2.204444849034706e-07,0.0425296331250676,0.0106338716859122,208,207,5,F
441,208_H1,0.0,7.511813581609385e-06,1.7234872134290115e-09,0.0259062849277771,0.0064784496162114,208,207,5,F
442,209_H3,0.0,9.22221032305246e-06,2.571199880134856e-07,0.0535487541661675,0.0133895583741196,209,208,5,V
443,209_H1,4.5962780859554186e-05,4.886444047977979e-05,7.928798308066772e-05,0.15535565447319,0.0388824424194025,209,208,5,V
444,209_NCI,3.853989255730994e-05,5.8891443607305135e-05,4.602545428414414e-05,0.0226542797363647,0.0056994341317033,209,208,5,V
445,210_H1,0.0,3.174338280845795e-05,3.987860326849932e-07,0.0104376187135498,0.0026174402205977,210,209,5,V
446,210_NCI,0.0,1.6013003448092188e-05,5.286458658639603e-05,0.0010974185263671,0.0002915740291004,210,209,5,V
447,210_H3,6.29979604127584e-06,0.0027282871161024,7.826031810305239e-07,0.1151268088481933,0.0294655445908795,210,209,5,V
448,211_H1,0.0,6.459754204903205e-07,1.3597882809128708e-07,0.0486264132086196,0.012156798790717,211,210,5,H
449,211_H3,0.0,6.459754204903205e-07,1.3597882809128708e-07,0.0486264132086196,0.012156798790717,211,210,5,H
450,211_NCI,0.0,8.086964008152499e-07,1.1708222592101972e-06,0.0180617427098157,0.0045159305571189,211,210,5,H
451,212_NCI,0.0,1.7216804112179796e-07,0.0,0.0067736152098285,0.0016934468444674,212,211,5,F
452,212_H1,0.0,3.4987024669752906e-06,1.1156084027656055e-05,0.0589828816592884,0.0147493841114457,212,211,5,F
453,212_H3,0.0,5.045567249541327e-07,9.757633990559136e-05,0.0248791129507577,0.006244298461847,212,211,5,F
454,213_H3,0.0,1.1756048943048237e-05,8.93408884248195e-06,0.0404876060409088,0.0101270740446735,213,212,5,I
455,213_NCI,1.886099562398158e-05,4.4396972050185454e-05,2.3051615585795564e-05,0.0646614549184977,0.0161869411254394,213,212,5,I
456,213_H1,0.0001756380370352,0.0001209732907166,0.0001607790647857,0.1698983583085958,0.0425889371752833,213,212,5,I
457,214_H3,9.925848280545324e-05,1.1308244555207784e-05,1.2722263583642923e-05,0.159745667301293,0.0399672390730593,214,213,5,I
458,214_NCI,0.0001235315430676,4.710561533162216e-05,0.0002071320467511,0.0560796928706781,0.0141143655189571,214,213,5,I
459,216_H1,0.0,1.66368673260868e-05,5.060260663826204e-07,0.0657393025242678,0.016439111354415,216,215,5,L
460,217_H1,0.000227728523896,0.0005019366032602,0.000442054361383,0.0184550693164793,0.0049066972012546,217,216,5,I
461,217_H3,0.0,4.8813552733163406e-05,1.2406902635958817e-05,0.1020345965118943,0.0255239542418158,217,216,5,I
462,217_NCI,3.512124021654017e-05,7.165420364560315e-05,8.854593753660712e-05,0.0898626581091879,0.0225144948726466,217,216,5,I
463,218_NCI,8.527457248419523e-05,2.1991114125682717e-05,2.740105630486982e-07,0.057083559209999,0.0142977747267929,218,217,5,V
464,218_H1,0.0,2.094215974355182e-05,3.926358649017227e-06,0.0722728903681083,0.0180744397216252,218,217,5,V
465,219_NCI,2.75218189926818e-05,7.436014088717904e-07,4.525483979160542e-06,0.0338098772281536,0.0084606670331335,219,218,5,I
466,219_H1,0.0,8.150455558866879e-07,9.48785327752984e-09,0.0102629781041153,0.0025659506593811,219,218,5,I
467,220_NCI,5.4317286412697285e-05,5.001009855184853e-05,1.8023488170295813e-05,0.0098200251528422,0.0024855940064942,220,219,5,F
468,220_H1,4.763933611684479e-05,3.926894231204195e-05,1.0878314414679534e-05,0.0035792356470592,0.0009192555599756,220,219,5,F
469,221_H1,4.464596258912934e-06,9.997970999020009e-08,0.0,0.0051837895507555,0.0012970885316811,221,220,5,F
470,221_NCI,0.0,5.050214557216487e-07,0.0,0.0104826821800717,0.0026207968003818,221,220,5,F
471,222_NCI,0.0,5.067817319760476e-07,5.703124197223048e-10,0.0305391326782538,0.0076349100075745,222,221,5,C
472,222_H1,0.0,2.0633585425236004e-06,2.0489820310867299e-07,0.0100950597787966,0.0025243320088855,222,221,5,C
473,222_H3,0.0,5.067817319760476e-07,5.703124197223048e-10,0.0305391326782538,0.0076349100075745,222,221,5,C
474,224_H1,0.0010366906644776,0.0001475240155041,3.813312850868738e-05,0.0398921625087667,0.0102786275793143,224,223,5,G
475,224_H3,0.0,5.060480633016996e-06,6.204500504601299e-08,0.0615614400735976,0.0153916406498089,224,223,5,G
476,224_NCI,4.525868280325085e-05,3.694340321443111e-05,6.762126841782655e-06,0.0390164384039749,0.0097763506542086,224,223,5,G
477,225_H1,0.0,1.4081224680250622e-05,1.979546933347403e-06,0.0186368990995591,0.0046632399677931,225,224,5,Q
478,225_H3,0.0,1.998959454722261e-06,3.883976463142362e-07,0.0174975600119761,0.0043749868422692,225,224,5,Q
479,225_NCI,0.0,7.522273055438118e-07,4.430076358277136e-06,0.0657418025067385,0.0164367462026005,225,224,5,Q
480,226_NCI,2.97603000944946e-05,1.0172287761040273e-06,9.171873224444984e-07,0.0048965365414172,0.0012320578144025,226,225,CT/EC,L
481,226_H1,2.97603000944946e-05,1.0172287761040273e-06,9.171873224444984e-07,0.0048965365414172,0.0012320578144025,226,225,CT/EC,L
482,227_NCI,0.0,4.215390881530238e-06,2.359286427136156e-06,0.0154581199534563,0.0038661736576912,227,226,CT/EC,V
483,227_H1,0.0,1.5660197609526889e-06,3.072200864534618e-07,0.0064914491196061,0.0016233305898633,227,226,CT/EC,V
484,227_H3,0.0,1.7216804112179796e-07,0.0,0.0067736152098285,0.0016934468444674,227,226,CT/EC,V
485,228_NCI,6.046533144399291e-06,3.036282948043339e-05,3.024897676455854e-05,0.0605448325826376,0.0151528727305067,228,227,CT/EC,F
486,228_H1,3.7302495911717415e-05,0.0001667935099676,1.4798516307674357e-05,0.0627911700061835,0.0157525161320926,228,227,CT/EC,F
487,228_H3,0.0,6.531917040633015e-05,4.871187969611485e-06,0.090097098828515,0.0225418222967227,228,227,CT/EC,F
488,229_H3,0.000162995289429,5.1794365119576025e-05,1.024894427472622e-06,0.04090398256349,0.0102799492781165,229,228,CT/EC,T
489,229_H1,0.0,8.16649333665701e-06,9.022867122682178e-06,0.0728157637882715,0.0182082382871827,229,228,CT/EC,T
490,230_H1,0.0,9.644886299909275e-07,0.0,0.011821879184752,0.0029557109183455,230,229,CT/EC,V
491,230_NCI,0.0,5.075796207811249e-09,0.0,0.0207717454497847,0.0051929376313952,230,229,CT/EC,V
492,231_H3,0.0,7.11855515302252e-06,0.0,0.08312840941298,0.0207838819920332,231,230,CT/EC,K
493,231_NCI,1.7891667084768414e-05,6.365844759852307e-05,6.948585214888553e-05,0.0236638695026735,0.0059537263673764,231,230,CT/EC,K
494,231_H1,1.7891667084768414e-05,6.365844759852307e-05,6.948585214888553e-05,0.0236638695026735,0.0059537263673764,231,230,CT/EC,K
495,232_H1,1.553064794279635e-05,6.682980199349354e-06,4.0033741429990476e-07,0.012573051509552,0.0031489163687771,232,231,CT/EC,E
496,232_H3,0.0,5.640061569951433e-06,4.986988573788475e-10,0.0077780515056967,0.0019459230164913,232,231,CT/EC,E
497,232_NCI,0.0,5.066489196782835e-06,2.2303387021920804e-05,0.0398076721222047,0.0099587604996058,232,231,CT/EC,E
498,233_H1,0.0,3.819669269707639e-07,1.1373341128801171e-08,0.0264629373309292,0.0066158326677993,233,232,CT/EC,A
499,233_NCI,6.569712695636554e-06,7.4229778271998e-07,2.067296985739034e-06,0.0017654103609337,0.0004436974170994,233,232,CT/EC,A
500,235_H1,0.0,1.9299625990329493e-06,7.37243860805664e-08,0.0139918622545707,0.0034984664853889,235,234,CT/EC,A
501,235_H3,0.0,5.0239352115916e-07,0.0,0.0547566850109223,0.0136892968511108,235,234,CT/EC,A
502,235_NCI,0.0,4.9638149432065485e-06,0.0,0.0261875499270322,0.0065481284354938,235,234,CT/EC,A
503,236_H3,0.0,2.1334216471639628e-06,2.962310725817947e-08,0.0595735342601446,0.0148939243262247,236,235,CT/EC,Q
504,236_NCI,0.0,2.464050897924064e-06,0.0,0.0210617775715375,0.0052660604056088,236,235,CT/EC,Q
505,236_H1,0.0,2.1334216471639628e-06,2.962310725817947e-08,0.0595735342601446,0.0148939243262247,236,235,CT/EC,Q
506,238_H3,0.0,4.473947900736604e-06,0.0,0.0192178955422109,0.0048055923725279,238,237,CT/EC,Q
507,238_NCI,0.0,5.852632532001613e-07,0.0,0.0235176002639066,0.0058795463817899,238,237,CT/EC,Q
508,238_H1,0.0019466609228402,6.025461056538614e-07,5.45102444838883e-08,0.0633548138555486,0.0163255329586847,238,237,CT/EC,Q
509,239_NCI,0.0,1.7281487714523156e-06,0.0,0.0190140185256251,0.0047539366685991,239,238,CT/EC,E
510,241_H3,0.0,3.6348239138145786e-06,0.0,0.011499719693486,0.0028758386293499,241,240,CT/EC,A
511,241_H1,0.0,3.6348239138145786e-06,0.0,0.011499719693486,0.0028758386293499,241,240,CT/EC,A
512,241_NCI,0.0,4.217853929548753e-07,1.4681993128231327e-09,0.0129055847035072,0.0032265019892748,241,240,CT/EC,A
513,242_H1,0.0,1.12093654504813e-05,6.894082656689026e-07,0.0042561903700128,0.0010670222859322,242,241,CT/EC,T
514,242_NCI,0.0,1.12093654504813e-05,6.894082656689026e-07,0.0042561903700128,0.0010670222859322,242,241,CT/EC,T
515,245_NCI,0.0,3.2032817649301056e-07,0.0,0.0303132656540863,0.0075783964955657,245,244,CT/EC,K
516,245_H1,0.0,3.2032817649301056e-07,0.0,0.0303132656540863,0.0075783964955657,245,244,CT/EC,K
517,245_H3,0.0,3.2032817649301056e-07,0.0,0.0303132656540863,0.0075783964955657,245,244,CT/EC,K
518,248_H1,2.7786876671598293e-05,7.708428752811134e-06,3.579098690035639e-06,0.0001778895111462,5.424097881518508e-05,248,247,CT/EC,K
519,248_H3,0.0,9.711666630730491e-06,1.8682585626225036e-06,0.0008066568905155,0.0002045592039272,248,247,CT/EC,K
520,248_NCI,0.0,1.2469485526140794e-05,7.98791394382504e-06,0.025338324200175,0.0063396953999112,248,247,CT/EC,K
521,249_H1,0.0,1.717595613735586e-07,0.0,0.0003261246981625,8.157411443098865e-05,249,248,CT/EC,E
522,249_NCI,0.0,1.717595613735586e-07,0.0,0.0003261246981625,8.157411443098865e-05,249,248,CT/EC,E
523,251_H1,0.0,1.7734676882409843e-05,2.096338187203634e-08,0.0128178538642366,0.0032089023761252,251,250,CT/EC,T
524,251_NCI,0.0,1.7734676882409843e-05,2.096338187203634e-08,0.0128178538642366,0.0032089023761252,251,250,CT/EC,T
525,252_NCI,0.0,7.700460518028546e-06,1.5505167347178718e-06,0.0265550614917427,0.0066410781172488,252,251,CT/EC,R
526,252_H3,0.0,9.875007077806923e-08,0.0,0.0137220989195165,0.0034305494173968,252,251,CT/EC,R
527,252_H1,4.3658869799401145e-06,1.2298584877331044e-05,6.455840975784267e-06,0.0575830284710614,0.0144015371959736,252,251,CT/EC,R
528,254_NCI,0.0,2.7426370756787103e-06,2.3613748772417968e-06,0.0324312349821253,0.0081090847485195,254,253,6,V
529,254_H1,0.0,5.252450094906471e-07,0.0,0.0152242079223596,0.0038061832918422,254,253,6,V
530,255_NCI,4.5211014366941527e-05,4.6979835438897565e-05,1.3647670625072344e-05,0.0240542540068717,0.0060400231318256,255,254,6,I
531,255_H1,1.3959555872133931e-05,5.972713883899246e-05,3.59974023166222e-07,0.0639320741770047,0.0160015302114347,255,254,6,I
532,256_NCI,0.0,1.483812614757313e-05,2.026864995846063e-06,0.0738325699954246,0.018462358746642,256,255,6,I
533,256_H1,5.028281884733588e-05,2.1596067650363123e-05,5.638295201883471e-05,0.0245799038781765,0.0061770414291732,256,255,6,I
534,258_NCI,0.0,7.984492607883931e-06,3.986783243690015e-06,0.0712176450339121,0.0178074040774409,258,257,6,V
535,258_H1,0.0,6.10131711798014e-06,3.218188857821577e-06,0.0164067661260583,0.0041040214080085,258,257,6,V
536,259_NCI,6.606445094803348e-05,0.0001340329883671,0.000166036510028,0.0478494909322432,0.0120539062203966,259,258,6,I
537,259_H1,0.0001114602273446,6.898990949021366e-05,3.405477682229824e-05,0.0496343162211207,0.0124622052836944,259,258,6,I
538,260_H1,0.0,1.1188002651175822e-05,9.726238178732883e-07,0.0289398075680067,0.0072379920486189,260,259,6,A
539,260_H3,0.0,2.5189917938417645e-06,2.3763699602733724e-06,0.0370717021394323,0.0092691493752966,260,259,6,A
540,260_NCI,0.0,0.000109104593212,3.60963332177635e-07,0.0796490174769909,0.0199396207583837,260,259,6,A
541,261_H3,0.0006039647269062,0.0010955738863825,0.002003035651468,0.414259296183452,0.1044904676120522,261,260,6,F
542,261_H1,0.0006039647269062,0.0010955738863825,0.002003035651468,0.414259296183452,0.1044904676120522,261,260,6,F
543,261_NCI,0.0006039647269062,0.0010955738863825,0.002003035651468,0.414259296183452,0.1044904676120522,261,260,6,F
544,262_H1,0.0,3.5061009602110125e-05,0.0,0.0086430206419954,0.0021695204128993,262,261,6,L
545,262_NCI,0.0,3.5061009602110125e-05,0.0,0.0086430206419954,0.0021695204128993,262,261,6,L
546,263_H1,5.257042357698083e-05,0.000308743481153,8.176208575284944e-06,0.0023161592556747,0.000671412342245,263,262,6,I
547,263_H3,0.0,3.936472581209737e-07,0.0,0.0557303976821402,0.0139326978323495,263,262,6,I
548,263_NCI,4.106633059564047e-05,0.0002093808729532,0.0001225901905315,0.095832804400724,0.0240514604487011,263,262,6,I
549,264_NCI,0.0,1.6329353575621722e-05,0.0,0.0178610596283187,0.0044693472454736,264,263,6,C
550,264_H1,0.0021835470106452,2.489651679769533e-05,5.8949386633124753e-08,0.0145163542144564,0.0041812141728215,264,263,6,C
551,265_NCI,0.0054912772029638,0.0109643294791849,0.0281726812058675,0.0893810725107436,0.0335023400996899,265,264,6,W
552,265_H1,0.0118942288681864,0.0193452055612576,0.0250486793057295,0.1173288425854037,0.0434042390801443,265,264,6,W
553,266_H1,6.446151382988319e-05,7.981760164817126e-05,3.001152117792381e-05,0.1163870442056062,0.0291403337105655,266,265,6,L
554,266_H3,0.0,1.0980834454436623e-05,3.44211014521954e-07,0.0802262549624526,0.0200593950019803,266,265,6,L
555,266_NCI,0.0002939786063507,0.0005025751844637,5.920096376004352e-06,0.0104473396597333,0.0028124533867309,266,265,6,L
556,269_H3,0.0011822008527815,0.0045579654466697,0.0038448561738572,0.5699280153886048,0.1448782594654783,269,268,6,A
557,269_H1,0.0011822008527815,0.0045579654466697,0.0038448561738572,0.5699280153886048,0.1448782594654783,269,268,6,A
558,270_H3,0.0002954294322989,7.867114474970755e-05,8.145575223421497e-07,0.0673520714549094,0.0169317466473701,270,269,6,G
559,270_NCI,0.0285898670554161,0.0019091349968029,0.0005679857776382,0.0074710416485803,0.0096345073696094,270,269,6,G
560,271_H1,5.772261374659138e-06,0.0001314446047016,2.0288922527851083e-05,0.1148269819906777,0.0287461219448204,271,270,6,V
561,271_NCI,0.0001021243806462,2.571966106881568e-05,2.5357128479458685e-07,0.0791853422476938,0.0198283599651734,271,270,6,V
562,272_NCI,0.0,3.367452292795303e-07,1.1085162013140097e-07,0.0393152964616867,0.009828936014634,272,271,6,A
563,273_H3,0.0,1.586520025571096e-06,1.4382518110942774e-06,0.0054825296081069,0.0013713885949859,273,272,6,F
564,274_H1,2.134702481271233e-05,3.721831081250806e-06,5.886236253664954e-07,0.0326267518834966,0.0081631023407539,274,273,6,Y
565,274_NCI,0.0,0.0001120851376602,4.146966773151422e-06,0.0053728211495965,0.0013722633135074,274,273,6,Y
566,274_H3,0.0,5.304338917530094e-06,2.6755979814325133e-06,0.0231353324536725,0.0057858280976428,274,273,6,Y
567,275_H3,0.0,0.0,1.291410484311294e-06,0.0050563796962854,0.0012644177766924,275,274,6,I
568,275_NCI,0.0132910571992397,0.0028675057399811,0.0002687207933061,0.0850803063854153,0.0253768975294855,275,274,6,I
569,275_H1,0.000481835741084,0.0001650499688142,0.0005921878748137,0.1576694462648817,0.0397271299623984,275,274,6,I
570,276_H1,7.220164843602106e-05,1.8392642779046687e-05,3.953830980327868e-05,0.0100041656247754,0.0025335745564484,276,275,CT/EC,F
571,276_NCI,0.0,1.6505315000517927e-05,0.0001245047860694,0.010519782699349,0.0026651982001047,276,275,CT/EC,F
572,277_NCI,1.4261117030400785e-05,4.233734885255088e-05,3.976415634166117e-06,0.0301971282848658,0.0075644257915957,277,276,CT/EC,T
573,277_H3,0.0,6.709017875279555e-06,4.831648484116188e-11,0.0497728368062494,0.0124448864681103,277,276,CT/EC,T
574,277_H1,2.087745633616578e-05,1.8077611148308315e-05,1.6484950533193324e-05,0.0428390222075093,0.0107236155563817,277,276,CT/EC,T
575,278_H3,0.0,3.46808461330273e-07,1.6127526465241722e-08,0.01282392472911,0.0032060719162744,278,277,CT/EC,H
576,278_NCI,0.0,2.3260381338251586e-05,3.330145405262995e-05,0.0342835620688503,0.0085850309760602,278,277,CT/EC,H
577,278_H1,8.845583215588704e-05,2.3222860543189163e-05,1.960496153746813e-05,0.0387216429130689,0.0097132316418263,278,277,CT/EC,H
578,279_H1,0.0074942298233509,0.008888259681735,0.01013705745067,0.1371307457221425,0.0409125731694746,279,278,CT/EC,Q
579,279_H3,0.0,1.425440289265163e-06,1.0746084032348085e-05,0.053609979253106,0.0134055376943569,279,278,CT/EC,Q
580,279_NCI,4.505156994127901e-06,6.729928213465491e-06,5.194099920031573e-07,0.0572954349566358,0.0143267973629588,279,278,CT/EC,Q
581,280_NCI,0.0002573091478552,0.0023307536958431,2.938335128620424e-07,0.0222325583871554,0.0062052287660916,280,279,CT/EC,G
582,280_H3,0.0002573091478552,0.0023307536958431,2.938335128620424e-07,0.0222325583871554,0.0062052287660916,280,279,CT/EC,G
583,280_H1,0.0002573091478552,0.0023307536958431,2.938335128620424e-07,0.0222325583871554,0.0062052287660916,280,279,CT/EC,G
584,281_H1,1.7845683032646775e-05,1.889806068827488e-05,4.867006553906379e-06,0.0032274954540748,0.0008172765510874,281,280,CT/EC,S
585,281_H3,0.0,8.819535210665325e-06,5.11309106529555e-08,0.0666281963866656,0.0166592667631967,281,280,CT/EC,S
586,281_NCI,0.0,4.804314171330454e-05,4.579802448850603e-05,0.0619117402602536,0.0155013953566138,281,280,CT/EC,S
587,282_H1,0.0001688666379777,0.0003565080154584,9.336000270274956e-05,0.063700645695836,0.0160798450879937,282,281,CT/EC,D
588,282_H3,0.0,2.710046145193163e-05,4.9248198782922855e-05,0.0884707240589652,0.0221367681798,282,281,CT/EC,D
589,282_NCI,1.7253410987905227e-05,0.0001434266907275,0.0001524022152426,0.0471656281134711,0.0118696776076073,282,281,CT/EC,D
590,283_H1,0.0,6.195605359474269e-06,4.373548890528965e-06,0.0036975653882204,0.0009270336356176,283,282,CT/EC,F
591,283_NCI,0.0,9.166703798729157e-06,3.3282422291781564e-06,0.0596623818428438,0.0149187191972179,283,282,CT/EC,F
592,284_NCI,0.0,2.3135218207038356e-08,0.0,0.0043168699956309,0.0010792232827122,284,283,CT/EC,G
593,284_H1,0.0,0.0640302017136667,1.149165730663911e-07,0.036766489205537,0.0251992014589442,284,283,CT/EC,G
594,284_H3,0.0,2.3135218207038356e-08,0.0,0.0043168699956309,0.0010792232827122,284,283,CT/EC,G
595,285_H3,0.0,5.214967369502812e-10,2.7144360770960647e-08,0.0023418489331901,0.0005854691497619,285,284,CT/EC,P
596,285_NCI,3.561019184417091e-05,7.873383377789267e-07,5.469893175110339e-07,0.0055936153110949,0.0014076399576486,285,284,CT/EC,P
597,285_H1,1.7979071344598196e-05,1.2767527407581037e-06,5.493639651632555e-06,0.055496687166981,0.0138803591576795,285,284,CT/EC,P
598,286_H1,1.0,1.0,1.0,0.1858269111927014,0.7964567277981753,286,285,CT/EC,I
599,286_H3,0.0,5.891350822602439e-05,9.821165546921434e-10,0.0318473090878767,0.0079765558945548,286,285,CT/EC,I
600,286_NCI,5.756343853136059e-06,2.758266711968576e-05,1.7389804807976016e-05,0.0617415774762473,0.015448076573007,286,285,CT/EC,I
601,287_H1,0.0,0.0001671048885795,1.9130297487226867e-05,0.0433558122220849,0.0108855118520379,287,286,CT/EC,F
602,287_NCI,0.000183060139534,0.0002348145032162,0.0002168840469796,0.1137132579510123,0.0285870041601855,287,286,CT/EC,F
603,287_H3,0.0,9.251047525135652e-07,3.4185892258624554e-08,0.0042207089990525,0.0010554170724243,287,286,CT/EC,F
604,288_H1,0.0,1.5424708189988904e-05,0.0,0.0115484184660571,0.0028909607935617,288,287,7,M
605,288_NCI,0.0,1.5424708189988904e-05,0.0,0.0115484184660571,0.0028909607935617,288,287,7,M
606,289_H1,0.0004139856027904,3.0771478638635e-05,9.32190365205411e-05,0.2586069745797418,0.0647862376744228,289,288,7,T
607,289_NCI,0.0001342370378552,0.000142508202242,2.267433623901708e-05,0.2463946479673146,0.0616735168859127,289,288,7,T
608,289_H3,0.0004139856027904,3.0771478638635e-05,9.32190365205411e-05,0.2586069745797418,0.0647862376744228,289,288,7,T
609,290_H1,4.9319962272420526e-05,4.216965930672339e-05,1.2760406127565126e-05,0.0473096037457565,0.0118534634433658,290,289,7,I
610,290_NCI,2.300069354532752e-05,2.9986803628361157e-05,1.3220498036177656e-06,0.0765962459257754,0.0191626388681881,290,289,7,I
611,293_H3,0.0,1.3191299493138468e-05,1.958191567404692e-05,0.0637074082786478,0.0159350453734537,293,292,7,F
612,293_H1,7.66475477576023e-06,3.886850299938228e-05,1.378261783783668e-05,0.0413172800957738,0.0103443989928466,293,292,7,F
613,294_NCI,4.245457603246905e-06,8.591588247618404e-07,3.8558156224759603e-07,0.0103851434303031,0.0025976584070733,294,293,7,F
614,294_H1,0.0,4.590334086193475e-06,7.240711942616216e-07,0.0155028040503067,0.0038770296138967,294,293,7,F
615,295_H3,0.0,1.879808874565264e-06,4.728948594573455e-07,0.0651546213386452,0.0162892435105948,295,294,7,A
616,295_NCI,0.0,1.5463406127352511e-06,1.933833765310415e-07,0.0107074123730297,0.0026772880242547,295,294,7,A
617,295_H1,0.0,1.879808874565264e-06,4.728948594573455e-07,0.0651546213386452,0.0162892435105948,295,294,7,A
618,297_NCI,7.78505091147963e-06,8.166711089811551e-05,2.813691038870805e-06,0.0494703554370377,0.0123906553224715,297,296,7,T
619,298_H1,0.0001506716798758,6.817267042287311e-05,1.800858416483391e-05,0.0822402007684246,0.020619263425722,298,297,7,S
620,298_H3,0.0001506716798758,6.817267042287311e-05,1.800858416483391e-05,0.0822402007684246,0.020619263425722,298,297,7,S
621,298_NCI,0.0,5.560014068773422e-05,2.026025155343547e-05,0.0067305663579993,0.0017016066875601,298,297,7,S
622,299_H3,8.553449151804671e-05,5.672957317567925e-05,5.230294372459989e-05,0.0645452876213587,0.0161849636574442,299,298,7,A
623,299_NCI,7.483604713343084e-05,5.689436252365227e-05,5.088643945974878e-05,0.0310155337300488,0.0077995376447914,299,298,7,A
624,300_H1,0.0,3.031588853271741e-05,2.742501768840757e-07,0.0074918481745454,0.0018806095783137,300,299,7,V
625,300_NCI,0.0,1.781465971444215e-05,1.143196610449676e-06,0.0054002907312787,0.0013548121469009,300,299,7,V
626,303_H1,7.303249003598467e-05,5.885173083713214e-07,4.2428735399314907e-07,0.0337840234428563,0.0084645171843886,303,302,7,P
627,303_NCI,0.0,5.342407082309007e-07,0.0,0.0722307532208857,0.0180578218653984,303,302,7,P
628,304_H1,1.319017701462144e-05,4.08717448687465e-05,4.235337469784601e-05,0.0068223297409634,0.0017296862593861,304,303,7,V
629,304_NCI,5.483846052811714e-06,4.594276561088401e-05,1.1164703047732133e-05,0.0159573522277712,0.0040049858856206,304,303,7,V
630,307_H1,4.055983663420193e-05,4.419659300864371e-06,3.8090431092201175e-06,0.0002184908852094,6.681985606342582e-05,307,306,7,I
631,307_H3,0.0,3.183801615540617e-06,8.683046268775603e-06,0.0259831163915783,0.0064987458098656,307,306,7,I
632,307_NCI,0.0,8.353370727154182e-06,1.7357915103205785e-08,0.0572393843305483,0.0143119387647976,307,306,7,I
633,308_NCI,7.486485264962539e-05,8.803981797322324e-05,0.0001731100402074,0.0215617801183255,0.0054744487072889,308,307,7,M
634,308_H1,0.0002552783407736,5.926317357091262e-05,1.8892030925564025e-05,0.0149138386054847,0.0038118180376887,308,307,7,M
635,309_NCI,0.0,1.2272235322553716e-05,1.3244700998382457e-06,0.0079925772266886,0.0020015434830277,309,308,7,M
636,309_H1,0.0,1.2272235322553716e-05,1.3244700998382457e-06,0.0079925772266886,0.0020015434830277,309,308,7,M
637,311_H3,0.0,4.245445461662493e-06,0.0,0.0029620941899356,0.0007415849088493,311,310,CT/EC,K
638,311_NCI,0.0,1.1073921277772515e-06,1.860021246472522e-09,0.0035783318702536,0.0008948602806006,311,310,CT/EC,K
639,311_H1,5.31432624484296e-06,1.0659242190135605e-06,6.733327379305026e-08,0.0167785169089761,0.0041962411231784,311,310,CT/EC,K
640,314_H1,0.0,2.6672945123353957e-06,5.298620409140541e-08,0.0973134852285514,0.0243290513773169,314,313,CT/EC,R
641,314_NCI,0.0,1.6156300085092286e-06,9.245789036216895e-08,0.0419171377735397,0.0104797114653596,314,313,CT/EC,R
642,315_H1,0.0,2.5548691537755933e-05,8.373306416906826e-06,0.0108988337803077,0.0027331889445656,315,314,CT/EC,N
643,315_H3,0.0002573091478552,0.0023307536958431,2.938335128620424e-07,0.0222325583871554,0.0062052287660916,315,314,CT/EC,N
644,315_NCI,0.0,3.381962748665886e-05,1.5306566431968424e-06,0.0701703947031038,0.0175514362468084,315,314,CT/EC,N
645,317_H1,0.0136400610208511,0.0086532644286807,0.0323522005116484,0.0753136450618844,0.0324897927557661,317,316,CT/EC,M
646,317_NCI,0.0,0.0010312096662567,0.0012155518983386,0.0221416807896401,0.0060971105885588,317,316,CT/EC,M
647,318_H1,3.850548091577366e-05,6.743284246484288e-05,4.9102730586350745e-06,0.0948957601348872,0.0237516521828316,318,317,CT/EC,V
648,318_H3,0.0,6.790720016909284e-08,0.0,0.0195078391292175,0.0048769767591044,318,317,CT/EC,V
649,318_NCI,0.000330831244355,0.0001128237924301,8.358321405848124e-05,0.0921694471311913,0.0231741713455087,318,317,CT/EC,V
650,319_H1,3.2176514650927857e-05,2.099290128875169e-05,5.28234786874078e-05,0.0251600768527786,0.0063165174368514,319,318,CT/EC,T
651,319_NCI,0.1137453764677047,0.05344153745856,0.0456092616685073,0.0615370309788671,0.0685833016434098,319,318,CT/EC,T
652,320_NCI,0.0,6.408723501877361e-06,4.842063690711683e-07,0.0021643023769528,0.0005427988267059,320,319,CT/EC,T
653,320_H1,0.0,3.666847428411675e-05,9.86229148846589e-07,0.0530142741539755,0.0132629822143521,320,319,CT/EC,T
654,320_H3,0.0,2.6794715978818508e-05,5.8078603054877335e-08,0.0728647945664578,0.0182229118402599,320,319,CT/EC,T
655,321_H1,0.0,0.0001910761384305,0.0002538662127209,0.0607921529952884,0.0153092738366099,321,320,CT/EC,L
656,321_NCI,0.0,0.000157410177354,0.0002752662161235,0.0114939296843079,0.0029816515194463,321,320,CT/EC,L
657,322_H3,0.0,4.945726025948945e-07,6.4637614431291285e-09,0.017742219205301,0.0044356800604162,322,321,CT/EC,C
658,322_H1,0.0,1.030472369677228e-05,0.0,0.0214074607732659,0.0053544413742406,322,321,CT/EC,C
659,322_NCI,0.0,2.8637681032664165e-06,5.992040689647223e-07,0.023081018151296,0.005771120280867,322,321,CT/EC,C
660,323_H3,0.0,5.349646501105378e-06,3.2270402529696804e-07,0.0275145656658714,0.0068800595040994,323,322,CT/EC,C
661,323_NCI,0.0,5.096716643757057e-06,1.809501259577029e-05,0.0395269727363788,0.0098875411164046,323,322,CT/EC,C
662,323_H1,0.0,8.978753737367484e-06,3.299992287563053e-06,0.0409537915695377,0.0102415175788906,323,322,CT/EC,C
663,324_H1,0.0006537119625136,3.04206182063702e-06,4.611558632406986e-05,0.0674324472674042,0.0170338292195156,324,323,CT/EC,G
664,324_H3,0.0,1.167560300096454e-05,5.7164627064206685e-08,0.0394911633620857,0.0098757240324284,324,323,CT/EC,G
665,324_NCI,0.0002030877803917,5.667781770360381e-06,1.810958766817373e-05,0.0627068611946736,0.015733431586126,324,323,CT/EC,G
666,325_H3,0.0003304244019091,2.1268017809355865e-05,0.0001924817504366,0.0915822409822855,0.0230316037881101,325,324,CT/EC,K
667,325_H1,0.0,6.680934892732997e-05,2.666469659300138e-05,0.0562385583704392,0.0140830081039898,325,324,CT/EC,K
668,325_NCI,0.0,5.815076524932125e-05,4.454974774314179e-06,0.0337386403512419,0.0084503115228163,325,324,CT/EC,K
669,326_H1,0.0,9.778024555657448e-06,6.982923616168966e-07,0.0016802584261516,0.0004226836857672,326,325,CT/EC,P
670,326_H3,0.0,4.55520718815008e-06,0.0,0.0329923253414234,0.0082492201371528,326,325,CT/EC,P
671,326_NCI,0.0,8.942544369478973e-06,8.064758444379707e-07,0.0445089345616794,0.0111296708954733,326,325,CT/EC,P
672,327_H3,0.0,4.519350801442413e-07,1.1575655725488811e-06,0.0408807814326391,0.0102205977333229,327,326,CT/EC,L
673,327_NCI,2.9819291739840992e-05,1.2055142112829058e-05,2.7989466114039008e-05,0.0975436505276468,0.0244033786069034,327,326,CT/EC,L
674,327_H1,0.0,6.702585321436411e-06,2.8707213964970957e-06,0.0295400522750101,0.007387406395432,327,326,CT/EC,L
675,328_H1,6.573092832695693e-05,0.0011243912032696,3.1578382664775214e-05,0.0632360579366432,0.0161144396127261,328,327,CT/EC,G
676,328_H3,0.0,2.6893480414312408e-05,1.287087566210897e-07,0.0064767126707076,0.0016259337149696,328,327,CT/EC,G
677,328_NCI,0.0,0.003238291539034,9.404157154125844e-05,0.0297911811632728,0.008280878568462,328,327,CT/EC,G
678,329_H1,0.0,8.447954534300067e-06,1.8308318173744522e-07,0.0351290260889982,0.0087844142816785,329,328,CT/EC,D
679,329_H3,0.0,5.429163390888899e-07,0.0,0.024836931265996,0.0062093685455837,329,328,CT/EC,D
680,329_NCI,0.0,7.206995700264445e-06,0.0,0.0198542844575055,0.0049653728633014,329,328,CT/EC,D
681,330_H1,0.0,4.676706246435441e-05,4.8871090602317885e-06,0.0518692451065447,0.0129802248195173,330,329,CT/EC,D
682,330_H3,0.0,1.296205088772043e-05,2.205896712850185e-06,0.0631633189425645,0.0157946217225412,330,329,CT/EC,D
683,330_NCI,0.0,4.662223354780558e-05,2.41438795278852e-05,0.1109010690372711,0.0277429587875867,330,329,CT/EC,D
684,331_H1,0.0002047877205768,5.92261378343134e-06,1.8668713885786333e-05,0.0449662942613548,0.0112989183274002,331,330,CT/EC,E
685,331_H3,0.0,5.511368563368481e-07,6.7806290596924e-07,0.0341741933192285,0.0085438556297477,331,330,CT/EC,E
686,332_H3,3.022611599590164e-05,4.136003011553362e-06,1.0155589824709184e-05,0.0582622656792958,0.014576695847032,332,331,CT/EC,A
687,332_H1,4.195164729026146e-05,4.057605845933437e-05,2.520915701584456e-05,0.0040137860616195,0.0010303807310962,332,331,CT/EC,A
688,332_NCI,6.755191134288907e-05,0.0001530475769911,0.0001858117542279,0.0217256258071673,0.0055330092624323,332,331,CT/EC,A
689,333_NCI,0.0001320047595072,0.0002997480683846,0.0003183847642142,0.0859553356635142,0.0216763683139051,333,332,CT/EC,S
690,333_H1,0.0002273018908454,0.0004823799312195,0.0012548724115827,0.0615425897202572,0.0158767859884762,333,332,CT/EC,S
691,333_H3,0.0003259783843532,1.2432705119465683e-05,1.962995395969406e-05,0.0173710079696223,0.0044322622532636,333,332,CT/EC,S
692,334_NCI,0.0,8.180854755847981e-06,3.920039960392108e-06,0.007276145862707,0.0018220616893558,334,NA,NA,-
693,334_H3,0.0,6.856160336904316e-06,8.767510307549754e-08,0.0679042955200495,0.0169778098388723,334,NA,NA,-
694,334_H1,0.0,1.1259424521044467e-05,3.060495406029253e-06,0.0216968739502458,0.0054277984675432,334,NA,NA,-
695,335_H1,3.711994577315636e-05,0.0002051447039267,5.472157864197796e-05,0.0654505948959133,0.0164368952810638,335,333,CT/EC,T
696,335_NCI,0.0,5.846586497793511e-05,5.18690404186812e-06,0.0246302935668353,0.0061734865839637,335,333,CT/EC,T
697,335_H3,0.0,1.621070010962815e-05,1.231975347666648e-05,0.0681824472593539,0.017052744428235,335,333,CT/EC,T
698,336_NCI,2.523577495594509e-05,3.74377854186041e-05,6.427967018751144e-06,0.0176259908604521,0.0044237730969613,336,334,CT/EC,T
699,336_H1,5.6159438827307895e-05,3.883512374132251e-05,1.974995428135676e-05,0.1412704035593193,0.0353462870190423,336,334,CT/EC,T
700,336_H3,0.0,8.73135913786179e-06,6.8668006680604565e-06,0.0201776382836816,0.0050483091108718,336,334,CT/EC,T
701,337_H3,0.0019771277438849,0.0002068153508262,1.4620394016843118e-07,0.0696342335482947,0.0179545807117365,337,335,CT/EC,V
702,337_NCI,0.0013820284511893,0.0005471894420178,0.0010188477496343,0.0041113101196897,0.0017648439406328,337,335,CT/EC,V
703,338_H1,4.89843523610034e-06,7.792982135111644e-06,6.444946596650379e-06,0.0386303655556495,0.0096623754799043,338,336,CT/EC,S
704,338_H3,0.0,4.337594483280103e-06,1.1787367174727864e-05,0.0322803684031515,0.0080741233412023,338,336,CT/EC,S
705,338_NCI,0.0,4.597775962602923e-06,2.9496946712152485e-07,0.0674637807784807,0.0168671683809776,338,336,CT/EC,S
706,339_H3,5.204333501751535e-05,1.3116573441877378e-05,1.503066482539505e-05,0.0766167528926257,0.0191742358664776,339,337,CT/EC,K
707,340_NCI,0.0,1.177257134756678e-06,1.427290015270221e-06,0.0192015831762978,0.0048010469308619,340,338,CT/EC,T
708,340_H3,0.0,3.7814460390950152e-06,5.359833077398256e-07,0.0330449068967457,0.0082623060815231,340,338,CT/EC,T
709,340_H1,0.0,1.971794686866545e-06,9.397993193932128e-07,0.0077693770262441,0.0019430721550625,340,338,CT/EC,T
710,341_H3,0.0,2.38961039684456e-06,7.957295251753103e-07,0.0282021467605912,0.0070513330251283,341,339,CT/EC,E
711,342_H1,0.0001007818209473,4.965817797494887e-05,3.48913154914849e-05,0.041741485594225,0.0104817042271596,342,NA,NA,-
712,342_H3,2.254947685287334e-05,5.210327392756008e-06,2.119728127351205e-06,0.0774239739948355,0.0193634633818021,342,NA,NA,-
713,343_H1,0.0001203478823299,4.862426119667185e-06,7.114568763615892e-07,0.007657268205375,0.0019457974926752,343,NA,NA,-
714,343_NCI,0.0001203478823299,4.862426119667185e-06,7.114568763615892e-07,0.007657268205375,0.0019457974926752,343,NA,NA,-
715,343_H3,0.0001203478823299,4.862426119667185e-06,7.114568763615892e-07,0.007657268205375,0.0019457974926752,343,NA,NA,-
716,344_H1,0.0,0.0001697927407777,3.13244023089596e-06,0.0027750484162865,0.0007369933993237,344,NA,NA,-
717,344_H3,0.0,7.311743340806076e-06,8.632573259642482e-09,0.0136104428236431,0.0034044407998893,344,NA,NA,-
718,344_NCI,0.0,5.210547909012765e-05,2.4499899812279022e-05,0.0375790615700449,0.0094139167372368,344,NA,NA,-
719,345_H1,5.1355134928599e-05,8.781750768377354e-06,1.0601076415401612e-05,0.0330910326989493,0.0082904426652654,345,NA,NA,-
720,345_H3,5.842040991410613e-06,3.166926715704578e-06,7.938849104490191e-06,0.0690832781891903,0.0172750565015004,345,NA,NA,-
721,345_NCI,2.809217949106824e-05,6.575472904256059e-06,1.5886927856629352e-05,0.0521082107032742,0.0130396913208815,345,NA,NA,-
722,346_H1,0.0,9.883816799580033e-06,2.1940256300344861e-07,0.0071615311649757,0.0017929085960845,346,NA,NA,-
723,346_H3,0.0,9.522576145943067e-06,1.3052123223842508e-06,0.0484324826554489,0.0121108276109793,346,NA,NA,-
724,346_NCI,0.0,8.697880934283321e-06,1.1266709739288197e-07,0.0322689367397166,0.008069436821937,346,NA,NA,-
725,347_H1,1.2545590834633911e-05,1.4202575743515008e-05,1.3207348932053587e-05,0.0529346787754428,0.0132436585727382,347,340,CT/EC,T
726,347_H3,1.8046841432806104e-05,1.6864865290605538e-05,1.855439187342979e-06,0.0423684783327645,0.0106013113696688,347,340,CT/EC,T
727,347_NCI,0.0,2.4775846013871808e-05,1.862391754247796e-05,0.0325005605763293,0.0081359900849714,347,340,CT/EC,T
728,349_H1,0.0,8.236306976696496e-06,8.819449411879332e-06,0.0632823989256527,0.0158248636705103,349,342,CT/EC,Q
729,349_NCI,0.0,1.586098568870037e-05,4.961518207334512e-06,0.1135810463991737,0.0284004672257674,349,342,CT/EC,Q
730,351_NCI,6.479117928392952e-06,0.0001609019036894,8.717218040773792e-06,0.0651972526167859,0.0163433377141111,351,344,CT/EC,A
731,352_H1,5.430358214653097e-06,7.02285353794251e-06,3.908598582564693e-07,0.0200216286182745,0.0050086181724713,352,345,CT/EC,P
732,352_H3,0.0,3.0707828221826635e-06,2.787873699645469e-07,0.0320128988319174,0.0080040621005274,352,345,CT/EC,P
733,352_NCI,0.0,2.749084194077749e-06,3.624772060264904e-06,0.0578418939710848,0.0144620669568348,352,345,CT/EC,P
734,353_H1,0.000106619518192,0.0001070569959683,1.2429285978625875e-06,0.0637431752218483,0.0159895236661516,353,346,CT/EC,A
735,353_NCI,0.0,0.0001493178588676,9.193980906390732e-06,0.0599974099111863,0.01503898043774,353,346,CT/EC,A
736,353_H3,0.0,6.889997984010732e-06,4.39630690670832e-08,0.0011436806784506,0.0002876536598759,353,346,CT/EC,A
