feature,state,shap_effect,reference_position,query_position,observed_aa,display_value,abs_shap
p285_SCT,3.0,24.175941843390465,286_SCT,297,L,3.0,24.175941843390465
p183_P2,0.54,8.220176301002503,184_P2,195,K,0.219,8.220176301002503
p93_H1,0.2,6.879135859236121,94_H1,105,S,-0.18,6.879135859236121
p198_H1,0.54,6.703538478910923,199_H1,210,G,0.48,6.703538478910923
p93_SCT,4.0,2.4461859522759912,94_SCT,105,S,4.0,2.4461859522759912
p207_P2,0.46,2.4223363184928894,208_P2,219,L,0.186,2.4223363184928894
p207_H1,0.84,-2.308555025458336,208_H1,219,L,1.06,2.308555025458336
p180_P2,0.56,2.175081244558096,181_P2,192,H,0.23,2.175081244558096
p4_H1,-1.0,-1.890189034640789,4_H1,10,R,-2.53,1.890189034640789
p206_H1,0.84,-1.789610701352358,207_H1,218,L,1.06,1.789610701352358
p85_H1,-0.08,1.4190135583281518,86_H1,97,E,-0.74,1.4190135583281518
p291_H1,0.61,1.3581197916716337,292_H1,303,A,0.62,1.3581197916716337
p42_H1,0.71,-1.3381550931930541,43_H1,54,W,0.81,1.3381550931930541
p86_H1,0.27,1.2423624801635742,87_H1,98,T,-0.05,1.2423624801635742
p270_H1,0.9,1.1610628838837147,271_H1,282,F,1.19,1.1610628838837147
p180_H1,0.09,1.0056381966173649,181_H1,192,H,-0.4,1.0056381966173649
p92_P2,0.46,0.9503250040113926,93_P2,104,I,0.186,0.9503250040113926
p260_H1,0.9,-0.8548154519870877,261_H1,272,F,1.19,0.8548154519870877
p268_H1,0.61,-0.8330553168803454,269_H1,280,A,0.62,0.8330553168803454
p197_H1,0.35,0.8216051375865936,198_H1,209,P,0.12,0.8216051375865936
p268_P2,0.11,-0.8039748488366604,269_P2,280,A,0.046,0.8039748488366604
p115_H1,0.85,0.778317902162671,116_H1,127,V,1.08,0.778317902162671
p103_H1,1.0,0.7470595252513885,104_H1,115,I,1.38,0.7470595252513885
p117_P2,0.15,-0.7420062290877104,118_P2,129,S,0.062,0.7420062290877104
p230_P2,0.56,-0.6206638142466545,231_P2,242,H,0.23,0.6206638142466545
p29_H1,-0.17,0.6141457819938659,30_H1,41,D,-0.9,0.6141457819938659
p85_P2,0.37,0.5962810992449522,86_P2,97,E,0.151,0.5962810992449522
p283_H1,0.09,0.5951282131671906,284_H1,295,H,-0.4,0.5951282131671906
p93_P2,0.15,0.5836111839860678,94_P2,105,S,0.062,0.5836111839860678
p99_SCT,2.0,0.5746127510070801,100_SCT,111,F,2.0,0.5746127510070801
p175_H1,0.2,0.569442647844553,176_H1,187,S,-0.18,0.569442647844553
p95_H1,1.0,-0.5455119359493256,96_H1,107,I,1.38,0.5455119359493256
p51_P2,0.46,0.5306170320510865,52_P2,63,L,0.186,0.5306170320510865
p94_H1,1.0,0.5282536047697067,95_H1,106,I,1.38,0.5282536047697067
p1_H1,0.9,-0.5125259229540825,1_H1,7,F,1.19,0.5125259229540825
p163_H1,0.61,-0.47175650373101236,164_H1,175,A,0.62,0.47175650373101236
p260_P2,0.71,-0.3923599696159363,261_P2,272,F,0.29,0.3923599696159363
p6_P2,0.44,-0.37397602323442697,6_P2,19,R,0.18,0.37397602323442697
p47_P2,0.34,0.3697729933261871,48_P2,59,V,0.14,0.3697729933261871
p264_P2,1.0,0.368247142881155,265_P2,276,W,0.409,0.368247142881155
p210_H1,0.44,0.3662840705178678,211_H1,222,C,0.29,0.3662840705178678
p277_SCT,4.0,0.35195289641618727,278_SCT,289,N,4.0,0.35195289641618727
p97_H1,-0.14,-0.3337161089479923,98_H1,109,Q,-0.85,0.3337161089479923
p264_H1,0.71,0.3303427720814943,265_H1,276,W,0.81,0.3303427720814943
p216_H1,0.61,0.3262920285016298,217_H1,228,A,0.62,0.3262920285016298
p2_P2,0.15,0.3229899497702718,2_P2,8,S,0.062,0.3229899497702718
p32_H1,0.35,0.32153930680826304,33_H1,44,P,0.12,0.32153930680826304
p16_P2,0.33,-0.30628871858119966,17_P2,29,N,0.134,0.30628871858119966
p329_H1,0.54,-0.3022350552678108,331_H1,339,G,0.48,0.3022350552678108
p227_H1,0.2,-0.2969505959004164,228_H1,239,S,-0.18,0.2969505959004164
p183_H1,-0.47,-0.29539934277534485,184_H1,195,K,-1.5,0.29539934277534485
p52_P2,0.71,0.26245208859443664,53_P2,64,F,0.29,0.26245208859443664
p3_H1,0.61,-0.2562605395168066,3_H1,9,A,0.62,0.2562605395168066
p82_SCT,6.0,0.24850140616297722,83_SCT,94,D,6.0,0.24850140616297722
p291_SCT,3.0,0.23815255746245384,292_SCT,303,A,3.0,0.23815255746245384
p3_P2,0.11,-0.2372611343860626,3_P2,9,A,0.046,0.2372611343860626
p285_H1,0.84,0.23392611145973205,286_H1,297,L,1.06,0.23392611145973205
p108_H1,0.62,0.23324706457555294,109_H1,120,M,0.64,0.23324706457555294
p265_H1,0.54,0.2256874442100525,266_H1,277,G,0.48,0.2256874442100525
p321_H1,0.0,-0.20823832094669342,322_H1,NA,-,0.0,0.20823832094669342
p84_H1,0.54,-0.20652065992355348,85_H1,96,G,0.48,0.20652065992355348
p31_H1,0.61,0.19535334467887877,32_H1,43,A,0.62,0.19535334467887877
p121_H1,1.0,0.19133405789732932,122_H1,133,I,1.38,0.19133405789732932
p51_SCT,3.0,-0.18618434235453607,52_SCT,63,L,3.0,0.18618434235453607
p318_SCT,4.0,0.17434940338134766,319_SCT,330,Q,4.0,0.17434940338134766
p112_SCT,6.0,0.17361788922920823,113_SCT,124,E,6.0,0.17361788922920823
p114_H1,0.43,0.1726627105474472,115_H1,126,Y,0.26,0.1726627105474472
p278_H1,0.35,0.17098558098077773,279_H1,290,P,0.12,0.17098558098077773
p121_P2,0.46,-0.16713418516330422,122_P2,133,I,0.186,0.16713418516330422
p153_H1,0.27,0.16663246154785155,154_H1,165,T,-0.05,0.16663246154785155
p99_H1,0.9,-0.16563344955444337,100_H1,111,F,1.19,0.16563344955444337
p288_P2,0.15,0.15987545967102051,289_P2,300,S,0.062,0.15987545967102051
p298_P2,0.26,0.1558990772999823,299_P2,310,T,0.108,0.1558990772999823
p269_SCT,4.0,0.15147732853889465,270_SCT,281,T,4.0,0.15147732853889465
p223_H1,1.0,0.14952740114182234,224_H1,235,I,1.38,0.14952740114182234
p274_H1,0.2,-0.14570796310901643,275_H1,286,S,-0.18,0.14570796310901643
p13_H1,0.27,-0.13902853161096573,14_H1,26,T,-0.05,0.13902853161096573
p275_P2,0.11,-0.13421899519860744,276_P2,287,A,0.046,0.13421899519860744
p336_P2,0.15,-0.13377847872674464,337_P2,346,S,0.062,0.13377847872674464
p2_SCT,4.0,0.1329958613216877,2_SCT,8,S,4.0,0.1329958613216877
p213_P2,0.46,0.13172850787639617,214_P2,225,L,0.186,0.13172850787639617
p31_P2,0.11,0.1316521418094635,32_P2,43,A,0.046,0.1316521418094635
p216_P2,0.11,0.12995024286210538,217_P2,228,A,0.046,0.12995024286210538
p28_H1,0.43,-0.12740102887153626,29_H1,40,Y,0.26,0.12740102887153626
p227_SCT,4.0,-0.12304223656654358,228_SCT,239,S,4.0,0.12304223656654358
p88_P2,0.46,-0.12187603041529656,89_P2,100,L,0.186,0.12187603041529656
p99_P2,0.71,-0.12081169940531254,100_P2,111,F,0.29,0.12081169940531254
p331_SCT,6.0,0.11626560442149639,333_SCT,341,E,6.0,0.11626560442149639
p113_H1,0.54,0.1151659957319498,114_H1,125,G,0.48,0.1151659957319498
p116_P2,0.34,0.1138838567584753,117_P2,128,V,0.14,0.1138838567584753
p161_P2,0.46,0.11174455486238002,162_P2,173,I,0.186,0.11174455486238002
p157_H1,1.0,-0.10763854035176337,158_H1,169,I,1.38,0.10763854035176337
p212_H1,1.0,0.10715605176985264,213_H1,224,I,1.38,0.10715605176985264
p212_P2,0.46,-0.10337636023759841,213_P2,224,I,0.186,0.10337636023759841
p48_P2,0.46,0.10283141672611236,49_P2,60,I,0.186,0.10283141672611236
p291_P2,0.11,0.09902516007423401,292_P2,303,A,0.046,0.09902516007423401
p119_P2,0.31,0.0990037839114666,120_P2,131,C,0.128,0.0990037839114666
p113_P2,0.0,0.09801373779773712,114_P2,125,G,0.0,0.09801373779773712
p168_P2,0.11,0.09755037471652031,169_P2,180,A,0.046,0.09755037471652031
p95_P2,0.46,-0.097210410265252,96_P2,107,I,0.186,0.097210410265252
p83_P2,0.46,-0.09420746222138404,84_P2,95,I,0.186,0.09420746222138404
p278_P2,0.32,-0.09282454371452331,279_P2,290,P,0.131,0.09282454371452331
p92_H1,1.0,0.08993471160531044,93_H1,104,I,1.38,0.08993471160531044
p168_H1,0.61,0.08545935526490211,169_H1,180,A,0.62,0.08545935526490211
p113_SCT,5.0,0.08522922903299332,114_SCT,125,G,5.0,0.08522922903299332
p280_P2,0.73,-0.08508424043655395,281_P2,292,Y,0.298,0.08508424043655395
p306_H1,0.85,0.07988738492131234,307_H1,318,V,1.08,0.07988738492131234
p83_H1,1.0,-0.07957486875355244,84_H1,95,I,1.38,0.07957486875355244
p254_H1,1.0,-0.07856598265469074,255_H1,266,I,1.38,0.07856598265469074
p281_SCT,3.0,0.07834216058254242,282_SCT,293,A,3.0,0.07834216058254242
p96_H1,-0.1,0.07729060307145119,97_H1,108,N,-0.78,0.07729060307145119
p84_P2,0.0,-0.07446520447731018,85_P2,96,G,0.0,0.07446520447731018
p165_H1,0.84,0.07428159549832344,166_H1,177,L,1.06,0.07428159549832344
p121_SCT,3.0,-0.07206986337900162,122_SCT,133,I,3.0,0.07206986337900162
p163_P2,0.11,0.06874064207077027,164_P2,175,A,0.046,0.06874064207077027
p38_H1,0.61,-0.06692303508520127,39_H1,50,A,0.62,0.06692303508520127
p158_P2,0.71,0.06671719402074813,159_P2,170,F,0.29,0.06671719402074813
p6_H1,-1.0,-0.06603339999914169,6_H1,19,R,-2.53,0.06603339999914169
p10_H1,0.9,0.06581159308552742,10_H1,23,F,1.19,0.06581159308552742
p325_H1,-0.47,-0.06495876312255859,327_H1,335,K,-1.5,0.06495876312255859
p48_H1,1.0,-0.06488803774118423,49_H1,60,I,1.38,0.06488803774118423
p256_P2,0.54,-0.06405624017119407,257_P2,268,M,0.221,0.06405624017119407
p107_P2,0.32,-0.06363502152264118,108_P2,119,P,0.131,0.06363502152264118
p116_SCT,3.0,0.06334028586745262,117_SCT,128,V,3.0,0.06334028586745262
p102_P2,0.71,0.06330368518829346,103_P2,114,F,0.29,0.06330368518829346
p350_SCT,0.0,-0.0627805744111538,346_SCT,NA,-,0.0,0.0627805744111538
p45_H1,0.9,-0.062143109273165464,46_H1,57,F,1.19,0.062143109273165464
p193_P2,0.0,-0.06115838304162025,194_P2,205,G,0.0,0.06115838304162025
p192_P2,0.15,-0.06032503426074982,193_P2,204,S,0.062,0.06032503426074982
p40_H1,0.27,0.05783767096698284,41_H1,52,T,-0.05,0.05783767096698284
p296_H1,0.54,-0.054404476881027224,297_H1,308,G,0.48,0.054404476881027224
p292_H1,0.43,-0.05433601915836334,293_H1,304,Y,0.26,0.05433601915836334
p7_SCT,3.0,-0.048248391151428226,7_SCT,20,A,3.0,0.048248391151428226
p88_H1,0.84,0.04692848026752472,89_H1,100,L,1.06,0.04692848026752472
p82_P2,0.26,0.04652797434478998,83_P2,94,D,0.105,0.04652797434478998
p210_SCT,1.0,0.04485715866088867,211_SCT,222,C,1.0,0.04485715866088867
p281_H1,0.61,0.04420018672943115,282_H1,293,A,0.62,0.04420018672943115
p115_P2,0.34,0.04381830260157585,116_P2,127,V,0.14,0.04381830260157585
p317_P2,0.46,-0.04160300970077515,318_P2,329,L,0.186,0.04160300970077515
p175_P2,0.15,0.040854454040527344,176_P2,187,S,0.062,0.040854454040527344
p149_H1,0.54,0.03983100682497025,150_H1,161,G,0.48,0.03983100682497025
p92_SCT,3.0,-0.03944130837917328,93_SCT,104,I,3.0,0.03944130837917328
p53_P2,0.26,0.03893039584159851,54_P2,65,T,0.108,0.03893039584159851
p129_P2,0.34,-0.0378261011838913,130_P2,141,V,0.14,0.0378261011838913
p348_H1,0.0,-0.036300599575042725,344_H1,NA,-,0.0,0.036300599575042725
p185_H1,0.2,0.03524289071559906,186_H1,197,S,-0.18,0.03524289071559906
p256_H1,0.62,-0.03523070137947798,257_H1,268,M,0.64,0.03523070137947798
p9_P2,0.46,-0.034528234004974366,9_P2,22,I,0.186,0.034528234004974366
p194_H1,0.2,-0.03447811126708984,195_H1,206,S,-0.18,0.03447811126708984
p336_SCT,4.0,-0.034426270537078384,337_SCT,346,S,4.0,0.034426270537078384
p21_H1,-0.17,-0.03425291121006012,22_H1,33,D,-0.9,0.03425291121006012
p18_H1,0.27,0.03300016326829791,19_H1,31,T,-0.05,0.03300016326829791
p51_H1,0.84,-0.031351064294576646,52_H1,63,L,1.06,0.031351064294576646
p298_SCT,4.0,0.03074983151629567,299_SCT,310,T,4.0,0.03074983151629567
p90_H1,0.2,-0.030292652994394303,91_H1,102,S,-0.18,0.030292652994394303
p82_H1,-0.17,0.029257113337516783,83_H1,94,D,-0.9,0.029257113337516783
p35_H1,0.85,0.028954429626464842,36_H1,47,V,1.08,0.028954429626464842
p107_H1,0.35,-0.027792311906814575,108_H1,119,P,0.12,0.027792311906814575
p15_P2,0.33,-0.02748560845851898,16_P2,28,N,0.134,0.02748560845851898
p37_SCT,4.0,0.027226581573486328,38_SCT,49,N,4.0,0.027226581573486328
p206_P2,0.46,-0.025479187965393068,207_P2,218,L,0.186,0.025479187965393068
p17_H1,-0.1,0.023912442876026035,18_H1,30,N,-0.78,0.023912442876026035
p80_H1,0.85,-0.023604796659201385,81_H1,92,V,1.08,0.023604796659201385
p180_SCT,6.0,0.02351219519972801,181_SCT,192,H,6.0,0.02351219519972801
p15_H1,-0.1,-0.0229805588722229,16_H1,28,N,-0.78,0.0229805588722229
p123_H1,0.54,0.02276813253760338,124_H1,135,G,0.48,0.02276813253760338
p111_H1,0.9,-0.021617336347699165,112_H1,123,F,1.19,0.021617336347699165
p119_H1,0.44,0.02091765157878399,120_H1,131,C,0.29,0.02091765157878399
p5_H1,-1.0,-0.020892022475600243,5_H1,11,R,-2.53,0.020892022475600243
p81_P2,0.11,0.020142666846513748,82_P2,93,A,0.046,0.020142666846513748
p50_SCT,4.0,-0.019316682815551756,51_SCT,62,S,4.0,0.019316682815551756
p39_P2,0.31,0.019309155941009522,40_P2,51,C,0.128,0.019309155941009522
p172_P2,0.71,0.01771303206682205,173_P2,184,F,0.29,0.01771303206682205
p4_P2,0.44,0.01769655227661133,4_P2,10,R,0.18,0.01769655227661133
p261_P2,0.34,-0.017489635944366456,262_P2,273,V,0.14,0.017489635944366456
p204_H1,1.0,0.017119547938928007,205_H1,216,I,1.38,0.017119547938928007
p76_P2,0.34,-0.01706347316503525,77_P2,88,V,0.14,0.01706347316503525
p154_H1,0.61,-0.017053563594818116,155_H1,166,A,0.62,0.017053563594818116
p26_H1,0.35,0.016779433637857437,27_H1,38,P,0.12,0.016779433637857437
p110_P2,0.46,-0.01579470530152321,111_P2,122,I,0.186,0.01579470530152321
p275_H1,0.61,-0.015619692802429199,276_H1,287,A,0.62,0.015619692802429199
p22_H1,0.35,0.015574103593826294,23_H1,34,P,0.12,0.015574103593826294
p98_H1,1.0,-0.01497510552406311,99_H1,110,I,1.38,0.01497510552406311
p118_P2,0.34,0.014524694383144379,119_P2,130,V,0.14,0.014524694383144379
p332_H1,1.0,-0.013993349075317383,334_H1,342,I,1.38,0.013993349075317383
p41_H1,0.85,-0.013657359816133975,42_H1,53,V,1.08,0.013657359816133975
p87_SCT,3.0,-0.012960916757583619,88_SCT,99,I,3.0,0.012960916757583619
p219_H1,1.0,-0.012946959063410758,220_H1,231,I,1.38,0.012946959063410758
p314_P2,0.33,0.0121989581361413,315_P2,326,N,0.134,0.0121989581361413
p12_H1,0.0,-0.012088199853897095,13_H1,NA,-,0.0,0.012088199853897095
p307_P2,0.71,-0.012023944593966007,308_P2,319,F,0.29,0.012023944593966007
p117_H1,0.2,-0.01197862233966589,118_H1,129,S,-0.18,0.01197862233966589
p258_P2,0.34,-0.011710083112120628,259_P2,270,V,0.14,0.011710083112120628
p178_H1,0.71,-0.011373716592788696,179_H1,190,W,0.81,0.011373716592788696
p161_H1,1.0,-0.011247137216851116,162_H1,173,I,1.38,0.011247137216851116
p25_P2,0.0,-0.010911729037761688,26_P2,37,G,0.0,0.010911729037761688
p262_H1,1.0,0.00964126706123352,263_H1,274,I,1.38,0.00964126706123352
p27_H1,-0.1,0.009575700163841247,28_H1,39,N,-0.78,0.009575700163841247
p321_P2,0.0,0.009503555297851563,322_P2,NA,-,0.0,0.009503555297851563
p227_P2,0.15,-0.00940352886915207,228_P2,239,S,0.062,0.00940352886915207
p87_H1,1.0,-0.00939158260822296,88_H1,99,I,1.38,0.00939158260822296
p89_H1,0.61,-0.0093283312022686,90_H1,101,A,0.62,0.0093283312022686
p85_SCT,6.0,-0.009244453944265842,86_SCT,97,E,6.0,0.009244453944265842
p7_P2,0.11,-0.009068256095051765,7_P2,20,A,0.046,0.009068256095051765
p90_P2,0.15,0.008996553421020508,91_P2,102,S,0.062,0.008996553421020508
p7_H1,0.61,-0.008968117833137512,7_H1,20,A,0.62,0.008968117833137512
p83_SCT,3.0,-0.008520835638046264,84_SCT,95,I,3.0,0.008520835638046264
p11_P2,0.26,0.008465695679187774,11_P2,24,T,0.108,0.008465695679187774
p165_SCT,3.0,-0.007479190826416016,166_SCT,177,L,3.0,0.007479190826416016
p171_P2,0.46,0.007472722977399826,172_P2,183,I,0.186,0.007472722977399826
p185_SCT,4.0,0.007094533666968345,186_SCT,197,S,4.0,0.007094533666968345
p106_SCT,6.0,0.006998853087425232,107_SCT,118,H,6.0,0.006998853087425232
p148_SCT,6.0,0.006572577059268951,149_SCT,160,D,6.0,0.006572577059268951
p53_H1,0.27,0.006345478296279908,54_H1,65,T,-0.05,0.006345478296279908
p286_H1,0.27,0.006159679889678955,287_H1,298,T,-0.05,0.006159679889678955
p20_H1,-1.0,-0.006066723912954331,21_H1,32,R,-2.53,0.006066723912954331
p88_SCT,3.0,-0.005809930562973023,89_SCT,100,L,3.0,0.005809930562973023
p86_P2,0.26,-0.005763223767280579,87_P2,98,T,0.108,0.005763223767280579
p40_SCT,4.0,-0.005760588049888611,41_SCT,52,T,4.0,0.005760588049888611
p164_H1,1.0,-0.005731552094221115,165_H1,176,I,1.38,0.005731552094221115
p208_H1,0.9,0.005711863934993744,209_H1,220,F,1.19,0.005711863934993744
p327_H1,-0.08,-0.0056362848728895186,329_H1,337,E,-0.74,0.0056362848728895186
p274_P2,0.15,0.00563412070274353,275_P2,286,S,0.062,0.00563412070274353
p273_P2,0.71,-0.005494292974472046,274_P2,285,F,0.29,0.005494292974472046
p228_H1,0.61,0.00528014600276947,229_H1,240,A,0.62,0.00528014600276947
p308_H1,0.62,0.005175512284040451,309_H1,320,M,0.64,0.005175512284040451
p280_H1,0.43,-0.004971993565559388,281_H1,292,Y,0.26,0.004971993565559388
p212_SCT,3.0,0.004913799874484539,213_SCT,224,I,3.0,0.004913799874484539
p276_H1,0.44,-0.004808952808380127,277_H1,288,C,0.29,0.004808952808380127
p303_H1,1.0,-0.0046485355496406556,304_H1,315,I,1.38,0.0046485355496406556
p203_P2,0.54,0.0046437871456146244,204_P2,215,M,0.221,0.0046437871456146244
p43_P2,0.54,-0.004410587847232818,44_P2,55,M,0.221,0.004410587847232818
p288_H1,0.2,-0.0043570932745933535,289_H1,300,S,-0.18,0.0043570932745933535
p335_P2,0.15,-0.004324331283569336,336_P2,345,S,0.062,0.004324331283569336
p159_P2,0.15,-0.004223421216011047,160_P2,171,S,0.062,0.004223421216011047
p154_P2,0.11,-0.003997610211372376,155_P2,166,A,0.046,0.003997610211372376
p112_P2,0.37,-0.003996250052005053,113_P2,124,E,0.151,0.003996250052005053
p223_P2,0.46,-0.003993695676326752,224_P2,235,I,0.186,0.003993695676326752
p332_P2,0.46,0.003878979831933975,334_P2,342,I,0.186,0.003878979831933975
p37_P2,0.33,-0.003814116921275854,38_P2,49,N,0.134,0.003814116921275854
p342_H1,0.2,-0.0037839463725686073,p342_H1,NA,S,-0.18,0.0037839463725686073
p328_H1,-0.17,0.0037420326471328735,330_H1,338,D,-0.9,0.0037420326471328735
p63_SCT,6.0,0.0035898566991090773,64_SCT,75,K,6.0,0.0035898566991090773
p150_H1,-0.47,0.003404981791973114,151_H1,162,K,-1.5,0.003404981791973114
p13_P2,0.26,-0.0033510535955429076,14_P2,26,T,0.108,0.0033510535955429076
p21_P2,0.26,-0.003080821130424738,22_P2,33,D,0.105,0.003080821130424738
p23_P2,0.71,-0.0030389513075351716,24_P2,35,F,0.29,0.0030389513075351716
p30_H1,1.0,-0.002983069121837616,31_H1,42,I,1.38,0.002983069121837616
p41_SCT,3.0,-0.002938716113567352,42_SCT,53,V,3.0,0.002938716113567352
p149_SCT,5.0,-0.0028328726440668105,150_SCT,161,G,5.0,0.0028328726440668105
p199_P2,0.34,-0.0026537722349166872,200_P2,211,V,0.14,0.0026537722349166872
p254_P2,0.46,0.002587996982038021,255_P2,266,I,0.186,0.002587996982038021
p347_P2,0.15,-0.002363366186618805,343_P2,354,S,0.062,0.002363366186618805
p56_H1,0.84,0.0023150572180747984,57_H1,68,L,1.06,0.0023150572180747984
p20_P2,0.44,-0.0023122182488441467,21_P2,32,R,0.18,0.0023122182488441467
p352_H1,0.0,0.0022182545065879823,348_H1,NA,-,0.0,0.0022182545065879823
p213_H1,0.84,0.0018503210321068764,214_H1,225,L,1.06,0.0018503210321068764
p334_P2,0.15,-0.0018320105969905852,335_P2,344,S,0.062,0.0018320105969905852
p217_P2,0.34,0.0017852486670017242,218_P2,229,V,0.14,0.0017852486670017242
p16_H1,-0.1,-0.0017623847723007202,17_H1,29,N,-0.78,0.0017623847723007202
p182_H1,0.84,-0.0017501212656497954,183_H1,194,L,1.06,0.0017501212656497954
p36_H1,0.43,0.001737271547317505,37_H1,48,Y,0.26,0.001737271547317505
p49_SCT,3.0,-0.0016757702827453612,50_SCT,61,A,3.0,0.0016757702827453612
p177_H1,0.43,0.0012450823560357094,178_H1,189,Y,0.26,0.0012450823560357094
p4_SCT,6.0,0.001083047091960907,4_SCT,10,R,6.0,0.001083047091960907
p201_H1,0.2,0.0010221493989229203,202_H1,213,S,-0.18,0.0010221493989229203
p148_H1,-0.17,-0.0009465739130973816,149_H1,160,D,-0.9,0.0009465739130973816
p142_H1,0.9,0.0008726510405540467,143_H1,154,F,1.19,0.0008726510405540467
p8_P2,0.15,-0.0008317628502845765,8_P2,21,S,0.062,0.0008317628502845765
p116_H1,0.85,-0.0006020838022232056,117_H1,128,V,1.08,0.0006020838022232056
p8_H1,0.2,0.00043206505477428437,8_H1,21,S,-0.18,0.00043206505477428437
p203_H1,0.62,0.0003250935673713684,204_H1,215,M,0.64,0.0003250935673713684
p165_P2,0.46,0.00027872029691934587,166_P2,177,L,0.186,0.00027872029691934587
p78_H1,0.84,0.0,79_H1,90,L,1.06,0.0
p78_P2,0.46,0.0,79_P2,90,L,0.186,0.0
p79_H1,0.61,0.0,80_H1,91,A,0.62,0.0
p79_P2,0.11,0.0,80_P2,91,A,0.046,0.0
p79_SCT,3.0,0.0,80_SCT,91,A,3.0,0.0
p80_P2,0.34,0.0,81_P2,92,V,0.14,0.0
p80_SCT,3.0,0.0,81_SCT,92,V,3.0,0.0
p81_H1,0.61,0.0,82_H1,93,A,0.62,0.0
p81_SCT,3.0,0.0,82_SCT,93,A,3.0,0.0
p84_SCT,5.0,0.0,85_SCT,96,G,5.0,0.0
p86_SCT,4.0,0.0,87_SCT,98,T,4.0,0.0
p43_H1,0.62,0.0,44_H1,55,M,0.64,0.0
p91_H1,0.27,0.0,92_H1,103,T,-0.05,0.0
p91_P2,0.26,0.0,92_P2,103,T,0.108,0.0
p91_SCT,4.0,0.0,92_SCT,103,T,4.0,0.0
p94_P2,0.46,0.0,95_P2,106,I,0.186,0.0
p94_SCT,3.0,0.0,95_SCT,106,I,3.0,0.0
p95_SCT,3.0,0.0,96_SCT,107,I,3.0,0.0
p96_P2,0.33,0.0,97_P2,108,N,0.134,0.0
p96_SCT,4.0,0.0,97_SCT,108,N,4.0,0.0
p97_P2,0.44,0.0,98_P2,109,Q,0.18,0.0
p98_P2,0.46,0.0,99_P2,110,I,0.186,0.0
p98_SCT,3.0,0.0,99_SCT,110,I,3.0,0.0
p100_SCT,5.0,0.0,101_SCT,112,G,5.0,0.0
p101_H1,0.43,0.0,102_H1,113,Y,0.26,0.0
p101_P2,0.73,0.0,102_P2,113,Y,0.298,0.0
p101_SCT,2.0,0.0,102_SCT,113,Y,2.0,0.0
p102_SCT,2.0,0.0,103_SCT,114,F,2.0,0.0
p103_P2,0.46,0.0,104_P2,115,I,0.186,0.0
p103_SCT,3.0,0.0,104_SCT,115,I,3.0,0.0
p104_H1,0.84,0.0,105_H1,116,L,1.06,0.0
p104_P2,0.46,0.0,105_P2,116,L,0.186,0.0
p104_SCT,3.0,0.0,105_SCT,116,L,3.0,0.0
p106_H1,0.09,0.0,107_H1,118,H,-0.4,0.0
p106_P2,0.56,0.0,107_P2,118,H,0.23,0.0
p107_SCT,5.0,0.0,108_SCT,119,P,5.0,0.0
p108_SCT,3.0,0.0,109_SCT,120,M,3.0,0.0
p109_H1,0.44,0.0,110_H1,121,C,0.29,0.0
p109_P2,0.31,0.0,110_P2,121,C,0.128,0.0
p109_SCT,1.0,0.0,110_SCT,121,C,1.0,0.0
p111_P2,0.71,0.0,112_P2,123,F,0.29,0.0
p117_SCT,4.0,0.0,118_SCT,129,S,4.0,0.0
p119_SCT,1.0,0.0,120_SCT,131,C,1.0,0.0
p122_H1,0.61,0.0,123_H1,134,A,0.62,0.0
p122_SCT,3.0,0.0,123_SCT,134,A,3.0,0.0
p123_P2,0.0,0.0,124_P2,135,G,0.0,0.0
p124_H1,0.84,0.0,125_H1,136,L,1.06,0.0
p124_P2,0.46,0.0,125_P2,136,L,0.186,0.0
p124_SCT,3.0,0.0,125_SCT,136,L,3.0,0.0
p126_H1,0.2,0.0,127_H1,138,S,-0.18,0.0
p126_P2,0.15,0.0,127_P2,138,S,0.062,0.0
p126_SCT,4.0,0.0,127_SCT,138,S,4.0,0.0
p127_P2,0.46,0.0,128_P2,139,L,0.186,0.0
p127_SCT,3.0,0.0,128_SCT,139,L,3.0,0.0
p128_H1,0.27,0.0,129_H1,140,T,-0.05,0.0
p128_P2,0.26,0.0,129_P2,140,T,0.108,0.0
p128_SCT,4.0,0.0,129_SCT,140,T,4.0,0.0
p129_SCT,3.0,0.0,130_SCT,141,V,3.0,0.0
p130_H1,1.0,0.0,131_H1,142,I,1.38,0.0
p130_P2,0.46,0.0,131_P2,142,I,0.186,0.0
p131_H1,0.2,0.0,132_H1,143,S,-0.18,0.0
p131_P2,0.15,0.0,132_P2,143,S,0.062,0.0
p131_SCT,4.0,0.0,132_SCT,143,S,4.0,0.0
p132_H1,0.71,0.0,133_H1,144,W,0.81,0.0
p132_SCT,2.0,0.0,133_SCT,144,W,2.0,0.0
p133_P2,0.37,0.0,134_P2,145,E,0.151,0.0
p134_H1,-1.0,0.0,135_H1,146,R,-2.53,0.0
p134_P2,0.44,0.0,135_P2,146,R,0.18,0.0
p135_H1,0.71,0.0,136_H1,147,W,0.81,0.0
p135_P2,1.0,0.0,136_P2,147,W,0.409,0.0
p136_H1,0.85,0.0,137_H1,148,V,1.08,0.0
p136_P2,0.34,0.0,137_P2,148,V,0.14,0.0
p137_H1,0.85,0.0,138_H1,149,V,1.08,0.0
p137_SCT,3.0,0.0,138_SCT,149,V,3.0,0.0
p138_H1,0.85,0.0,139_H1,150,V,1.08,0.0
p138_P2,0.34,0.0,139_P2,150,V,0.14,0.0
p139_H1,0.44,0.0,140_H1,151,C,0.29,0.0
p139_P2,0.31,0.0,140_P2,151,C,0.128,0.0
p139_SCT,1.0,0.0,140_SCT,151,C,1.0,0.0
p140_P2,0.54,0.0,141_P2,152,K,0.219,0.0
p141_P2,0.32,0.0,142_P2,153,P,0.131,0.0
p141_SCT,5.0,0.0,142_SCT,153,P,5.0,0.0
p142_P2,0.71,0.0,143_P2,154,F,0.29,0.0
p142_SCT,2.0,0.0,143_SCT,154,F,2.0,0.0
p143_H1,0.54,0.0,144_H1,155,G,0.48,0.0
p143_P2,0.0,0.0,144_P2,155,G,0.0,0.0
p143_SCT,5.0,0.0,144_SCT,155,G,5.0,0.0
p144_SCT,4.0,0.0,145_SCT,156,N,4.0,0.0
p145_H1,0.85,0.0,146_H1,157,V,1.08,0.0
p145_P2,0.34,0.0,146_P2,157,V,0.14,0.0
p145_SCT,3.0,0.0,146_SCT,157,V,3.0,0.0
p146_H1,-1.0,0.0,147_H1,158,R,-2.53,0.0
p147_H1,0.9,0.0,148_H1,159,F,1.19,0.0
p147_P2,0.71,0.0,148_P2,159,F,0.29,0.0
p147_SCT,2.0,0.0,148_SCT,159,F,2.0,0.0
p148_P2,0.26,0.0,149_P2,160,D,0.105,0.0
p149_P2,0.0,0.0,150_P2,161,G,0.0,0.0
p150_P2,0.54,0.0,151_P2,162,K,0.219,0.0
p150_SCT,6.0,0.0,151_SCT,162,K,6.0,0.0
p151_H1,0.71,0.0,152_H1,163,W,0.81,0.0
p151_P2,1.0,0.0,152_P2,163,W,0.409,0.0
p151_SCT,2.0,0.0,152_SCT,163,W,2.0,0.0
p153_SCT,4.0,0.0,154_SCT,165,T,4.0,0.0
p155_H1,0.54,0.0,156_H1,167,G,0.48,0.0
p155_P2,0.0,0.0,156_P2,167,G,0.0,0.0
p155_SCT,5.0,0.0,156_SCT,167,G,5.0,0.0
p156_H1,1.0,0.0,157_H1,168,I,1.38,0.0
p156_P2,0.46,0.0,157_P2,168,I,0.186,0.0
p156_SCT,3.0,0.0,157_SCT,168,I,3.0,0.0
p157_P2,0.46,0.0,158_P2,169,I,0.186,0.0
p157_SCT,3.0,0.0,158_SCT,169,I,3.0,0.0
p158_H1,0.9,0.0,159_H1,170,F,1.19,0.0
p158_SCT,2.0,0.0,159_SCT,170,F,2.0,0.0
p159_H1,0.2,0.0,160_H1,171,S,-0.18,0.0
p159_SCT,4.0,0.0,160_SCT,171,S,4.0,0.0
p161_SCT,3.0,0.0,162_SCT,173,I,3.0,0.0
p162_H1,0.71,0.0,163_H1,174,W,0.81,0.0
p162_P2,1.0,0.0,163_P2,174,W,0.409,0.0
p162_SCT,2.0,0.0,163_SCT,174,W,2.0,0.0
p163_SCT,3.0,0.0,164_SCT,175,A,3.0,0.0
p164_P2,0.46,0.0,165_P2,176,I,0.186,0.0
p166_H1,0.71,0.0,167_H1,178,W,0.81,0.0
p166_P2,1.0,0.0,167_P2,178,W,0.409,0.0
p166_SCT,2.0,0.0,167_SCT,178,W,2.0,0.0
p167_H1,0.44,0.0,168_H1,179,C,0.29,0.0
p167_P2,0.31,0.0,168_P2,179,C,0.128,0.0
p167_SCT,1.0,0.0,168_SCT,179,C,1.0,0.0
p169_H1,0.35,0.0,170_H1,181,P,0.12,0.0
p169_P2,0.32,0.0,170_P2,181,P,0.131,0.0
p169_SCT,5.0,0.0,170_SCT,181,P,5.0,0.0
p170_H1,0.35,0.0,171_H1,182,P,0.12,0.0
p171_SCT,3.0,0.0,172_SCT,183,I,3.0,0.0
p172_SCT,2.0,0.0,173_SCT,184,F,2.0,0.0
p173_H1,0.54,0.0,174_H1,185,G,0.48,0.0
p173_P2,0.0,0.0,174_P2,185,G,0.0,0.0
p173_SCT,5.0,0.0,174_SCT,185,G,5.0,0.0
p175_SCT,4.0,0.0,176_SCT,187,S,4.0,0.0
p176_P2,0.44,0.0,177_P2,188,R,0.18,0.0
p178_P2,1.0,0.0,179_P2,190,W,0.409,0.0
p178_SCT,2.0,0.0,179_SCT,190,W,2.0,0.0
p179_H1,0.35,0.0,180_H1,191,P,0.12,0.0
p179_SCT,5.0,0.0,180_SCT,191,P,5.0,0.0
p181_P2,0.0,0.0,182_P2,193,G,0.0,0.0
p3_SCT,3.0,0.0,3_SCT,9,A,3.0,0.0
p182_SCT,3.0,0.0,183_SCT,194,L,3.0,0.0
p6_SCT,6.0,0.0,6_SCT,19,R,6.0,0.0
p8_SCT,4.0,0.0,8_SCT,21,S,4.0,0.0
p183_SCT,6.0,0.0,184_SCT,195,K,6.0,0.0
p184_H1,0.27,0.0,185_H1,196,T,-0.05,0.0
p184_P2,0.26,0.0,185_P2,196,T,0.108,0.0
p184_SCT,4.0,0.0,185_SCT,196,T,4.0,0.0
p9_H1,1.0,0.0,9_H1,22,I,1.38,0.0
p9_SCT,3.0,0.0,9_SCT,22,I,3.0,0.0
p188_H1,0.35,0.0,189_H1,200,P,0.12,0.0
p188_SCT,5.0,0.0,189_SCT,200,P,5.0,0.0
p189_P2,0.26,0.0,190_P2,201,D,0.105,0.0
p189_SCT,6.0,0.0,190_SCT,201,D,6.0,0.0
p190_H1,0.85,0.0,191_H1,202,V,1.08,0.0
p190_P2,0.34,0.0,191_P2,202,V,0.14,0.0
p190_SCT,3.0,0.0,191_SCT,202,V,3.0,0.0
p191_H1,0.9,0.0,192_H1,203,F,1.19,0.0
p191_P2,0.71,0.0,192_P2,203,F,0.29,0.0
p191_SCT,2.0,0.0,192_SCT,203,F,2.0,0.0
p192_H1,0.2,0.0,193_H1,204,S,-0.18,0.0
p10_P2,0.71,0.0,10_P2,23,F,0.29,0.0
p192_SCT,4.0,0.0,193_SCT,204,S,4.0,0.0
p193_H1,0.54,0.0,194_H1,205,G,0.48,0.0
p10_SCT,2.0,0.0,10_SCT,23,F,2.0,0.0
p193_SCT,5.0,0.0,194_SCT,205,G,5.0,0.0
p11_H1,0.27,0.0,11_H1,24,T,-0.05,0.0
p194_P2,0.15,0.0,195_P2,206,S,0.062,0.0
p194_SCT,4.0,0.0,195_SCT,206,S,4.0,0.0
p195_H1,-0.08,0.0,196_H1,207,E,-0.74,0.0
p195_P2,0.37,0.0,196_P2,207,E,0.151,0.0
p195_SCT,6.0,0.0,196_SCT,207,E,6.0,0.0
p196_H1,-0.17,0.0,197_H1,208,D,-0.9,0.0
p196_P2,0.26,0.0,197_P2,208,D,0.105,0.0
p196_SCT,6.0,0.0,197_SCT,208,D,6.0,0.0
p12_P2,0.0,0.0,13_P2,NA,-,0.0,0.0
p197_P2,0.32,0.0,198_P2,209,P,0.131,0.0
p197_SCT,5.0,0.0,198_SCT,209,P,5.0,0.0
p12_SCT,0.0,0.0,13_SCT,NA,-,0.0,0.0
p198_P2,0.0,0.0,199_P2,210,G,0.0,0.0
p198_SCT,5.0,0.0,199_SCT,210,G,5.0,0.0
p199_H1,0.85,0.0,200_H1,211,V,1.08,0.0
p13_SCT,4.0,0.0,14_SCT,26,T,4.0,0.0
p199_SCT,3.0,0.0,200_SCT,211,V,3.0,0.0
p200_H1,-0.47,0.0,201_H1,212,K,-1.5,0.0
p200_P2,0.54,0.0,201_P2,212,K,0.219,0.0
p200_SCT,6.0,0.0,201_SCT,212,K,6.0,0.0
p15_SCT,4.0,0.0,16_SCT,28,N,4.0,0.0
p201_P2,0.15,0.0,202_P2,213,S,0.062,0.0
p201_SCT,4.0,0.0,202_SCT,213,S,4.0,0.0
p202_H1,0.43,0.0,203_H1,214,Y,0.26,0.0
p16_SCT,4.0,0.0,17_SCT,29,N,4.0,0.0
p17_P2,0.33,0.0,18_P2,30,N,0.134,0.0
p203_SCT,3.0,0.0,204_SCT,215,M,3.0,0.0
p17_SCT,4.0,0.0,18_SCT,30,N,4.0,0.0
p204_P2,0.46,0.0,205_P2,216,I,0.186,0.0
p204_SCT,3.0,0.0,205_SCT,216,I,3.0,0.0
p205_H1,0.27,0.0,206_H1,217,T,-0.05,0.0
p205_P2,0.26,0.0,206_P2,217,T,0.108,0.0
p205_SCT,4.0,0.0,206_SCT,217,T,4.0,0.0
p18_SCT,4.0,0.0,19_SCT,31,T,4.0,0.0
p19_H1,0.0,0.0,20_H1,NA,-,0.0,0.0
p206_SCT,3.0,0.0,207_SCT,218,L,3.0,0.0
p19_P2,0.0,0.0,20_P2,NA,-,0.0,0.0
p19_SCT,0.0,0.0,20_SCT,NA,-,0.0,0.0
p207_SCT,3.0,0.0,208_SCT,219,L,3.0,0.0
p20_SCT,6.0,0.0,21_SCT,32,R,6.0,0.0
p208_P2,0.71,0.0,209_P2,220,F,0.29,0.0
p209_H1,0.27,0.0,210_H1,221,T,-0.05,0.0
p209_P2,0.26,0.0,210_P2,221,T,0.108,0.0
p209_SCT,4.0,0.0,210_SCT,221,T,4.0,0.0
p21_SCT,6.0,0.0,22_SCT,33,D,6.0,0.0
p210_P2,0.31,0.0,211_P2,222,C,0.128,0.0
p22_P2,0.32,0.0,23_P2,34,P,0.131,0.0
p211_H1,0.44,0.0,212_H1,223,C,0.29,0.0
p211_SCT,1.0,0.0,212_SCT,223,C,1.0,0.0
p22_SCT,5.0,0.0,23_SCT,34,P,5.0,0.0
p23_SCT,2.0,0.0,24_SCT,35,F,2.0,0.0
p24_P2,0.34,0.0,25_P2,36,V,0.14,0.0
p24_SCT,3.0,0.0,25_SCT,36,V,3.0,0.0
p25_SCT,5.0,0.0,26_SCT,37,G,5.0,0.0
p213_SCT,3.0,0.0,214_SCT,225,L,3.0,0.0
p214_SCT,5.0,0.0,215_SCT,226,P,5.0,0.0
p215_P2,0.46,0.0,216_P2,227,L,0.186,0.0
p215_SCT,3.0,0.0,216_SCT,227,L,3.0,0.0
p26_P2,0.32,0.0,27_P2,38,P,0.131,0.0
p26_SCT,5.0,0.0,27_SCT,38,P,5.0,0.0
p216_SCT,3.0,0.0,217_SCT,228,A,3.0,0.0
p217_H1,0.85,0.0,218_H1,229,V,1.08,0.0
p27_P2,0.33,0.0,28_P2,39,N,0.134,0.0
p218_H1,1.0,0.0,219_H1,230,I,1.38,0.0
p29_P2,0.26,0.0,30_P2,41,D,0.105,0.0
p219_P2,0.46,0.0,220_P2,231,I,0.186,0.0
p219_SCT,3.0,0.0,220_SCT,231,I,3.0,0.0
p220_H1,1.0,0.0,221_H1,232,I,1.38,0.0
p220_P2,0.46,0.0,221_P2,232,I,0.186,0.0
p220_SCT,3.0,0.0,221_SCT,232,I,3.0,0.0
p221_H1,0.44,0.0,222_H1,233,C,0.29,0.0
p221_P2,0.31,0.0,222_P2,233,C,0.128,0.0
p221_SCT,1.0,0.0,222_SCT,233,C,1.0,0.0
p222_H1,0.43,0.0,223_H1,234,Y,0.26,0.0
p31_SCT,3.0,0.0,32_SCT,43,A,3.0,0.0
p32_P2,0.32,0.0,33_P2,44,P,0.131,0.0
p223_SCT,3.0,0.0,224_SCT,235,I,3.0,0.0
p224_H1,0.9,0.0,225_H1,236,F,1.19,0.0
p225_H1,0.85,0.0,226_H1,237,V,1.08,0.0
p225_P2,0.34,0.0,226_P2,237,V,0.14,0.0
p226_H1,0.71,0.0,227_H1,238,W,0.81,0.0
p226_P2,1.0,0.0,227_P2,238,W,0.409,0.0
p226_SCT,2.0,0.0,227_SCT,238,W,2.0,0.0
p32_SCT,5.0,0.0,33_SCT,44,P,5.0,0.0
p33_H1,-1.0,0.0,34_H1,45,R,-2.53,0.0
p33_P2,0.44,0.0,34_P2,45,R,0.18,0.0
p33_SCT,6.0,0.0,34_SCT,45,R,6.0,0.0
p229_H1,1.0,0.0,230_H1,241,I,1.38,0.0
p229_P2,0.46,0.0,230_P2,241,I,0.186,0.0
p229_SCT,3.0,0.0,230_SCT,241,I,3.0,0.0
p230_H1,0.09,0.0,231_H1,242,H,-0.4,0.0
p34_H1,0.71,0.0,35_H1,46,W,0.81,0.0
p230_SCT,6.0,0.0,231_SCT,242,H,6.0,0.0
p231_H1,0.2,0.0,232_H1,243,S,-0.18,0.0
p231_P2,0.15,0.0,232_P2,243,S,0.062,0.0
p231_SCT,4.0,0.0,232_SCT,243,S,4.0,0.0
p232_H1,0.85,0.0,233_H1,244,V,1.08,0.0
p232_P2,0.34,0.0,233_P2,244,V,0.14,0.0
p232_SCT,3.0,0.0,233_SCT,244,V,3.0,0.0
p233_H1,0.61,0.0,234_H1,245,A,0.62,0.0
p234_H1,-0.14,0.0,235_H1,246,Q,-0.85,0.0
p234_P2,0.44,0.0,235_P2,246,Q,0.18,0.0
p234_SCT,4.0,0.0,235_SCT,246,Q,4.0,0.0
p235_H1,-0.14,0.0,236_H1,247,Q,-0.85,0.0
p235_P2,0.44,0.0,236_P2,247,Q,0.18,0.0
p235_SCT,4.0,0.0,236_SCT,247,Q,4.0,0.0
p236_H1,-0.14,0.0,237_H1,248,Q,-0.85,0.0
p236_P2,0.44,0.0,237_P2,248,Q,0.18,0.0
p236_SCT,4.0,0.0,237_SCT,248,Q,4.0,0.0
p237_H1,-0.47,0.0,238_H1,249,K,-1.5,0.0
p237_P2,0.54,0.0,238_P2,249,K,0.219,0.0
p237_SCT,6.0,0.0,238_SCT,249,K,6.0,0.0
p239_H1,0.2,0.0,240_H1,251,S,-0.18,0.0
p239_P2,0.15,0.0,240_P2,251,S,0.062,0.0
p239_SCT,4.0,0.0,240_SCT,251,S,4.0,0.0
p240_H1,-0.08,0.0,241_H1,252,E,-0.74,0.0
p240_P2,0.37,0.0,241_P2,252,E,0.151,0.0
p241_H1,0.2,0.0,242_H1,253,S,-0.18,0.0
p241_SCT,4.0,0.0,242_SCT,253,S,4.0,0.0
p243_H1,-0.14,0.0,244_H1,255,Q,-0.85,0.0
p243_P2,0.44,0.0,244_P2,255,Q,0.18,0.0
p243_SCT,4.0,0.0,244_SCT,255,Q,4.0,0.0
p244_P2,0.54,0.0,245_P2,256,K,0.219,0.0
p244_SCT,6.0,0.0,245_SCT,256,K,6.0,0.0
p247_H1,-1.0,0.0,248_H1,259,R,-2.53,0.0
p247_P2,0.44,0.0,248_P2,259,R,0.18,0.0
p247_SCT,6.0,0.0,248_SCT,259,R,6.0,0.0
p248_P2,0.37,0.0,249_P2,260,E,0.151,0.0
p249_H1,0.85,0.0,250_H1,261,V,1.08,0.0
p249_P2,0.34,0.0,250_P2,261,V,0.14,0.0
p249_SCT,3.0,0.0,250_SCT,261,V,3.0,0.0
p250_H1,0.27,0.0,251_H1,262,T,-0.05,0.0
p250_P2,0.26,0.0,251_P2,262,T,0.108,0.0
p251_H1,-1.0,0.0,252_H1,263,R,-2.53,0.0
p252_H1,0.62,0.0,253_H1,264,M,0.64,0.0
p252_P2,0.54,0.0,253_P2,264,M,0.221,0.0
p253_H1,0.85,0.0,254_H1,265,V,1.08,0.0
p253_P2,0.34,0.0,254_P2,265,V,0.14,0.0
p253_SCT,3.0,0.0,254_SCT,265,V,3.0,0.0
p34_P2,1.0,0.0,35_P2,46,W,0.409,0.0
p35_P2,0.34,0.0,36_P2,47,V,0.14,0.0
p255_P2,0.34,0.0,256_P2,267,V,0.14,0.0
p35_SCT,3.0,0.0,36_SCT,47,V,3.0,0.0
p36_SCT,2.0,0.0,37_SCT,48,Y,2.0,0.0
p256_SCT,3.0,0.0,257_SCT,268,M,3.0,0.0
p257_H1,0.85,0.0,258_H1,269,V,1.08,0.0
p257_P2,0.34,0.0,258_P2,269,V,0.14,0.0
p257_SCT,3.0,0.0,258_SCT,269,V,3.0,0.0
p258_H1,0.85,0.0,259_H1,270,V,1.08,0.0
p38_P2,0.11,0.0,39_P2,50,A,0.046,0.0
p258_SCT,3.0,0.0,259_SCT,270,V,3.0,0.0
p259_H1,0.61,0.0,260_H1,271,A,0.62,0.0
p259_SCT,3.0,0.0,260_SCT,271,A,3.0,0.0
p38_SCT,3.0,0.0,39_SCT,50,A,3.0,0.0
p39_H1,0.44,0.0,40_H1,51,C,0.29,0.0
p260_SCT,2.0,0.0,261_SCT,272,F,2.0,0.0
p261_H1,0.85,0.0,262_H1,273,V,1.08,0.0
p39_SCT,1.0,0.0,40_SCT,51,C,1.0,0.0
p261_SCT,3.0,0.0,262_SCT,273,V,3.0,0.0
p40_P2,0.26,0.0,41_P2,52,T,0.108,0.0
p262_P2,0.46,0.0,263_P2,274,I,0.186,0.0
p262_SCT,3.0,0.0,263_SCT,274,I,3.0,0.0
p263_H1,0.44,0.0,264_H1,275,C,0.29,0.0
p263_P2,0.31,0.0,264_P2,275,C,0.128,0.0
p263_SCT,1.0,0.0,264_SCT,275,C,1.0,0.0
p41_P2,0.34,0.0,42_P2,53,V,0.14,0.0
p42_P2,1.0,0.0,43_P2,54,W,0.409,0.0
p42_SCT,2.0,0.0,43_SCT,54,W,2.0,0.0
p265_P2,0.0,0.0,266_P2,277,G,0.0,0.0
p265_SCT,5.0,0.0,266_SCT,277,G,5.0,0.0
p43_SCT,3.0,0.0,44_SCT,55,M,3.0,0.0
p44_H1,1.0,0.0,45_H1,56,I,1.38,0.0
p268_SCT,3.0,0.0,269_SCT,280,A,3.0,0.0
p269_P2,0.26,0.0,270_P2,281,T,0.108,0.0
p44_P2,0.46,0.0,45_P2,56,I,0.186,0.0
p44_SCT,3.0,0.0,45_SCT,56,I,3.0,0.0
p270_P2,0.71,0.0,271_P2,282,F,0.29,0.0
p270_SCT,2.0,0.0,271_SCT,282,F,2.0,0.0
p271_H1,0.61,0.0,272_H1,283,A,0.62,0.0
p271_P2,0.11,0.0,272_P2,283,A,0.046,0.0
p45_SCT,2.0,0.0,46_SCT,57,F,2.0,0.0
p272_SCT,4.0,0.0,273_SCT,284,T,4.0,0.0
p273_H1,0.9,0.0,274_H1,285,F,1.19,0.0
p46_P2,0.34,0.0,47_P2,58,V,0.14,0.0
p273_SCT,2.0,0.0,274_SCT,285,F,2.0,0.0
p47_H1,0.85,0.0,48_H1,59,V,1.08,0.0
p47_SCT,3.0,0.0,48_SCT,59,V,3.0,0.0
p274_SCT,4.0,0.0,275_SCT,286,S,4.0,0.0
p48_SCT,3.0,0.0,49_SCT,60,I,3.0,0.0
p49_H1,0.61,0.0,50_H1,61,A,0.62,0.0
p275_SCT,3.0,0.0,276_SCT,287,A,3.0,0.0
p49_P2,0.11,0.0,50_P2,61,A,0.046,0.0
p276_P2,0.31,0.0,277_P2,288,C,0.128,0.0
p276_SCT,1.0,0.0,277_SCT,288,C,1.0,0.0
p277_P2,0.33,0.0,278_P2,289,N,0.134,0.0
p50_H1,0.2,0.0,51_H1,62,S,-0.18,0.0
p50_P2,0.15,0.0,51_P2,62,S,0.062,0.0
p52_H1,0.9,0.0,53_H1,64,F,1.19,0.0
p278_SCT,5.0,0.0,279_SCT,290,P,5.0,0.0
p279_H1,0.54,0.0,280_H1,291,G,0.48,0.0
p279_P2,0.0,0.0,280_P2,291,G,0.0,0.0
p279_SCT,5.0,0.0,280_SCT,291,G,5.0,0.0
p52_SCT,2.0,0.0,53_SCT,64,F,2.0,0.0
p53_SCT,4.0,0.0,54_SCT,65,T,4.0,0.0
p280_SCT,2.0,0.0,281_SCT,292,Y,2.0,0.0
p55_H1,0.54,0.0,56_H1,67,G,0.48,0.0
p281_P2,0.11,0.0,282_P2,293,A,0.046,0.0
p55_P2,0.0,0.0,56_P2,67,G,0.0,0.0
p282_H1,0.71,0.0,283_H1,294,W,0.81,0.0
p282_P2,1.0,0.0,283_P2,294,W,0.409,0.0
p282_SCT,2.0,0.0,283_SCT,294,W,2.0,0.0
p55_SCT,5.0,0.0,56_SCT,67,G,5.0,0.0
p283_SCT,6.0,0.0,284_SCT,295,H,6.0,0.0
p284_H1,0.35,0.0,285_H1,296,P,0.12,0.0
p284_P2,0.32,0.0,285_P2,296,P,0.131,0.0
p284_SCT,5.0,0.0,285_SCT,296,P,5.0,0.0
p56_P2,0.46,0.0,57_P2,68,L,0.186,0.0
p285_P2,0.46,0.0,286_P2,297,L,0.186,0.0
p56_SCT,3.0,0.0,57_SCT,68,L,3.0,0.0
p57_H1,0.85,0.0,58_H1,69,V,1.08,0.0
p286_SCT,4.0,0.0,287_SCT,298,T,4.0,0.0
p287_H1,0.61,0.0,288_H1,299,A,0.62,0.0
p287_SCT,3.0,0.0,288_SCT,299,A,3.0,0.0
p59_H1,0.85,0.0,60_H1,71,V,1.08,0.0
p59_P2,0.34,0.0,60_P2,71,V,0.14,0.0
p288_SCT,4.0,0.0,289_SCT,300,S,4.0,0.0
p289_H1,0.84,0.0,290_H1,301,L,1.06,0.0
p289_P2,0.46,0.0,290_P2,301,L,0.186,0.0
p289_SCT,3.0,0.0,290_SCT,301,L,3.0,0.0
p290_H1,0.35,0.0,291_H1,302,P,0.12,0.0
p290_P2,0.32,0.0,291_P2,302,P,0.131,0.0
p290_SCT,5.0,0.0,291_SCT,302,P,5.0,0.0
p59_SCT,3.0,0.0,60_SCT,71,V,3.0,0.0
p60_H1,0.61,0.0,61_H1,72,A,0.62,0.0
p60_P2,0.11,0.0,61_P2,72,A,0.046,0.0
p60_SCT,3.0,0.0,61_SCT,72,A,3.0,0.0
p292_SCT,2.0,0.0,293_SCT,304,Y,2.0,0.0
p293_P2,0.71,0.0,294_P2,305,F,0.29,0.0
p293_SCT,2.0,0.0,294_SCT,305,F,2.0,0.0
p294_H1,0.61,0.0,295_H1,306,A,0.62,0.0
p294_P2,0.11,0.0,295_P2,306,A,0.046,0.0
p294_SCT,3.0,0.0,295_SCT,306,A,3.0,0.0
p61_H1,0.27,0.0,62_H1,73,T,-0.05,0.0
p296_SCT,5.0,0.0,297_SCT,308,G,5.0,0.0
p297_H1,0.61,0.0,298_H1,309,A,0.62,0.0
p297_SCT,3.0,0.0,298_SCT,309,A,3.0,0.0
p62_H1,0.61,0.0,63_H1,74,A,0.62,0.0
p63_H1,-0.47,0.0,64_H1,75,K,-1.5,0.0
p299_H1,1.0,0.0,300_H1,311,I,1.38,0.0
p299_P2,0.46,0.0,300_P2,311,I,0.186,0.0
p299_SCT,3.0,0.0,300_SCT,311,I,3.0,0.0
p300_SCT,2.0,0.0,301_SCT,312,Y,2.0,0.0
p301_H1,-0.1,0.0,302_H1,313,N,-0.78,0.0
p301_SCT,4.0,0.0,302_SCT,313,N,4.0,0.0
p302_H1,0.35,0.0,303_H1,314,P,0.12,0.0
p302_P2,0.32,0.0,303_P2,314,P,0.131,0.0
p302_SCT,5.0,0.0,303_SCT,314,P,5.0,0.0
p63_P2,0.54,0.0,64_P2,75,K,0.219,0.0
p303_P2,0.46,0.0,304_P2,315,I,0.186,0.0
p303_SCT,3.0,0.0,304_SCT,315,I,3.0,0.0
p304_H1,1.0,0.0,305_H1,316,I,1.38,0.0
p304_P2,0.46,0.0,305_P2,316,I,0.186,0.0
p64_P2,0.71,0.0,65_P2,76,F,0.29,0.0
p306_P2,0.34,0.0,307_P2,318,V,0.14,0.0
p306_SCT,3.0,0.0,307_SCT,318,V,3.0,0.0
p307_H1,0.9,0.0,308_H1,319,F,1.19,0.0
p64_SCT,2.0,0.0,65_SCT,76,F,2.0,0.0
p307_SCT,2.0,0.0,308_SCT,319,F,2.0,0.0
p65_H1,-0.47,0.0,66_H1,77,K,-1.5,0.0
p308_P2,0.54,0.0,309_P2,320,M,0.221,0.0
p308_SCT,3.0,0.0,309_SCT,320,M,3.0,0.0
p309_H1,-0.1,0.0,310_H1,321,N,-0.78,0.0
p309_P2,0.33,0.0,310_P2,321,N,0.134,0.0
p310_H1,-1.0,0.0,311_H1,322,R,-2.53,0.0
p310_P2,0.44,0.0,311_P2,322,R,0.18,0.0
p310_SCT,6.0,0.0,311_SCT,322,R,6.0,0.0
p311_H1,-0.14,0.0,312_H1,323,Q,-0.85,0.0
p311_P2,0.44,0.0,312_P2,323,Q,0.18,0.0
p312_H1,0.9,0.0,313_H1,324,F,1.19,0.0
p312_P2,0.71,0.0,313_P2,324,F,0.29,0.0
p313_H1,-1.0,0.0,314_H1,325,R,-2.53,0.0
p313_P2,0.44,0.0,314_P2,325,R,0.18,0.0
p313_SCT,6.0,0.0,314_SCT,325,R,6.0,0.0
p314_H1,-0.1,0.0,315_H1,326,N,-0.78,0.0
p271_SCT,3.0,0.0,272_SCT,283,A,3.0,0.0
p314_SCT,4.0,0.0,315_SCT,326,N,4.0,0.0
p315_H1,0.44,0.0,316_H1,327,C,0.29,0.0
p315_P2,0.31,0.0,316_P2,327,C,0.128,0.0
p316_H1,1.0,0.0,317_H1,328,I,1.38,0.0
p316_P2,0.46,0.0,317_P2,328,I,0.186,0.0
p316_SCT,3.0,0.0,317_SCT,328,I,3.0,0.0
p317_H1,0.84,0.0,318_H1,329,L,1.06,0.0
p65_SCT,6.0,0.0,66_SCT,77,K,6.0,0.0
p317_SCT,3.0,0.0,318_SCT,329,L,3.0,0.0
p318_H1,-0.14,0.0,319_H1,330,Q,-0.85,0.0
p318_P2,0.44,0.0,319_P2,330,Q,0.18,0.0
p66_H1,-0.47,0.0,67_H1,78,K,-1.5,0.0
p319_H1,0.84,0.0,320_H1,331,L,1.06,0.0
p319_P2,0.46,0.0,320_P2,331,L,0.186,0.0
p319_SCT,3.0,0.0,320_SCT,331,L,3.0,0.0
p320_H1,0.9,0.0,321_H1,332,F,1.19,0.0
p320_P2,0.71,0.0,321_P2,332,F,0.29,0.0
p320_SCT,2.0,0.0,321_SCT,332,F,2.0,0.0
p66_P2,0.54,0.0,67_P2,78,K,0.219,0.0
p66_SCT,6.0,0.0,67_SCT,78,K,6.0,0.0
p321_SCT,0.0,0.0,322_SCT,NA,-,0.0,0.0
p322_H1,0.0,0.0,323_H1,NA,-,0.0,0.0
p322_P2,0.0,0.0,323_P2,NA,-,0.0,0.0
p322_SCT,0.0,0.0,323_SCT,NA,-,0.0,0.0
p323_H1,0.54,0.0,324_H1,333,G,0.48,0.0
p323_P2,0.0,0.0,324_P2,333,G,0.0,0.0
p323_SCT,5.0,0.0,324_SCT,333,G,5.0,0.0
p324_H1,-0.47,0.0,325_H1,334,K,-1.5,0.0
p324_P2,0.54,0.0,325_P2,334,K,0.219,0.0
p324_SCT,6.0,0.0,325_SCT,334,K,6.0,0.0
p68_H1,-1.0,0.0,69_H1,80,R,-2.53,0.0
p325_P2,0.54,0.0,327_P2,335,K,0.219,0.0
p326_H1,0.85,0.0,328_H1,336,V,1.08,0.0
p326_P2,0.34,0.0,328_P2,336,V,0.14,0.0
p326_SCT,3.0,0.0,328_SCT,336,V,3.0,0.0
p68_SCT,6.0,0.0,69_SCT,80,R,6.0,0.0
p327_P2,0.37,0.0,329_P2,337,E,0.151,0.0
p327_SCT,6.0,0.0,329_SCT,337,E,6.0,0.0
p69_H1,0.09,0.0,70_H1,81,H,-0.4,0.0
p328_SCT,6.0,0.0,330_SCT,338,D,6.0,0.0
p69_SCT,6.0,0.0,70_SCT,81,H,6.0,0.0
p329_P2,0.0,0.0,331_P2,339,G,0.0,0.0
p329_SCT,5.0,0.0,331_SCT,339,G,5.0,0.0
p330_H1,0.2,0.0,332_H1,340,S,-0.18,0.0
p330_P2,0.15,0.0,332_P2,340,S,0.062,0.0
p330_SCT,4.0,0.0,332_SCT,340,S,4.0,0.0
p331_H1,-0.08,0.0,333_H1,341,E,-0.74,0.0
p331_P2,0.37,0.0,333_P2,341,E,0.151,0.0
p70_H1,0.35,0.0,71_H1,82,P,0.12,0.0
p70_P2,0.32,0.0,71_P2,82,P,0.131,0.0
p70_SCT,5.0,0.0,71_SCT,82,P,5.0,0.0
p333_H1,0.27,0.0,p333_H1,NA,T,-0.05,0.0
p333_SCT,4.0,0.0,p333_SCT,NA,T,4.0,0.0
p334_H1,0.2,0.0,335_H1,344,S,-0.18,0.0
p71_H1,0.84,0.0,72_H1,83,L,1.06,0.0
p334_SCT,4.0,0.0,335_SCT,344,S,4.0,0.0
p335_H1,0.2,0.0,336_H1,345,S,-0.18,0.0
p71_P2,0.46,0.0,72_P2,83,L,0.186,0.0
p335_SCT,4.0,0.0,336_SCT,345,S,4.0,0.0
p71_SCT,3.0,0.0,72_SCT,83,L,3.0,0.0
p73_H1,0.71,0.0,74_H1,85,W,0.81,0.0
p337_H1,0.0,0.0,338_H1,NA,-,0.0,0.0
p337_P2,0.0,0.0,338_P2,NA,-,0.0,0.0
p337_SCT,0.0,0.0,338_SCT,NA,-,0.0,0.0
p338_H1,0.27,0.0,339_H1,347,T,-0.05,0.0
p338_P2,0.26,0.0,339_P2,347,T,0.108,0.0
p338_SCT,4.0,0.0,339_SCT,347,T,4.0,0.0
p339_H1,0.27,0.0,340_H1,348,T,-0.05,0.0
p339_P2,0.26,0.0,340_P2,348,T,0.108,0.0
p339_SCT,4.0,0.0,340_SCT,348,T,4.0,0.0
p341_H1,0.85,0.0,p341_H1,NA,V,1.08,0.0
p341_P2,0.34,0.0,p341_P2,NA,V,0.14,0.0
p341_SCT,3.0,0.0,p341_SCT,NA,V,3.0,0.0
p73_P2,1.0,0.0,74_P2,85,W,0.409,0.0
p342_P2,0.15,0.0,p342_P2,NA,S,0.062,0.0
p342_SCT,4.0,0.0,p342_SCT,NA,S,4.0,0.0
p343_H1,0.27,0.0,p343_H1,NA,T,-0.05,0.0
p343_P2,0.26,0.0,p343_P2,NA,T,0.108,0.0
p343_SCT,4.0,0.0,p343_SCT,NA,T,4.0,0.0
p344_H1,0.61,0.0,p344_H1,NA,A,0.62,0.0
p344_P2,0.11,0.0,p344_P2,NA,A,0.046,0.0
p344_SCT,3.0,0.0,p344_SCT,NA,A,3.0,0.0
p345_H1,0.0,0.0,p345_H1,NA,-,0.0,0.0
p345_P2,0.0,0.0,p345_P2,NA,-,0.0,0.0
p345_SCT,0.0,0.0,p345_SCT,NA,-,0.0,0.0
p346_H1,0.0,0.0,342_H1,NA,-,0.0,0.0
p346_P2,0.0,0.0,342_P2,NA,-,0.0,0.0
p346_SCT,0.0,0.0,342_SCT,NA,-,0.0,0.0
p347_H1,0.2,0.0,343_H1,354,S,-0.18,0.0
p73_SCT,2.0,0.0,74_SCT,85,W,2.0,0.0
p347_SCT,4.0,0.0,343_SCT,354,S,4.0,0.0
p74_H1,1.0,0.0,75_H1,86,I,1.38,0.0
p348_P2,0.0,0.0,344_P2,NA,-,0.0,0.0
p348_SCT,0.0,0.0,344_SCT,NA,-,0.0,0.0
p349_H1,0.0,0.0,345_H1,NA,-,0.0,0.0
p349_P2,0.0,0.0,345_P2,NA,-,0.0,0.0
p350_H1,0.0,0.0,346_H1,NA,-,0.0,0.0
p75_H1,0.84,0.0,76_H1,87,L,1.06,0.0
p351_H1,0.0,0.0,347_H1,NA,-,0.0,0.0
p351_P2,0.0,0.0,347_P2,NA,-,0.0,0.0
p351_SCT,0.0,0.0,347_SCT,NA,-,0.0,0.0
p75_P2,0.46,0.0,76_P2,87,L,0.186,0.0
p352_P2,0.0,0.0,348_P2,NA,-,0.0,0.0
p352_SCT,0.0,0.0,348_SCT,NA,-,0.0,0.0
