feature,C_phantasticus_LWS1_states,C_phantasticus_LWS2_states,C_phantasticus_LWS1_shap,C_phantasticus_LWS2_shap,shap_difference,reference_position,query_position_1,query_position_2,C_phantasticus_LWS1_obs_aa,C_phantasticus_LWS2_obs_aa,C_phantasticus_LWS1_display,C_phantasticus_LWS2_display,abs_shap_diff
p207_H1,0.62,0.84,4.867628972530365,-2.308555025458336,-7.176183997988701,208_H1,222,219,M,L,0.64,1.06,7.176183997988701
p260_H1,0.43,0.9,4.4084488239325585,-0.8548154519870877,-5.263264275919647,261_H1,275,272,Y,F,0.26,1.19,5.263264275919647
p268_H1,0.27,0.61,4.151203634887934,-0.8330553168803454,-4.984258951768279,269_H1,283,280,T,A,-0.05,0.62,4.984258951768279
p268_P2,0.26,0.11,3.3241247772425413,-0.8039748488366604,-4.128099626079202,269_P2,283,280,T,A,0.108,0.046,4.128099626079202
p163_H1,0.2,0.61,1.967481622043997,-0.47175650373101236,-2.4392381257750095,164_H1,178,175,S,A,-0.18,0.62,2.4392381257750095
p260_P2,0.73,0.71,0.8038179257512093,-0.3923599696159363,-1.1961778953671456,261_P2,275,272,Y,F,0.298,0.29,1.1961778953671456
p29_H1,0.09,-0.17,1.7599761635065079,0.6141457819938659,-1.145830381512642,30_H1,44,41,H,D,-0.4,-0.9,1.145830381512642
p274_H1,0.54,0.2,-0.8768885165452958,-0.14570796310901643,0.7311805534362793,275_H1,289,286,G,S,0.48,-0.18,0.7311805534362793
p165_SCT,2.0,3.0,0.7074696105718613,-0.007479190826416016,-0.7149488013982773,166_SCT,180,177,F,L,2.0,3.0,0.7149488013982773
p207_P2,0.54,0.46,3.0951293969154356,2.4223363184928894,-0.6727930784225462,208_P2,222,219,M,L,0.221,0.186,0.6727930784225462
p94_H1,0.85,1.0,-0.13014832958579065,0.5282536047697067,0.6584019343554974,95_H1,109,106,V,I,1.08,1.38,0.6584019343554974
p230_P2,0.44,0.56,0.0034966975450515746,-0.6206638142466545,-0.6241605117917061,231_P2,245,242,R,H,0.18,0.23,0.6241605117917061
p216_P2,0.15,0.11,-0.47106650858186183,0.12995024286210538,0.6010167514439673,217_P2,231,228,S,A,0.062,0.046,0.6010167514439673
p95_H1,0.85,1.0,0.013586667776107788,-0.5455119359493256,-0.5590986037254334,96_H1,110,107,V,I,1.08,1.38,0.5590986037254334
p149_SCT,6.0,5.0,0.5184584668278694,-0.0028328726440668105,-0.5212913394719363,150_SCT,164,161,E,G,6.0,5.0,0.5212913394719363
p115_H1,0.27,0.85,1.2762053611129522,0.778317902162671,-0.4978874589502812,116_H1,130,127,T,V,-0.05,1.08,0.4978874589502812
p254_H1,0.85,1.0,0.3432006324082613,-0.07856598265469074,-0.42176661506295204,255_H1,269,266,V,I,1.08,1.38,0.42176661506295204
p117_H1,0.61,0.2,0.3482987521030009,-0.01197862233966589,-0.3602773744426668,118_H1,132,129,A,S,0.62,-0.18,0.3602773744426668
p108_H1,0.84,0.62,-0.12313356786966324,0.23324706457555294,0.35638063244521617,109_H1,123,120,L,M,1.06,0.64,0.35638063244521617
p216_H1,0.2,0.61,-0.014626445900648832,0.3262920285016298,0.3409184744022786,217_H1,231,228,S,A,-0.18,0.62,0.3409184744022786
p204_H1,0.85,1.0,0.33411634095013143,0.017119547938928007,-0.3169967930112034,205_H1,219,216,V,I,1.08,1.38,0.3169967930112034
p342_H1,0.0,0.2,0.23568580225110053,-0.0037839463725686073,-0.23946974862366913,nan_H1,NA,NA,-,S,0.0,-0.18,0.23946974862366913
p38_H1,1.0,0.61,0.14795084148645402,-0.06692303508520127,-0.2148738765716553,39_H1,53,50,I,A,1.38,0.62,0.2148738765716553
p227_SCT,3.0,4.0,0.08596317052841186,-0.12304223656654358,-0.20900540709495544,228_SCT,242,239,M,S,3.0,4.0,0.20900540709495544
p277_SCT,2.0,4.0,0.15567147307097912,0.35195289641618727,0.19628142334520815,278_SCT,292,289,Y,N,2.0,4.0,0.19628142334520815
p2_P2,0.11,0.15,0.5075626873224973,0.3229899497702718,-0.18457273755222553,2_P2,11,8,A,S,0.046,0.062,0.18457273755222553
p7_H1,-0.08,0.61,0.16258913777768613,-0.008968117833137512,-0.17155725561082363,7_H1,23,20,E,A,-0.74,0.62,0.17155725561082363
p269_SCT,2.0,4.0,0.0,0.15147732853889465,0.15147732853889465,270_SCT,284,281,F,T,2.0,4.0,0.15147732853889465
p39_H1,0.61,0.44,-0.15108680963516236,0.0,0.15108680963516236,40_H1,54,51,A,C,0.62,0.29,0.15108680963516236
p227_H1,0.62,0.2,-0.14696992438286544,-0.2969505959004164,-0.14998067151755096,228_H1,242,239,M,S,0.64,-0.18,0.14998067151755096
p2_SCT,3.0,4.0,0.2781754340231419,0.1329958613216877,-0.14517957270145418,2_SCT,11,8,A,S,3.0,4.0,0.14517957270145418
p275_P2,0.26,0.11,0.0,-0.13421899519860744,-0.13421899519860744,276_P2,290,287,T,A,0.108,0.046,0.13421899519860744
p296_H1,0.2,0.54,0.06504503339529037,-0.054404476881027224,-0.11944951027631759,297_H1,311,308,S,G,-0.18,0.48,0.11944951027631759
p161_P2,0.34,0.46,-0.004178499542176723,0.11174455486238002,0.11592305440455675,162_P2,176,173,V,I,0.14,0.186,0.11592305440455675
p268_SCT,4.0,3.0,0.10813871473073959,0.0,-0.10813871473073959,269_SCT,283,280,T,A,4.0,3.0,0.10813871473073959
p317_P2,0.73,0.46,0.05879967004060745,-0.04160300970077515,-0.1004026797413826,318_P2,332,329,Y,L,0.298,0.186,0.1004026797413826
p194_H1,-0.1,0.2,0.05171716690063476,-0.03447811126708984,-0.0861952781677246,195_H1,209,206,N,S,-0.78,-0.18,0.0861952781677246
p111_H1,1.0,0.9,0.060330131510272625,-0.021617336347699165,-0.08194746785797179,112_H1,126,123,I,F,1.38,1.19,0.08194746785797179
p149_H1,-0.08,0.54,0.1117952474579215,0.03983100682497025,-0.07196424063295126,150_H1,164,161,E,G,-0.74,0.48,0.07196424063295126
p117_P2,0.11,0.15,-0.8117624028027057,-0.7420062290877104,0.06975617371499532,118_P2,132,129,A,S,0.046,0.062,0.06975617371499532
p288_P2,0.11,0.15,0.09110545247793198,0.15987545967102051,0.06877000719308854,289_P2,303,300,A,S,0.046,0.062,0.06877000719308854
p51_P2,0.26,0.46,0.4691384243965149,0.5306170320510865,0.06147860765457158,52_P2,66,63,T,L,0.108,0.186,0.06147860765457158
p275_SCT,4.0,3.0,0.05189961522817612,0.0,-0.05189961522817612,276_SCT,290,287,T,A,4.0,3.0,0.05189961522817612
p164_H1,0.84,1.0,-0.054914962500333786,-0.005731552094221115,0.04918341040611267,165_H1,179,176,L,I,1.06,1.38,0.04918341040611267
p7_SCT,6.0,3.0,0.0,-0.048248391151428226,-0.048248391151428226,7_SCT,23,20,E,A,6.0,3.0,0.048248391151428226
p165_H1,0.9,0.84,0.030876266099512578,0.07428159549832344,0.043405329398810866,166_H1,180,177,F,L,1.19,1.06,0.043405329398810866
p115_P2,0.26,0.34,0.08469430841505528,0.04381830260157585,-0.04087600581347943,116_P2,130,127,T,V,0.108,0.14,0.04087600581347943
p163_P2,0.15,0.11,0.10920348227024078,0.06874064207077027,-0.04046284019947051,164_P2,178,175,S,A,0.062,0.046,0.04046284019947051
p11_P2,0.34,0.26,0.04761828511953354,0.008465695679187774,-0.03915258944034576,11_P2,27,24,V,T,0.14,0.108,0.03915258944034576
p149_P2,0.37,0.0,0.03551890850067139,0.0,-0.03551890850067139,150_P2,164,161,E,G,0.151,0.0,0.03551890850067139
p338_P2,0.54,0.26,0.035392584949731826,0.0,-0.035392584949731826,339_P2,350,347,K,T,0.219,0.108,0.035392584949731826
p45_H1,0.85,0.9,-0.028531168084591628,-0.062143109273165464,-0.033611941188573836,46_H1,60,57,V,F,1.08,1.19,0.033611941188573836
p95_P2,0.34,0.46,-0.06598614737391471,-0.097210410265252,-0.031224262891337284,96_P2,110,107,V,I,0.14,0.186,0.031224262891337284
p274_P2,0.0,0.15,-0.022824667654931546,0.00563412070274353,0.028458788357675076,275_P2,289,286,G,S,0.0,0.062,0.028458788357675076
p258_P2,0.46,0.34,0.015613444149494171,-0.011710083112120628,-0.0273235272616148,259_P2,273,270,L,V,0.186,0.14,0.0273235272616148
p84_P2,0.11,0.0,-0.0480420708656311,-0.07446520447731018,-0.026423133611679084,85_P2,99,96,A,G,0.046,0.0,0.026423133611679084
p335_P2,0.26,0.15,0.02162165567278862,-0.004324331283569336,-0.025945986956357955,336_P2,348,345,T,S,0.108,0.062,0.025945986956357955
p51_H1,0.27,0.84,-0.01030166320502758,-0.031351064294576646,-0.021049401089549065,52_H1,66,63,T,L,-0.05,1.06,0.021049401089549065
p7_P2,0.37,0.11,0.009605500921607018,-0.009068256095051765,-0.018673757016658785,7_P2,23,20,E,A,0.151,0.046,0.018673757016658785
p94_P2,0.34,0.46,-0.017527260780334473,0.0,0.017527260780334473,95_P2,109,106,V,I,0.14,0.186,0.017527260780334473
p352_H1,0.61,0.0,-0.014788363724946976,0.0022182545065879823,0.01700661823153496,348_H1,359,NA,A,-,0.62,0.0,0.01700661823153496
p88_H1,1.0,0.84,0.062006488144397735,0.04692848026752472,-0.015078007876873016,89_H1,103,100,I,L,1.38,1.06,0.015078007876873016
p288_H1,0.61,0.2,0.006937706470489502,-0.0043570932745933535,-0.011294799745082854,289_H1,303,300,A,S,0.62,-0.18,0.011294799745082854
p275_H1,0.27,0.61,-0.02634305030107498,-0.015619692802429199,0.010723357498645782,276_H1,290,287,T,A,-0.05,0.62,0.010723357498645782
p276_H1,0.61,0.44,0.003205968514084816,-0.004808952808380127,-0.008014921322464943,277_H1,291,288,A,C,0.62,0.29,0.008014921322464943
p165_P2,0.71,0.46,-0.007597642205655575,0.00027872029691934587,0.00787636250257492,166_P2,180,177,F,L,0.29,0.186,0.00787636250257492
p208_H1,0.84,0.9,0.012908404618501663,0.005711863934993744,-0.007196540683507919,209_H1,223,220,L,F,1.06,1.19,0.007196540683507919
p350_SCT,3.0,0.0,-0.05770534098148346,-0.0627805744111538,-0.005075233429670339,346_SCT,357,NA,A,-,3.0,0.0,0.005075233429670339
p99_P2,0.73,0.71,-0.12393618911504746,-0.12081169940531254,0.003124489709734918,100_P2,114,111,Y,F,0.298,0.29,0.003124489709734918
p254_P2,0.34,0.46,0.0001522351149469614,0.002587996982038021,0.00243576186709106,255_P2,269,266,V,I,0.14,0.186,0.00243576186709106
p84_H1,0.61,0.54,-0.20849265217781066,-0.20652065992355348,0.0019719922542571766,85_H1,99,96,A,G,0.62,0.48,0.0019719922542571766
p161_H1,0.85,1.0,-0.009421134619042277,-0.011247137216851116,-0.001826002597808839,162_H1,176,173,V,I,1.08,1.38,0.001826002597808839
p87_H1,0.84,1.0,-0.008232587277889251,-0.00939158260822296,-0.0011589953303337095,88_H1,102,99,L,I,1.06,1.38,0.0011589953303337095
p227_P2,0.54,0.15,-0.008831692337989807,-0.00940352886915207,-0.0005718365311622627,228_P2,242,239,M,S,0.221,0.062,0.0005718365311622627
p24_P2,0.26,0.34,0.0,0.0,0.0,25_P2,39,36,D,V,0.105,0.14,0.0
p15_P2,0.15,0.33,-0.02748560845851898,-0.02748560845851898,0.0,16_P2,31,28,S,N,0.062,0.134,0.0
p15_H1,0.2,-0.1,-0.0229805588722229,-0.0229805588722229,0.0,16_H1,31,28,S,N,-0.18,-0.78,0.0
p24_SCT,6.0,3.0,0.0,0.0,0.0,25_SCT,39,36,D,V,6.0,3.0,0.0
p29_P2,0.56,0.26,0.0,0.0,0.0,30_P2,44,41,H,D,0.23,0.105,0.0
p38_P2,0.46,0.11,0.0,0.0,0.0,39_P2,53,50,I,A,0.186,0.046,0.0
p11_H1,0.85,0.27,0.0,0.0,0.0,11_H1,27,24,V,T,1.08,-0.05,0.0
p39_SCT,3.0,1.0,0.0,0.0,0.0,40_SCT,54,51,A,C,3.0,1.0,0.0
p136_P2,0.46,0.34,0.0,0.0,0.0,137_P2,151,148,I,V,0.186,0.14,0.0
p136_H1,1.0,0.85,0.0,0.0,0.0,137_H1,151,148,I,V,1.38,1.08,0.0
p118_P2,0.11,0.34,0.014524694383144379,0.014524694383144379,0.0,119_P2,133,130,A,V,0.046,0.14,0.0
p117_SCT,3.0,4.0,0.0,0.0,0.0,118_SCT,132,129,A,S,3.0,4.0,0.0
p99_H1,0.43,0.9,-0.16563344955444337,-0.16563344955444337,0.0,100_H1,114,111,Y,F,0.26,1.19,0.0
p111_P2,0.46,0.71,0.0,0.0,0.0,112_P2,126,123,I,F,0.186,0.29,0.0
p51_SCT,4.0,3.0,-0.18618434235453607,-0.18618434235453607,0.0,52_SCT,66,63,T,L,4.0,3.0,0.0
p84_SCT,3.0,5.0,0.0,0.0,0.0,85_SCT,99,96,A,G,3.0,5.0,0.0
p49_P2,0.46,0.11,0.0,0.0,0.0,50_P2,64,61,L,A,0.186,0.046,0.0
p49_H1,0.84,0.61,0.0,0.0,0.0,50_H1,64,61,L,A,1.06,0.62,0.0
p45_SCT,3.0,2.0,0.0,0.0,0.0,46_SCT,60,57,V,F,3.0,2.0,0.0
p44_SCT,2.0,3.0,0.0,0.0,0.0,45_SCT,59,56,F,I,2.0,3.0,0.0
p44_H1,0.9,1.0,0.0,0.0,0.0,45_H1,59,56,F,I,1.19,1.38,0.0
p44_P2,0.71,0.46,0.0,0.0,0.0,45_P2,59,56,F,I,0.29,0.186,0.0
p39_P2,0.11,0.31,0.019309155941009522,0.019309155941009522,0.0,40_P2,54,51,A,C,0.046,0.128,0.0
p231_H1,0.61,0.2,0.0,0.0,0.0,232_H1,246,243,A,S,0.62,-0.18,0.0
p224_H1,0.44,0.9,0.0,0.0,0.0,225_H1,239,236,C,F,0.29,1.19,0.0
p220_SCT,2.0,3.0,0.0,0.0,0.0,221_SCT,235,232,F,I,2.0,3.0,0.0
p220_P2,0.71,0.46,0.0,0.0,0.0,221_P2,235,232,F,I,0.29,0.186,0.0
p220_H1,0.9,1.0,0.0,0.0,0.0,221_H1,235,232,F,I,1.19,1.38,0.0
p216_SCT,4.0,3.0,0.0,0.0,0.0,217_SCT,231,228,S,A,4.0,3.0,0.0
p208_P2,0.46,0.71,0.0,0.0,0.0,209_P2,223,220,L,F,0.186,0.29,0.0
p194_P2,0.33,0.15,0.0,0.0,0.0,195_P2,209,206,N,S,0.134,0.062,0.0
p204_P2,0.34,0.46,0.0,0.0,0.0,205_P2,219,216,V,I,0.14,0.186,0.0
p200_H1,-1.0,-0.47,0.0,0.0,0.0,201_H1,215,212,R,K,-2.53,-1.5,0.0
p200_P2,0.44,0.54,0.0,0.0,0.0,201_P2,215,212,R,K,0.18,0.219,0.0
p146_H1,-0.47,-1.0,0.0,0.0,0.0,147_H1,161,158,K,R,-1.5,-2.53,0.0
p163_SCT,4.0,3.0,0.0,0.0,0.0,164_SCT,178,175,S,A,4.0,3.0,0.0
p159_H1,0.27,0.2,0.0,0.0,0.0,160_H1,174,171,T,S,-0.05,-0.18,0.0
p231_SCT,3.0,4.0,0.0,0.0,0.0,232_SCT,246,243,A,S,3.0,4.0,0.0
p230_H1,-1.0,0.09,0.0,0.0,0.0,231_H1,245,242,R,H,-2.53,-0.4,0.0
p159_P2,0.26,0.15,-0.004223421216011047,-0.004223421216011047,0.0,160_P2,174,171,T,S,0.108,0.062,0.0
p271_H1,0.85,0.61,0.0,0.0,0.0,272_H1,286,283,V,A,1.08,0.62,0.0
p269_P2,0.71,0.26,0.0,0.0,0.0,270_P2,284,281,F,T,0.29,0.108,0.0
p262_SCT,2.0,3.0,0.0,0.0,0.0,263_SCT,277,274,F,I,2.0,3.0,0.0
p262_P2,0.71,0.46,0.0,0.0,0.0,263_P2,277,274,F,I,0.29,0.186,0.0
p261_H1,0.44,0.85,0.0,0.0,0.0,262_H1,276,273,C,V,0.29,1.08,0.0
p261_P2,0.31,0.34,-0.017489635944366456,-0.017489635944366456,0.0,262_P2,276,273,C,V,0.128,0.14,0.0
p261_SCT,1.0,3.0,0.0,0.0,0.0,262_SCT,276,273,C,V,1.0,3.0,0.0
p262_H1,0.9,1.0,0.00964126706123352,0.00964126706123352,0.0,263_H1,277,274,F,I,1.19,1.38,0.0
p258_H1,0.84,0.85,0.0,0.0,0.0,259_H1,273,270,L,V,1.06,1.08,0.0
p231_P2,0.11,0.15,0.0,0.0,0.0,232_P2,246,243,A,S,0.046,0.062,0.0
p247_H1,-0.47,-1.0,0.0,0.0,0.0,248_H1,262,259,K,R,-1.5,-2.53,0.0
p247_P2,0.54,0.44,0.0,0.0,0.0,248_P2,262,259,K,R,0.219,0.18,0.0
p250_P2,0.15,0.26,0.0,0.0,0.0,251_P2,265,262,S,T,0.062,0.108,0.0
p250_H1,0.2,0.27,0.0,0.0,0.0,251_H1,265,262,S,T,-0.18,-0.05,0.0
p257_H1,1.0,0.85,0.0,0.0,0.0,258_H1,272,269,I,V,1.38,1.08,0.0
p257_P2,0.46,0.34,0.0,0.0,0.0,258_P2,272,269,I,V,0.186,0.14,0.0
p286_H1,0.61,0.27,0.006159679889678955,0.006159679889678955,0.0,287_H1,301,298,A,T,0.62,-0.05,0.0
p282_P2,0.71,1.0,0.0,0.0,0.0,283_P2,297,294,F,W,0.29,0.409,0.0
p282_H1,0.9,0.71,0.0,0.0,0.0,283_H1,297,294,F,W,1.19,0.81,0.0
p277_P2,0.73,0.33,0.0,0.0,0.0,278_P2,292,289,Y,N,0.298,0.134,0.0
p288_SCT,3.0,4.0,0.0,0.0,0.0,289_SCT,303,300,A,S,3.0,4.0,0.0
p289_H1,0.62,0.84,0.0,0.0,0.0,290_H1,304,301,M,L,0.64,1.06,0.0
p289_P2,0.54,0.46,0.0,0.0,0.0,290_P2,304,301,M,L,0.221,0.186,0.0
p286_SCT,3.0,4.0,0.0,0.0,0.0,287_SCT,301,298,A,T,3.0,4.0,0.0
p296_SCT,4.0,5.0,0.0,0.0,0.0,297_SCT,311,308,S,G,4.0,5.0,0.0
p314_H1,0.85,-0.1,0.0,0.0,0.0,315_H1,329,326,V,N,1.08,-0.78,0.0
p314_SCT,3.0,4.0,0.0,0.0,0.0,315_SCT,329,326,V,N,3.0,4.0,0.0
p276_P2,0.11,0.31,0.0,0.0,0.0,277_P2,291,288,A,C,0.046,0.128,0.0
p274_SCT,5.0,4.0,0.0,0.0,0.0,275_SCT,289,286,G,S,5.0,4.0,0.0
p271_P2,0.34,0.11,0.0,0.0,0.0,272_P2,286,283,V,A,0.14,0.046,0.0
p276_SCT,3.0,1.0,0.0,0.0,0.0,277_SCT,291,288,A,C,3.0,1.0,0.0
p272_SCT,1.0,4.0,0.0,0.0,0.0,273_SCT,287,284,C,T,1.0,4.0,0.0
p319_P2,0.54,0.46,0.0,0.0,0.0,320_P2,334,331,M,L,0.221,0.186,0.0
p319_H1,0.62,0.84,0.0,0.0,0.0,320_H1,334,331,M,L,0.64,1.06,0.0
p317_SCT,2.0,3.0,0.0,0.0,0.0,318_SCT,332,329,Y,L,2.0,3.0,0.0
p317_H1,0.43,0.84,0.0,0.0,0.0,318_H1,332,329,Y,L,0.26,1.06,0.0
p314_P2,0.34,0.33,0.0121989581361413,0.0121989581361413,0.0,315_P2,329,326,V,N,0.14,0.134,0.0
p333_H1,0.2,0.27,0.0,0.0,0.0,nan_H1,NA,NA,S,T,-0.18,-0.05,0.0
p332_P2,0.34,0.46,0.003878979831933975,0.003878979831933975,0.0,334_P2,345,342,V,I,0.14,0.186,0.0
p327_H1,-0.17,-0.08,-0.0056362848728895186,-0.0056362848728895186,0.0,329_H1,340,337,D,E,-0.9,-0.74,0.0
p338_H1,-0.47,0.27,0.0,0.0,0.0,339_H1,350,347,K,T,-1.5,-0.05,0.0
p335_H1,0.27,0.2,0.0,0.0,0.0,336_H1,348,345,T,S,-0.05,-0.18,0.0
p338_SCT,6.0,4.0,0.0,0.0,0.0,339_SCT,350,347,K,T,6.0,4.0,0.0
p342_P2,0.0,0.15,0.0,0.0,0.0,nan_P2,NA,NA,-,S,0.0,0.062,0.0
p342_SCT,0.0,4.0,0.0,0.0,0.0,nan_SCT,NA,NA,-,S,0.0,4.0,0.0
p343_H1,0.0,0.27,0.0,0.0,0.0,nan_H1,NA,NA,-,T,0.0,-0.05,0.0
p332_H1,0.85,1.0,-0.013993349075317383,-0.013993349075317383,0.0,334_H1,345,342,V,I,1.08,1.38,0.0
p327_P2,0.26,0.37,0.0,0.0,0.0,329_P2,340,337,D,E,0.105,0.151,0.0
p343_SCT,0.0,4.0,0.0,0.0,0.0,nan_SCT,NA,NA,-,T,0.0,4.0,0.0
p343_P2,0.0,0.26,0.0,0.0,0.0,nan_P2,NA,NA,-,T,0.0,0.108,0.0
p344_H1,0.0,0.61,0.0,0.0,0.0,nan_H1,NA,NA,-,A,0.0,0.62,0.0
p344_P2,0.0,0.11,0.0,0.0,0.0,nan_P2,NA,NA,-,A,0.0,0.046,0.0
p348_P2,0.15,0.0,0.0,0.0,0.0,344_P2,355,NA,S,-,0.062,0.0,0.0
p348_SCT,4.0,0.0,0.0,0.0,0.0,344_SCT,355,NA,S,-,4.0,0.0,0.0
p344_SCT,0.0,3.0,0.0,0.0,0.0,nan_SCT,NA,NA,-,A,0.0,3.0,0.0
p348_H1,0.2,0.0,-0.036300599575042725,-0.036300599575042725,0.0,344_H1,355,NA,S,-,-0.18,0.0,0.0
p349_P2,0.34,0.0,0.0,0.0,0.0,345_P2,356,NA,V,-,0.14,0.0,0.0
p349_H1,0.85,0.0,0.0,0.0,0.0,345_H1,356,NA,V,-,1.08,0.0,0.0
p351_H1,0.35,0.0,0.0,0.0,0.0,347_H1,358,NA,P,-,0.12,0.0,0.0
p350_H1,0.61,0.0,0.0,0.0,0.0,346_H1,357,NA,A,-,0.62,0.0,0.0
p351_P2,0.32,0.0,0.0,0.0,0.0,347_P2,358,NA,P,-,0.131,0.0,0.0
p351_SCT,5.0,0.0,0.0,0.0,0.0,347_SCT,358,NA,P,-,5.0,0.0,0.0
p352_P2,0.11,0.0,0.0,0.0,0.0,348_P2,359,NA,A,-,0.046,0.0,0.0
p352_SCT,3.0,0.0,0.0,0.0,0.0,348_SCT,359,NA,A,-,3.0,0.0,0.0
