feature,gbr,rf,xgb,BayesianRidge,mean
1_H1,1.127729786221726e-06,0.00023675295335220554,0.0004273306403774768,0.016835703609245918,0.0043752287331904555
1_H3,4.180916258758659e-08,4.311947850622775e-06,0.0,0.016498748248625832,0.004125775501409761
2_NCI,8.328340069680647e-05,7.147876950548077e-05,1.1362845725670923e-05,0.0985848471116396,0.02468774303189189
3_H1,1.022561600699763e-08,5.375622399301943e-05,5.8524139603832737e-05,0.3115103907514747,0.07790567033517189
4_H1,1.742163754250167e-05,9.477197408268215e-05,0.002527001779526472,0.04104470778424813,0.010920975793849947
4_H3,0.0,2.3678007099062192e-05,0.0,0.040736660763563005,0.010190084692665517
4_NCI,6.540327986672291e-09,5.195590601567756e-05,0.0,0.022696179531886667,0.005687035494557582
5_H1,3.0114365379375207e-05,1.8016487884278694e-05,0.00011461054964456707,0.15535186756397165,0.03887865224171997
5_H3,6.47661474882647e-08,5.357483333201205e-06,0.0,0.06487285467926736,0.016219569232187012
5_NCI,2.0637451606492253e-05,0.00020818279145764699,4.9581165512790903e-05,0.047410984948968456,0.011922346589386346
6_H3,1.6245913534540252e-05,1.9959766142038076e-05,0.00011078723764512688,0.12662378432523527,0.031692694310639244
6_NCI,2.877380396561581e-06,1.2802064910137214e-05,1.2275598237465601e-05,0.06048101828617257,0.015127243332429183
7_H1,9.743280238181613e-05,9.955691650391313e-05,6.31153816357255e-05,0.06966809133504147,0.01748204910889073
7_H3,0.0006936655281124691,5.480517642156716e-05,9.470594523008913e-05,0.116198651663056,0.02926045707820503
7_NCI,5.617421767538381e-05,0.0005116978295472694,0.00010727825429057702,0.014723686191686281,0.003849709123299878
8_H1,8.460233515773257e-06,0.00024356289864064522,0.00014915253268554807,0.018409704414429545,0.004702720019817878
8_NCI,2.058286210971405e-05,0.00026581327675184323,9.956854773918167e-05,0.25845410461519214,0.06471001732544822
9_H3,4.01086991664127e-06,4.67120432591448e-06,0.0,0.01620529190601164,0.004053493495063549
10_H1,0.00028143433610515093,0.00014410078636399012,9.755657811183482e-05,0.1262298347736704,0.031688231618562844
10_H3,0.0,0.00010243134102217305,6.665824184892699e-05,0.030456381666904474,0.007656367812443893
10_NCI,0.00015823676403459673,8.620594564865326e-06,0.0,0.0025491477910565812,0.0006790012874140108
11_H1,3.0430082010721207e-05,3.3001044351851156e-05,2.5031135010067374e-05,0.11578874139354187,0.028969300913728627
11_H3,2.089080821128584e-05,1.555153359601458e-05,0.0,0.0640206722123686,0.016014278638543974
11_NCI,1.818577278427868e-06,1.9095488687525328e-05,0.0,0.08683826112524849,0.02171479379780361
12_H3,0.0,1.9432018490509348e-06,0.0,0.031384590750797664,0.007846633488161678
13_H1,1.2031120880372273e-05,0.0004619435327512742,0.002269451506435871,0.003828364653136139,0.001642947703300914
13_H3,0.0,3.519214515812223e-05,0.0,0.025699575667192075,0.006433691953087549
13_NCI,1.618996224954457e-05,0.00023441424125257893,5.59450609216583e-06,0.024441933779123636,0.006174533122179481
14_H1,3.6536684808264874e-05,3.911300066418741e-05,0.0007457744213752449,0.04459358162092029,0.011353751431941997
14_H3,5.3803842582930485e-06,6.622198767396986e-05,0.0,0.15291748046112122,0.03824727070826337
14_NCI,0.0004311170610346839,0.0001957574356273245,0.00027977125137113035,0.03586728746439686,0.0091934833031075
16_H1,1.9213723864992545e-07,0.0006579514783292797,0.00011423962860135362,0.08094814460491823,0.020430131962271877
16_H3,2.1346136791149648e-07,1.1685908642569424e-05,0.0,0.10916528248799388,0.02729429546450109
16_NCI,7.299369226611399e-05,1.2695747275788666e-05,6.148849934106693e-05,0.12318385712561222,0.030832758766123798
17_H1,4.966498102015865e-06,0.0005039243095967356,2.2642145268036984e-05,0.008204260860826111,0.002183948453448225
17_NCI,7.467278690517858e-08,0.00016595878866699154,0.0,0.0003788155381705956,0.0001362122499061231
18_H1,2.3255483467147206e-05,7.677640746300817e-05,0.001588105340488255,0.02633660121974266,0.007006184612790268
19_H1,6.088749368479419e-06,0.00016216514687721366,4.857065505348146e-05,0.0974345490464297,0.02441284339943222
19_H3,0.0,0.0,0.0,0.024799191523110956,0.006199797880777739
19_NCI,3.1258660560528503e-06,0.00019541831359028627,0.00020062431576661766,0.1136802523084936,0.02851985520097664
20_H3,0.0,2.640114290148134e-07,0.0,0.03562529160341251,0.008906388903710382
20_NCI,5.908968459811303e-06,0.0,0.0,0.04541403955744082,0.011354987131475158
21_H1,0.0005091811933841657,0.0001503705086184562,0.00024293895694427192,0.5720868602637681,0.14324733773067874
21_NCI,0.0010674632963855386,0.00027067026401906544,0.0001646349992370233,0.3213246214466791,0.08070684750158019
22_H1,7.06272504194795e-05,1.650922440849974e-05,0.00011958429240621626,0.14266319997920526,0.03571748018660986
22_H3,9.493394450628891e-08,2.921974221942923e-07,0.0,0.03289036379769924,0.008222687732266485
22_NCI,4.791350349911976e-06,3.234486932378898e-05,0.0,0.14813940839529224,0.03704413615374148
24_H1,0.004562586186324155,0.007906384453335441,0.01137487217783928,0.034474348097526426,0.014579547728756324
24_H3,0.005625628030085596,0.007373135248855409,0.0,0.051786798013382075,0.01619639032308077
25_H1,1.5083826273704721e-05,6.514571955373828e-05,6.2440441979561e-05,0.302169795720934,0.07557811642718525
26_H1,2.6114856288844062e-05,9.329377655742089e-07,4.1288039938081056e-05,0.06873625668596575,0.017201148129989564
26_H3,0.0,0.0,0.0,0.04791907415353878,0.011979768538384694
26_NCI,1.6800430506382778e-06,4.681186221675964e-05,0.0,0.072934403749411,0.0182457239136696
29_H1,1.996224471515176e-05,1.9193919271595995e-06,8.663899643579498e-05,0.19116516417590154,0.047818421202244915
29_NCI,6.435247235856956e-06,8.321814534082995e-05,0.0,0.1905025988298061,0.0476480630555957
30_H1,0.0,3.921058809001212e-05,0.0,0.03767167091126326,0.009427720374838317
31_H1,0.0,1.2426824990897028e-06,0.0,0.01876860187185765,0.0046924611385891855
32_H1,7.804266702585084e-07,0.00016850642628342088,0.0,0.0053663263118375265,0.0013839032911978015
32_NCI,1.778362716633715e-07,0.00024765046647844065,0.0,0.14238105216028527,0.03565722011575884
33_H1,0.00021492244426297963,0.004150987778959772,0.0009246993577107787,0.091798196521177,0.024272201525527632
33_H3,0.0,7.880734696826895e-07,0.0,0.046602695645495774,0.011650870929741364
33_NCI,1.8924017395867892e-06,0.0005579800440454415,7.803912740200758e-05,0.1803282519685481,0.045241540885433786
34_H1,0.0007969939990749151,0.0008972245407880633,4.834021456190385e-05,0.21050288683844895,0.05306136139821846
34_H3,4.280819113598643e-07,0.0036539862412910853,0.0,0.0608999978079167,0.016138603032779787
34_NCI,1.1769846837053135e-06,3.1540228005286085e-05,1.8678896594792604e-05,0.08347605760435563,0.020881863428409853
35_H1,1.7557528920724274e-05,1.471455423635521e-05,0.0,0.0013293948788011523,0.0003404167404895579
35_NCI,3.712573016591473e-06,7.351662984225695e-06,0.00017470831517130136,0.007233177519348631,0.0018547375176301874
36_H1,0.014058178703733009,0.013042093498767234,0.051960721611976624,0.07759992092701301,0.03916522868537247
36_NCI,2.732198758090033e-05,4.26629213881516e-05,2.9484050173778087e-05,0.13099472227578418,0.032773547808731755
37_H3,0.0004533377250007336,0.00034697772727965376,0.000511542777530849,1.1570771374879156e-06,0.0003282538267371811
38_H1,2.093617458894e-06,0.0004392174181030737,0.002265789546072483,0.09165038645151044,0.023589371758286223
38_NCI,3.514174927098658e-06,7.012106129875398e-05,0.0001440413761883974,0.008557784852187163,0.0021938653661503532
39_H3,0.0,8.217552123600626e-06,0.0,0.01594195835323033,0.003987543976338483
39_NCI,0.0002553102124164276,0.005595622372294114,0.0015803956193849444,0.1106164278967798,0.029511939025218824
40_H1,8.758537483005294e-09,0.00014980881927739685,0.0003478598373476416,0.24768081391930424,0.06204462283361669
40_H3,1.3918847229100705e-08,6.33397588225115e-05,0.0,0.18712892369773976,0.046798069343852375
40_NCI,1.0121889469499813e-06,3.562330183889143e-05,0.0,0.06114631033955878,0.015295736457586155
42_H1,8.033841122211238e-06,0.001894488614228621,0.004813067149370909,0.14691239191688837,0.03840699538040253
42_NCI,0.006617669747724832,0.002894311713820054,0.00025452248519286513,0.10361176711045096,0.02834456776429718
43_H1,0.40291498646330504,0.6869605987255734,1.0,0.11240893159961361,0.550571129197123
43_H3,1.0,1.0,0.0,0.07248023004809027,0.5181200575120226
43_NCI,0.0,3.611311730089651e-05,0.0,0.05826043954925752,0.014574138166639604
45_H1,0.0015347580558184909,0.0038578579157953663,0.002825153758749366,0.11214304640753685,0.03009020403447502
45_NCI,0.001702217159621379,0.0009917586448241363,5.743655128753744e-05,0.030583032893815656,0.008333611312387178
48_H1,0.0001324833768850241,0.0003187141065445663,0.00020681211026385427,0.05105427939866851,0.012928072248090488
49_H1,0.00030844236827897006,0.0015341293877833876,5.26559233549051e-05,0.08328224932596644,0.021294369251345924
49_NCI,0.0011397608752103645,0.001673726608366796,0.0014422888634726405,0.15335310633349483,0.03940222067013616
50_H3,4.656547747686013e-06,3.474859932222089e-06,0.0,0.11136081378191656,0.02784223629739912
51_H1,0.0,4.175594950637606e-07,0.0,0.03709021261241117,0.009272657542976558
51_NCI,0.0,8.725316812401678e-07,0.0,0.11636575528249486,0.029091656953544025
52_H3,0.0,2.6682294406204336e-06,1.3067410691292025e-05,0.13334279408999342,0.03333963243253133
52_NCI,1.1068906795981964e-06,0.00015378724755177312,0.00013744470197707415,0.19296130789012933,0.04831341168258444
53_H1,3.945027958723907e-07,5.8453031201102605e-05,0.0,0.010713514132498032,0.0026930904166237515
53_H3,0.0,0.0,0.0,0.0820132976919019,0.020503324422975474
53_NCI,0.0,0.0005255381130694029,0.0,0.08016213266252079,0.020171917693897548
54_H1,3.075711883419234e-05,6.490196067709361e-05,0.00010448786633787677,0.037511991334308846,0.009428034570039502
54_NCI,3.110065682711121e-05,7.49577835047916e-05,9.584899089531973e-05,0.0015241481169026815,0.000431513887032476
56_NCI,2.3019395445047348e-05,0.0005706394562996767,0.004810438025742769,0.06654500534761028,0.017987275556274444
57_H1,1.6463581858625255e-05,2.3906894074098136e-06,0.0004971808521077037,0.10917908465167118,0.02742377994376123
57_H3,1.9920808477969748e-05,0.0,0.0,0.04606135775403032,0.011520319640627073
57_NCI,0.0,1.9550763654837514e-05,0.0,0.04710174442902554,0.011780323798170095
58_NCI,0.0,2.4728245154861765e-07,0.0,0.028551632971893028,0.007137970063586145
59_H1,0.0,3.2317412353652915e-06,0.0,0.019939985472706447,0.004985804303485453
59_NCI,0.0,3.595279957038572e-06,0.0,0.0360674397993348,0.00901775876982296
60_H1,0.00012913966216761163,0.00021419077558899817,0.00022449775133281946,0.08176531790397552,0.02058328652326624
60_H3,0.0,1.1085093764708456e-05,0.0,0.09828768941556676,0.024574693627332868
61_H1,0.0,7.413066510956528e-05,0.0,0.03217811028352418,0.008063060237158436
62_H1,0.0,0.0,0.0,0.0570280643953375,0.014257016098834376
63_H1,9.145309583456757e-05,0.0001813605331940253,0.0003740594256669283,0.10782913109664083,0.027119001037834087
63_H3,2.256819816040291e-05,8.801214443335382e-07,0.0,0.028081391620255705,0.007026209984965111
63_NCI,1.6640629834198708e-05,3.078975830860081e-05,4.0544906369177625e-05,0.014704738377178337,0.003698178417922579
64_H1,0.00031381051684870276,5.411340883908991e-05,7.084353273967281e-05,0.022386671593740103,0.005706359763041892
65_NCI,9.156070624578073e-09,0.0001437628339955606,0.0,0.02377351831936691,0.005979322577358274
69_H1,4.673188768486619e-06,7.27659757289841e-05,0.0,0.11004996398865788,0.027531850788288837
70_H3,0.0,1.952038198657154e-06,0.0,0.0011537313765783395,0.00028892085369424915
70_NCI,4.6610514630809145e-09,0.0002597865710935624,0.004095790442079306,0.02767998993076814,0.008008892901248118
71_H1,4.019547606061135e-08,7.165031763662888e-06,0.0,0.0013269066448255685,0.000333527968016323
71_H3,0.0,8.208980314965756e-07,0.0,0.009925715936230558,0.0024816342085655137
71_NCI,0.0,1.330836193993465e-06,0.0,0.0607076389144793,0.015177242437668324
74_H1,0.0,1.347829206866748e-05,0.0,0.021062119227147787,0.005268899379804114
74_NCI,3.252239456847645e-07,1.3762741827547066e-05,0.0,0.005229518202787612,0.001310901542140211
79_H1,4.790155900714303e-07,8.859995896085535e-05,0.0,0.08129249833302167,0.02034539432689315
79_NCI,1.807022264316731e-06,0.00044415779250873787,0.00114445632789284,0.09967057880296114,0.02531524998640676
80_H1,9.619632009266324e-07,0.00011782863160232967,0.0,0.04094377080813814,0.010265640350735348
80_NCI,4.614506931157131e-06,3.358302230961568e-06,0.0,0.024113377744217446,0.006030337638344891
81_H1,0.0006694572430222839,0.00016762649533562743,0.0002670577960088849,0.028936160084437914,0.007510075404701178
82_H1,1.0461034631628447e-05,1.3852775417846812e-05,1.595474714122247e-05,0.07570048556663657,0.018935188530956815
82_H3,1.2176231837284139e-05,2.2003004605003268e-05,0.0,0.07861057119549025,0.019661187607983136
82_NCI,1.6672887001332376e-07,6.0585181853034195e-05,0.0,0.01824330150717953,0.0045760133544756445
83_H1,0.0005181620341612991,2.432440342819392e-05,0.00023456374765373766,0.4234641506330047,0.10606030020456197
84_H1,0.0013646516308171515,0.0009926662784590337,0.0001050087230396457,0.19901651580310217,0.0503697106088545
84_NCI,0.0015895969014755567,0.001372429855893347,0.0,0.010525827943790426,0.0033719636752898323
85_H1,2.2846908632847986e-05,0.0013937485740559198,0.003916789311915636,0.01953326335473985,0.0062166620373360635
85_H3,4.2599768658692967e-05,0.0,0.0,0.02208003599708162,0.005530658941435078
85_NCI,6.604890671374331e-05,0.0014641354399742993,6.338710227282718e-05,0.03748558251283756,0.009769788490449608
86_H1,0.21746071869342384,0.27249296884151464,0.05316813290119171,0.1708145344501942,0.1784840887215811
86_H3,8.031884442993131e-08,0.0,0.0,0.007145995413949282,0.0017865189331984278
86_NCI,6.886172446724506e-07,0.00017267630253501237,0.0,0.03259297459140883,0.008191584877797128
87_H3,0.0,3.0361719053288693e-06,0.0,0.06176944952805948,0.015443121424991203
87_NCI,2.8733224822794745e-09,6.626997283411215e-06,0.0,0.219255265378089,0.05481547381217373
88_H1,0.000120691964933373,4.795306747616143e-05,0.0009725865675136447,0.009523930296543888,0.0026662904741167667
88_H3,4.415157873158028e-08,0.0,0.0,0.12325080313537382,0.030812711821738135
88_NCI,0.00018312250088969604,0.0002499295455061671,0.0,0.05881052331619379,0.014810893840647413
89_NCI,2.5171693724859154e-06,0.00012568235462401064,0.00022024937788955867,0.06502009621398572,0.016342136278967943
90_H1,1.1171900064566778e-05,3.3629323922768294e-05,0.0,0.05664600661621386,0.014172701960050299
90_H3,0.0,0.0,0.0,0.0740141472355762,0.01850353680889405
90_NCI,4.146493434115148e-11,3.175612430020416e-08,0.0,0.07462537596124791,0.018656351939709284
91_H3,0.0,0.0,0.0,0.011202189446558644,0.002800547361639661
91_NCI,0.0,1.551964734117624e-06,0.0,0.09304845603023387,0.023262501998741997
92_H1,1.5579672529722624e-05,0.00021718780246158517,0.0,0.0668986330832949,0.01678285013957155
92_H3,3.0428029575924484e-05,3.4175031253836302e-06,0.0,0.018322139495584602,0.0045889962570714775
92_NCI,2.3496069647119076e-07,1.4521265529112755e-06,5.6500572100048885e-05,0.08208810593103406,0.020536573397595875
93_H1,0.0032659612469668198,0.000566533247728437,0.00023018571664579213,0.08908282099613642,0.023286375301869368
93_H3,0.0015127017219573827,8.975658369659001e-06,0.0,0.15986817352030686,0.040347462725158476
94_H1,0.20457302961191046,0.02317111711316901,0.04848893731832504,0.11544207796855586,0.0979187905029901
94_H3,0.0829775552711646,1.301671624047222e-06,0.0,0.24831590719670102,0.08282369103487242
94_NCI,9.2112935207829e-06,0.00014409866191347737,0.0010850162943825126,0.11673624562501253,0.029493642968707327
95_H1,0.00015881377357843636,0.0002199689979643103,2.7566748030949384e-05,0.0283931406834853,0.007199872550764749
96_H1,0.005858185494353215,8.531443973460835e-05,5.775154568254948e-05,0.03149869462363714,0.00937498652585188
96_H3,3.091076645130539e-05,3.262286578088283e-05,0.0,0.015363962993154638,0.0038568741563467066
96_NCI,0.005161322317707547,0.02452882065688656,0.0087220324203372,0.004380549952720166,0.010698181336912867
97_H1,0.00013863162126609476,0.00013916989636921268,4.52545536973048e-05,0.074852638719472,0.01879392369770115
97_H3,4.375465399968861e-06,0.00024977577426053523,0.0,0.047283953164260255,0.011884526100980189
97_NCI,0.00019369409901003824,0.00011827765951291027,0.0,0.0006419359665111668,0.00023847693125852884
98_H1,1.8001325397658068e-07,1.9811769755995087e-05,0.0,0.00950249823207475,0.0023806225037711804
98_H3,4.6510415491588304e-08,2.0448880017999022e-05,0.0,0.016510579252315045,0.004132768660687134
98_NCI,0.0,9.496538820849502e-05,0.0,0.017138864018963227,0.004308457351792931
99_H1,1.1672317727774318e-05,0.0002759438948779819,3.404847302590497e-05,0.08480626759195266,0.02128198306939608
99_H3,3.904884962070023e-08,8.191311061351404e-05,0.0,0.042028547814527674,0.010527624993497702
99_NCI,1.9862363300520192e-05,0.0002546691272319351,0.00018028028716798872,0.01227055525878891,0.003181341759122338
100_H1,1.1782662756835418e-06,0.00020086210234476244,0.0003617600887082517,0.13280705644804927,0.033342714226344494
100_H3,0.00013490389759396947,1.9834413060985105e-05,0.0,0.12371657846422605,0.03096782919372025
100_NCI,0.0019524250963559732,0.001015920083391724,0.0006331916083581746,0.019566898395275655,0.005792108795845382
101_H1,0.0,9.417388165156987e-06,0.0,0.0015513139859852352,0.00039018284353759805
101_H3,0.0,4.377233902640714e-06,0.0,0.03954363813631488,0.00988700384255438
101_NCI,0.0,2.996573261586184e-05,0.0,0.11665834598478403,0.029172077929349973
103_H1,2.077987257219881e-07,5.0991095994542177e-05,0.0,0.04542515777401072,0.011369089167182746
103_H3,0.0,2.3293779391570056e-08,0.0,0.026262933010912565,0.006565739076172989
103_NCI,2.158307967353123e-08,1.0829693641068214e-05,0.0,0.0069791408056998515,0.0017474980206051483
104_NCI,3.676095131879401e-06,0.00014094087319221153,0.0,0.001048858365287807,0.0002983688334029745
107_H1,2.254066078074884e-10,3.916602130112462e-05,4.750044899992645e-05,0.209110778484895,0.05229936129515067
108_H3,4.477645034628341e-06,4.084562379020531e-05,0.0012415916426107287,0.05788418144935877,0.014792774090198583
108_NCI,4.9324287379359226e-05,0.00018181277094837982,0.00010255593224428594,0.012119689133346526,0.003113345530979638
109_H1,0.0003560157366940501,0.00023955357746130828,4.13320776715409e-05,0.07279364260433008,0.018357635999039244
109_NCI,0.00014266971993932807,0.003931921347423495,0.0,0.055468711727463434,0.014885825698706565
111_H1,0.001361312068998973,4.308002834435935e-05,0.0009318745578639209,0.11624644197540165,0.029645677157652227
111_H3,1.5792173474819595e-07,2.500351713862479e-05,0.0,0.12188649142450253,0.030477913215843977
111_NCI,1.082060636459704e-05,2.2685965652900643e-05,5.408700599218719e-05,0.41786359414489105,0.10448779693072519
112_H1,2.696297139837349e-05,0.00044784314731265796,0.00011555916717043146,1.0,0.25014759132147035
114_H1,0.0004715414025019152,0.00028983874524764864,0.0009293120237998664,0.06663065168130454,0.017080335963213494
114_H3,0.00016502669136662153,0.0002611485431303974,0.0,0.0842451358896101,0.02116782778102678
114_NCI,0.00013704982637659108,0.0003728046684378247,0.0,0.04677617811755575,0.011821508153092542
115_H1,5.403494363520401e-06,6.835850086569786e-06,0.0004234555526636541,0.0505399977924987,0.012743923172403112
115_H3,1.0345840928834349e-05,9.250440236361638e-05,0.0,0.025894133782856994,0.006499246006537361
116_H1,0.000279241671167111,0.0003051196074520321,0.0005989790079183877,0.04252994118718027,0.01092832036842945
116_H3,0.00046497951185603734,0.00020785081619806826,0.0,0.017015264345254993,0.004422023668327274
116_NCI,7.906828110740318e-07,0.0005655724601350246,2.190803388657514e-05,0.1318052395138504,0.033098377672670765
117_H1,0.0,4.957782521322665e-05,0.0,0.0272548271055718,0.006826101232696257
117_NCI,3.016948779236971e-09,5.850646160678771e-07,0.0,0.03530695113469573,0.008826884804065144
118_H1,9.145564841404006e-07,0.0021123030945404413,0.0048077283427119255,0.11634932504980247,0.030817567760884745
118_H3,0.001619709913726136,0.0020057032383009247,0.0,0.10205616053239272,0.026420393421104946
118_NCI,0.0035660921841086175,0.0025839017000514825,0.0,0.015141155116258902,0.00532278725010475
119_H1,0.0009898924398238636,0.00038578419653801906,1.9800632799160667e-05,0.01168802880991639,0.0032708765197693584
119_H3,2.994115937561145e-08,8.951505701793154e-05,0.0,0.1242945998919762,0.031096036222538377
119_NCI,0.00017359758899028365,0.00017100110344710846,0.0,0.0643010177737622,0.016161404116549895
120_H1,8.933232298107968e-08,2.46666217900809e-05,0.0,0.019568178634745362,0.004898233647214606
120_H3,0.0,4.059696932707461e-06,0.0,0.038016795291422704,0.009505213747088853
122_H1,0.0005942619213627785,1.2553006740346396e-06,0.00014446236309595406,0.08149718010263443,0.0205592899219418
122_H3,2.3696839194080005e-07,1.204196814792964e-05,0.0,0.05865365363392131,0.014666483142615296
122_NCI,0.0027209476436692256,0.00024001724379049642,0.00014072691556066275,0.32177309149991684,0.08121869582573431
123_H1,0.0011524677725780184,0.00027940359335266595,0.0,0.004701308340571767,0.001533294926625613
123_H3,0.0,2.0437949656164613e-05,0.0,0.03982348690925926,0.009960981214728857
123_NCI,3.9750583875386187e-07,0.0002511375016266494,0.0,0.1331500434542004,0.03335039461541645
124_H1,0.0013676996115342488,1.3592502286608796e-05,0.0007879547192715108,0.12987742589352327,0.03301166818165391
124_H3,3.16625626086825e-07,1.754669167622911e-05,0.0,0.16230935720017164,0.04058180512936849
124_NCI,7.157161815445103e-07,5.502802623259018e-05,2.8358954295981675e-05,0.022520526963286602,0.0056511574149991795
125_H1,1.9904715948511022e-08,6.944216464853187e-05,7.105706026777625e-05,0.03709403155206736,0.009308637670424903
125_H3,0.0,2.7119071173564176e-06,0.0,0.020711487462478227,0.005178549842398896
125_NCI,1.532316746518957e-06,4.394220359866979e-06,0.0,0.06494092888949766,0.016236713856651014
129_H1,1.793460020808356e-05,3.91736062644562e-05,0.0,0.0728993412700273,0.018239112369124958
129_H3,3.738905231957751e-08,1.0397689481455303e-05,0.0,0.11928343062589236,0.029823466426106535
129_NCI,1.2826344068780956e-05,4.509453975425725e-05,0.0,0.009656653202985258,0.002428643521702074
130_H1,2.3904838720164332e-08,6.48006172235022e-05,0.0,0.054342242694186305,0.013601766804062132
130_NCI,1.3233804980163248e-05,1.8753777772209398e-05,0.0,0.09110302481342894,0.022783753099045328
131_H1,2.5860041824172432e-08,1.1403852527300986e-06,0.0,0.023840662801290748,0.005960457261646326
131_NCI,0.0,5.0462345476286595e-05,0.0027442998252809048,0.04943573776447979,0.013057624983809246
132_H1,9.88879362351566e-10,1.5818205457016524e-06,0.0,0.043290694330863785,0.010823069285072212
133_H1,3.427065416681515e-05,0.0002652909142760749,8.648938819533214e-05,0.07978889321675213,0.02004373604334759
133_H3,0.0,0.0,0.0,0.004627126744694234,0.0011567816861735585
136_H1,4.555485075976551e-06,1.6937128415167826e-05,8.969572809292004e-05,0.0003250683840719321,0.00010906418141399914
136_H3,0.0,2.9873351106929833e-06,0.0,0.06167969638749388,0.015420670930651144
136_NCI,8.120286347837682e-06,1.3282733995731806e-05,0.0,0.03887127778348981,0.009723170200958345
137_H1,0.00020516329588478736,5.209559731819707e-05,0.0001888422848423943,0.0013127377412345625,0.0004397097298199853
137_NCI,0.0001584191652763382,0.0019237389085951678,2.2286936655291356e-05,0.11618293531508457,0.029571845081402842
139_H1,7.627338975819693e-08,1.1089803301885776e-05,0.0,0.05299835599270553,0.013252380517349295
142_H3,0.0,0.0,0.0,0.04687382016484044,0.01171845504121011
143_NCI,2.919063244720657e-07,8.288664971689124e-05,7.515949255321175e-05,0.05185101765722171,0.01300233892645407
144_H1,3.2468366296523625e-06,1.207272974603756e-05,0.0002140009601134807,0.08259063845445924,0.020704989745237105
144_H3,1.4461677833812284e-11,6.036932920828465e-06,0.0,0.0856944726155878,0.021425127390742576
144_NCI,4.6538463961659774e-10,8.054628957237408e-06,0.0,0.04012368879062643,0.010032935971242076
145_H1,5.007803834881771e-06,0.000556109282115937,0.011890677735209465,0.03676758706485655,0.012304845471504209
145_H3,0.0,2.8294944187774258e-05,0.0,0.02820016830716906,0.007057115812839208
146_H1,0.0,9.613427601164984e-05,0.0,0.038121788370282836,0.009554480661573621
146_NCI,2.1609656352297785e-06,3.5584717692760314e-05,0.0,0.011816379859487334,0.002963531385703831
147_H1,2.4863299490681666e-06,0.00022295461902335187,0.0,0.07269589331434859,0.018230333565830252
147_H3,0.0,9.605848334757833e-06,0.0,0.12129463585256968,0.03032606042522611
150_H1,3.5410628832211324e-06,6.5550255691189e-05,0.004243950825184584,0.1078606605328535,0.028043425669153122
150_H3,6.803842302112401e-08,1.519930075987388e-05,0.0,0.10199140551286774,0.025501668213012658
150_NCI,0.0005618053356750177,0.00021789092785140518,0.0,0.11086488513018172,0.027911145348427036
151_NCI,0.0033757260553636207,0.000657790825597011,0.0021080246660858393,0.07218819881858708,0.01958243509140839
152_H1,9.110446662786314e-08,0.00012125191234135514,0.0,0.0321756328136106,0.008074243957604645
152_H3,0.0,0.00010170897224649387,0.0,0.054067634175795416,0.013542335787010477
152_NCI,9.007749847732073e-08,1.9587853534496886e-05,0.0,0.04656287099008571,0.01164563723027967
155_H1,0.00021385538640026502,6.136655137320706e-05,0.0008646459900774062,0.06674785825939282,0.016971931546810926
155_H3,0.0,0.0,0.0,0.054258552220261776,0.013564638055065444
156_H1,1.491920898236347e-09,2.0628944231501425e-05,0.0,0.005204795095270714,0.0013063563828557784
156_NCI,8.660458218387887e-07,7.321723795620432e-06,0.0,0.03522311045960442,0.00880782455730547
157_H1,1.0311231360955367e-07,4.8671852120598206e-05,0.0005041436525061727,0.08672063174789832,0.021818387591209677
158_NCI,3.12680146296242e-05,0.00019451512002869968,4.6637756895506755e-05,0.02384990739305277,0.00603058207115165
159_H1,0.00805304463427962,0.004567091151014801,0.002186362398788333,0.024932980284692787,0.009934869617193885
159_NCI,1.6104203895349898e-05,8.650199539545266e-05,1.9070725102210417e-05,0.25114155414993833,0.06281580776858284
160_H1,9.146419728240321e-09,1.6504776976074583e-07,0.0,0.12203636455036264,0.030509134686138032
160_H3,0.0,4.421771152882183e-08,0.0,0.02301174119430757,0.005752946353004775
160_NCI,0.0,2.9837802747539478e-06,0.0,0.07789223754269453,0.019473805330742323
162_H1,0.00034307521404235175,0.00038541848326515375,9.378958202432841e-05,0.03462198365113822,0.008861066732617514
162_H3,1.3428960989369217e-06,2.276609125577272e-05,0.0,0.018842893566407098,0.004716750638440452
162_NCI,0.0002486776047812806,0.001203263713049312,0.0003933247644454241,0.025621473761668057,0.006866684960986019
163_H1,3.689612014684441e-05,0.0005141532624882588,0.00015341490507125854,0.08555173829508675,0.021564050645698277
163_H3,0.0,8.209262896904708e-05,0.0,0.01400563890971536,0.0035219328846711018
164_H1,0.000896941491265307,0.0008957156701772728,0.0030607301741838455,0.01072983822456441,0.003895806390047709
164_H3,3.614788084427844e-07,0.0005509688089746271,0.0,0.01410834542982266,0.003664918929401432
164_NCI,0.0005371870209996753,0.0006698578472346613,0.0,0.15518154206656018,0.03909714673369863
165_H1,9.586648717825376e-05,0.00037885550372283053,0.00013746081094723195,0.03232846017225288,0.008235160743525299
165_NCI,0.00010991657511859009,0.0011470152154425181,0.0003902610915247351,0.09328918969587768,0.02373409564449088
166_H1,0.00016082421807608104,0.0002689845918230503,4.1525538108544424e-05,0.033566318080713815,0.008509413107180373
166_NCI,0.0007351037858933404,0.00010583281467631053,0.0002773309824988246,0.3000610285198198,0.07529482402572207
167_H1,0.0,5.305248051092208e-05,0.0,0.027109893991323394,0.006790736617958579
168_H1,9.367431867557811e-07,9.290948337180677e-05,2.9277822250151075e-05,0.08285086521994554,0.020743497317188563
168_H3,4.429627427661034e-08,1.2538447522537356e-06,0.0,0.020722834950341686,0.005181033272842054
168_NCI,7.89442604700869e-05,2.2793176584402198e-05,5.669686652254313e-05,0.09292228276691215,0.023270179267622298
169_H1,0.004465713617211035,0.0023202530601894936,0.0034694839268922806,0.05032597044904351,0.01514535526333408
169_H3,0.0,7.776696491067553e-06,0.0,0.10138505797053447,0.025348208666756387
172_H1,4.660736220304151e-07,5.0723091516526794e-05,0.0,0.18376340899383042,0.04595364953974224
172_H3,5.3622653202014276e-08,0.0,0.0,0.021709915707732,0.005427492332596301
173_H3,0.0,0.0,0.0,0.012713135149771014,0.0031782837874427534
178_H1,0.0,0.0002408190083871727,0.0,0.2250332691166626,0.05631852203126245
179_H1,0.000223566903466067,0.0006977408473195594,0.004502442199736834,0.20810458679426433,0.0533820841861967
179_NCI,8.02549923765639e-05,5.827775418237862e-05,4.0928156522568315e-05,0.35206709700039246,0.0880616394758685
181_H1,1.064440089342884e-05,2.5553713229337184e-05,0.0,0.007651570702772184,0.0019219422042237376
181_NCI,0.14248169843185154,0.2424582434150973,0.2973305583000183,0.010160739138309302,0.1731078098213191
183_H1,2.907627240966492e-06,3.0685980367604956e-05,1.0906423085543793e-05,0.05599457468916905,0.01400976867996579
183_NCI,0.0,6.016978234599929e-05,0.0,0.09975209932379109,0.02495306727653427
184_H1,0.0,1.0402480593165231e-05,0.0,0.0391184602382274,0.00978221567970514
184_H3,0.0,0.0,0.0,0.015018285433576578,0.0037545713583941446
184_NCI,1.8118880287833567e-10,4.01996417757482e-05,0.0,0.04988932978029053,0.01248238240081377
185_H1,5.96565753444275e-06,0.00021891886427752479,0.00022192177129909396,0.08516532680133078,0.02140303327361046
185_H3,6.894588270314615e-07,1.5251141484490966e-05,0.0,0.14899260899921524,0.03725213739988169
185_NCI,0.0005779671543655538,0.00034197769967706453,0.0022243668790906668,0.001650848991724856,0.0011987901812145353
189_NCI,3.5780546557985217e-06,5.286248926879764e-05,5.8098496083403006e-05,0.006927894326700609,0.001760608341677152
191_H1,2.3164819557849802e-08,5.8500103880185855e-06,0.0,0.01735897232088596,0.0043412113740233845
194_H3,6.432509255624793e-06,3.9214494914648415e-05,6.717232281516772e-06,0.017616945159039537,0.004417327348872832
194_NCI,8.628462820717689e-05,6.072121955571482e-05,5.8090728998649865e-05,0.043788761437254124,0.010998464503503917
195_H1,3.3743442063207124e-05,5.917780565586775e-05,0.0001863233046606183,0.04947246877808444,0.012437928332616035
195_H3,5.190101875365249e-06,2.1606610480581688e-06,0.003246480831876397,0.10613640015789068,0.027347557938172624
195_NCI,2.1684810500106685e-06,5.965159687816831e-05,0.0,0.022923518002989945,0.005746334520229531
196_H3,0.0,2.705352045329541e-05,0.0,0.1455784284269476,0.03640137048685022
197_H1,0.0,3.430892457408543e-05,0.0,0.24860626331761537,0.06216014306054737
197_H3,1.3630375562177356e-08,8.400451675263376e-05,0.0,0.2529442662660548,0.06325707110329576
198_H3,4.829838343802563e-07,0.00016233543306767024,7.081106105033541e-06,0.3458332261804337,0.08650078142586021
198_NCI,0.00010733194599418387,0.0003325720244212818,5.73739453102462e-05,0.02484855462123541,0.00633645813424028
199_H1,2.55182312435551e-05,0.00012925145898700274,0.0,0.049613078438072014,0.012441962032075643
199_H3,7.221564181303715e-08,3.135774096548664e-05,0.0,0.010193423759319272,0.002556213428981643
199_NCI,3.979837057298827e-07,8.370112340318575e-05,0.0,0.059324091947414045,0.01485204776363074
200_H1,1.1071367576042782e-07,1.4683767256148531e-05,0.0,0.10898230050582557,0.027249273746689368
200_H3,0.0,2.0939716957154663e-05,0.0,0.0375173765948859,0.009384579077960765
200_NCI,3.5437602125761995e-11,9.164968178767488e-06,0.0,0.03748928459663936,0.009374612400063933
201_H1,0.0002318008428576697,0.00030042047506801924,0.0004564306582324207,0.049360981415571895,0.012587408347932502
201_H3,0.0004500615293154028,1.1804194780007052e-05,0.0,0.05492985667511674,0.013847930599803037
201_NCI,0.00063382179512096,0.00010930364745362821,5.400538066169247e-05,0.05859085006582314,0.014846995222264854
202_H1,2.1278767718503733e-06,9.207738652330312e-05,0.0,0.06338581292855586,0.01587000454796275
202_H3,0.0,7.724011155379435e-06,0.0,0.030565412998081312,0.007643284252309173
202_NCI,9.261263243492955e-07,9.05152890577407e-07,0.0,0.027066495409350407,0.006767081672141333
203_H3,2.954875497821814e-08,1.6766442578854467e-05,0.0009416198590770364,0.5373623688944951,0.1345801961862265
204_H1,0.0,2.3239505430220563e-06,0.0,0.09981595820979579,0.0249545705400847
204_H3,1.5608858413348351e-07,5.246398843175423e-06,0.0,0.09323069484541112,0.023309024333209607
204_NCI,1.4120926852315909e-08,8.779059942258333e-08,0.0,0.00021126761355813868,5.284238127110339e-05
205_H1,0.01726419255364673,0.0036770296695436524,0.0029719360172748566,0.09353761422978259,0.029362693117561955
205_H3,0.0,1.6142973496922416e-05,0.0,0.01982923635007537,0.0049613448308930734
206_H1,0.03716426935776887,0.26729752812496677,0.000987194012850523,0.0019212194196936046,0.07684255272881993
207_H1,0.0005233329132940668,9.583484469494605e-05,0.005069293547421694,0.0877686751586075,0.023364284116004552
207_NCI,7.954109908806986e-06,6.893734927278774e-05,0.0,0.0571575415302892,0.0143086082473677
208_H1,0.04906860963177236,0.008686250707591613,0.16506554186344147,0.02143429621569441,0.06106367460462496
208_NCI,0.02269431412651738,0.02109381962214566,0.0,0.038095560369301035,0.02047092352949102
209_H1,0.0037040691452998116,0.00460727786261539,0.0021180249750614166,0.7141538986426673,0.181145817656411
209_NCI,6.555504593725483e-06,0.0009927381894670405,5.901042459299788e-05,0.26009250504177106,0.0652877022901062
210_H1,0.0,7.901942473412317e-05,0.0,0.07228969394496389,0.018092178342424502
210_NCI,3.1786340877920026e-07,8.680826787158505e-05,0.0,0.17874400201979063,0.04470778203776775
214_H1,0.0001782490921327123,0.0011935978649146857,0.0006823079311288893,0.038555143466211014,0.010152324588596825
214_NCI,1.9712010039907383e-07,0.0005708581772038582,0.00038994100759737194,0.10010935561028278,0.0252675879787961
216_H1,0.0006375723324715022,0.0009198754549182338,4.7162659029709175e-05,0.01977916646324735,0.005345944227416699
217_H1,0.009567257544406751,0.0102850357293099,0.005854886490851641,0.00448764659743726,0.007548706590501389
217_H3,9.610863946902683e-07,0.0005208336322457282,0.0,0.04692352393764059,0.011861329664070252
218_H1,6.603990921340472e-05,0.0001183680513984197,7.906543032731861e-05,0.08179040360336574,0.02051346924857622
218_H3,6.355255058037495e-07,0.0007177097327951812,0.0,0.06328926650447743,0.016001902940694604
219_NCI,0.00013766060952296276,8.829743425616848e-07,7.110185106284916e-05,0.018163729506680548,0.00459334373540223
220_H1,6.993323217763521e-05,0.00024449717366616824,0.00017770459817256778,0.044101275002739776,0.011148352501689036
220_NCI,6.70513868920489e-05,0.0006981190362175507,0.0,0.19818523701442656,0.04973760185938404
221_H1,6.9957083582576025e-09,4.174811087371902e-05,1.0240425581287127e-05,0.0022713874536855684,0.0005808457464622333
221_NCI,0.0,3.2146756467200776e-07,0.0,0.012584985743082169,0.00314632680266171
222_H1,2.0258203337147607e-05,5.712028225576624e-06,0.0,0.000497479336566184,0.00013086239203222706
222_H3,1.1670286089050119e-08,7.615882972894837e-05,0.0,0.019375238608783884,0.00486285227719973
224_H1,0.0005389601972039684,0.0003629015694814846,0.001960873370990157,0.011172186711126303,0.0035087304622004782
224_H3,3.36741078157865e-05,5.4116556377216925e-06,0.0,0.012537156167855206,0.0031440604828271786
224_NCI,7.523438534641755e-06,0.0006187198910740687,0.0,0.17589581597185688,0.044130514825366396
225_H1,2.9276217588925377e-07,0.0002789822317615675,0.0,0.03168039313979774,0.007989917033433798
226_H1,0.0,7.264934225704161e-06,0.0,0.0001698471606982467,4.4278023730987714e-05
227_H1,9.803282926816674e-06,1.93941146794383e-05,0.0,0.04843681711136493,0.012116503627242797
227_NCI,1.3250729142819017e-06,0.00014497966503796358,0.0,0.05997528954259024,0.015030398570135621
228_H1,8.44868649979863e-06,0.00026395840820279547,0.0,0.004718969727624815,0.0012478442055818524
228_H3,1.838099534370497e-05,7.577708766703723e-06,0.0,0.015069201274590821,0.0037737899946753074
228_NCI,8.230685975154858e-05,0.00047037264191191245,0.005263721104711294,0.0371665817389396,0.010745745586328589
230_H1,0.1767881494404632,0.0216418139796444,0.009904316626489162,0.005656332552971361,0.05349765314989203
230_NCI,4.181286351499542e-08,6.90356832590674e-08,0.0,0.006849492503130215,0.0017124008379192472
231_H3,0.0,2.4221472898317605e-06,0.012565565295517445,0.34116781292270665,0.08843395009137849
231_NCI,0.005193376641009771,0.00019369797984047202,0.0011568025220185518,0.10616931540938764,0.028178298138064106
232_H1,3.7434252194004167e-06,3.0092239621596194e-06,0.0,0.09155602352778404,0.0228906940442414
232_H3,1.2077089512334565e-06,6.320795893158416e-06,0.0,0.012640088375444473,0.003161904220072216
233_H1,0.0,4.101724892130482e-05,0.0,0.011761226068476951,0.002950560829349564
233_NCI,0.0,6.7714277313616034e-06,0.0,0.02144689405290302,0.005363416370158595
235_NCI,8.452729312045128e-07,4.473354275733045e-05,0.0,0.07561714231685658,0.01891568028313628
238_H1,0.004803102573945494,0.020444395338479814,0.0,0.1225667370016946,0.03695355872852998
239_NCI,0.0,8.50284080155659e-06,0.0,0.0934446659332442,0.02336329219351144
241_H3,1.4897363572574859e-10,1.8903904315009772e-05,0.0,0.02771866844656604,0.006934393124963671
241_NCI,0.0,5.619649537780038e-06,0.0,0.013961128376436137,0.003491687006493479
245_NCI,6.439669998642737e-07,0.0,0.0,0.06332320593051824,0.015830962474379526
248_NCI,0.0022975671393874867,0.002832027754659719,0.0017968822503462434,0.04741054150220221,0.013584254661648915
251_H1,2.742513240812564e-06,9.329610759360767e-06,0.0,0.003296055079822263,0.0008270318009556091
252_H1,5.3358631553286194e-06,7.84628371003862e-06,0.0,0.04279497547375382,0.010702039405154797
252_NCI,3.96233254896129e-10,2.8754115652897348e-06,0.0,0.08989173447501426,0.022473652570703204
254_H1,7.591979820320679e-08,0.0002836504905142242,0.0,0.2728452629355048,0.06828224733645431
256_NCI,3.5123729753286475e-05,0.0001227627507507964,0.0,0.15314023526895604,0.03832453043736503
258_H1,3.572917275950793e-06,0.004615044529733305,0.004158475436270237,0.030625836050719626,0.00985073223349978
258_NCI,0.0021043514270889132,0.00022535616387649797,0.011889176443219185,0.01187717199937319,0.006524014008389447
259_H1,0.00026679787362804294,0.000197184841326185,0.0001417851453879848,0.004314797330405657,0.0012301412976869674
259_NCI,0.0005755015212714837,0.000311757950665697,6.573135760845616e-05,0.018041641288511084,0.00474865802951418
260_H1,7.891746968109338e-06,8.471471899598891e-06,0.0,0.01692184827509687,0.004234552873491144
260_H3,3.3217863692382468e-06,8.20580674297438e-06,0.0,0.021013149616070495,0.005256169302295677
261_H3,0.0019123374771112002,0.0004249039520046365,0.0005176312988623977,0.23517234462253458,0.05950680433762821
262_H1,1.773861426895232e-06,3.0743590796099285e-05,1.3868515452486463e-05,0.10923628782085729,0.02732066844713319
263_H1,0.0012995792505666743,0.0002611329714491299,9.644293459132314e-05,0.09842024203545281,0.025019349298014984
263_H3,0.0,0.0,0.0,0.05992818438707677,0.014982046096769192
264_H1,2.145829467818011e-06,2.7852773345420845e-06,0.0,0.022861302641746146,0.005716558437137127
264_NCI,3.242996241052632e-08,4.133763953555626e-07,0.0,0.031157155425138645,0.007789400307874103
265_H1,0.019145302511557903,0.0952541542210872,0.0,0.10508190340457021,0.05487034003430383
265_NCI,0.04822783237624447,0.00032090763511469775,0.008377603255212307,0.03848118446325946,0.023851881932457734
266_H1,0.002212021788674243,0.00030886512885085356,0.005021665245294571,0.059777754687089145,0.0168300767124772
266_H3,1.7733341562308095e-05,9.352639771771618e-06,0.0,0.0770939718948516,0.01928026446904642
266_NCI,4.519322369067327e-06,0.0005129437216725742,0.0,0.15484032561482008,0.038839447164715435
269_H3,0.00990730107412537,0.0006055395135006098,0.003018847666680813,0.27246864563768197,0.07150008347299719
269_NCI,0.006348726630578199,0.0022933544426970136,1.774803240550682e-05,6.484057342149218e-05,0.0021811674197755528
270_NCI,5.850277660753979e-05,7.112690013768967e-05,0.00043303368147462606,0.014158864714671242,0.0036803820182227747
271_H1,1.3708383343440285e-05,8.828039720178985e-05,0.0,0.18430870604617405,0.04610267370667982
271_H3,0.0,0.0001490589984555608,0.0,0.08104880992601646,0.020299467231118005
271_NCI,0.0,0.00046352557497683134,7.08199804648757e-05,0.0048541965022735655,0.001347135514428818
273_H1,0.030445625840328512,0.0002760711252376489,0.0012681278167292476,0.33906809870800597,0.09276448087257534
273_H3,0.0,3.230501206821385e-07,0.0,0.04653119058423289,0.011632878408588393
274_H1,1.9112945476898063e-05,0.00020813228024993454,0.0009989889804273844,0.11884266388727466,0.030017224523357217
274_H3,2.3522988646023886e-05,3.976566536886282e-05,0.0,0.02008245054574464,0.005036434799939881
274_NCI,1.949315309829172e-08,0.0001211116920165247,0.0,0.036992857668753966,0.009278497213480898
275_H1,0.00025702484832870466,2.0550687694505137e-05,0.0,0.0051647129190948845,0.0013605721137795236
275_NCI,8.363648359285932e-06,0.0004440640564019342,0.00026706315111368895,0.013448285344143869,0.0035419440500046944
276_H1,2.92271658089789e-05,0.0003139247649109861,0.0,0.050756924451835994,0.01277501909563899
276_NCI,2.8532172865189956e-06,5.46334131198754e-05,0.0,0.021490668524262048,0.00538703878866711
277_H1,1.6972449133815252e-06,0.0001485821728477315,0.00012905684707220644,0.0740790903728913,0.018589606659431154
277_H3,2.9616291386340556e-06,5.676548735034696e-06,0.0,0.18415473812333127,0.046040844075301235
278_H1,3.5726642190692877e-06,5.8740042554125456e-05,0.0013603693805634975,0.16533246373762706,0.04168878645624094
278_NCI,0.0,0.00012358745631241836,0.0,0.07419944319435937,0.018580757662667945
279_H1,0.04607946589496072,0.1017791887108069,0.061535488814115524,0.007892228955572119,0.05432159309386382
279_H3,0.0008131123738095567,1.4098487850039538e-05,0.0,0.2661988967074274,0.06675652689227175
279_NCI,1.2296722758855332e-07,5.5861456940499916e-05,0.0,0.13008529285641646,0.03253531932014614
280_H1,0.0,1.2057123617438643e-05,0.0,0.013413652238697914,0.003356427340578838
281_H1,0.0012945426998068118,0.0004917673925246867,0.0002547426847741008,0.10422258566224975,0.026565909609838838
281_H3,0.0,8.024358344942869e-06,0.0,0.028080749510624163,0.0070221934672422765
282_H3,8.309116598884193e-07,4.142517277092002e-05,0.00046779814874753356,0.05624105690696892,0.014187777785036815
282_NCI,7.921984387195014e-05,0.00012067912756651841,9.610887354938313e-05,0.11623709611104767,0.029133275989008882
283_H1,2.7606873375664645e-07,1.7855391931213762e-05,0.0,0.096142754102612,0.024040221390819242
284_H1,4.075761842662686e-09,0.11835149542742826,0.0,0.03352897584318984,0.037970118836594985
284_H3,0.0,5.052294270185476e-07,0.0,0.06860683951007057,0.017151836184874397
285_H1,0.0,1.3426609618499583e-05,0.0,0.011539241089933065,0.0028881669248878913
285_H3,0.0,4.1366422869869275e-07,0.0,0.01213626946148185,0.003034170781427637
285_NCI,0.0,8.722224891768501e-06,0.0,0.0936499377171562,0.023414664985511993
286_H1,6.827200974599072e-05,0.1457702140301669,0.0,0.11743694533946342,0.06581885784484408
286_H3,6.486242766315327e-07,7.128063346160268e-05,0.0,0.0028795991581648857,0.00073788210397578
287_H1,0.00242229414040972,0.00022163793208931467,0.0014325587544590235,0.11690031817189799,0.03024420224971401
287_H3,4.78658995757832e-07,0.0003699306120014309,0.0,0.11675294935668264,0.029280839656919955
287_NCI,7.37032610913102e-05,0.000867248693715516,1.7876138372230344e-05,0.0004294146518129948,0.0003470606862480128
288_H1,2.358900008214323e-13,4.2840686375693434e-05,0.0,0.012165516687689643,0.0030520893435753067
288_NCI,0.0,3.3458329772985574e-06,0.0,0.03221282170049587,0.008054041883368293
289_H1,5.6396393478112973e-05,9.769283240874346e-05,3.716953142429702e-05,0.43138430553543067,0.10789389107318545
289_NCI,4.1971119759280906e-06,0.00024732880941082927,0.0,0.019209358271493733,0.004865221048220123
290_H1,2.9686910850751943e-06,0.00014595558961597304,0.0007951433653943241,0.17172720848043402,0.043167819031632346
290_NCI,1.6815028136260067e-05,0.00085045491289528,0.000331054296111688,0.07755370128901361,0.019688006381539207
292_H1,0.04366959207424751,0.014586675924418717,0.012686731293797493,0.22238457673397585,0.07333189400660989
293_H1,1.7056975961432364e-05,6.093865541893855e-05,0.0,0.1138413765579651,0.02847984304733637
293_H3,0.0,3.007175607372175e-07,0.0,0.06831542241296205,0.0170789307826307
294_H1,0.0,1.4064024436903323e-05,1.1593117960728705e-05,0.01151299757514405,0.0028846636793854203
294_NCI,0.0,6.866562015633664e-05,0.0,0.033321080810344655,0.008347436607625248
295_H1,7.310460171462169e-09,8.77271505938117e-06,0.0,0.08023641595963539,0.020061298996288737
295_NCI,1.4765199763734482e-09,4.459617168441059e-06,0.0,0.013040410947855841,0.0032612180103860646
297_H1,0.0003645866862796607,0.0008133368568126389,0.00028207682771608233,0.011336735573846556,0.0031991839861637344
298_H1,7.03011734908957e-05,3.473098845822381e-05,0.00017316208686679602,0.06742780341401391,0.01692649941570746
299_H3,0.00010631652345353554,5.195861402224018e-05,0.0005514904041774571,0.04580004479970367,0.011627452585339225
299_NCI,8.047560770528464e-05,9.912852403230895e-05,1.6963544112513773e-05,0.022241009098157013,0.00560939419350178
300_H1,2.91785737774824e-06,1.3954748059333747e-05,0.0,0.014164886703735802,0.003545439827293221
300_NCI,0.0004255284341161047,2.9255640950173064e-05,0.0,0.1695916086304633,0.04251159817638239
303_H1,0.0,4.692596711726976e-07,0.0,0.006496907593075516,0.0016243442131866723
303_NCI,0.0,2.9465539795548715e-07,0.0,0.13289946437147432,0.033224939756718065
307_H1,3.3295378665534813e-10,5.3988365834496064e-05,0.0,0.01652356158095306,0.004144387569935335
307_H3,0.0,7.183386300937091e-08,0.0,0.059315807681169924,0.014828969878758234
307_NCI,0.0,0.0001573537393728526,0.0,0.037567182612657735,0.009431134088007647
308_H1,9.601637389476177e-06,2.4201194664519917e-05,0.0,0.026400411629311706,0.006608553615341425
308_NCI,7.189343535097337e-05,2.0608174212249776e-05,0.0,0.013377707664082004,0.0033675523184113067
311_H1,4.320961054284357e-06,2.0234295189831034e-06,0.0,0.1097960191082032,0.02745059087469412
311_H3,0.0,2.742099263715664e-05,0.0,0.050421833177950445,0.0126123135426469
311_NCI,8.634845851509724e-07,1.856944159287791e-05,0.0,0.03787095413062436,0.009472596764200597
314_H1,1.1594246561287137e-08,7.736688267299709e-07,0.0,0.03947883305230005,0.009869904578843335
314_H3,0.0,0.0,0.0,0.018620493065979054,0.0046551232664947635
315_H1,8.542168985456423e-06,9.276267374988295e-06,0.0,0.07632163378630014,0.019084863055665147
315_H3,4.043096855712703e-07,0.02484463048912776,0.0,0.02803375698927709,0.013219697947022605
315_NCI,8.980906948865725e-06,2.3860554061215655e-06,0.0,0.10062382719851394,0.02515879854021723
317_H1,1.697563267333969e-08,0.0007297770444915365,0.0,0.12377500660674766,0.031126200156717968
317_NCI,2.7776614638627566e-06,3.0930354705480807e-06,0.0,0.08508713114372118,0.021273250460163897
318_H1,6.933955336524129e-07,0.00012408018762335784,7.175886275945231e-05,0.005133189401159476,0.0013324304617689847
318_H3,0.0,0.0,0.0,0.02523317973774715,0.006308294934436787
319_H1,2.8919874475762414e-07,9.110385165269754e-05,0.0,0.02136731996440209,0.005364678253699886
319_H3,0.0,9.340250837162306e-06,0.0,0.05977137851537168,0.01494517969155221
319_NCI,0.05991049149974112,0.0948683325468384,0.30522802472114563,0.005758692218684197,0.11644138524660233
320_H1,0.0,2.9322440509609135e-05,0.0,0.02623927024939172,0.006567148172475333
320_NCI,0.0,0.00014288306560343887,0.0,0.13050710849811722,0.03266249789093017
321_NCI,0.00030077131421434375,0.00044242554106873667,0.0007094042375683784,0.0803293468891647,0.02044548699550404
322_NCI,3.3231858364670566e-06,0.000388012638906616,0.0,0.04345191112031435,0.01096081173626436
323_H1,8.45855801036915e-07,4.13302594225071e-06,0.0,0.026628408981666404,0.006658346965852423
323_H3,3.0264891551894364e-07,2.641481874389493e-05,0.0,0.01107019887680587,0.002774229086116321
323_NCI,4.94739217395477e-09,1.4229175760402045e-05,0.0,0.03955576883500311,0.009892500739538922
324_H1,0.0,1.0598582663816061e-05,0.0,0.07601849730776761,0.019007273972607857
324_H3,0.0,8.637817508197388e-07,0.0,0.00491792741824048,0.001229697799997825
324_NCI,0.0,1.779110223968662e-06,0.0,0.03879141047665715,0.00969829739672028
325_H1,2.6250480942979193e-06,5.34394856830134e-05,1.0372924407420214e-05,0.07658719862422066,0.019163409020601346
325_H3,1.6157145443283063e-05,3.76320703275671e-05,0.0,0.15658427431872696,0.03915951588362445
326_H1,3.1349016207967063e-06,0.0026603958633798857,0.0,0.04265488374169564,0.011329603626674081
326_H3,1.5870941514313372e-06,4.328402463066862e-06,0.0,0.01855448566381542,0.004640100290107479
327_H3,0.0,3.353369420576508e-05,0.0,0.0011776059108165122,0.0003027849012555693
328_H1,0.0,0.00045702236365469275,0.0,0.028137725130170873,0.007148686873456391
328_H3,0.0,1.3484402489664508e-05,0.0,0.08208347991527869,0.020524241079442087
328_NCI,1.1071818707821608e-12,1.9617884177315285e-05,0.0,0.02879234245737084,0.007202990085663835
329_H3,6.958442262462386e-07,1.6212148914233155e-05,0.0,0.08864818562188202,0.022166273403755626
329_NCI,5.6055071630435856e-06,1.4592824592460664e-05,0.0,0.07005605734154301,0.01751906391832463
330_H3,4.1854846608094415e-06,3.2022823724145764e-05,0.0,0.18505897166137353,0.046273794992439624
330_NCI,2.7948243069576455e-06,0.00011229775373619962,0.00033264976809732616,0.2937472050082614,0.07354873683860047
331_H1,4.202710107386012e-06,5.254841017437604e-05,3.208054113201797e-05,0.035665725592013246,0.008938639313356757
331_H3,0.0,5.968818263140554e-08,0.0,0.0012274239071427663,0.00030687089883134946
331_NCI,2.2399346815808675e-06,0.00010690196838779115,6.510485400212929e-05,0.061961551440766836,0.015533949549459584
332_H1,5.83109160467599e-10,0.0001311452675190387,0.0,0.0009529207346109309,0.0002710166463097825
333_H1,0.0005359964094652001,0.00027085995807869876,0.0,0.0815267437570028,0.020583400031136675
333_H3,1.0015160417595694e-05,2.942804108997114e-06,0.0,0.12106909333883936,0.03027051282584149
334_H1,6.565023752412855e-05,0.0011346656596631687,0.0,0.03648584854210719,0.009421541109823621
334_NCI,2.9669742688570128e-05,0.014630374668290334,0.0,0.06260757597638167,0.019316905096840142
335_H3,8.216124272407904e-07,5.177789407863158e-07,0.0,0.07845335101321177,0.01961367260114495
335_NCI,6.594349198924995e-05,8.268618788620354e-06,2.7702768420567736e-05,0.15597035364377634,0.0390180671307437
336_H1,1.0376026021944213e-05,0.00021977082002604657,0.0015992970438674092,0.04112476239211503,0.010738551570507607
336_H3,6.430962028912003e-10,1.8175331022801263e-05,0.0,0.1654398718540596,0.04136451195704465
336_NCI,5.334116315946368e-05,7.004583663886498e-05,2.8311307687545195e-05,0.07575588287587888,0.01897689529584119
337_H3,5.445404566976569e-07,4.883645367512574e-06,0.0,0.07225785066420896,0.018065819712508292
337_NCI,5.210491669411923e-07,5.937430579035577e-05,0.0004628946480806917,0.0007212594420620929,0.00031101236127502037
338_H3,1.3689070355439726e-07,4.881008689165273e-06,0.0,0.02769572819580579,0.006925186523799628
338_NCI,2.1138085100849673e-06,9.060136819714639e-05,0.0,0.05314149929053014,0.013308553616809344
339_H1,0.0004980679853075295,1.6077334509625154e-05,0.0007998784421943128,0.06071273885424656,0.015506690654064506
339_H3,4.0517701639529107e-07,1.4515251365268794e-06,0.0,0.0008475721939113137,0.00021235722401605894
339_NCI,5.422691125461608e-06,0.00010093334801517075,0.0,0.0470125126057523,0.011779717161223233
340_H1,4.676433551653455e-05,0.00023303957593360196,4.6108412789180875e-05,0.21268948632290716,0.05325384966178662
341_H1,9.547122858450856e-09,1.356373067974704e-07,0.0,0.07750501938242411,0.019376291141713443
343_H1,1.5492831257167483e-05,1.0539628936399422e-05,1.3245371519587934e-05,0.11017837690967579,0.027554413685347237
344_H1,1.3365082985890696e-09,0.00014536479209767108,0.0,0.03824478759119563,0.0095975384299504
344_H3,6.365181375372681e-05,0.0001816156697400579,0.0,0.05839786740204759,0.014660783721385344
344_NCI,1.7539803217684424e-05,8.728288759205855e-05,0.0,0.02267608419600586,0.005695226721703901
345_H1,2.922040660764063e-06,0.00016584211027300086,0.0,0.021923533719745134,0.005523074467669724
345_NCI,1.2934470822062622e-07,6.577279028117844e-05,0.0,0.0780096904585579,0.019518898148386827
346_H1,3.0964025073922473e-07,0.00011268784963367064,4.296144106774591e-05,0.13919667965505914,0.034838159646502824
346_H3,2.2493069589422062e-06,2.3340990068749573e-05,0.0,0.01793164739846214,0.004489309423872458
346_NCI,4.828393151312041e-07,4.045688977717887e-05,0.0,0.1515930642814769,0.0379085010026423
347_H3,0.0,3.0129266376300055e-05,0.0008202420431189239,0.11281054620065122,0.02841522937753661
347_NCI,9.299964695504688e-10,2.5458291161428097e-05,0.0,0.07919039846794693,0.019803964422276207
348_H1,0.0012560531085538979,0.0005721245947354227,0.0003967007214669138,0.30043318919959383,0.07566451690608751
350_H1,6.56320596596929e-05,6.163361334184133e-05,0.0003711495955940336,0.19684758345027847,0.04933649967971851
350_H3,2.3506485760802494e-09,1.145591339731307e-05,0.0,0.08908953813900403,0.02227524910076248
350_NCI,6.851521280265701e-08,5.838540082268742e-06,8.909822645364329e-05,0.29444031111713476,0.07363382909972087
351_H3,4.161241350328857e-08,2.9466813867939983e-05,0.0,0.023177497410573372,0.0058017514592137035
352_NCI,0.0002861731848129065,0.00026448091917104114,0.0,0.12338928370132436,0.030984984451327077
354_H1,0.004235506854940283,3.929977242506098e-05,0.0009221057989634573,0.12475538552886054,0.032488074488797335
354_H3,3.0277255931701395e-06,2.364564835556742e-06,0.0,0.16892244355130537,0.042231958960433524
12_H1,0.0,1.9432018490509348e-06,0.0,0.031384590750797664,0.007846633488161678
12_NCI,0.0,1.9432018490509348e-06,0.0,0.031384590750797664,0.007846633488161678
322_H3,0.0,1.9432018490509348e-06,0.0,0.031384590750797664,0.007846633488161678
58_H1,0.0,3.519214515812223e-05,0.0,0.025699575667192075,0.006433691953087549
58_H3,0.0,3.519214515812223e-05,0.0,0.025699575667192075,0.006433691953087549
61_NCI,0.0,7.413066510956528e-05,0.0,0.03217811028352418,0.008063060237158436
62_H3,0.0,0.0,0.0,0.0570280643953375,0.014257016098834376
62_NCI,0.0,0.0,0.0,0.0570280643953375,0.014257016098834376
80_H3,9.619632009266324e-07,0.00011782863160232967,0.0,0.04094377080813814,0.010265640350735348
83_H3,0.0005181620341612991,2.432440342819392e-05,0.00023456374765373766,0.4234641506330047,0.10606030020456197
83_NCI,0.0005181620341612991,2.432440342819392e-05,0.00023456374765373766,0.4234641506330047,0.10606030020456197
91_H1,0.0,0.0,0.0,0.011202189446558644,0.002800547361639661
272_NCI,0.0,2.7119071173564176e-06,0.0,0.020711487462478227,0.005178549842398896
132_H3,9.88879362351566e-10,1.5818205457016524e-06,0.0,0.043290694330863785,0.010823069285072212
132_NCI,9.88879362351566e-10,1.5818205457016524e-06,0.0,0.043290694330863785,0.010823069285072212
139_NCI,7.627338975819693e-08,1.1089803301885776e-05,0.0,0.05299835599270553,0.013252380517349295
142_H1,0.0,0.0,0.0,0.04687382016484044,0.01171845504121011
142_NCI,0.0,0.0,0.0,0.04687382016484044,0.01171845504121011
167_NCI,0.0,5.305248051092208e-05,0.0,0.027109893991323394,0.006790736617958579
18_NCI,0.0,2.640114290148134e-07,0.0,0.03562529160341251,0.008906388903710382
20_H1,0.0,2.640114290148134e-07,0.0,0.03562529160341251,0.008906388903710382
278_H3,0.0,0.0,0.0,0.012713135149771014,0.0031782837874427534
178_H3,0.0,0.0002408190083871727,0.0,0.2250332691166626,0.05631852203126245
178_NCI,0.0,0.0002408190083871727,0.0,0.2250332691166626,0.05631852203126245
210_H3,0.0,0.0,0.0,0.015018285433576578,0.0037545713583941446
189_H1,3.5780546557985217e-06,5.286248926879764e-05,5.8098496083403006e-05,0.006927894326700609,0.001760608341677152
196_NCI,0.0,2.705352045329541e-05,0.0,0.1455784284269476,0.03640137048685022
203_H1,2.954875497821814e-08,1.6766442578854467e-05,0.0009416198590770364,0.5373623688944951,0.1345801961862265
203_NCI,2.954875497821814e-08,1.6766442578854467e-05,0.0009416198590770364,0.5373623688944951,0.1345801961862265
206_H3,0.03716426935776887,0.26729752812496677,0.000987194012850523,0.0019212194196936046,0.07684255272881993
211_H1,0.03716426935776887,0.26729752812496677,0.000987194012850523,0.0019212194196936046,0.07684255272881993
211_H3,0.03716426935776887,0.26729752812496677,0.000987194012850523,0.0019212194196936046,0.07684255272881993
211_NCI,0.03716426935776887,0.26729752812496677,0.000987194012850523,0.0019212194196936046,0.07684255272881993
222_NCI,1.1670286089050119e-08,7.615882972894837e-05,0.0,0.019375238608783884,0.00486285227719973
226_NCI,0.0,7.264934225704161e-06,0.0,0.0001698471606982467,4.4278023730987714e-05
231_H1,0.005193376641009771,0.00019369797984047202,0.0011568025220185518,0.10616931540938764,0.028178298138064106
21_H3,0.0005091811933841657,0.0001503705086184562,0.00024293895694427192,0.5720868602637681,0.14324733773067874
241_H1,1.4897363572574859e-10,1.8903904315009772e-05,0.0,0.02771866844656604,0.006934393124963671
245_H1,6.439669998642737e-07,0.0,0.0,0.06332320593051824,0.015830962474379526
245_H3,6.439669998642737e-07,0.0,0.0,0.06332320593051824,0.015830962474379526
248_H1,0.0022975671393874867,0.002832027754659719,0.0017968822503462434,0.04741054150220221,0.013584254661648915
248_H3,0.0022975671393874867,0.002832027754659719,0.0017968822503462434,0.04741054150220221,0.013584254661648915
251_NCI,2.742513240812564e-06,9.329610759360767e-06,0.0,0.003296055079822263,0.0008270318009556091
261_H1,0.0019123374771112002,0.0004249039520046365,0.0005176312988623977,0.23517234462253458,0.05950680433762821
261_NCI,0.0019123374771112002,0.0004249039520046365,0.0005176312988623977,0.23517234462253458,0.05950680433762821
269_H1,0.00990730107412537,0.0006055395135006098,0.003018847666680813,0.27246864563768197,0.07150008347299719
280_H3,0.0,1.2057123617438643e-05,0.0,0.013413652238697914,0.003356427340578838
280_NCI,0.0,1.2057123617438643e-05,0.0,0.013413652238697914,0.003356427340578838
284_NCI,0.0,5.052294270185476e-07,0.0,0.06860683951007057,0.017151836184874397
314_NCI,0.0,4.1366422869869275e-07,0.0,0.01213626946148185,0.003034170781427637
289_H3,5.6396393478112973e-05,9.769283240874346e-05,3.716953142429702e-05,0.43138430553543067,0.10789389107318545
25_H3,1.5083826273704721e-05,6.514571955373828e-05,6.2440441979561e-05,0.302169795720934,0.07557811642718525
292_H3,0.04366959207424751,0.014586675924418717,0.012686731293797493,0.22238457673397585,0.07333189400660989
292_NCI,0.04366959207424751,0.014586675924418717,0.012686731293797493,0.22238457673397585,0.07333189400660989
295_H3,7.310460171462169e-09,8.77271505938117e-06,0.0,0.08023641595963539,0.020061298996288737
297_H3,0.0003645866862796607,0.0008133368568126389,0.00028207682771608233,0.011336735573846556,0.0031991839861637344
298_H3,7.03011734908957e-05,3.473098845822381e-05,0.00017316208686679602,0.06742780341401391,0.01692649941570746
326_NCI,1.5870941514313372e-06,4.328402463066862e-06,0.0,0.01855448566381542,0.004640100290107479
351_H1,4.161241350328857e-08,2.9466813867939983e-05,0.0,0.023177497410573372,0.0058017514592137035
351_NCI,4.161241350328857e-08,2.9466813867939983e-05,0.0,0.023177497410573372,0.0058017514592137035
28_H1,0.0,0.0,0.0,0.004627126744694234,0.0011567816861735585
28_NCI,0.0,0.0,0.0,0.004627126744694234,0.0011567816861735585
54_H3,0.0,0.0,0.0,0.004627126744694234,0.0011567816861735585
167_H3,0.0,0.0,0.0,0.004627126744694234,0.0011567816861735585
179_H3,0.0,0.0,0.0,0.004627126744694234,0.0011567816861735585
191_H3,0.0,0.0,0.0,0.004627126744694234,0.0011567816861735585
192_H1,0.0,0.0,0.0,0.004627126744694234,0.0011567816861735585
192_H3,0.0,0.0,0.0,0.004627126744694234,0.0011567816861735585
192_NCI,0.0,0.0,0.0,0.004627126744694234,0.0011567816861735585
193_H1,0.0,0.0,0.0,0.004627126744694234,0.0011567816861735585
193_NCI,0.0,0.0,0.0,0.004627126744694234,0.0011567816861735585
212_H1,0.0,0.0,0.0,0.004627126744694234,0.0011567816861735585
212_NCI,0.0,0.0,0.0,0.004627126744694234,0.0011567816861735585
227_H3,0.0,0.0,0.0,0.004627126744694234,0.0011567816861735585
30_H3,0.0,3.921058809001212e-05,0.0,0.03767167091126326,0.009427720374838317
30_NCI,0.0,3.921058809001212e-05,0.0,0.03767167091126326,0.009427720374838317
37_H1,0.0004533377250007336,0.00034697772727965376,0.000511542777530849,1.1570771374879156e-06,0.0003282538267371811
37_NCI,0.0004533377250007336,0.00034697772727965376,0.000511542777530849,1.1570771374879156e-06,0.0003282538267371811
51_H3,0.0,4.175594950637606e-07,0.0,0.03709021261241117,0.009272657542976558
52_H1,0.0,2.6682294406204336e-06,1.3067410691292025e-05,0.13334279408999342,0.03333963243253133
